[37m2026-08-10 23:38:57,249 - [INFO] - logs file path: /var/folders/pj/kc0mj8fx5ks38zy3t9nbjfdh0000gn/T/datasphere/job_2026-08-10T23:38:57.244456[0m
[37m2026-08-10 23:38:59,367 - [INFO] - creating job ...[0m
[37m2026-08-10 23:39:01,395 - [INFO] - uploading 1 files (10.9KB) ...[0m
[37m2026-08-10 23:39:01,559 - [INFO] - files are uploaded[0m
[37m2026-08-10 23:39:01,559 - [INFO] - created job `bt1e9ld08akjoe25q22j`[0m
I0810 23:39:01.562911 4798651 ev_poll_posix.cc:593] FD from fork parent still in poll list: fd(19, generation: 1)
[37m2026-08-10 23:39:02,478 - [INFO] - executing job ...[0m
I0810 23:39:02.480854 4798754 ev_poll_posix.cc:593] FD from fork parent still in poll list: fd(19, generation: 1)
I0810 23:39:07.487444 4798456 fork_posix.cc:71] Other threads are currently calling into gRPC, skipping fork() handlers
I0810 23:39:07.489449 4799139 ev_poll_posix.cc:593] FD from fork parent still in poll list: fd(19, generation: 1)
I0810 23:39:13.163151 4798456 fork_posix.cc:71] Other threads are currently calling into gRPC, skipping fork() handlers
I0810 23:39:13.166100 4799668 ev_poll_posix.cc:593] FD from fork parent still in poll list: fd(22, generation: 1)
I0810 23:39:13.166240 4799668 ev_poll_posix.cc:593] FD from fork parent still in poll list: fd(19, generation: 1)
I0810 23:39:18.481040 4798456 fork_posix.cc:71] Other threads are currently calling into gRPC, skipping fork() handlers
I0810 23:39:18.483745 4799801 ev_poll_posix.cc:593] FD from fork parent still in poll list: fd(22, generation: 1)
I0810 23:39:18.483842 4799801 ev_poll_posix.cc:593] FD from fork parent still in poll list: fd(19, generation: 1)
I0810 23:39:23.838163 4798456 fork_posix.cc:71] Other threads are currently calling into gRPC, skipping fork() handlers
I0810 23:39:23.842551 4800019 ev_poll_posix.cc:593] FD from fork parent still in poll list: fd(22, generation: 1)
I0810 23:39:23.842732 4800019 ev_poll_posix.cc:593] FD from fork parent still in poll list: fd(19, generation: 1)
I0810 23:39:29.149805 4798456 fork_posix.cc:71] Other threads are currently calling into gRPC, skipping fork() handlers
I0810 23:39:29.152772 4800269 ev_poll_posix.cc:593] FD from fork parent still in poll list: fd(22, generation: 1)
I0810 23:39:29.152879 4800269 ev_poll_posix.cc:593] FD from fork parent still in poll list: fd(19, generation: 1)
I0810 23:39:34.773227 4798456 fork_posix.cc:71] Other threads are currently calling into gRPC, skipping fork() handlers
I0810 23:39:34.776908 4800493 ev_poll_posix.cc:593] FD from fork parent still in poll list: fd(22, generation: 1)
I0810 23:39:34.777015 4800493 ev_poll_posix.cc:593] FD from fork parent still in poll list: fd(19, generation: 1)
I0810 23:39:40.183507 4798456 fork_posix.cc:71] Other threads are currently calling into gRPC, skipping fork() handlers
I0810 23:39:40.187594 4800634 ev_poll_posix.cc:593] FD from fork parent still in poll list: fd(22, generation: 1)
I0810 23:39:40.187698 4800634 ev_poll_posix.cc:593] FD from fork parent still in poll list: fd(19, generation: 1)
I0810 23:39:45.521859 4798456 fork_posix.cc:71] Other threads are currently calling into gRPC, skipping fork() handlers
I0810 23:39:45.524440 4800822 ev_poll_posix.cc:593] FD from fork parent still in poll list: fd(22, generation: 1)
I0810 23:39:45.524563 4800822 ev_poll_posix.cc:593] FD from fork parent still in poll list: fd(19, generation: 1)
I0810 23:39:50.866559 4798456 fork_posix.cc:71] Other threads are currently calling into gRPC, skipping fork() handlers
I0810 23:39:50.869311 4800985 ev_poll_posix.cc:593] FD from fork parent still in poll list: fd(22, generation: 1)
I0810 23:39:50.869391 4800985 ev_poll_posix.cc:593] FD from fork parent still in poll list: fd(19, generation: 1)
I0810 23:39:56.241145 4798456 fork_posix.cc:71] Other threads are currently calling into gRPC, skipping fork() handlers
I0810 23:39:56.242699 4801195 ev_poll_posix.cc:593] FD from fork parent still in poll list: fd(22, generation: 1)
I0810 23:39:56.242770 4801195 ev_poll_posix.cc:593] FD from fork parent still in poll list: fd(19, generation: 1)
I0810 23:40:01.534356 4798456 fork_posix.cc:71] Other threads are currently calling into gRPC, skipping fork() handlers
I0810 23:40:01.536497 4801394 ev_poll_posix.cc:593] FD from fork parent still in poll list: fd(22, generation: 1)
I0810 23:40:01.536559 4801394 ev_poll_posix.cc:593] FD from fork parent still in poll list: fd(19, generation: 1)
I0810 23:40:07.059973 4798456 fork_posix.cc:71] Other threads are currently calling into gRPC, skipping fork() handlers
I0810 23:40:07.063222 4801564 ev_poll_posix.cc:593] FD from fork parent still in poll list: fd(22, generation: 1)
I0810 23:40:07.063313 4801564 ev_poll_posix.cc:593] FD from fork parent still in poll list: fd(19, generation: 1)
I0810 23:40:12.408133 4798456 fork_posix.cc:71] Other threads are currently calling into gRPC, skipping fork() handlers
I0810 23:40:12.411807 4801707 ev_poll_posix.cc:593] FD from fork parent still in poll list: fd(22, generation: 1)
I0810 23:40:12.411938 4801707 ev_poll_posix.cc:593] FD from fork parent still in poll list: fd(19, generation: 1)
I0810 23:40:17.968267 4798456 fork_posix.cc:71] Other threads are currently calling into gRPC, skipping fork() handlers
I0810 23:40:17.979972 4801843 ev_poll_posix.cc:593] FD from fork parent still in poll list: fd(22, generation: 1)
I0810 23:40:17.980049 4801843 ev_poll_posix.cc:593] FD from fork parent still in poll list: fd(19, generation: 1)
2026-08-10 23:40:21,121 - [    0.0s] start; dataset dir = /job/output-datasets/huginn-0125-weights (exists=True)
2026-08-10 23:40:21,121 - [    0.0s] $ df -h /job/output-datasets/huginn-0125-weights | tail -2
2026-08-10 23:40:21,129 - [    0.0s]   rc=0  Filesystem      Size  Used Avail Use% Mounted on
2026-08-10 23:40:21,129 - /dev/vdb         25G  8.0K   24G   1% /job/output-datasets/huginn-0125-weights
2026-08-10 23:40:21,133 - [    0.0s] $ pip install -q --no-cache-dir 'huggingface_hub>=0.30'
I0810 23:40:23.301460 4798456 fork_posix.cc:71] Other threads are currently calling into gRPC, skipping fork() handlers
I0810 23:40:23.304686 4801993 ev_poll_posix.cc:593] FD from fork parent still in poll list: fd(22, generation: 1)
I0810 23:40:23.304851 4801993 ev_poll_posix.cc:593] FD from fork parent still in poll list: fd(19, generation: 1)
2026-08-10 23:40:25,785 - [    4.7s]   rc=0  [notice] A new release of pip is available: 24.0 -> 26.2.1
2026-08-10 23:40:25,796 - [notice] To update, run: pip install --upgrade pip
2026-08-10 23:40:25,797 - [    4.7s] $ python -c "import huggingface_hub as h; print(h.__version__)"
2026-08-10 23:40:25,818 - [    4.7s]   rc=0  1.27.0
[31m2026-08-10 23:40:26,723 - Fetching 16 files:   0%|          | 0/16 [00:00<?, ?it/s]Warning: You are sending unauthenticated requests to the HF Hub. Please set a HF_TOKEN to enable higher rate limits and faster downloads.[0m
[31m2026-08-10 23:40:26,999 - Fetching 16 files:   6%|▋         | 1/16 [00:00<00:04,  3.55it/s][0m
[31m2026-08-10 23:40:27,191 - Fetching 16 files:  12%|█▎        | 2/16 [00:00<00:02,  4.77it/s][0m
[31m2026-08-10 23:40:27,407 - Fetching 16 files:  25%|██▌       | 4/16 [00:00<00:01,  7.23it/s][0m
[31m2026-08-10 23:40:27,623 - Fetching 16 files:  44%|████▍     | 7/16 [00:00<00:00,  9.95it/s][0m
[31m2026-08-10 23:40:28,582 - Fetching 16 files:  62%|██████▎   | 10/16 [00:01<00:00, 11.40it/s][0m
I0810 23:40:28.663530 4798456 fork_posix.cc:71] Other threads are currently calling into gRPC, skipping fork() handlers
I0810 23:40:28.667100 4802202 ev_poll_posix.cc:593] FD from fork parent still in poll list: fd(22, generation: 1)
I0810 23:40:28.667212 4802202 ev_poll_posix.cc:593] FD from fork parent still in poll list: fd(19, generation: 1)
I0810 23:40:34.134870 4798456 fork_posix.cc:71] Other threads are currently calling into gRPC, skipping fork() handlers
I0810 23:40:34.138006 4802476 ev_poll_posix.cc:593] FD from fork parent still in poll list: fd(22, generation: 1)
I0810 23:40:34.138189 4802476 ev_poll_posix.cc:593] FD from fork parent still in poll list: fd(19, generation: 1)
I0810 23:40:41.449776 4798456 fork_posix.cc:71] Other threads are currently calling into gRPC, skipping fork() handlers
I0810 23:40:41.454571 4802704 ev_poll_posix.cc:593] FD from fork parent still in poll list: fd(22, generation: 1)
I0810 23:40:41.455289 4802704 ev_poll_posix.cc:593] FD from fork parent still in poll list: fd(19, generation: 1)
I0810 23:40:41.455323 4802704 ev_poll_posix.cc:593] FD from fork parent still in poll list: fd(22, generation: 1)
I0810 23:40:41.455608 4802704 ev_poll_posix.cc:593] FD from fork parent still in poll list: fd(19, generation: 1)
I0810 23:40:41.455638 4802704 ev_poll_posix.cc:593] FD from fork parent still in poll list: fd(22, generation: 1)
I0810 23:40:41.455647 4802704 ev_poll_posix.cc:593] FD from fork parent still in poll list: fd(19, generation: 1)
I0810 23:40:41.455659 4802704 ev_poll_posix.cc:593] FD from fork parent still in poll list: fd(22, generation: 1)
I0810 23:40:41.455665 4802704 ev_poll_posix.cc:593] FD from fork parent still in poll list: fd(19, generation: 1)
I0810 23:40:41.455672 4802704 ev_poll_posix.cc:593] FD from fork parent still in poll list: fd(22, generation: 1)
I0810 23:40:41.455678 4802704 ev_poll_posix.cc:593] FD from fork parent still in poll list: fd(19, generation: 1)
I0810 23:40:41.455699 4802704 ev_poll_posix.cc:593] FD from fork parent still in poll list: fd(22, generation: 1)
I0810 23:40:41.455708 4802704 ev_poll_posix.cc:593] FD from fork parent still in poll list: fd(19, generation: 1)
I0810 23:40:41.455714 4802704 ev_poll_posix.cc:593] FD from fork parent still in poll list: fd(22, generation: 1)
I0810 23:40:41.455719 4802704 ev_poll_posix.cc:593] FD from fork parent still in poll list: fd(19, generation: 1)
I0810 23:40:41.455726 4802704 ev_poll_posix.cc:593] FD from fork parent still in poll list: fd(22, generation: 1)
I0810 23:40:41.455732 4802704 ev_poll_posix.cc:593] FD from fork parent still in poll list: fd(19, generation: 1)
I0810 23:40:41.455739 4802704 ev_poll_posix.cc:593] FD from fork parent still in poll list: fd(22, generation: 1)
I0810 23:40:41.455744 4802704 ev_poll_posix.cc:593] FD from fork parent still in poll list: fd(19, generation: 1)
I0810 23:40:41.455752 4802704 ev_poll_posix.cc:593] FD from fork parent still in poll list: fd(22, generation: 1)
I0810 23:40:41.455758 4802704 ev_poll_posix.cc:593] FD from fork parent still in poll list: fd(19, generation: 1)
I0810 23:40:41.455765 4802704 ev_poll_posix.cc:593] FD from fork parent still in poll list: fd(22, generation: 1)
I0810 23:40:41.455791 4802704 ev_poll_posix.cc:593] FD from fork parent still in poll list: fd(19, generation: 1)
I0810 23:40:41.455809 4802704 ev_poll_posix.cc:593] FD from fork parent still in poll list: fd(22, generation: 1)
I0810 23:40:41.455817 4802704 ev_poll_posix.cc:593] FD from fork parent still in poll list: fd(19, generation: 1)
I0810 23:40:41.455824 4802704 ev_poll_posix.cc:593] FD from fork parent still in poll list: fd(22, generation: 1)
I0810 23:40:41.455832 4802704 ev_poll_posix.cc:593] FD from fork parent still in poll list: fd(19, generation: 1)
I0810 23:40:41.455839 4802704 ev_poll_posix.cc:593] FD from fork parent still in poll list: fd(22, generation: 1)
I0810 23:40:41.455849 4802704 ev_poll_posix.cc:593] FD from fork parent still in poll list: fd(19, generation: 1)
I0810 23:40:41.455856 4802704 ev_poll_posix.cc:593] FD from fork parent still in poll list: fd(22, generation: 1)
I0810 23:40:41.455861 4802704 ev_poll_posix.cc:593] FD from fork parent still in poll list: fd(19, generation: 1)
I0810 23:40:41.455867 4802704 ev_poll_posix.cc:593] FD from fork parent still in poll list: fd(22, generation: 1)
I0810 23:40:41.455874 4802704 ev_poll_posix.cc:593] FD from fork parent still in poll list: fd(19, generation: 1)
I0810 23:40:41.455883 4802704 ev_poll_posix.cc:593] FD from fork parent still in poll list: fd(22, generation: 1)
I0810 23:40:41.455889 4802704 ev_poll_posix.cc:593] FD from fork parent still in poll list: fd(19, generation: 1)
I0810 23:40:41.455896 4802704 ev_poll_posix.cc:593] FD from fork parent still in poll list: fd(22, generation: 1)
I0810 23:40:41.455901 4802704 ev_poll_posix.cc:593] FD from fork parent still in poll list: fd(19, generation: 1)
I0810 23:40:41.455937 4802704 ev_poll_posix.cc:593] FD from fork parent still in poll list: fd(22, generation: 1)
I0810 23:40:41.455944 4802704 ev_poll_posix.cc:593] FD from fork parent still in poll list: fd(19, generation: 1)
I0810 23:40:41.455950 4802704 ev_poll_posix.cc:593] FD from fork parent still in poll list: fd(22, generation: 1)
I0810 23:40:41.455955 4802704 ev_poll_posix.cc:593] FD from fork parent still in poll list: fd(19, generation: 1)
I0810 23:40:41.455962 4802704 ev_poll_posix.cc:593] FD from fork parent still in poll list: fd(22, generation: 1)
I0810 23:40:41.455967 4802704 ev_poll_posix.cc:593] FD from fork parent still in poll list: fd(19, generation: 1)
I0810 23:40:41.455976 4802704 ev_poll_posix.cc:593] FD from fork parent still in poll list: fd(22, generation: 1)
I0810 23:40:41.455982 4802704 ev_poll_posix.cc:593] FD from fork parent still in poll list: fd(19, generation: 1)
I0810 23:40:41.455988 4802704 ev_poll_posix.cc:593] FD from fork parent still in poll list: fd(22, generation: 1)
I0810 23:40:41.455993 4802704 ev_poll_posix.cc:593] FD from fork parent still in poll list: fd(19, generation: 1)
I0810 23:40:41.456002 4802704 ev_poll_posix.cc:593] FD from fork parent still in poll list: fd(22, generation: 1)
I0810 23:40:41.456024 4802704 ev_poll_posix.cc:593] FD from fork parent still in poll list: fd(19, generation: 1)
I0810 23:40:41.456033 4802704 ev_poll_posix.cc:593] FD from fork parent still in poll list: fd(22, generation: 1)
I0810 23:40:41.456040 4802704 ev_poll_posix.cc:593] FD from fork parent still in poll list: fd(19, generation: 1)
I0810 23:40:41.456046 4802704 ev_poll_posix.cc:593] FD from fork parent still in poll list: fd(22, generation: 1)
I0810 23:40:41.456052 4802704 ev_poll_posix.cc:593] FD from fork parent still in poll list: fd(19, generation: 1)
I0810 23:40:41.456058 4802704 ev_poll_posix.cc:593] FD from fork parent still in poll list: fd(22, generation: 1)
I0810 23:40:41.456063 4802704 ev_poll_posix.cc:593] FD from fork parent still in poll list: fd(19, generation: 1)
I0810 23:40:41.456069 4802704 ev_poll_posix.cc:593] FD from fork parent still in poll list: fd(22, generation: 1)
I0810 23:40:41.456074 4802704 ev_poll_posix.cc:593] FD from fork parent still in poll list: fd(19, generation: 1)
I0810 23:40:41.456079 4802704 ev_poll_posix.cc:593] FD from fork parent still in poll list: fd(22, generation: 1)
I0810 23:40:41.456084 4802704 ev_poll_posix.cc:593] FD from fork parent still in poll list: fd(19, generation: 1)
I0810 23:40:41.456090 4802704 ev_poll_posix.cc:593] FD from fork parent still in poll list: fd(22, generation: 1)
I0810 23:40:41.456096 4802704 ev_poll_posix.cc:593] FD from fork parent still in poll list: fd(19, generation: 1)
I0810 23:40:41.456101 4802704 ev_poll_posix.cc:593] FD from fork parent still in poll list: fd(22, generation: 1)
I0810 23:40:41.456106 4802704 ev_poll_posix.cc:593] FD from fork parent still in poll list: fd(19, generation: 1)
I0810 23:40:41.456112 4802704 ev_poll_posix.cc:593] FD from fork parent still in poll list: fd(22, generation: 1)
I0810 23:40:41.456117 4802704 ev_poll_posix.cc:593] FD from fork parent still in poll list: fd(19, generation: 1)
I0810 23:40:41.456123 4802704 ev_poll_posix.cc:593] FD from fork parent still in poll list: fd(22, generation: 1)
I0810 23:40:41.456129 4802704 ev_poll_posix.cc:593] FD from fork parent still in poll list: fd(19, generation: 1)
I0810 23:40:41.456135 4802704 ev_poll_posix.cc:593] FD from fork parent still in poll list: fd(22, generation: 1)
I0810 23:40:41.456140 4802704 ev_poll_posix.cc:593] FD from fork parent still in poll list: fd(19, generation: 1)
I0810 23:40:41.456146 4802704 ev_poll_posix.cc:593] FD from fork parent still in poll list: fd(22, generation: 1)
I0810 23:40:41.456151 4802704 ev_poll_posix.cc:593] FD from fork parent still in poll list: fd(19, generation: 1)
I0810 23:40:41.456157 4802704 ev_poll_posix.cc:593] FD from fork parent still in poll list: fd(22, generation: 1)
I0810 23:40:41.456162 4802704 ev_poll_posix.cc:593] FD from fork parent still in poll list: fd(19, generation: 1)
I0810 23:40:41.456191 4802704 ev_poll_posix.cc:593] FD from fork parent still in poll list: fd(22, generation: 1)
I0810 23:40:41.456197 4802704 ev_poll_posix.cc:593] FD from fork parent still in poll list: fd(19, generation: 1)
I0810 23:40:41.456203 4802704 ev_poll_posix.cc:593] FD from fork parent still in poll list: fd(22, generation: 1)
I0810 23:40:41.456208 4802704 ev_poll_posix.cc:593] FD from fork parent still in poll list: fd(19, generation: 1)
I0810 23:40:41.456214 4802704 ev_poll_posix.cc:593] FD from fork parent still in poll list: fd(22, generation: 1)
I0810 23:40:41.456530 4802704 ev_poll_posix.cc:593] FD from fork parent still in poll list: fd(19, generation: 1)
I0810 23:40:41.456541 4802704 ev_poll_posix.cc:593] FD from fork parent still in poll list: fd(22, generation: 1)
I0810 23:40:41.456549 4802704 ev_poll_posix.cc:593] FD from fork parent still in poll list: fd(19, generation: 1)
I0810 23:40:41.456556 4802704 ev_poll_posix.cc:593] FD from fork parent still in poll list: fd(22, generation: 1)
I0810 23:40:41.456561 4802704 ev_poll_posix.cc:593] FD from fork parent still in poll list: fd(19, generation: 1)
I0810 23:40:41.456567 4802704 ev_poll_posix.cc:593] FD from fork parent still in poll list: fd(22, generation: 1)
I0810 23:40:41.456572 4802704 ev_poll_posix.cc:593] FD from fork parent still in poll list: fd(19, generation: 1)
I0810 23:40:41.456578 4802704 ev_poll_posix.cc:593] FD from fork parent still in poll list: fd(22, generation: 1)
I0810 23:40:41.456584 4802704 ev_poll_posix.cc:593] FD from fork parent still in poll list: fd(19, generation: 1)
I0810 23:40:41.456589 4802704 ev_poll_posix.cc:593] FD from fork parent still in poll list: fd(22, generation: 1)
I0810 23:40:41.456594 4802704 ev_poll_posix.cc:593] FD from fork parent still in poll list: fd(19, generation: 1)
I0810 23:40:41.456655 4802704 ev_poll_posix.cc:593] FD from fork parent still in poll list: fd(22, generation: 1)
I0810 23:40:41.456664 4802704 ev_poll_posix.cc:593] FD from fork parent still in poll list: fd(19, generation: 1)
I0810 23:40:41.456670 4802704 ev_poll_posix.cc:593] FD from fork parent still in poll list: fd(22, generation: 1)
I0810 23:40:41.456676 4802704 ev_poll_posix.cc:593] FD from fork parent still in poll list: fd(19, generation: 1)
I0810 23:40:41.456682 4802704 ev_poll_posix.cc:593] FD from fork parent still in poll list: fd(22, generation: 1)
I0810 23:40:41.456687 4802704 ev_poll_posix.cc:593] FD from fork parent still in poll list: fd(19, generation: 1)
I0810 23:40:41.456693 4802704 ev_poll_posix.cc:593] FD from fork parent still in poll list: fd(22, generation: 1)
I0810 23:40:41.456698 4802704 ev_poll_posix.cc:593] FD from fork parent still in poll list: fd(19, generation: 1)
I0810 23:40:41.456704 4802704 ev_poll_posix.cc:593] FD from fork parent still in poll list: fd(22, generation: 1)
I0810 23:40:41.456709 4802704 ev_poll_posix.cc:593] FD from fork parent still in poll list: fd(19, generation: 1)
I0810 23:40:41.456715 4802704 ev_poll_posix.cc:593] FD from fork parent still in poll list: fd(22, generation: 1)
I0810 23:40:41.456720 4802704 ev_poll_posix.cc:593] FD from fork parent still in poll list: fd(19, generation: 1)
I0810 23:40:41.456732 4802704 ev_poll_posix.cc:593] FD from fork parent still in poll list: fd(22, generation: 1)
I0810 23:40:41.456750 4802704 ev_poll_posix.cc:593] FD from fork parent still in poll list: fd(19, generation: 1)
I0810 23:40:41.456758 4802704 ev_poll_posix.cc:593] FD from fork parent still in poll list: fd(22, generation: 1)
I0810 23:40:41.456767 4802704 ev_poll_posix.cc:593] FD from fork parent still in poll list: fd(19, generation: 1)
I0810 23:40:41.456773 4802704 ev_poll_posix.cc:593] FD from fork parent still in poll list: fd(22, generation: 1)
I0810 23:40:41.456782 4802704 ev_poll_posix.cc:593] FD from fork parent still in poll list: fd(19, generation: 1)
I0810 23:40:41.456788 4802704 ev_poll_posix.cc:593] FD from fork parent still in poll list: fd(22, generation: 1)
I0810 23:40:41.456793 4802704 ev_poll_posix.cc:593] FD from fork parent still in poll list: fd(19, generation: 1)
I0810 23:40:41.456813 4802704 ev_poll_posix.cc:593] FD from fork parent still in poll list: fd(22, generation: 1)
I0810 23:40:41.456818 4802704 ev_poll_posix.cc:593] FD from fork parent still in poll list: fd(19, generation: 1)
I0810 23:40:41.456824 4802704 ev_poll_posix.cc:593] FD from fork parent still in poll list: fd(22, generation: 1)
I0810 23:40:41.456829 4802704 ev_poll_posix.cc:593] FD from fork parent still in poll list: fd(19, generation: 1)
I0810 23:40:41.456835 4802704 ev_poll_posix.cc:593] FD from fork parent still in poll list: fd(22, generation: 1)
I0810 23:40:41.456840 4802704 ev_poll_posix.cc:593] FD from fork parent still in poll list: fd(19, generation: 1)
I0810 23:40:41.456846 4802704 ev_poll_posix.cc:593] FD from fork parent still in poll list: fd(22, generation: 1)
I0810 23:40:41.456851 4802704 ev_poll_posix.cc:593] FD from fork parent still in poll list: fd(19, generation: 1)
I0810 23:40:41.456857 4802704 ev_poll_posix.cc:593] FD from fork parent still in poll list: fd(22, generation: 1)
I0810 23:40:41.456862 4802704 ev_poll_posix.cc:593] FD from fork parent still in poll list: fd(19, generation: 1)
I0810 23:40:41.456870 4802704 ev_poll_posix.cc:593] FD from fork parent still in poll list: fd(22, generation: 1)
I0810 23:40:41.456875 4802704 ev_poll_posix.cc:593] FD from fork parent still in poll list: fd(19, generation: 1)
I0810 23:40:41.456895 4802704 ev_poll_posix.cc:593] FD from fork parent still in poll list: fd(22, generation: 1)
I0810 23:40:41.456902 4802704 ev_poll_posix.cc:593] FD from fork parent still in poll list: fd(19, generation: 1)
I0810 23:40:41.456909 4802704 ev_poll_posix.cc:593] FD from fork parent still in poll list: fd(22, generation: 1)
I0810 23:40:41.456914 4802704 ev_poll_posix.cc:593] FD from fork parent still in poll list: fd(19, generation: 1)
I0810 23:40:41.456920 4802704 ev_poll_posix.cc:593] FD from fork parent still in poll list: fd(22, generation: 1)
I0810 23:40:41.456926 4802704 ev_poll_posix.cc:593] FD from fork parent still in poll list: fd(19, generation: 1)
I0810 23:40:41.456932 4802704 ev_poll_posix.cc:593] FD from fork parent still in poll list: fd(22, generation: 1)
I0810 23:40:41.456937 4802704 ev_poll_posix.cc:593] FD from fork parent still in poll list: fd(19, generation: 1)
I0810 23:40:41.456944 4802704 ev_poll_posix.cc:593] FD from fork parent still in poll list: fd(22, generation: 1)
I0810 23:40:41.456949 4802704 ev_poll_posix.cc:593] FD from fork parent still in poll list: fd(19, generation: 1)
I0810 23:40:41.456955 4802704 ev_poll_posix.cc:593] FD from fork parent still in poll list: fd(22, generation: 1)
I0810 23:40:41.456960 4802704 ev_poll_posix.cc:593] FD from fork parent still in poll list: fd(19, generation: 1)
I0810 23:40:41.456967 4802704 ev_poll_posix.cc:593] FD from fork parent still in poll list: fd(22, generation: 1)
I0810 23:40:41.456972 4802704 ev_poll_posix.cc:593] FD from fork parent still in poll list: fd(19, generation: 1)
I0810 23:40:41.456978 4802704 ev_poll_posix.cc:593] FD from fork parent still in poll list: fd(22, generation: 1)
I0810 23:40:41.456983 4802704 ev_poll_posix.cc:593] FD from fork parent still in poll list: fd(19, generation: 1)
I0810 23:40:41.456989 4802704 ev_poll_posix.cc:593] FD from fork parent still in poll list: fd(22, generation: 1)
I0810 23:40:41.456994 4802704 ev_poll_posix.cc:593] FD from fork parent still in poll list: fd(19, generation: 1)
I0810 23:40:41.457000 4802704 ev_poll_posix.cc:593] FD from fork parent still in poll list: fd(22, generation: 1)
I0810 23:40:41.457005 4802704 ev_poll_posix.cc:593] FD from fork parent still in poll list: fd(19, generation: 1)
I0810 23:40:41.457011 4802704 ev_poll_posix.cc:593] FD from fork parent still in poll list: fd(22, generation: 1)
I0810 23:40:41.457016 4802704 ev_poll_posix.cc:593] FD from fork parent still in poll list: fd(19, generation: 1)
I0810 23:40:41.457022 4802704 ev_poll_posix.cc:593] FD from fork parent still in poll list: fd(22, generation: 1)
I0810 23:40:41.457027 4802704 ev_poll_posix.cc:593] FD from fork parent still in poll list: fd(19, generation: 1)
I0810 23:40:41.457046 4802704 ev_poll_posix.cc:593] FD from fork parent still in poll list: fd(22, generation: 1)
I0810 23:40:41.457052 4802704 ev_poll_posix.cc:593] FD from fork parent still in poll list: fd(19, generation: 1)
I0810 23:40:41.457067 4802704 ev_poll_posix.cc:593] FD from fork parent still in poll list: fd(22, generation: 1)
I0810 23:40:41.457072 4802704 ev_poll_posix.cc:593] FD from fork parent still in poll list: fd(19, generation: 1)
I0810 23:40:41.457078 4802704 ev_poll_posix.cc:593] FD from fork parent still in poll list: fd(22, generation: 1)
I0810 23:40:41.457083 4802704 ev_poll_posix.cc:593] FD from fork parent still in poll list: fd(19, generation: 1)
I0810 23:40:41.457090 4802704 ev_poll_posix.cc:593] FD from fork parent still in poll list: fd(22, generation: 1)
I0810 23:40:41.457095 4802704 ev_poll_posix.cc:593] FD from fork parent still in poll list: fd(19, generation: 1)
I0810 23:40:41.457101 4802704 ev_poll_posix.cc:593] FD from fork parent still in poll list: fd(22, generation: 1)
I0810 23:40:41.457106 4802704 ev_poll_posix.cc:593] FD from fork parent still in poll list: fd(19, generation: 1)
I0810 23:40:41.457112 4802704 ev_poll_posix.cc:593] FD from fork parent still in poll list: fd(22, generation: 1)
I0810 23:40:41.457117 4802704 ev_poll_posix.cc:593] FD from fork parent still in poll list: fd(19, generation: 1)
I0810 23:40:41.457123 4802704 ev_poll_posix.cc:593] FD from fork parent still in poll list: fd(22, generation: 1)
I0810 23:40:41.457128 4802704 ev_poll_posix.cc:593] FD from fork parent still in poll list: fd(19, generation: 1)
I0810 23:40:41.457137 4802704 ev_poll_posix.cc:593] FD from fork parent still in poll list: fd(22, generation: 1)
I0810 23:40:41.457142 4802704 ev_poll_posix.cc:593] FD from fork parent still in poll list: fd(19, generation: 1)
I0810 23:40:41.457149 4802704 ev_poll_posix.cc:593] FD from fork parent still in poll list: fd(22, generation: 1)
I0810 23:40:41.457154 4802704 ev_poll_posix.cc:593] FD from fork parent still in poll list: fd(19, generation: 1)
I0810 23:40:41.457160 4802704 ev_poll_posix.cc:593] FD from fork parent still in poll list: fd(22, generation: 1)
I0810 23:40:41.457165 4802704 ev_poll_posix.cc:593] FD from fork parent still in poll list: fd(19, generation: 1)
I0810 23:40:41.457171 4802704 ev_poll_posix.cc:593] FD from fork parent still in poll list: fd(22, generation: 1)
I0810 23:40:41.457176 4802704 ev_poll_posix.cc:593] FD from fork parent still in poll list: fd(19, generation: 1)
I0810 23:40:41.457182 4802704 ev_poll_posix.cc:593] FD from fork parent still in poll list: fd(22, generation: 1)
I0810 23:40:41.457189 4802704 ev_poll_posix.cc:593] FD from fork parent still in poll list: fd(19, generation: 1)
I0810 23:40:41.457196 4802704 ev_poll_posix.cc:593] FD from fork parent still in poll list: fd(22, generation: 1)
I0810 23:40:41.457201 4802704 ev_poll_posix.cc:593] FD from fork parent still in poll list: fd(19, generation: 1)
I0810 23:40:41.457207 4802704 ev_poll_posix.cc:593] FD from fork parent still in poll list: fd(22, generation: 1)
I0810 23:40:41.457212 4802704 ev_poll_posix.cc:593] FD from fork parent still in poll list: fd(19, generation: 1)
I0810 23:40:41.457218 4802704 ev_poll_posix.cc:593] FD from fork parent still in poll list: fd(22, generation: 1)
I0810 23:40:41.457223 4802704 ev_poll_posix.cc:593] FD from fork parent still in poll list: fd(19, generation: 1)
I0810 23:40:41.457229 4802704 ev_poll_posix.cc:593] FD from fork parent still in poll list: fd(22, generation: 1)
I0810 23:40:41.457234 4802704 ev_poll_posix.cc:593] FD from fork parent still in poll list: fd(19, generation: 1)
I0810 23:40:41.457240 4802704 ev_poll_posix.cc:593] FD from fork parent still in poll list: fd(22, generation: 1)
I0810 23:40:41.457245 4802704 ev_poll_posix.cc:593] FD from fork parent still in poll list: fd(19, generation: 1)
I0810 23:40:41.457251 4802704 ev_poll_posix.cc:593] FD from fork parent still in poll list: fd(22, generation: 1)
I0810 23:40:41.457256 4802704 ev_poll_posix.cc:593] FD from fork parent still in poll list: fd(19, generation: 1)
I0810 23:40:41.457271 4802704 ev_poll_posix.cc:593] FD from fork parent still in poll list: fd(22, generation: 1)
I0810 23:40:41.457277 4802704 ev_poll_posix.cc:593] FD from fork parent still in poll list: fd(19, generation: 1)
I0810 23:40:41.457283 4802704 ev_poll_posix.cc:593] FD from fork parent still in poll list: fd(22, generation: 1)
I0810 23:40:41.457288 4802704 ev_poll_posix.cc:593] FD from fork parent still in poll list: fd(19, generation: 1)
I0810 23:40:41.457294 4802704 ev_poll_posix.cc:593] FD from fork parent still in poll list: fd(22, generation: 1)
I0810 23:40:41.457300 4802704 ev_poll_posix.cc:593] FD from fork parent still in poll list: fd(19, generation: 1)
I0810 23:40:41.457309 4802704 ev_poll_posix.cc:593] FD from fork parent still in poll list: fd(22, generation: 1)
I0810 23:40:41.457315 4802704 ev_poll_posix.cc:593] FD from fork parent still in poll list: fd(19, generation: 1)
I0810 23:40:41.457327 4802704 ev_poll_posix.cc:593] FD from fork parent still in poll list: fd(22, generation: 1)
I0810 23:40:41.457332 4802704 ev_poll_posix.cc:593] FD from fork parent still in poll list: fd(19, generation: 1)
I0810 23:40:41.457338 4802704 ev_poll_posix.cc:593] FD from fork parent still in poll list: fd(22, generation: 1)
I0810 23:40:41.457343 4802704 ev_poll_posix.cc:593] FD from fork parent still in poll list: fd(19, generation: 1)
I0810 23:40:41.457349 4802704 ev_poll_posix.cc:593] FD from fork parent still in poll list: fd(22, generation: 1)
I0810 23:40:41.457354 4802704 ev_poll_posix.cc:593] FD from fork parent still in poll list: fd(19, generation: 1)
I0810 23:40:41.457365 4802704 ev_poll_posix.cc:593] FD from fork parent still in poll list: fd(22, generation: 1)
I0810 23:40:41.457370 4802704 ev_poll_posix.cc:593] FD from fork parent still in poll list: fd(19, generation: 1)
I0810 23:40:41.457376 4802704 ev_poll_posix.cc:593] FD from fork parent still in poll list: fd(22, generation: 1)
I0810 23:40:41.457385 4802704 ev_poll_posix.cc:593] FD from fork parent still in poll list: fd(19, generation: 1)
I0810 23:40:41.457391 4802704 ev_poll_posix.cc:593] FD from fork parent still in poll list: fd(22, generation: 1)
I0810 23:40:41.457396 4802704 ev_poll_posix.cc:593] FD from fork parent still in poll list: fd(19, generation: 1)
I0810 23:40:41.457402 4802704 ev_poll_posix.cc:593] FD from fork parent still in poll list: fd(22, generation: 1)
I0810 23:40:41.457407 4802704 ev_poll_posix.cc:593] FD from fork parent still in poll list: fd(19, generation: 1)
I0810 23:40:41.457412 4802704 ev_poll_posix.cc:593] FD from fork parent still in poll list: fd(22, generation: 1)
I0810 23:40:41.457421 4802704 ev_poll_posix.cc:593] FD from fork parent still in poll list: fd(19, generation: 1)
I0810 23:40:41.457427 4802704 ev_poll_posix.cc:593] FD from fork parent still in poll list: fd(22, generation: 1)
I0810 23:40:41.457432 4802704 ev_poll_posix.cc:593] FD from fork parent still in poll list: fd(19, generation: 1)
I0810 23:40:41.457438 4802704 ev_poll_posix.cc:593] FD from fork parent still in poll list: fd(22, generation: 1)
I0810 23:40:41.457443 4802704 ev_poll_posix.cc:593] FD from fork parent still in poll list: fd(19, generation: 1)
I0810 23:40:41.457449 4802704 ev_poll_posix.cc:593] FD from fork parent still in poll list: fd(22, generation: 1)
I0810 23:40:41.457454 4802704 ev_poll_posix.cc:593] FD from fork parent still in poll list: fd(19, generation: 1)
I0810 23:40:41.457459 4802704 ev_poll_posix.cc:593] FD from fork parent still in poll list: fd(22, generation: 1)
I0810 23:40:41.457464 4802704 ev_poll_posix.cc:593] FD from fork parent still in poll list: fd(19, generation: 1)
I0810 23:40:41.457470 4802704 ev_poll_posix.cc:593] FD from fork parent still in poll list: fd(22, generation: 1)
I0810 23:40:41.457475 4802704 ev_poll_posix.cc:593] FD from fork parent still in poll list: fd(19, generation: 1)
I0810 23:40:41.457481 4802704 ev_poll_posix.cc:593] FD from fork parent still in poll list: fd(22, generation: 1)
I0810 23:40:41.457485 4802704 ev_poll_posix.cc:593] FD from fork parent still in poll list: fd(19, generation: 1)
I0810 23:40:41.457504 4802704 ev_poll_posix.cc:593] FD from fork parent still in poll list: fd(22, generation: 1)
I0810 23:40:41.457510 4802704 ev_poll_posix.cc:593] FD from fork parent still in poll list: fd(19, generation: 1)
I0810 23:40:41.457515 4802704 ev_poll_posix.cc:593] FD from fork parent still in poll list: fd(22, generation: 1)
I0810 23:40:41.457520 4802704 ev_poll_posix.cc:593] FD from fork parent still in poll list: fd(19, generation: 1)
I0810 23:40:41.457526 4802704 ev_poll_posix.cc:593] FD from fork parent still in poll list: fd(22, generation: 1)
I0810 23:40:41.457531 4802704 ev_poll_posix.cc:593] FD from fork parent still in poll list: fd(19, generation: 1)
I0810 23:40:41.457536 4802704 ev_poll_posix.cc:593] FD from fork parent still in poll list: fd(22, generation: 1)
I0810 23:40:41.457543 4802704 ev_poll_posix.cc:593] FD from fork parent still in poll list: fd(19, generation: 1)
I0810 23:40:41.457548 4802704 ev_poll_posix.cc:593] FD from fork parent still in poll list: fd(22, generation: 1)
I0810 23:40:41.457553 4802704 ev_poll_posix.cc:593] FD from fork parent still in poll list: fd(19, generation: 1)
I0810 23:40:41.457560 4802704 ev_poll_posix.cc:593] FD from fork parent still in poll list: fd(22, generation: 1)
I0810 23:40:41.457564 4802704 ev_poll_posix.cc:593] FD from fork parent still in poll list: fd(19, generation: 1)
I0810 23:40:41.457570 4802704 ev_poll_posix.cc:593] FD from fork parent still in poll list: fd(22, generation: 1)
I0810 23:40:41.457575 4802704 ev_poll_posix.cc:593] FD from fork parent still in poll list: fd(19, generation: 1)
I0810 23:40:41.457581 4802704 ev_poll_posix.cc:593] FD from fork parent still in poll list: fd(22, generation: 1)
I0810 23:40:41.457586 4802704 ev_poll_posix.cc:593] FD from fork parent still in poll list: fd(19, generation: 1)
I0810 23:40:41.457592 4802704 ev_poll_posix.cc:593] FD from fork parent still in poll list: fd(22, generation: 1)
I0810 23:40:41.457597 4802704 ev_poll_posix.cc:593] FD from fork parent still in poll list: fd(19, generation: 1)
I0810 23:40:41.457602 4802704 ev_poll_posix.cc:593] FD from fork parent still in poll list: fd(22, generation: 1)
I0810 23:40:41.457607 4802704 ev_poll_posix.cc:593] FD from fork parent still in poll list: fd(19, generation: 1)
I0810 23:40:41.457613 4802704 ev_poll_posix.cc:593] FD from fork parent still in poll list: fd(22, generation: 1)
I0810 23:40:41.457618 4802704 ev_poll_posix.cc:593] FD from fork parent still in poll list: fd(19, generation: 1)
I0810 23:40:41.457623 4802704 ev_poll_posix.cc:593] FD from fork parent still in poll list: fd(22, generation: 1)
I0810 23:40:41.457628 4802704 ev_poll_posix.cc:593] FD from fork parent still in poll list: fd(19, generation: 1)
I0810 23:40:41.457634 4802704 ev_poll_posix.cc:593] FD from fork parent still in poll list: fd(22, generation: 1)
I0810 23:40:41.457639 4802704 ev_poll_posix.cc:593] FD from fork parent still in poll list: fd(19, generation: 1)
I0810 23:40:41.457644 4802704 ev_poll_posix.cc:593] FD from fork parent still in poll list: fd(22, generation: 1)
I0810 23:40:41.457649 4802704 ev_poll_posix.cc:593] FD from fork parent still in poll list: fd(19, generation: 1)
I0810 23:40:41.457655 4802704 ev_poll_posix.cc:593] FD from fork parent still in poll list: fd(22, generation: 1)
I0810 23:40:41.457660 4802704 ev_poll_posix.cc:593] FD from fork parent still in poll list: fd(19, generation: 1)
I0810 23:40:41.457665 4802704 ev_poll_posix.cc:593] FD from fork parent still in poll list: fd(22, generation: 1)
I0810 23:40:41.457670 4802704 ev_poll_posix.cc:593] FD from fork parent still in poll list: fd(19, generation: 1)
I0810 23:40:41.457676 4802704 ev_poll_posix.cc:593] FD from fork parent still in poll list: fd(22, generation: 1)
I0810 23:40:41.457681 4802704 ev_poll_posix.cc:593] FD from fork parent still in poll list: fd(19, generation: 1)
I0810 23:40:41.457686 4802704 ev_poll_posix.cc:593] FD from fork parent still in poll list: fd(22, generation: 1)
I0810 23:40:41.457691 4802704 ev_poll_posix.cc:593] FD from fork parent still in poll list: fd(19, generation: 1)
I0810 23:40:41.457704 4802704 ev_poll_posix.cc:593] FD from fork parent still in poll list: fd(22, generation: 1)
I0810 23:40:41.457709 4802704 ev_poll_posix.cc:593] FD from fork parent still in poll list: fd(19, generation: 1)
I0810 23:40:41.457715 4802704 ev_poll_posix.cc:593] FD from fork parent still in poll list: fd(22, generation: 1)
I0810 23:40:41.457719 4802704 ev_poll_posix.cc:593] FD from fork parent still in poll list: fd(19, generation: 1)
I0810 23:40:41.457725 4802704 ev_poll_posix.cc:593] FD from fork parent still in poll list: fd(22, generation: 1)
I0810 23:40:41.457730 4802704 ev_poll_posix.cc:593] FD from fork parent still in poll list: fd(19, generation: 1)
I0810 23:40:41.457735 4802704 ev_poll_posix.cc:593] FD from fork parent still in poll list: fd(22, generation: 1)
I0810 23:40:41.457740 4802704 ev_poll_posix.cc:593] FD from fork parent still in poll list: fd(19, generation: 1)
I0810 23:40:41.457746 4802704 ev_poll_posix.cc:593] FD from fork parent still in poll list: fd(22, generation: 1)
I0810 23:40:41.457751 4802704 ev_poll_posix.cc:593] FD from fork parent still in poll list: fd(19, generation: 1)
I0810 23:40:41.457757 4802704 ev_poll_posix.cc:593] FD from fork parent still in poll list: fd(22, generation: 1)
I0810 23:40:41.457761 4802704 ev_poll_posix.cc:593] FD from fork parent still in poll list: fd(19, generation: 1)
I0810 23:40:41.457767 4802704 ev_poll_posix.cc:593] FD from fork parent still in poll list: fd(22, generation: 1)
I0810 23:40:41.457772 4802704 ev_poll_posix.cc:593] FD from fork parent still in poll list: fd(19, generation: 1)
I0810 23:40:41.457778 4802704 ev_poll_posix.cc:593] FD from fork parent still in poll list: fd(22, generation: 1)
I0810 23:40:41.457783 4802704 ev_poll_posix.cc:593] FD from fork parent still in poll list: fd(19, generation: 1)
I0810 23:40:41.457788 4802704 ev_poll_posix.cc:593] FD from fork parent still in poll list: fd(22, generation: 1)
I0810 23:40:41.457793 4802704 ev_poll_posix.cc:593] FD from fork parent still in poll list: fd(19, generation: 1)
I0810 23:40:41.457799 4802704 ev_poll_posix.cc:593] FD from fork parent still in poll list: fd(22, generation: 1)
I0810 23:40:41.457803 4802704 ev_poll_posix.cc:593] FD from fork parent still in poll list: fd(19, generation: 1)
I0810 23:40:41.457809 4802704 ev_poll_posix.cc:593] FD from fork parent still in poll list: fd(22, generation: 1)
I0810 23:40:41.457814 4802704 ev_poll_posix.cc:593] FD from fork parent still in poll list: fd(19, generation: 1)
I0810 23:40:41.457819 4802704 ev_poll_posix.cc:593] FD from fork parent still in poll list: fd(22, generation: 1)
I0810 23:40:41.457824 4802704 ev_poll_posix.cc:593] FD from fork parent still in poll list: fd(19, generation: 1)
I0810 23:40:41.457830 4802704 ev_poll_posix.cc:593] FD from fork parent still in poll list: fd(22, generation: 1)
I0810 23:40:41.457835 4802704 ev_poll_posix.cc:593] FD from fork parent still in poll list: fd(19, generation: 1)
I0810 23:40:41.457840 4802704 ev_poll_posix.cc:593] FD from fork parent still in poll list: fd(22, generation: 1)
I0810 23:40:41.457845 4802704 ev_poll_posix.cc:593] FD from fork parent still in poll list: fd(19, generation: 1)
I0810 23:40:41.457851 4802704 ev_poll_posix.cc:593] FD from fork parent still in poll list: fd(22, generation: 1)
I0810 23:40:41.457856 4802704 ev_poll_posix.cc:593] FD from fork parent still in poll list: fd(19, generation: 1)
I0810 23:40:41.457861 4802704 ev_poll_posix.cc:593] FD from fork parent still in poll list: fd(22, generation: 1)
I0810 23:40:41.457866 4802704 ev_poll_posix.cc:593] FD from fork parent still in poll list: fd(19, generation: 1)
I0810 23:40:41.457872 4802704 ev_poll_posix.cc:593] FD from fork parent still in poll list: fd(22, generation: 1)
I0810 23:40:41.457877 4802704 ev_poll_posix.cc:593] FD from fork parent still in poll list: fd(19, generation: 1)
I0810 23:40:41.457882 4802704 ev_poll_posix.cc:593] FD from fork parent still in poll list: fd(22, generation: 1)
I0810 23:40:41.457893 4802704 ev_poll_posix.cc:593] FD from fork parent still in poll list: fd(19, generation: 1)
I0810 23:40:41.457899 4802704 ev_poll_posix.cc:593] FD from fork parent still in poll list: fd(22, generation: 1)
I0810 23:40:41.457909 4802704 ev_poll_posix.cc:593] FD from fork parent still in poll list: fd(19, generation: 1)
I0810 23:40:41.457915 4802704 ev_poll_posix.cc:593] FD from fork parent still in poll list: fd(22, generation: 1)
I0810 23:40:41.457920 4802704 ev_poll_posix.cc:593] FD from fork parent still in poll list: fd(19, generation: 1)
I0810 23:40:41.457926 4802704 ev_poll_posix.cc:593] FD from fork parent still in poll list: fd(22, generation: 1)
I0810 23:40:41.457931 4802704 ev_poll_posix.cc:593] FD from fork parent still in poll list: fd(19, generation: 1)
I0810 23:40:41.457937 4802704 ev_poll_posix.cc:593] FD from fork parent still in poll list: fd(22, generation: 1)
I0810 23:40:41.457942 4802704 ev_poll_posix.cc:593] FD from fork parent still in poll list: fd(19, generation: 1)
I0810 23:40:41.457948 4802704 ev_poll_posix.cc:593] FD from fork parent still in poll list: fd(22, generation: 1)
I0810 23:40:41.457953 4802704 ev_poll_posix.cc:593] FD from fork parent still in poll list: fd(19, generation: 1)
I0810 23:40:41.457958 4802704 ev_poll_posix.cc:593] FD from fork parent still in poll list: fd(22, generation: 1)
I0810 23:40:41.457963 4802704 ev_poll_posix.cc:593] FD from fork parent still in poll list: fd(19, generation: 1)
I0810 23:40:41.457969 4802704 ev_poll_posix.cc:593] FD from fork parent still in poll list: fd(22, generation: 1)
I0810 23:40:41.457974 4802704 ev_poll_posix.cc:593] FD from fork parent still in poll list: fd(19, generation: 1)
I0810 23:40:41.457980 4802704 ev_poll_posix.cc:593] FD from fork parent still in poll list: fd(22, generation: 1)
I0810 23:40:41.457985 4802704 ev_poll_posix.cc:593] FD from fork parent still in poll list: fd(19, generation: 1)
I0810 23:40:41.457991 4802704 ev_poll_posix.cc:593] FD from fork parent still in poll list: fd(22, generation: 1)
I0810 23:40:41.457996 4802704 ev_poll_posix.cc:593] FD from fork parent still in poll list: fd(19, generation: 1)
I0810 23:40:41.458002 4802704 ev_poll_posix.cc:593] FD from fork parent still in poll list: fd(22, generation: 1)
I0810 23:40:41.458007 4802704 ev_poll_posix.cc:593] FD from fork parent still in poll list: fd(19, generation: 1)
I0810 23:40:41.458012 4802704 ev_poll_posix.cc:593] FD from fork parent still in poll list: fd(22, generation: 1)
I0810 23:40:41.458018 4802704 ev_poll_posix.cc:593] FD from fork parent still in poll list: fd(19, generation: 1)
I0810 23:40:41.458024 4802704 ev_poll_posix.cc:593] FD from fork parent still in poll list: fd(22, generation: 1)
I0810 23:40:41.458029 4802704 ev_poll_posix.cc:593] FD from fork parent still in poll list: fd(19, generation: 1)
I0810 23:40:41.458037 4802704 ev_poll_posix.cc:593] FD from fork parent still in poll list: fd(22, generation: 1)
I0810 23:40:41.458043 4802704 ev_poll_posix.cc:593] FD from fork parent still in poll list: fd(19, generation: 1)
I0810 23:40:41.458049 4802704 ev_poll_posix.cc:593] FD from fork parent still in poll list: fd(22, generation: 1)
I0810 23:40:41.458054 4802704 ev_poll_posix.cc:593] FD from fork parent still in poll list: fd(19, generation: 1)
I0810 23:40:41.458059 4802704 ev_poll_posix.cc:593] FD from fork parent still in poll list: fd(22, generation: 1)
I0810 23:40:41.458065 4802704 ev_poll_posix.cc:593] FD from fork parent still in poll list: fd(19, generation: 1)
I0810 23:40:41.458071 4802704 ev_poll_posix.cc:593] FD from fork parent still in poll list: fd(22, generation: 1)
I0810 23:40:41.458076 4802704 ev_poll_posix.cc:593] FD from fork parent still in poll list: fd(19, generation: 1)
I0810 23:40:41.458082 4802704 ev_poll_posix.cc:593] FD from fork parent still in poll list: fd(22, generation: 1)
I0810 23:40:41.458087 4802704 ev_poll_posix.cc:593] FD from fork parent still in poll list: fd(19, generation: 1)
I0810 23:40:41.458093 4802704 ev_poll_posix.cc:593] FD from fork parent still in poll list: fd(22, generation: 1)
I0810 23:40:41.458105 4802704 ev_poll_posix.cc:593] FD from fork parent still in poll list: fd(19, generation: 1)
I0810 23:40:41.458112 4802704 ev_poll_posix.cc:593] FD from fork parent still in poll list: fd(22, generation: 1)
I0810 23:40:41.458118 4802704 ev_poll_posix.cc:593] FD from fork parent still in poll list: fd(19, generation: 1)
I0810 23:40:41.458124 4802704 ev_poll_posix.cc:593] FD from fork parent still in poll list: fd(22, generation: 1)
I0810 23:40:41.458129 4802704 ev_poll_posix.cc:593] FD from fork parent still in poll list: fd(19, generation: 1)
I0810 23:40:41.458135 4802704 ev_poll_posix.cc:593] FD from fork parent still in poll list: fd(22, generation: 1)
I0810 23:40:41.458181 4802704 ev_poll_posix.cc:593] FD from fork parent still in poll list: fd(19, generation: 1)
I0810 23:40:41.458278 4802704 ev_poll_posix.cc:593] FD from fork parent still in poll list: fd(22, generation: 1)
I0810 23:40:41.458299 4802704 ev_poll_posix.cc:593] FD from fork parent still in poll list: fd(19, generation: 1)
I0810 23:40:41.458318 4802704 ev_poll_posix.cc:593] FD from fork parent still in poll list: fd(22, generation: 1)
I0810 23:40:41.458329 4802704 ev_poll_posix.cc:593] FD from fork parent still in poll list: fd(19, generation: 1)
I0810 23:40:41.458340 4802704 ev_poll_posix.cc:593] FD from fork parent still in poll list: fd(22, generation: 1)
I0810 23:40:41.458350 4802704 ev_poll_posix.cc:593] FD from fork parent still in poll list: fd(22, generation: 1)
I0810 23:40:41.458357 4802704 ev_poll_posix.cc:593] FD from fork parent still in poll list: fd(22, generation: 1)
I0810 23:40:41.458366 4802704 ev_poll_posix.cc:593] FD from fork parent still in poll list: fd(22, generation: 1)
I0810 23:40:46.965846 4798456 fork_posix.cc:71] Other threads are currently calling into gRPC, skipping fork() handlers
I0810 23:40:46.969244 4802844 ev_poll_posix.cc:593] FD from fork parent still in poll list: fd(22, generation: 1)
I0810 23:40:46.969343 4802844 ev_poll_posix.cc:593] FD from fork parent still in poll list: fd(19, generation: 1)
I0810 23:40:52.308750 4798456 fork_posix.cc:71] Other threads are currently calling into gRPC, skipping fork() handlers
I0810 23:40:52.313461 4803034 ev_poll_posix.cc:593] FD from fork parent still in poll list: fd(22, generation: 1)
I0810 23:40:52.313671 4803034 ev_poll_posix.cc:593] FD from fork parent still in poll list: fd(19, generation: 1)
I0810 23:40:57.638151 4798456 fork_posix.cc:71] Other threads are currently calling into gRPC, skipping fork() handlers
I0810 23:40:57.641331 4803190 ev_poll_posix.cc:593] FD from fork parent still in poll list: fd(22, generation: 1)
I0810 23:40:57.641423 4803190 ev_poll_posix.cc:593] FD from fork parent still in poll list: fd(19, generation: 1)
I0810 23:41:02.989267 4798456 fork_posix.cc:71] Other threads are currently calling into gRPC, skipping fork() handlers
I0810 23:41:02.992604 4803326 ev_poll_posix.cc:593] FD from fork parent still in poll list: fd(22, generation: 1)
I0810 23:41:02.992702 4803326 ev_poll_posix.cc:593] FD from fork parent still in poll list: fd(19, generation: 1)
I0810 23:41:08.327187 4798456 fork_posix.cc:71] Other threads are currently calling into gRPC, skipping fork() handlers
I0810 23:41:08.332161 4803502 ev_poll_posix.cc:593] FD from fork parent still in poll list: fd(22, generation: 1)
I0810 23:41:08.332319 4803502 ev_poll_posix.cc:593] FD from fork parent still in poll list: fd(19, generation: 1)
I0810 23:41:13.664789 4798456 fork_posix.cc:71] Other threads are currently calling into gRPC, skipping fork() handlers
I0810 23:41:13.666856 4803665 ev_poll_posix.cc:593] FD from fork parent still in poll list: fd(22, generation: 1)
I0810 23:41:13.666907 4803665 ev_poll_posix.cc:593] FD from fork parent still in poll list: fd(19, generation: 1)
I0810 23:41:18.965727 4798456 fork_posix.cc:71] Other threads are currently calling into gRPC, skipping fork() handlers
I0810 23:41:18.968331 4803843 ev_poll_posix.cc:593] FD from fork parent still in poll list: fd(22, generation: 1)
I0810 23:41:18.968387 4803843 ev_poll_posix.cc:593] FD from fork parent still in poll list: fd(19, generation: 1)
I0810 23:41:24.279743 4798456 fork_posix.cc:71] Other threads are currently calling into gRPC, skipping fork() handlers
I0810 23:41:24.281045 4804184 ev_poll_posix.cc:593] FD from fork parent still in poll list: fd(22, generation: 1)
I0810 23:41:24.281093 4804184 ev_poll_posix.cc:593] FD from fork parent still in poll list: fd(19, generation: 1)
2026-08-10 23:41:26,147 - [   65.0s]   ... 48 files, 6.03 GB on the dataset device
I0810 23:41:30.913370 4798456 fork_posix.cc:71] Other threads are currently calling into gRPC, skipping fork() handlers
I0810 23:41:30.915856 4804974 ev_poll_posix.cc:593] FD from fork parent still in poll list: fd(22, generation: 1)
I0810 23:41:30.915942 4804974 ev_poll_posix.cc:593] FD from fork parent still in poll list: fd(19, generation: 1)
I0810 23:41:36.218340 4798456 fork_posix.cc:71] Other threads are currently calling into gRPC, skipping fork() handlers
I0810 23:41:36.220365 4805195 ev_poll_posix.cc:593] FD from fork parent still in poll list: fd(22, generation: 1)
I0810 23:41:36.220430 4805195 ev_poll_posix.cc:593] FD from fork parent still in poll list: fd(19, generation: 1)
I0810 23:41:41.521730 4798456 fork_posix.cc:71] Other threads are currently calling into gRPC, skipping fork() handlers
I0810 23:41:41.525075 4805364 ev_poll_posix.cc:593] FD from fork parent still in poll list: fd(22, generation: 1)
I0810 23:41:41.525188 4805364 ev_poll_posix.cc:593] FD from fork parent still in poll list: fd(19, generation: 1)
I0810 23:41:46.881804 4798456 fork_posix.cc:71] Other threads are currently calling into gRPC, skipping fork() handlers
I0810 23:41:46.884603 4805497 ev_poll_posix.cc:593] FD from fork parent still in poll list: fd(22, generation: 1)
I0810 23:41:46.884700 4805497 ev_poll_posix.cc:593] FD from fork parent still in poll list: fd(19, generation: 1)
I0810 23:41:52.289013 4798456 fork_posix.cc:71] Other threads are currently calling into gRPC, skipping fork() handlers
I0810 23:41:52.292407 4805649 ev_poll_posix.cc:593] FD from fork parent still in poll list: fd(22, generation: 1)
I0810 23:41:52.292527 4805649 ev_poll_posix.cc:593] FD from fork parent still in poll list: fd(19, generation: 1)
I0810 23:41:57.640223 4798456 fork_posix.cc:71] Other threads are currently calling into gRPC, skipping fork() handlers
I0810 23:41:57.642970 4805864 ev_poll_posix.cc:593] FD from fork parent still in poll list: fd(22, generation: 1)
I0810 23:41:57.643091 4805864 ev_poll_posix.cc:593] FD from fork parent still in poll list: fd(19, generation: 1)
I0810 23:42:04.966185 4798456 fork_posix.cc:71] Other threads are currently calling into gRPC, skipping fork() handlers
I0810 23:42:04.971189 4806034 ev_poll_posix.cc:593] FD from fork parent still in poll list: fd(22, generation: 1)
I0810 23:42:04.971374 4806034 ev_poll_posix.cc:593] FD from fork parent still in poll list: fd(19, generation: 1)
I0810 23:42:10.400988 4798456 fork_posix.cc:71] Other threads are currently calling into gRPC, skipping fork() handlers
I0810 23:42:10.403353 4806190 ev_poll_posix.cc:593] FD from fork parent still in poll list: fd(22, generation: 1)
I0810 23:42:10.403439 4806190 ev_poll_posix.cc:593] FD from fork parent still in poll list: fd(19, generation: 1)
I0810 23:42:15.714731 4798456 fork_posix.cc:71] Other threads are currently calling into gRPC, skipping fork() handlers
I0810 23:42:15.717992 4806328 ev_poll_posix.cc:593] FD from fork parent still in poll list: fd(22, generation: 1)
I0810 23:42:15.718064 4806328 ev_poll_posix.cc:593] FD from fork parent still in poll list: fd(19, generation: 1)
I0810 23:42:21.033576 4798456 fork_posix.cc:71] Other threads are currently calling into gRPC, skipping fork() handlers
I0810 23:42:21.037758 4806619 ev_poll_posix.cc:593] FD from fork parent still in poll list: fd(22, generation: 1)
I0810 23:42:21.037847 4806619 ev_poll_posix.cc:593] FD from fork parent still in poll list: fd(19, generation: 1)
I0810 23:42:21.037867 4806619 ev_poll_posix.cc:593] FD from fork parent still in poll list: fd(22, generation: 1)
I0810 23:42:21.037877 4806619 ev_poll_posix.cc:593] FD from fork parent still in poll list: fd(19, generation: 1)
I0810 23:42:21.037921 4806619 ev_poll_posix.cc:593] FD from fork parent still in poll list: fd(22, generation: 1)
I0810 23:42:21.037941 4806619 ev_poll_posix.cc:593] FD from fork parent still in poll list: fd(19, generation: 1)
I0810 23:42:21.037950 4806619 ev_poll_posix.cc:593] FD from fork parent still in poll list: fd(22, generation: 1)
I0810 23:42:21.037956 4806619 ev_poll_posix.cc:593] FD from fork parent still in poll list: fd(19, generation: 1)
I0810 23:42:21.037963 4806619 ev_poll_posix.cc:593] FD from fork parent still in poll list: fd(22, generation: 1)
I0810 23:42:21.037969 4806619 ev_poll_posix.cc:593] FD from fork parent still in poll list: fd(19, generation: 1)
I0810 23:42:21.037975 4806619 ev_poll_posix.cc:593] FD from fork parent still in poll list: fd(22, generation: 1)
I0810 23:42:21.037982 4806619 ev_poll_posix.cc:593] FD from fork parent still in poll list: fd(19, generation: 1)
I0810 23:42:21.037988 4806619 ev_poll_posix.cc:593] FD from fork parent still in poll list: fd(22, generation: 1)
I0810 23:42:21.037994 4806619 ev_poll_posix.cc:593] FD from fork parent still in poll list: fd(19, generation: 1)
I0810 23:42:21.038001 4806619 ev_poll_posix.cc:593] FD from fork parent still in poll list: fd(22, generation: 1)
I0810 23:42:21.038006 4806619 ev_poll_posix.cc:593] FD from fork parent still in poll list: fd(19, generation: 1)
I0810 23:42:21.038013 4806619 ev_poll_posix.cc:593] FD from fork parent still in poll list: fd(22, generation: 1)
I0810 23:42:21.038018 4806619 ev_poll_posix.cc:593] FD from fork parent still in poll list: fd(19, generation: 1)
I0810 23:42:21.038024 4806619 ev_poll_posix.cc:593] FD from fork parent still in poll list: fd(22, generation: 1)
I0810 23:42:21.038030 4806619 ev_poll_posix.cc:593] FD from fork parent still in poll list: fd(19, generation: 1)
I0810 23:42:21.038037 4806619 ev_poll_posix.cc:593] FD from fork parent still in poll list: fd(22, generation: 1)
I0810 23:42:21.038042 4806619 ev_poll_posix.cc:593] FD from fork parent still in poll list: fd(19, generation: 1)
I0810 23:42:21.038048 4806619 ev_poll_posix.cc:593] FD from fork parent still in poll list: fd(22, generation: 1)
I0810 23:42:21.038053 4806619 ev_poll_posix.cc:593] FD from fork parent still in poll list: fd(19, generation: 1)
I0810 23:42:21.038059 4806619 ev_poll_posix.cc:593] FD from fork parent still in poll list: fd(22, generation: 1)
I0810 23:42:21.038064 4806619 ev_poll_posix.cc:593] FD from fork parent still in poll list: fd(19, generation: 1)
I0810 23:42:21.038070 4806619 ev_poll_posix.cc:593] FD from fork parent still in poll list: fd(22, generation: 1)
I0810 23:42:21.038078 4806619 ev_poll_posix.cc:593] FD from fork parent still in poll list: fd(19, generation: 1)
I0810 23:42:21.038084 4806619 ev_poll_posix.cc:593] FD from fork parent still in poll list: fd(22, generation: 1)
I0810 23:42:21.038089 4806619 ev_poll_posix.cc:593] FD from fork parent still in poll list: fd(19, generation: 1)
I0810 23:42:21.038095 4806619 ev_poll_posix.cc:593] FD from fork parent still in poll list: fd(22, generation: 1)
I0810 23:42:21.038100 4806619 ev_poll_posix.cc:593] FD from fork parent still in poll list: fd(19, generation: 1)
I0810 23:42:21.038106 4806619 ev_poll_posix.cc:593] FD from fork parent still in poll list: fd(22, generation: 1)
I0810 23:42:21.038111 4806619 ev_poll_posix.cc:593] FD from fork parent still in poll list: fd(19, generation: 1)
I0810 23:42:21.038117 4806619 ev_poll_posix.cc:593] FD from fork parent still in poll list: fd(22, generation: 1)
I0810 23:42:21.038122 4806619 ev_poll_posix.cc:593] FD from fork parent still in poll list: fd(19, generation: 1)
I0810 23:42:21.038130 4806619 ev_poll_posix.cc:593] FD from fork parent still in poll list: fd(22, generation: 1)
I0810 23:42:21.038136 4806619 ev_poll_posix.cc:593] FD from fork parent still in poll list: fd(19, generation: 1)
I0810 23:42:21.038143 4806619 ev_poll_posix.cc:593] FD from fork parent still in poll list: fd(22, generation: 1)
I0810 23:42:21.038161 4806619 ev_poll_posix.cc:593] FD from fork parent still in poll list: fd(19, generation: 1)
I0810 23:42:21.038168 4806619 ev_poll_posix.cc:593] FD from fork parent still in poll list: fd(22, generation: 1)
I0810 23:42:21.038173 4806619 ev_poll_posix.cc:593] FD from fork parent still in poll list: fd(19, generation: 1)
I0810 23:42:21.038178 4806619 ev_poll_posix.cc:593] FD from fork parent still in poll list: fd(22, generation: 1)
I0810 23:42:21.038184 4806619 ev_poll_posix.cc:593] FD from fork parent still in poll list: fd(19, generation: 1)
I0810 23:42:21.038189 4806619 ev_poll_posix.cc:593] FD from fork parent still in poll list: fd(22, generation: 1)
I0810 23:42:21.038194 4806619 ev_poll_posix.cc:593] FD from fork parent still in poll list: fd(19, generation: 1)
I0810 23:42:21.038200 4806619 ev_poll_posix.cc:593] FD from fork parent still in poll list: fd(22, generation: 1)
I0810 23:42:21.038205 4806619 ev_poll_posix.cc:593] FD from fork parent still in poll list: fd(19, generation: 1)
I0810 23:42:21.038211 4806619 ev_poll_posix.cc:593] FD from fork parent still in poll list: fd(22, generation: 1)
I0810 23:42:21.038216 4806619 ev_poll_posix.cc:593] FD from fork parent still in poll list: fd(19, generation: 1)
I0810 23:42:21.038222 4806619 ev_poll_posix.cc:593] FD from fork parent still in poll list: fd(22, generation: 1)
I0810 23:42:21.038227 4806619 ev_poll_posix.cc:593] FD from fork parent still in poll list: fd(19, generation: 1)
I0810 23:42:21.038232 4806619 ev_poll_posix.cc:593] FD from fork parent still in poll list: fd(22, generation: 1)
I0810 23:42:21.038237 4806619 ev_poll_posix.cc:593] FD from fork parent still in poll list: fd(19, generation: 1)
I0810 23:42:21.038243 4806619 ev_poll_posix.cc:593] FD from fork parent still in poll list: fd(22, generation: 1)
I0810 23:42:21.038248 4806619 ev_poll_posix.cc:593] FD from fork parent still in poll list: fd(19, generation: 1)
I0810 23:42:21.038254 4806619 ev_poll_posix.cc:593] FD from fork parent still in poll list: fd(22, generation: 1)
I0810 23:42:21.038259 4806619 ev_poll_posix.cc:593] FD from fork parent still in poll list: fd(19, generation: 1)
I0810 23:42:21.038265 4806619 ev_poll_posix.cc:593] FD from fork parent still in poll list: fd(22, generation: 1)
I0810 23:42:21.038270 4806619 ev_poll_posix.cc:593] FD from fork parent still in poll list: fd(19, generation: 1)
I0810 23:42:21.038276 4806619 ev_poll_posix.cc:593] FD from fork parent still in poll list: fd(22, generation: 1)
I0810 23:42:21.038280 4806619 ev_poll_posix.cc:593] FD from fork parent still in poll list: fd(19, generation: 1)
I0810 23:42:21.038286 4806619 ev_poll_posix.cc:593] FD from fork parent still in poll list: fd(22, generation: 1)
I0810 23:42:21.038291 4806619 ev_poll_posix.cc:593] FD from fork parent still in poll list: fd(19, generation: 1)
I0810 23:42:21.038297 4806619 ev_poll_posix.cc:593] FD from fork parent still in poll list: fd(22, generation: 1)
I0810 23:42:21.038302 4806619 ev_poll_posix.cc:593] FD from fork parent still in poll list: fd(19, generation: 1)
I0810 23:42:21.038308 4806619 ev_poll_posix.cc:593] FD from fork parent still in poll list: fd(22, generation: 1)
I0810 23:42:21.038313 4806619 ev_poll_posix.cc:593] FD from fork parent still in poll list: fd(19, generation: 1)
I0810 23:42:21.038318 4806619 ev_poll_posix.cc:593] FD from fork parent still in poll list: fd(22, generation: 1)
I0810 23:42:21.038323 4806619 ev_poll_posix.cc:593] FD from fork parent still in poll list: fd(19, generation: 1)
I0810 23:42:21.038329 4806619 ev_poll_posix.cc:593] FD from fork parent still in poll list: fd(22, generation: 1)
I0810 23:42:21.038334 4806619 ev_poll_posix.cc:593] FD from fork parent still in poll list: fd(19, generation: 1)
I0810 23:42:21.038340 4806619 ev_poll_posix.cc:593] FD from fork parent still in poll list: fd(22, generation: 1)
I0810 23:42:21.038345 4806619 ev_poll_posix.cc:593] FD from fork parent still in poll list: fd(19, generation: 1)
I0810 23:42:21.038351 4806619 ev_poll_posix.cc:593] FD from fork parent still in poll list: fd(22, generation: 1)
I0810 23:42:21.038364 4806619 ev_poll_posix.cc:593] FD from fork parent still in poll list: fd(19, generation: 1)
I0810 23:42:21.038370 4806619 ev_poll_posix.cc:593] FD from fork parent still in poll list: fd(22, generation: 1)
I0810 23:42:21.038375 4806619 ev_poll_posix.cc:593] FD from fork parent still in poll list: fd(19, generation: 1)
I0810 23:42:21.038381 4806619 ev_poll_posix.cc:593] FD from fork parent still in poll list: fd(22, generation: 1)
I0810 23:42:21.038386 4806619 ev_poll_posix.cc:593] FD from fork parent still in poll list: fd(19, generation: 1)
I0810 23:42:21.038391 4806619 ev_poll_posix.cc:593] FD from fork parent still in poll list: fd(22, generation: 1)
I0810 23:42:21.038396 4806619 ev_poll_posix.cc:593] FD from fork parent still in poll list: fd(19, generation: 1)
I0810 23:42:21.038402 4806619 ev_poll_posix.cc:593] FD from fork parent still in poll list: fd(22, generation: 1)
I0810 23:42:21.038407 4806619 ev_poll_posix.cc:593] FD from fork parent still in poll list: fd(19, generation: 1)
I0810 23:42:21.038413 4806619 ev_poll_posix.cc:593] FD from fork parent still in poll list: fd(22, generation: 1)
I0810 23:42:21.038559 4806619 ev_poll_posix.cc:593] FD from fork parent still in poll list: fd(19, generation: 1)
I0810 23:42:21.038619 4806619 ev_poll_posix.cc:593] FD from fork parent still in poll list: fd(22, generation: 1)
I0810 23:42:21.038633 4806619 ev_poll_posix.cc:593] FD from fork parent still in poll list: fd(19, generation: 1)
I0810 23:42:21.038648 4806619 ev_poll_posix.cc:593] FD from fork parent still in poll list: fd(22, generation: 1)
I0810 23:42:21.038656 4806619 ev_poll_posix.cc:593] FD from fork parent still in poll list: fd(19, generation: 1)
I0810 23:42:21.038667 4806619 ev_poll_posix.cc:593] FD from fork parent still in poll list: fd(22, generation: 1)
I0810 23:42:21.038675 4806619 ev_poll_posix.cc:593] FD from fork parent still in poll list: fd(19, generation: 1)
I0810 23:42:21.038684 4806619 ev_poll_posix.cc:593] FD from fork parent still in poll list: fd(22, generation: 1)
I0810 23:42:21.038692 4806619 ev_poll_posix.cc:593] FD from fork parent still in poll list: fd(22, generation: 1)
I0810 23:42:21.038699 4806619 ev_poll_posix.cc:593] FD from fork parent still in poll list: fd(22, generation: 1)
I0810 23:42:21.038706 4806619 ev_poll_posix.cc:593] FD from fork parent still in poll list: fd(22, generation: 1)
I0810 23:42:21.038714 4806619 ev_poll_posix.cc:593] FD from fork parent still in poll list: fd(22, generation: 1)
I0810 23:42:21.038722 4806619 ev_poll_posix.cc:593] FD from fork parent still in poll list: fd(22, generation: 1)
I0810 23:42:21.038730 4806619 ev_poll_posix.cc:593] FD from fork parent still in poll list: fd(22, generation: 1)
I0810 23:42:21.038737 4806619 ev_poll_posix.cc:593] FD from fork parent still in poll list: fd(22, generation: 1)
I0810 23:42:21.038743 4806619 ev_poll_posix.cc:593] FD from fork parent still in poll list: fd(22, generation: 1)
I0810 23:42:21.038749 4806619 ev_poll_posix.cc:593] FD from fork parent still in poll list: fd(22, generation: 1)
I0810 23:42:21.038755 4806619 ev_poll_posix.cc:593] FD from fork parent still in poll list: fd(22, generation: 1)
I0810 23:42:21.038763 4806619 ev_poll_posix.cc:593] FD from fork parent still in poll list: fd(22, generation: 1)
I0810 23:42:21.038770 4806619 ev_poll_posix.cc:593] FD from fork parent still in poll list: fd(22, generation: 1)
I0810 23:42:21.038778 4806619 ev_poll_posix.cc:593] FD from fork parent still in poll list: fd(22, generation: 1)
I0810 23:42:21.038786 4806619 ev_poll_posix.cc:593] FD from fork parent still in poll list: fd(22, generation: 1)
I0810 23:42:21.038793 4806619 ev_poll_posix.cc:593] FD from fork parent still in poll list: fd(22, generation: 1)
I0810 23:42:21.038801 4806619 ev_poll_posix.cc:593] FD from fork parent still in poll list: fd(22, generation: 1)
I0810 23:42:21.038810 4806619 ev_poll_posix.cc:593] FD from fork parent still in poll list: fd(22, generation: 1)
I0810 23:42:21.038820 4806619 ev_poll_posix.cc:593] FD from fork parent still in poll list: fd(22, generation: 1)
I0810 23:42:21.038851 4806619 ev_poll_posix.cc:593] FD from fork parent still in poll list: fd(22, generation: 1)
I0810 23:42:21.038859 4806619 ev_poll_posix.cc:593] FD from fork parent still in poll list: fd(22, generation: 1)
2026-08-10 23:42:26,129 - [  125.0s]   ... 48 files, 6.62 GB on the dataset device
I0810 23:42:26.395809 4798456 fork_posix.cc:71] Other threads are currently calling into gRPC, skipping fork() handlers
I0810 23:42:26.399414 4806776 ev_poll_posix.cc:593] FD from fork parent still in poll list: fd(22, generation: 1)
I0810 23:42:26.399516 4806776 ev_poll_posix.cc:593] FD from fork parent still in poll list: fd(19, generation: 1)
I0810 23:42:31.731177 4798456 fork_posix.cc:71] Other threads are currently calling into gRPC, skipping fork() handlers
I0810 23:42:31.733846 4807073 ev_poll_posix.cc:593] FD from fork parent still in poll list: fd(22, generation: 1)
I0810 23:42:31.733935 4807073 ev_poll_posix.cc:593] FD from fork parent still in poll list: fd(19, generation: 1)
I0810 23:42:37.099463 4798456 fork_posix.cc:71] Other threads are currently calling into gRPC, skipping fork() handlers
I0810 23:42:37.101040 4807356 ev_poll_posix.cc:593] FD from fork parent still in poll list: fd(22, generation: 1)
I0810 23:42:37.101100 4807356 ev_poll_posix.cc:593] FD from fork parent still in poll list: fd(19, generation: 1)
I0810 23:42:42.414160 4798456 fork_posix.cc:71] Other threads are currently calling into gRPC, skipping fork() handlers
I0810 23:42:42.415720 4807533 ev_poll_posix.cc:593] FD from fork parent still in poll list: fd(22, generation: 1)
I0810 23:42:42.415781 4807533 ev_poll_posix.cc:593] FD from fork parent still in poll list: fd(19, generation: 1)
I0810 23:42:47.723342 4798456 fork_posix.cc:71] Other threads are currently calling into gRPC, skipping fork() handlers
I0810 23:42:47.725092 4808758 ev_poll_posix.cc:593] FD from fork parent still in poll list: fd(22, generation: 1)
I0810 23:42:47.725146 4808758 ev_poll_posix.cc:593] FD from fork parent still in poll list: fd(19, generation: 1)
I0810 23:42:55.238807 4798456 fork_posix.cc:71] Other threads are currently calling into gRPC, skipping fork() handlers
I0810 23:42:55.240793 4808925 ev_poll_posix.cc:593] FD from fork parent still in poll list: fd(22, generation: 1)
I0810 23:42:55.240854 4808925 ev_poll_posix.cc:593] FD from fork parent still in poll list: fd(19, generation: 1)
[31m2026-08-10 23:42:58,033 - Fetching 16 files:  75%|███████▌  | 12/16 [00:01<00:00,  5.00it/s][0m
I0810 23:43:00.783526 4798456 fork_posix.cc:71] Other threads are currently calling into gRPC, skipping fork() handlers
I0810 23:43:00.785097 4809079 ev_poll_posix.cc:593] FD from fork parent still in poll list: fd(22, generation: 1)
I0810 23:43:00.785146 4809079 ev_poll_posix.cc:593] FD from fork parent still in poll list: fd(19, generation: 1)
I0810 23:43:06.085419 4798456 fork_posix.cc:71] Other threads are currently calling into gRPC, skipping fork() handlers
I0810 23:43:06.086852 4809243 ev_poll_posix.cc:593] FD from fork parent still in poll list: fd(22, generation: 1)
I0810 23:43:06.086893 4809243 ev_poll_posix.cc:593] FD from fork parent still in poll list: fd(19, generation: 1)
I0810 23:43:11.369905 4798456 fork_posix.cc:71] Other threads are currently calling into gRPC, skipping fork() handlers
I0810 23:43:11.371344 4809382 ev_poll_posix.cc:593] FD from fork parent still in poll list: fd(22, generation: 1)
I0810 23:43:11.371397 4809382 ev_poll_posix.cc:593] FD from fork parent still in poll list: fd(19, generation: 1)
I0810 23:43:16.697729 4798456 fork_posix.cc:71] Other threads are currently calling into gRPC, skipping fork() handlers
I0810 23:43:16.699094 4809580 ev_poll_posix.cc:593] FD from fork parent still in poll list: fd(22, generation: 1)
I0810 23:43:16.699141 4809580 ev_poll_posix.cc:593] FD from fork parent still in poll list: fd(19, generation: 1)
I0810 23:43:24.027643 4798456 fork_posix.cc:71] Other threads are currently calling into gRPC, skipping fork() handlers
I0810 23:43:24.029256 4809794 ev_poll_posix.cc:593] FD from fork parent still in poll list: fd(22, generation: 1)
I0810 23:43:24.029325 4809794 ev_poll_posix.cc:593] FD from fork parent still in poll list: fd(19, generation: 1)
2026-08-10 23:43:26,125 - [  185.0s]   ... 49 files, 7.67 GB on the dataset device
I0810 23:43:29.334053 4798456 fork_posix.cc:71] Other threads are currently calling into gRPC, skipping fork() handlers
I0810 23:43:29.335666 4810051 ev_poll_posix.cc:593] FD from fork parent still in poll list: fd(22, generation: 1)
I0810 23:43:29.335780 4810051 ev_poll_posix.cc:593] FD from fork parent still in poll list: fd(19, generation: 1)
I0810 23:43:34.648726 4798456 fork_posix.cc:71] Other threads are currently calling into gRPC, skipping fork() handlers
I0810 23:43:34.650383 4810756 ev_poll_posix.cc:593] FD from fork parent still in poll list: fd(22, generation: 1)
I0810 23:43:34.650437 4810756 ev_poll_posix.cc:593] FD from fork parent still in poll list: fd(19, generation: 1)
I0810 23:43:41.964669 4798456 fork_posix.cc:71] Other threads are currently calling into gRPC, skipping fork() handlers
I0810 23:43:41.969553 4811087 ev_poll_posix.cc:593] FD from fork parent still in poll list: fd(22, generation: 1)
I0810 23:43:41.969713 4811087 ev_poll_posix.cc:593] FD from fork parent still in poll list: fd(19, generation: 1)
I0810 23:43:47.320712 4798456 fork_posix.cc:71] Other threads are currently calling into gRPC, skipping fork() handlers
I0810 23:43:47.323989 4811233 ev_poll_posix.cc:593] FD from fork parent still in poll list: fd(22, generation: 1)
I0810 23:43:47.324080 4811233 ev_poll_posix.cc:593] FD from fork parent still in poll list: fd(19, generation: 1)
I0810 23:43:52.765714 4798456 fork_posix.cc:71] Other threads are currently calling into gRPC, skipping fork() handlers
I0810 23:43:52.770475 4811397 ev_poll_posix.cc:593] FD from fork parent still in poll list: fd(22, generation: 1)
I0810 23:43:52.770646 4811397 ev_poll_posix.cc:593] FD from fork parent still in poll list: fd(19, generation: 1)
I0810 23:43:58.113718 4798456 fork_posix.cc:71] Other threads are currently calling into gRPC, skipping fork() handlers
I0810 23:43:58.118124 4811690 ev_poll_posix.cc:593] FD from fork parent still in poll list: fd(22, generation: 1)
I0810 23:43:58.118240 4811690 ev_poll_posix.cc:593] FD from fork parent still in poll list: fd(19, generation: 1)
I0810 23:43:58.118271 4811690 ev_poll_posix.cc:593] FD from fork parent still in poll list: fd(22, generation: 1)
I0810 23:43:58.118283 4811690 ev_poll_posix.cc:593] FD from fork parent still in poll list: fd(19, generation: 1)
I0810 23:43:58.118292 4811690 ev_poll_posix.cc:593] FD from fork parent still in poll list: fd(22, generation: 1)
I0810 23:43:58.118300 4811690 ev_poll_posix.cc:593] FD from fork parent still in poll list: fd(19, generation: 1)
I0810 23:43:58.118309 4811690 ev_poll_posix.cc:593] FD from fork parent still in poll list: fd(22, generation: 1)
I0810 23:43:58.118317 4811690 ev_poll_posix.cc:593] FD from fork parent still in poll list: fd(19, generation: 1)
I0810 23:43:58.118326 4811690 ev_poll_posix.cc:593] FD from fork parent still in poll list: fd(22, generation: 1)
I0810 23:43:58.118334 4811690 ev_poll_posix.cc:593] FD from fork parent still in poll list: fd(19, generation: 1)
I0810 23:43:58.118341 4811690 ev_poll_posix.cc:593] FD from fork parent still in poll list: fd(22, generation: 1)
I0810 23:43:58.118348 4811690 ev_poll_posix.cc:593] FD from fork parent still in poll list: fd(19, generation: 1)
I0810 23:43:58.118356 4811690 ev_poll_posix.cc:593] FD from fork parent still in poll list: fd(22, generation: 1)
I0810 23:43:58.118363 4811690 ev_poll_posix.cc:593] FD from fork parent still in poll list: fd(19, generation: 1)
I0810 23:43:58.118371 4811690 ev_poll_posix.cc:593] FD from fork parent still in poll list: fd(22, generation: 1)
I0810 23:43:58.118378 4811690 ev_poll_posix.cc:593] FD from fork parent still in poll list: fd(19, generation: 1)
I0810 23:43:58.118386 4811690 ev_poll_posix.cc:593] FD from fork parent still in poll list: fd(22, generation: 1)
I0810 23:43:58.118393 4811690 ev_poll_posix.cc:593] FD from fork parent still in poll list: fd(19, generation: 1)
I0810 23:43:58.118401 4811690 ev_poll_posix.cc:593] FD from fork parent still in poll list: fd(22, generation: 1)
I0810 23:43:58.118408 4811690 ev_poll_posix.cc:593] FD from fork parent still in poll list: fd(19, generation: 1)
I0810 23:43:58.118416 4811690 ev_poll_posix.cc:593] FD from fork parent still in poll list: fd(22, generation: 1)
I0810 23:43:58.118423 4811690 ev_poll_posix.cc:593] FD from fork parent still in poll list: fd(19, generation: 1)
I0810 23:43:58.118431 4811690 ev_poll_posix.cc:593] FD from fork parent still in poll list: fd(22, generation: 1)
I0810 23:43:58.118438 4811690 ev_poll_posix.cc:593] FD from fork parent still in poll list: fd(19, generation: 1)
I0810 23:43:58.118445 4811690 ev_poll_posix.cc:593] FD from fork parent still in poll list: fd(22, generation: 1)
I0810 23:43:58.118453 4811690 ev_poll_posix.cc:593] FD from fork parent still in poll list: fd(19, generation: 1)
I0810 23:43:58.118460 4811690 ev_poll_posix.cc:593] FD from fork parent still in poll list: fd(22, generation: 1)
I0810 23:43:58.118467 4811690 ev_poll_posix.cc:593] FD from fork parent still in poll list: fd(19, generation: 1)
I0810 23:43:58.118475 4811690 ev_poll_posix.cc:593] FD from fork parent still in poll list: fd(22, generation: 1)
I0810 23:43:58.118482 4811690 ev_poll_posix.cc:593] FD from fork parent still in poll list: fd(19, generation: 1)
I0810 23:43:58.118490 4811690 ev_poll_posix.cc:593] FD from fork parent still in poll list: fd(22, generation: 1)
I0810 23:43:58.118496 4811690 ev_poll_posix.cc:593] FD from fork parent still in poll list: fd(19, generation: 1)
I0810 23:43:58.118504 4811690 ev_poll_posix.cc:593] FD from fork parent still in poll list: fd(22, generation: 1)
I0810 23:43:58.118511 4811690 ev_poll_posix.cc:593] FD from fork parent still in poll list: fd(19, generation: 1)
I0810 23:43:58.118519 4811690 ev_poll_posix.cc:593] FD from fork parent still in poll list: fd(22, generation: 1)
I0810 23:43:58.118526 4811690 ev_poll_posix.cc:593] FD from fork parent still in poll list: fd(19, generation: 1)
I0810 23:43:58.118534 4811690 ev_poll_posix.cc:593] FD from fork parent still in poll list: fd(22, generation: 1)
I0810 23:43:58.118540 4811690 ev_poll_posix.cc:593] FD from fork parent still in poll list: fd(19, generation: 1)
I0810 23:43:58.118548 4811690 ev_poll_posix.cc:593] FD from fork parent still in poll list: fd(22, generation: 1)
I0810 23:43:58.118555 4811690 ev_poll_posix.cc:593] FD from fork parent still in poll list: fd(19, generation: 1)
I0810 23:43:58.118563 4811690 ev_poll_posix.cc:593] FD from fork parent still in poll list: fd(22, generation: 1)
I0810 23:43:58.118570 4811690 ev_poll_posix.cc:593] FD from fork parent still in poll list: fd(19, generation: 1)
I0810 23:43:58.118577 4811690 ev_poll_posix.cc:593] FD from fork parent still in poll list: fd(22, generation: 1)
I0810 23:43:58.118584 4811690 ev_poll_posix.cc:593] FD from fork parent still in poll list: fd(19, generation: 1)
I0810 23:43:58.118592 4811690 ev_poll_posix.cc:593] FD from fork parent still in poll list: fd(22, generation: 1)
I0810 23:43:58.118599 4811690 ev_poll_posix.cc:593] FD from fork parent still in poll list: fd(19, generation: 1)
I0810 23:43:58.118607 4811690 ev_poll_posix.cc:593] FD from fork parent still in poll list: fd(22, generation: 1)
I0810 23:43:58.118614 4811690 ev_poll_posix.cc:593] FD from fork parent still in poll list: fd(19, generation: 1)
I0810 23:43:58.118621 4811690 ev_poll_posix.cc:593] FD from fork parent still in poll list: fd(22, generation: 1)
I0810 23:43:58.118628 4811690 ev_poll_posix.cc:593] FD from fork parent still in poll list: fd(19, generation: 1)
I0810 23:43:58.118636 4811690 ev_poll_posix.cc:593] FD from fork parent still in poll list: fd(22, generation: 1)
I0810 23:43:58.118643 4811690 ev_poll_posix.cc:593] FD from fork parent still in poll list: fd(19, generation: 1)
I0810 23:43:58.118650 4811690 ev_poll_posix.cc:593] FD from fork parent still in poll list: fd(22, generation: 1)
I0810 23:43:58.118657 4811690 ev_poll_posix.cc:593] FD from fork parent still in poll list: fd(19, generation: 1)
I0810 23:43:58.118665 4811690 ev_poll_posix.cc:593] FD from fork parent still in poll list: fd(22, generation: 1)
I0810 23:43:58.118672 4811690 ev_poll_posix.cc:593] FD from fork parent still in poll list: fd(19, generation: 1)
I0810 23:43:58.118680 4811690 ev_poll_posix.cc:593] FD from fork parent still in poll list: fd(22, generation: 1)
I0810 23:43:58.118687 4811690 ev_poll_posix.cc:593] FD from fork parent still in poll list: fd(19, generation: 1)
I0810 23:43:58.118694 4811690 ev_poll_posix.cc:593] FD from fork parent still in poll list: fd(22, generation: 1)
I0810 23:43:58.118701 4811690 ev_poll_posix.cc:593] FD from fork parent still in poll list: fd(19, generation: 1)
I0810 23:43:58.118709 4811690 ev_poll_posix.cc:593] FD from fork parent still in poll list: fd(22, generation: 1)
I0810 23:43:58.118716 4811690 ev_poll_posix.cc:593] FD from fork parent still in poll list: fd(19, generation: 1)
I0810 23:43:58.118724 4811690 ev_poll_posix.cc:593] FD from fork parent still in poll list: fd(22, generation: 1)
I0810 23:43:58.118731 4811690 ev_poll_posix.cc:593] FD from fork parent still in poll list: fd(19, generation: 1)
I0810 23:43:58.118738 4811690 ev_poll_posix.cc:593] FD from fork parent still in poll list: fd(22, generation: 1)
I0810 23:43:58.118745 4811690 ev_poll_posix.cc:593] FD from fork parent still in poll list: fd(19, generation: 1)
I0810 23:43:58.118753 4811690 ev_poll_posix.cc:593] FD from fork parent still in poll list: fd(22, generation: 1)
I0810 23:43:58.118760 4811690 ev_poll_posix.cc:593] FD from fork parent still in poll list: fd(19, generation: 1)
I0810 23:43:58.118767 4811690 ev_poll_posix.cc:593] FD from fork parent still in poll list: fd(22, generation: 1)
I0810 23:43:58.118774 4811690 ev_poll_posix.cc:593] FD from fork parent still in poll list: fd(19, generation: 1)
I0810 23:43:58.118782 4811690 ev_poll_posix.cc:593] FD from fork parent still in poll list: fd(22, generation: 1)
I0810 23:43:58.118789 4811690 ev_poll_posix.cc:593] FD from fork parent still in poll list: fd(19, generation: 1)
I0810 23:43:58.118796 4811690 ev_poll_posix.cc:593] FD from fork parent still in poll list: fd(22, generation: 1)
I0810 23:43:58.118803 4811690 ev_poll_posix.cc:593] FD from fork parent still in poll list: fd(19, generation: 1)
I0810 23:43:58.118811 4811690 ev_poll_posix.cc:593] FD from fork parent still in poll list: fd(22, generation: 1)
I0810 23:43:58.118818 4811690 ev_poll_posix.cc:593] FD from fork parent still in poll list: fd(19, generation: 1)
I0810 23:43:58.118826 4811690 ev_poll_posix.cc:593] FD from fork parent still in poll list: fd(22, generation: 1)
I0810 23:43:58.118832 4811690 ev_poll_posix.cc:593] FD from fork parent still in poll list: fd(19, generation: 1)
I0810 23:43:58.118840 4811690 ev_poll_posix.cc:593] FD from fork parent still in poll list: fd(22, generation: 1)
I0810 23:43:58.118847 4811690 ev_poll_posix.cc:593] FD from fork parent still in poll list: fd(19, generation: 1)
I0810 23:43:58.118854 4811690 ev_poll_posix.cc:593] FD from fork parent still in poll list: fd(22, generation: 1)
I0810 23:43:58.118861 4811690 ev_poll_posix.cc:593] FD from fork parent still in poll list: fd(19, generation: 1)
I0810 23:43:58.118869 4811690 ev_poll_posix.cc:593] FD from fork parent still in poll list: fd(22, generation: 1)
I0810 23:43:58.118876 4811690 ev_poll_posix.cc:593] FD from fork parent still in poll list: fd(19, generation: 1)
I0810 23:43:58.118884 4811690 ev_poll_posix.cc:593] FD from fork parent still in poll list: fd(22, generation: 1)
I0810 23:43:58.118891 4811690 ev_poll_posix.cc:593] FD from fork parent still in poll list: fd(19, generation: 1)
I0810 23:43:58.118898 4811690 ev_poll_posix.cc:593] FD from fork parent still in poll list: fd(22, generation: 1)
I0810 23:43:58.118905 4811690 ev_poll_posix.cc:593] FD from fork parent still in poll list: fd(19, generation: 1)
I0810 23:43:58.118913 4811690 ev_poll_posix.cc:593] FD from fork parent still in poll list: fd(22, generation: 1)
I0810 23:43:58.118920 4811690 ev_poll_posix.cc:593] FD from fork parent still in poll list: fd(19, generation: 1)
I0810 23:43:58.118941 4811690 ev_poll_posix.cc:593] FD from fork parent still in poll list: fd(22, generation: 1)
I0810 23:43:58.118953 4811690 ev_poll_posix.cc:593] FD from fork parent still in poll list: fd(19, generation: 1)
I0810 23:43:58.118960 4811690 ev_poll_posix.cc:593] FD from fork parent still in poll list: fd(22, generation: 1)
I0810 23:43:58.118970 4811690 ev_poll_posix.cc:593] FD from fork parent still in poll list: fd(19, generation: 1)
I0810 23:43:58.118978 4811690 ev_poll_posix.cc:593] FD from fork parent still in poll list: fd(22, generation: 1)
I0810 23:43:58.118984 4811690 ev_poll_posix.cc:593] FD from fork parent still in poll list: fd(19, generation: 1)
I0810 23:43:58.118992 4811690 ev_poll_posix.cc:593] FD from fork parent still in poll list: fd(22, generation: 1)
I0810 23:43:58.118999 4811690 ev_poll_posix.cc:593] FD from fork parent still in poll list: fd(19, generation: 1)
I0810 23:43:58.119006 4811690 ev_poll_posix.cc:593] FD from fork parent still in poll list: fd(22, generation: 1)
I0810 23:43:58.119013 4811690 ev_poll_posix.cc:593] FD from fork parent still in poll list: fd(19, generation: 1)
I0810 23:43:58.119020 4811690 ev_poll_posix.cc:593] FD from fork parent still in poll list: fd(22, generation: 1)
I0810 23:43:58.119027 4811690 ev_poll_posix.cc:593] FD from fork parent still in poll list: fd(19, generation: 1)
I0810 23:43:58.119034 4811690 ev_poll_posix.cc:593] FD from fork parent still in poll list: fd(22, generation: 1)
I0810 23:43:58.119041 4811690 ev_poll_posix.cc:593] FD from fork parent still in poll list: fd(19, generation: 1)
I0810 23:43:58.119048 4811690 ev_poll_posix.cc:593] FD from fork parent still in poll list: fd(22, generation: 1)
I0810 23:43:58.119055 4811690 ev_poll_posix.cc:593] FD from fork parent still in poll list: fd(19, generation: 1)
I0810 23:43:58.119062 4811690 ev_poll_posix.cc:593] FD from fork parent still in poll list: fd(22, generation: 1)
I0810 23:43:58.119069 4811690 ev_poll_posix.cc:593] FD from fork parent still in poll list: fd(19, generation: 1)
I0810 23:43:58.119077 4811690 ev_poll_posix.cc:593] FD from fork parent still in poll list: fd(22, generation: 1)
I0810 23:43:58.119083 4811690 ev_poll_posix.cc:593] FD from fork parent still in poll list: fd(19, generation: 1)
I0810 23:43:58.119091 4811690 ev_poll_posix.cc:593] FD from fork parent still in poll list: fd(22, generation: 1)
I0810 23:43:58.119098 4811690 ev_poll_posix.cc:593] FD from fork parent still in poll list: fd(19, generation: 1)
I0810 23:43:58.119105 4811690 ev_poll_posix.cc:593] FD from fork parent still in poll list: fd(22, generation: 1)
I0810 23:43:58.119112 4811690 ev_poll_posix.cc:593] FD from fork parent still in poll list: fd(19, generation: 1)
I0810 23:43:58.119119 4811690 ev_poll_posix.cc:593] FD from fork parent still in poll list: fd(22, generation: 1)
I0810 23:43:58.119126 4811690 ev_poll_posix.cc:593] FD from fork parent still in poll list: fd(19, generation: 1)
I0810 23:43:58.119133 4811690 ev_poll_posix.cc:593] FD from fork parent still in poll list: fd(22, generation: 1)
I0810 23:43:58.119140 4811690 ev_poll_posix.cc:593] FD from fork parent still in poll list: fd(19, generation: 1)
I0810 23:43:58.119147 4811690 ev_poll_posix.cc:593] FD from fork parent still in poll list: fd(22, generation: 1)
I0810 23:43:58.119154 4811690 ev_poll_posix.cc:593] FD from fork parent still in poll list: fd(19, generation: 1)
I0810 23:43:58.119162 4811690 ev_poll_posix.cc:593] FD from fork parent still in poll list: fd(22, generation: 1)
I0810 23:43:58.119168 4811690 ev_poll_posix.cc:593] FD from fork parent still in poll list: fd(19, generation: 1)
I0810 23:43:58.119176 4811690 ev_poll_posix.cc:593] FD from fork parent still in poll list: fd(22, generation: 1)
I0810 23:43:58.119182 4811690 ev_poll_posix.cc:593] FD from fork parent still in poll list: fd(19, generation: 1)
I0810 23:43:58.119190 4811690 ev_poll_posix.cc:593] FD from fork parent still in poll list: fd(22, generation: 1)
I0810 23:43:58.119197 4811690 ev_poll_posix.cc:593] FD from fork parent still in poll list: fd(19, generation: 1)
I0810 23:43:58.119204 4811690 ev_poll_posix.cc:593] FD from fork parent still in poll list: fd(22, generation: 1)
I0810 23:43:58.119211 4811690 ev_poll_posix.cc:593] FD from fork parent still in poll list: fd(19, generation: 1)
I0810 23:43:58.119218 4811690 ev_poll_posix.cc:593] FD from fork parent still in poll list: fd(22, generation: 1)
I0810 23:43:58.119225 4811690 ev_poll_posix.cc:593] FD from fork parent still in poll list: fd(19, generation: 1)
I0810 23:43:58.119236 4811690 ev_poll_posix.cc:593] FD from fork parent still in poll list: fd(22, generation: 1)
I0810 23:43:58.119245 4811690 ev_poll_posix.cc:593] FD from fork parent still in poll list: fd(19, generation: 1)
I0810 23:43:58.119253 4811690 ev_poll_posix.cc:593] FD from fork parent still in poll list: fd(22, generation: 1)
I0810 23:43:58.119260 4811690 ev_poll_posix.cc:593] FD from fork parent still in poll list: fd(19, generation: 1)
I0810 23:43:58.119267 4811690 ev_poll_posix.cc:593] FD from fork parent still in poll list: fd(22, generation: 1)
I0810 23:43:58.119273 4811690 ev_poll_posix.cc:593] FD from fork parent still in poll list: fd(19, generation: 1)
I0810 23:43:58.119280 4811690 ev_poll_posix.cc:593] FD from fork parent still in poll list: fd(22, generation: 1)
I0810 23:43:58.119287 4811690 ev_poll_posix.cc:593] FD from fork parent still in poll list: fd(19, generation: 1)
I0810 23:43:58.119294 4811690 ev_poll_posix.cc:593] FD from fork parent still in poll list: fd(22, generation: 1)
I0810 23:43:58.119301 4811690 ev_poll_posix.cc:593] FD from fork parent still in poll list: fd(19, generation: 1)
I0810 23:43:58.119308 4811690 ev_poll_posix.cc:593] FD from fork parent still in poll list: fd(22, generation: 1)
I0810 23:43:58.119315 4811690 ev_poll_posix.cc:593] FD from fork parent still in poll list: fd(19, generation: 1)
I0810 23:43:58.119322 4811690 ev_poll_posix.cc:593] FD from fork parent still in poll list: fd(22, generation: 1)
I0810 23:43:58.119329 4811690 ev_poll_posix.cc:593] FD from fork parent still in poll list: fd(19, generation: 1)
I0810 23:43:58.119336 4811690 ev_poll_posix.cc:593] FD from fork parent still in poll list: fd(22, generation: 1)
I0810 23:43:58.119343 4811690 ev_poll_posix.cc:593] FD from fork parent still in poll list: fd(19, generation: 1)
I0810 23:43:58.119350 4811690 ev_poll_posix.cc:593] FD from fork parent still in poll list: fd(22, generation: 1)
I0810 23:43:58.119357 4811690 ev_poll_posix.cc:593] FD from fork parent still in poll list: fd(19, generation: 1)
I0810 23:43:58.119365 4811690 ev_poll_posix.cc:593] FD from fork parent still in poll list: fd(22, generation: 1)
I0810 23:43:58.119371 4811690 ev_poll_posix.cc:593] FD from fork parent still in poll list: fd(19, generation: 1)
I0810 23:43:58.119379 4811690 ev_poll_posix.cc:593] FD from fork parent still in poll list: fd(22, generation: 1)
I0810 23:43:58.119385 4811690 ev_poll_posix.cc:593] FD from fork parent still in poll list: fd(19, generation: 1)
I0810 23:43:58.119393 4811690 ev_poll_posix.cc:593] FD from fork parent still in poll list: fd(22, generation: 1)
I0810 23:43:58.119399 4811690 ev_poll_posix.cc:593] FD from fork parent still in poll list: fd(19, generation: 1)
I0810 23:43:58.119407 4811690 ev_poll_posix.cc:593] FD from fork parent still in poll list: fd(22, generation: 1)
I0810 23:43:58.119413 4811690 ev_poll_posix.cc:593] FD from fork parent still in poll list: fd(19, generation: 1)
I0810 23:43:58.119421 4811690 ev_poll_posix.cc:593] FD from fork parent still in poll list: fd(22, generation: 1)
I0810 23:43:58.119427 4811690 ev_poll_posix.cc:593] FD from fork parent still in poll list: fd(19, generation: 1)
I0810 23:43:58.119434 4811690 ev_poll_posix.cc:593] FD from fork parent still in poll list: fd(22, generation: 1)
I0810 23:43:58.119441 4811690 ev_poll_posix.cc:593] FD from fork parent still in poll list: fd(19, generation: 1)
I0810 23:43:58.119448 4811690 ev_poll_posix.cc:593] FD from fork parent still in poll list: fd(22, generation: 1)
I0810 23:43:58.119455 4811690 ev_poll_posix.cc:593] FD from fork parent still in poll list: fd(19, generation: 1)
I0810 23:43:58.119462 4811690 ev_poll_posix.cc:593] FD from fork parent still in poll list: fd(22, generation: 1)
I0810 23:43:58.119469 4811690 ev_poll_posix.cc:593] FD from fork parent still in poll list: fd(19, generation: 1)
I0810 23:43:58.119476 4811690 ev_poll_posix.cc:593] FD from fork parent still in poll list: fd(22, generation: 1)
I0810 23:43:58.119482 4811690 ev_poll_posix.cc:593] FD from fork parent still in poll list: fd(19, generation: 1)
I0810 23:43:58.119490 4811690 ev_poll_posix.cc:593] FD from fork parent still in poll list: fd(22, generation: 1)
I0810 23:43:58.119496 4811690 ev_poll_posix.cc:593] FD from fork parent still in poll list: fd(19, generation: 1)
I0810 23:43:58.119504 4811690 ev_poll_posix.cc:593] FD from fork parent still in poll list: fd(22, generation: 1)
I0810 23:43:58.119510 4811690 ev_poll_posix.cc:593] FD from fork parent still in poll list: fd(19, generation: 1)
I0810 23:43:58.119518 4811690 ev_poll_posix.cc:593] FD from fork parent still in poll list: fd(22, generation: 1)
I0810 23:43:58.119524 4811690 ev_poll_posix.cc:593] FD from fork parent still in poll list: fd(19, generation: 1)
I0810 23:43:58.119532 4811690 ev_poll_posix.cc:593] FD from fork parent still in poll list: fd(22, generation: 1)
I0810 23:43:58.119539 4811690 ev_poll_posix.cc:593] FD from fork parent still in poll list: fd(19, generation: 1)
I0810 23:43:58.119548 4811690 ev_poll_posix.cc:593] FD from fork parent still in poll list: fd(22, generation: 1)
I0810 23:43:58.119556 4811690 ev_poll_posix.cc:593] FD from fork parent still in poll list: fd(19, generation: 1)
I0810 23:43:58.119564 4811690 ev_poll_posix.cc:593] FD from fork parent still in poll list: fd(22, generation: 1)
I0810 23:43:58.119571 4811690 ev_poll_posix.cc:593] FD from fork parent still in poll list: fd(19, generation: 1)
I0810 23:43:58.119579 4811690 ev_poll_posix.cc:593] FD from fork parent still in poll list: fd(22, generation: 1)
I0810 23:43:58.119586 4811690 ev_poll_posix.cc:593] FD from fork parent still in poll list: fd(19, generation: 1)
I0810 23:43:58.119593 4811690 ev_poll_posix.cc:593] FD from fork parent still in poll list: fd(22, generation: 1)
I0810 23:43:58.119600 4811690 ev_poll_posix.cc:593] FD from fork parent still in poll list: fd(19, generation: 1)
I0810 23:43:58.119607 4811690 ev_poll_posix.cc:593] FD from fork parent still in poll list: fd(22, generation: 1)
I0810 23:43:58.119614 4811690 ev_poll_posix.cc:593] FD from fork parent still in poll list: fd(19, generation: 1)
I0810 23:43:58.119621 4811690 ev_poll_posix.cc:593] FD from fork parent still in poll list: fd(22, generation: 1)
I0810 23:43:58.119628 4811690 ev_poll_posix.cc:593] FD from fork parent still in poll list: fd(19, generation: 1)
I0810 23:43:58.119635 4811690 ev_poll_posix.cc:593] FD from fork parent still in poll list: fd(22, generation: 1)
I0810 23:43:58.119642 4811690 ev_poll_posix.cc:593] FD from fork parent still in poll list: fd(19, generation: 1)
I0810 23:43:58.119649 4811690 ev_poll_posix.cc:593] FD from fork parent still in poll list: fd(22, generation: 1)
I0810 23:43:58.119658 4811690 ev_poll_posix.cc:593] FD from fork parent still in poll list: fd(19, generation: 1)
I0810 23:43:58.119666 4811690 ev_poll_posix.cc:593] FD from fork parent still in poll list: fd(22, generation: 1)
I0810 23:43:58.119672 4811690 ev_poll_posix.cc:593] FD from fork parent still in poll list: fd(19, generation: 1)
I0810 23:43:58.119679 4811690 ev_poll_posix.cc:593] FD from fork parent still in poll list: fd(22, generation: 1)
I0810 23:43:58.119686 4811690 ev_poll_posix.cc:593] FD from fork parent still in poll list: fd(19, generation: 1)
I0810 23:43:58.119693 4811690 ev_poll_posix.cc:593] FD from fork parent still in poll list: fd(22, generation: 1)
I0810 23:43:58.119700 4811690 ev_poll_posix.cc:593] FD from fork parent still in poll list: fd(19, generation: 1)
I0810 23:43:58.119707 4811690 ev_poll_posix.cc:593] FD from fork parent still in poll list: fd(22, generation: 1)
I0810 23:43:58.119714 4811690 ev_poll_posix.cc:593] FD from fork parent still in poll list: fd(19, generation: 1)
I0810 23:43:58.119721 4811690 ev_poll_posix.cc:593] FD from fork parent still in poll list: fd(22, generation: 1)
I0810 23:43:58.119728 4811690 ev_poll_posix.cc:593] FD from fork parent still in poll list: fd(19, generation: 1)
I0810 23:43:58.119735 4811690 ev_poll_posix.cc:593] FD from fork parent still in poll list: fd(22, generation: 1)
I0810 23:43:58.119742 4811690 ev_poll_posix.cc:593] FD from fork parent still in poll list: fd(19, generation: 1)
I0810 23:43:58.119749 4811690 ev_poll_posix.cc:593] FD from fork parent still in poll list: fd(22, generation: 1)
I0810 23:43:58.119756 4811690 ev_poll_posix.cc:593] FD from fork parent still in poll list: fd(19, generation: 1)
I0810 23:43:58.119763 4811690 ev_poll_posix.cc:593] FD from fork parent still in poll list: fd(22, generation: 1)
I0810 23:43:58.119770 4811690 ev_poll_posix.cc:593] FD from fork parent still in poll list: fd(19, generation: 1)
I0810 23:43:58.119777 4811690 ev_poll_posix.cc:593] FD from fork parent still in poll list: fd(22, generation: 1)
I0810 23:43:58.119830 4811690 ev_poll_posix.cc:593] FD from fork parent still in poll list: fd(19, generation: 1)
I0810 23:43:58.119841 4811690 ev_poll_posix.cc:593] FD from fork parent still in poll list: fd(22, generation: 1)
I0810 23:43:58.119848 4811690 ev_poll_posix.cc:593] FD from fork parent still in poll list: fd(19, generation: 1)
I0810 23:43:58.119856 4811690 ev_poll_posix.cc:593] FD from fork parent still in poll list: fd(22, generation: 1)
I0810 23:43:58.119863 4811690 ev_poll_posix.cc:593] FD from fork parent still in poll list: fd(19, generation: 1)
I0810 23:43:58.119870 4811690 ev_poll_posix.cc:593] FD from fork parent still in poll list: fd(22, generation: 1)
I0810 23:43:58.119877 4811690 ev_poll_posix.cc:593] FD from fork parent still in poll list: fd(19, generation: 1)
I0810 23:43:58.119884 4811690 ev_poll_posix.cc:593] FD from fork parent still in poll list: fd(22, generation: 1)
I0810 23:43:58.119891 4811690 ev_poll_posix.cc:593] FD from fork parent still in poll list: fd(19, generation: 1)
I0810 23:43:58.119898 4811690 ev_poll_posix.cc:593] FD from fork parent still in poll list: fd(22, generation: 1)
I0810 23:43:58.119905 4811690 ev_poll_posix.cc:593] FD from fork parent still in poll list: fd(19, generation: 1)
I0810 23:43:58.119912 4811690 ev_poll_posix.cc:593] FD from fork parent still in poll list: fd(22, generation: 1)
I0810 23:43:58.119919 4811690 ev_poll_posix.cc:593] FD from fork parent still in poll list: fd(19, generation: 1)
I0810 23:43:58.119927 4811690 ev_poll_posix.cc:593] FD from fork parent still in poll list: fd(22, generation: 1)
I0810 23:43:58.119933 4811690 ev_poll_posix.cc:593] FD from fork parent still in poll list: fd(19, generation: 1)
I0810 23:43:58.119941 4811690 ev_poll_posix.cc:593] FD from fork parent still in poll list: fd(22, generation: 1)
I0810 23:43:58.119947 4811690 ev_poll_posix.cc:593] FD from fork parent still in poll list: fd(19, generation: 1)
I0810 23:43:58.119955 4811690 ev_poll_posix.cc:593] FD from fork parent still in poll list: fd(22, generation: 1)
I0810 23:43:58.119962 4811690 ev_poll_posix.cc:593] FD from fork parent still in poll list: fd(19, generation: 1)
I0810 23:43:58.119969 4811690 ev_poll_posix.cc:593] FD from fork parent still in poll list: fd(22, generation: 1)
I0810 23:43:58.119976 4811690 ev_poll_posix.cc:593] FD from fork parent still in poll list: fd(19, generation: 1)
I0810 23:43:58.119983 4811690 ev_poll_posix.cc:593] FD from fork parent still in poll list: fd(22, generation: 1)
I0810 23:43:58.119990 4811690 ev_poll_posix.cc:593] FD from fork parent still in poll list: fd(19, generation: 1)
I0810 23:43:58.119997 4811690 ev_poll_posix.cc:593] FD from fork parent still in poll list: fd(22, generation: 1)
I0810 23:43:58.120004 4811690 ev_poll_posix.cc:593] FD from fork parent still in poll list: fd(19, generation: 1)
I0810 23:43:58.120011 4811690 ev_poll_posix.cc:593] FD from fork parent still in poll list: fd(22, generation: 1)
I0810 23:43:58.120026 4811690 ev_poll_posix.cc:593] FD from fork parent still in poll list: fd(19, generation: 1)
I0810 23:43:58.120034 4811690 ev_poll_posix.cc:593] FD from fork parent still in poll list: fd(22, generation: 1)
I0810 23:43:58.120041 4811690 ev_poll_posix.cc:593] FD from fork parent still in poll list: fd(19, generation: 1)
I0810 23:43:58.120048 4811690 ev_poll_posix.cc:593] FD from fork parent still in poll list: fd(22, generation: 1)
I0810 23:43:58.120055 4811690 ev_poll_posix.cc:593] FD from fork parent still in poll list: fd(19, generation: 1)
I0810 23:43:58.120062 4811690 ev_poll_posix.cc:593] FD from fork parent still in poll list: fd(22, generation: 1)
I0810 23:43:58.120069 4811690 ev_poll_posix.cc:593] FD from fork parent still in poll list: fd(19, generation: 1)
I0810 23:43:58.120076 4811690 ev_poll_posix.cc:593] FD from fork parent still in poll list: fd(22, generation: 1)
I0810 23:43:58.120083 4811690 ev_poll_posix.cc:593] FD from fork parent still in poll list: fd(19, generation: 1)
I0810 23:43:58.120091 4811690 ev_poll_posix.cc:593] FD from fork parent still in poll list: fd(22, generation: 1)
I0810 23:43:58.120097 4811690 ev_poll_posix.cc:593] FD from fork parent still in poll list: fd(19, generation: 1)
I0810 23:43:58.120105 4811690 ev_poll_posix.cc:593] FD from fork parent still in poll list: fd(22, generation: 1)
I0810 23:43:58.120111 4811690 ev_poll_posix.cc:593] FD from fork parent still in poll list: fd(19, generation: 1)
I0810 23:43:58.120119 4811690 ev_poll_posix.cc:593] FD from fork parent still in poll list: fd(22, generation: 1)
I0810 23:43:58.120125 4811690 ev_poll_posix.cc:593] FD from fork parent still in poll list: fd(19, generation: 1)
I0810 23:43:58.120133 4811690 ev_poll_posix.cc:593] FD from fork parent still in poll list: fd(22, generation: 1)
I0810 23:43:58.120139 4811690 ev_poll_posix.cc:593] FD from fork parent still in poll list: fd(19, generation: 1)
I0810 23:43:58.120146 4811690 ev_poll_posix.cc:593] FD from fork parent still in poll list: fd(22, generation: 1)
I0810 23:43:58.120153 4811690 ev_poll_posix.cc:593] FD from fork parent still in poll list: fd(19, generation: 1)
I0810 23:43:58.120161 4811690 ev_poll_posix.cc:593] FD from fork parent still in poll list: fd(22, generation: 1)
I0810 23:43:58.120167 4811690 ev_poll_posix.cc:593] FD from fork parent still in poll list: fd(19, generation: 1)
I0810 23:43:58.120175 4811690 ev_poll_posix.cc:593] FD from fork parent still in poll list: fd(22, generation: 1)
I0810 23:43:58.120181 4811690 ev_poll_posix.cc:593] FD from fork parent still in poll list: fd(19, generation: 1)
I0810 23:43:58.120189 4811690 ev_poll_posix.cc:593] FD from fork parent still in poll list: fd(22, generation: 1)
I0810 23:43:58.120195 4811690 ev_poll_posix.cc:593] FD from fork parent still in poll list: fd(19, generation: 1)
I0810 23:43:58.120203 4811690 ev_poll_posix.cc:593] FD from fork parent still in poll list: fd(22, generation: 1)
I0810 23:43:58.120209 4811690 ev_poll_posix.cc:593] FD from fork parent still in poll list: fd(19, generation: 1)
I0810 23:43:58.120217 4811690 ev_poll_posix.cc:593] FD from fork parent still in poll list: fd(22, generation: 1)
I0810 23:43:58.120223 4811690 ev_poll_posix.cc:593] FD from fork parent still in poll list: fd(19, generation: 1)
I0810 23:43:58.120231 4811690 ev_poll_posix.cc:593] FD from fork parent still in poll list: fd(22, generation: 1)
I0810 23:43:58.120237 4811690 ev_poll_posix.cc:593] FD from fork parent still in poll list: fd(19, generation: 1)
I0810 23:43:58.120245 4811690 ev_poll_posix.cc:593] FD from fork parent still in poll list: fd(22, generation: 1)
I0810 23:43:58.120251 4811690 ev_poll_posix.cc:593] FD from fork parent still in poll list: fd(19, generation: 1)
I0810 23:43:58.120258 4811690 ev_poll_posix.cc:593] FD from fork parent still in poll list: fd(22, generation: 1)
I0810 23:43:58.120265 4811690 ev_poll_posix.cc:593] FD from fork parent still in poll list: fd(19, generation: 1)
I0810 23:43:58.120272 4811690 ev_poll_posix.cc:593] FD from fork parent still in poll list: fd(22, generation: 1)
I0810 23:43:58.120279 4811690 ev_poll_posix.cc:593] FD from fork parent still in poll list: fd(19, generation: 1)
I0810 23:43:58.120286 4811690 ev_poll_posix.cc:593] FD from fork parent still in poll list: fd(22, generation: 1)
I0810 23:43:58.120293 4811690 ev_poll_posix.cc:593] FD from fork parent still in poll list: fd(19, generation: 1)
I0810 23:43:58.120300 4811690 ev_poll_posix.cc:593] FD from fork parent still in poll list: fd(22, generation: 1)
I0810 23:43:58.120307 4811690 ev_poll_posix.cc:593] FD from fork parent still in poll list: fd(19, generation: 1)
I0810 23:43:58.120314 4811690 ev_poll_posix.cc:593] FD from fork parent still in poll list: fd(22, generation: 1)
I0810 23:43:58.120321 4811690 ev_poll_posix.cc:593] FD from fork parent still in poll list: fd(19, generation: 1)
I0810 23:43:58.120328 4811690 ev_poll_posix.cc:593] FD from fork parent still in poll list: fd(22, generation: 1)
I0810 23:43:58.120335 4811690 ev_poll_posix.cc:593] FD from fork parent still in poll list: fd(19, generation: 1)
I0810 23:43:58.120343 4811690 ev_poll_posix.cc:593] FD from fork parent still in poll list: fd(22, generation: 1)
I0810 23:43:58.120349 4811690 ev_poll_posix.cc:593] FD from fork parent still in poll list: fd(19, generation: 1)
I0810 23:43:58.120357 4811690 ev_poll_posix.cc:593] FD from fork parent still in poll list: fd(22, generation: 1)
I0810 23:43:58.120367 4811690 ev_poll_posix.cc:593] FD from fork parent still in poll list: fd(19, generation: 1)
I0810 23:43:58.120375 4811690 ev_poll_posix.cc:593] FD from fork parent still in poll list: fd(22, generation: 1)
I0810 23:43:58.120381 4811690 ev_poll_posix.cc:593] FD from fork parent still in poll list: fd(19, generation: 1)
I0810 23:43:58.120389 4811690 ev_poll_posix.cc:593] FD from fork parent still in poll list: fd(22, generation: 1)
I0810 23:43:58.120395 4811690 ev_poll_posix.cc:593] FD from fork parent still in poll list: fd(19, generation: 1)
I0810 23:43:58.120402 4811690 ev_poll_posix.cc:593] FD from fork parent still in poll list: fd(22, generation: 1)
I0810 23:43:58.120409 4811690 ev_poll_posix.cc:593] FD from fork parent still in poll list: fd(19, generation: 1)
I0810 23:43:58.120416 4811690 ev_poll_posix.cc:593] FD from fork parent still in poll list: fd(22, generation: 1)
I0810 23:43:58.120423 4811690 ev_poll_posix.cc:593] FD from fork parent still in poll list: fd(19, generation: 1)
I0810 23:43:58.120430 4811690 ev_poll_posix.cc:593] FD from fork parent still in poll list: fd(22, generation: 1)
I0810 23:43:58.120436 4811690 ev_poll_posix.cc:593] FD from fork parent still in poll list: fd(19, generation: 1)
I0810 23:43:58.120444 4811690 ev_poll_posix.cc:593] FD from fork parent still in poll list: fd(22, generation: 1)
I0810 23:43:58.120450 4811690 ev_poll_posix.cc:593] FD from fork parent still in poll list: fd(19, generation: 1)
I0810 23:43:58.120457 4811690 ev_poll_posix.cc:593] FD from fork parent still in poll list: fd(22, generation: 1)
I0810 23:43:58.120464 4811690 ev_poll_posix.cc:593] FD from fork parent still in poll list: fd(19, generation: 1)
I0810 23:43:58.120471 4811690 ev_poll_posix.cc:593] FD from fork parent still in poll list: fd(22, generation: 1)
I0810 23:43:58.120478 4811690 ev_poll_posix.cc:593] FD from fork parent still in poll list: fd(19, generation: 1)
I0810 23:43:58.120485 4811690 ev_poll_posix.cc:593] FD from fork parent still in poll list: fd(22, generation: 1)
I0810 23:43:58.120492 4811690 ev_poll_posix.cc:593] FD from fork parent still in poll list: fd(19, generation: 1)
I0810 23:43:58.120499 4811690 ev_poll_posix.cc:593] FD from fork parent still in poll list: fd(22, generation: 1)
I0810 23:43:58.120505 4811690 ev_poll_posix.cc:593] FD from fork parent still in poll list: fd(19, generation: 1)
I0810 23:43:58.120513 4811690 ev_poll_posix.cc:593] FD from fork parent still in poll list: fd(22, generation: 1)
I0810 23:43:58.120519 4811690 ev_poll_posix.cc:593] FD from fork parent still in poll list: fd(19, generation: 1)
I0810 23:43:58.120526 4811690 ev_poll_posix.cc:593] FD from fork parent still in poll list: fd(22, generation: 1)
I0810 23:43:58.120533 4811690 ev_poll_posix.cc:593] FD from fork parent still in poll list: fd(19, generation: 1)
I0810 23:43:58.120540 4811690 ev_poll_posix.cc:593] FD from fork parent still in poll list: fd(22, generation: 1)
I0810 23:43:58.120547 4811690 ev_poll_posix.cc:593] FD from fork parent still in poll list: fd(19, generation: 1)
I0810 23:43:58.120554 4811690 ev_poll_posix.cc:593] FD from fork parent still in poll list: fd(22, generation: 1)
I0810 23:43:58.120560 4811690 ev_poll_posix.cc:593] FD from fork parent still in poll list: fd(19, generation: 1)
I0810 23:43:58.120568 4811690 ev_poll_posix.cc:593] FD from fork parent still in poll list: fd(22, generation: 1)
I0810 23:43:58.120574 4811690 ev_poll_posix.cc:593] FD from fork parent still in poll list: fd(19, generation: 1)
I0810 23:43:58.120581 4811690 ev_poll_posix.cc:593] FD from fork parent still in poll list: fd(22, generation: 1)
I0810 23:43:58.120588 4811690 ev_poll_posix.cc:593] FD from fork parent still in poll list: fd(19, generation: 1)
I0810 23:43:58.120595 4811690 ev_poll_posix.cc:593] FD from fork parent still in poll list: fd(22, generation: 1)
I0810 23:43:58.120602 4811690 ev_poll_posix.cc:593] FD from fork parent still in poll list: fd(19, generation: 1)
I0810 23:43:58.120609 4811690 ev_poll_posix.cc:593] FD from fork parent still in poll list: fd(22, generation: 1)
I0810 23:43:58.120615 4811690 ev_poll_posix.cc:593] FD from fork parent still in poll list: fd(19, generation: 1)
I0810 23:43:58.120623 4811690 ev_poll_posix.cc:593] FD from fork parent still in poll list: fd(22, generation: 1)
I0810 23:43:58.120629 4811690 ev_poll_posix.cc:593] FD from fork parent still in poll list: fd(19, generation: 1)
I0810 23:43:58.120637 4811690 ev_poll_posix.cc:593] FD from fork parent still in poll list: fd(22, generation: 1)
I0810 23:43:58.120643 4811690 ev_poll_posix.cc:593] FD from fork parent still in poll list: fd(19, generation: 1)
I0810 23:43:58.120650 4811690 ev_poll_posix.cc:593] FD from fork parent still in poll list: fd(22, generation: 1)
I0810 23:43:58.120657 4811690 ev_poll_posix.cc:593] FD from fork parent still in poll list: fd(19, generation: 1)
I0810 23:43:58.120664 4811690 ev_poll_posix.cc:593] FD from fork parent still in poll list: fd(22, generation: 1)
I0810 23:43:58.120670 4811690 ev_poll_posix.cc:593] FD from fork parent still in poll list: fd(19, generation: 1)
I0810 23:43:58.120678 4811690 ev_poll_posix.cc:593] FD from fork parent still in poll list: fd(22, generation: 1)
I0810 23:43:58.120684 4811690 ev_poll_posix.cc:593] FD from fork parent still in poll list: fd(19, generation: 1)
I0810 23:43:58.120693 4811690 ev_poll_posix.cc:593] FD from fork parent still in poll list: fd(22, generation: 1)
I0810 23:43:58.120702 4811690 ev_poll_posix.cc:593] FD from fork parent still in poll list: fd(19, generation: 1)
I0810 23:43:58.120712 4811690 ev_poll_posix.cc:593] FD from fork parent still in poll list: fd(22, generation: 1)
I0810 23:43:58.120721 4811690 ev_poll_posix.cc:593] FD from fork parent still in poll list: fd(19, generation: 1)
I0810 23:43:58.120731 4811690 ev_poll_posix.cc:593] FD from fork parent still in poll list: fd(22, generation: 1)
I0810 23:43:58.120740 4811690 ev_poll_posix.cc:593] FD from fork parent still in poll list: fd(19, generation: 1)
I0810 23:43:58.120750 4811690 ev_poll_posix.cc:593] FD from fork parent still in poll list: fd(22, generation: 1)
I0810 23:43:58.120759 4811690 ev_poll_posix.cc:593] FD from fork parent still in poll list: fd(19, generation: 1)
I0810 23:43:58.120769 4811690 ev_poll_posix.cc:593] FD from fork parent still in poll list: fd(22, generation: 1)
I0810 23:43:58.120778 4811690 ev_poll_posix.cc:593] FD from fork parent still in poll list: fd(19, generation: 1)
I0810 23:43:58.120793 4811690 ev_poll_posix.cc:593] FD from fork parent still in poll list: fd(22, generation: 1)
I0810 23:43:58.120805 4811690 ev_poll_posix.cc:593] FD from fork parent still in poll list: fd(19, generation: 1)
I0810 23:43:58.120815 4811690 ev_poll_posix.cc:593] FD from fork parent still in poll list: fd(22, generation: 1)
I0810 23:43:58.120824 4811690 ev_poll_posix.cc:593] FD from fork parent still in poll list: fd(19, generation: 1)
I0810 23:43:58.120834 4811690 ev_poll_posix.cc:593] FD from fork parent still in poll list: fd(22, generation: 1)
I0810 23:43:58.120843 4811690 ev_poll_posix.cc:593] FD from fork parent still in poll list: fd(19, generation: 1)
I0810 23:43:58.120853 4811690 ev_poll_posix.cc:593] FD from fork parent still in poll list: fd(22, generation: 1)
I0810 23:43:58.120862 4811690 ev_poll_posix.cc:593] FD from fork parent still in poll list: fd(19, generation: 1)
I0810 23:43:58.120872 4811690 ev_poll_posix.cc:593] FD from fork parent still in poll list: fd(22, generation: 1)
I0810 23:43:58.120888 4811690 ev_poll_posix.cc:593] FD from fork parent still in poll list: fd(19, generation: 1)
I0810 23:43:58.120899 4811690 ev_poll_posix.cc:593] FD from fork parent still in poll list: fd(22, generation: 1)
I0810 23:43:58.120908 4811690 ev_poll_posix.cc:593] FD from fork parent still in poll list: fd(19, generation: 1)
I0810 23:43:58.120918 4811690 ev_poll_posix.cc:593] FD from fork parent still in poll list: fd(22, generation: 1)
I0810 23:43:58.120927 4811690 ev_poll_posix.cc:593] FD from fork parent still in poll list: fd(19, generation: 1)
I0810 23:43:58.120937 4811690 ev_poll_posix.cc:593] FD from fork parent still in poll list: fd(22, generation: 1)
I0810 23:43:58.120946 4811690 ev_poll_posix.cc:593] FD from fork parent still in poll list: fd(19, generation: 1)
I0810 23:43:58.120956 4811690 ev_poll_posix.cc:593] FD from fork parent still in poll list: fd(22, generation: 1)
I0810 23:43:58.120965 4811690 ev_poll_posix.cc:593] FD from fork parent still in poll list: fd(19, generation: 1)
I0810 23:43:58.120975 4811690 ev_poll_posix.cc:593] FD from fork parent still in poll list: fd(22, generation: 1)
I0810 23:43:58.120984 4811690 ev_poll_posix.cc:593] FD from fork parent still in poll list: fd(19, generation: 1)
I0810 23:43:58.120995 4811690 ev_poll_posix.cc:593] FD from fork parent still in poll list: fd(22, generation: 1)
I0810 23:43:58.121010 4811690 ev_poll_posix.cc:593] FD from fork parent still in poll list: fd(19, generation: 1)
I0810 23:43:58.121021 4811690 ev_poll_posix.cc:593] FD from fork parent still in poll list: fd(22, generation: 1)
I0810 23:43:58.121030 4811690 ev_poll_posix.cc:593] FD from fork parent still in poll list: fd(19, generation: 1)
I0810 23:43:58.121040 4811690 ev_poll_posix.cc:593] FD from fork parent still in poll list: fd(22, generation: 1)
I0810 23:43:58.121049 4811690 ev_poll_posix.cc:593] FD from fork parent still in poll list: fd(19, generation: 1)
I0810 23:43:58.121059 4811690 ev_poll_posix.cc:593] FD from fork parent still in poll list: fd(22, generation: 1)
I0810 23:43:58.121068 4811690 ev_poll_posix.cc:593] FD from fork parent still in poll list: fd(19, generation: 1)
I0810 23:43:58.121078 4811690 ev_poll_posix.cc:593] FD from fork parent still in poll list: fd(22, generation: 1)
I0810 23:43:58.121087 4811690 ev_poll_posix.cc:593] FD from fork parent still in poll list: fd(19, generation: 1)
I0810 23:43:58.121097 4811690 ev_poll_posix.cc:593] FD from fork parent still in poll list: fd(22, generation: 1)
I0810 23:43:58.121106 4811690 ev_poll_posix.cc:593] FD from fork parent still in poll list: fd(19, generation: 1)
I0810 23:43:58.121116 4811690 ev_poll_posix.cc:593] FD from fork parent still in poll list: fd(22, generation: 1)
I0810 23:43:58.121125 4811690 ev_poll_posix.cc:593] FD from fork parent still in poll list: fd(19, generation: 1)
I0810 23:43:58.121136 4811690 ev_poll_posix.cc:593] FD from fork parent still in poll list: fd(22, generation: 1)
I0810 23:43:58.121146 4811690 ev_poll_posix.cc:593] FD from fork parent still in poll list: fd(19, generation: 1)
I0810 23:43:58.121156 4811690 ev_poll_posix.cc:593] FD from fork parent still in poll list: fd(22, generation: 1)
I0810 23:43:58.121166 4811690 ev_poll_posix.cc:593] FD from fork parent still in poll list: fd(19, generation: 1)
I0810 23:43:58.121177 4811690 ev_poll_posix.cc:593] FD from fork parent still in poll list: fd(22, generation: 1)
I0810 23:43:58.121189 4811690 ev_poll_posix.cc:593] FD from fork parent still in poll list: fd(19, generation: 1)
I0810 23:43:58.121200 4811690 ev_poll_posix.cc:593] FD from fork parent still in poll list: fd(22, generation: 1)
I0810 23:43:58.121210 4811690 ev_poll_posix.cc:593] FD from fork parent still in poll list: fd(19, generation: 1)
I0810 23:43:58.121220 4811690 ev_poll_posix.cc:593] FD from fork parent still in poll list: fd(22, generation: 1)
I0810 23:43:58.121229 4811690 ev_poll_posix.cc:593] FD from fork parent still in poll list: fd(19, generation: 1)
I0810 23:43:58.121239 4811690 ev_poll_posix.cc:593] FD from fork parent still in poll list: fd(22, generation: 1)
I0810 23:43:58.121248 4811690 ev_poll_posix.cc:593] FD from fork parent still in poll list: fd(19, generation: 1)
I0810 23:43:58.121259 4811690 ev_poll_posix.cc:593] FD from fork parent still in poll list: fd(22, generation: 1)
I0810 23:43:58.121267 4811690 ev_poll_posix.cc:593] FD from fork parent still in poll list: fd(19, generation: 1)
I0810 23:43:58.121277 4811690 ev_poll_posix.cc:593] FD from fork parent still in poll list: fd(22, generation: 1)
I0810 23:43:58.121287 4811690 ev_poll_posix.cc:593] FD from fork parent still in poll list: fd(19, generation: 1)
I0810 23:43:58.121297 4811690 ev_poll_posix.cc:593] FD from fork parent still in poll list: fd(22, generation: 1)
I0810 23:43:58.121306 4811690 ev_poll_posix.cc:593] FD from fork parent still in poll list: fd(19, generation: 1)
I0810 23:43:58.121316 4811690 ev_poll_posix.cc:593] FD from fork parent still in poll list: fd(22, generation: 1)
I0810 23:43:58.121325 4811690 ev_poll_posix.cc:593] FD from fork parent still in poll list: fd(19, generation: 1)
I0810 23:43:58.121335 4811690 ev_poll_posix.cc:593] FD from fork parent still in poll list: fd(22, generation: 1)
I0810 23:43:58.121344 4811690 ev_poll_posix.cc:593] FD from fork parent still in poll list: fd(19, generation: 1)
I0810 23:43:58.121354 4811690 ev_poll_posix.cc:593] FD from fork parent still in poll list: fd(22, generation: 1)
I0810 23:43:58.121363 4811690 ev_poll_posix.cc:593] FD from fork parent still in poll list: fd(19, generation: 1)
I0810 23:43:58.121373 4811690 ev_poll_posix.cc:593] FD from fork parent still in poll list: fd(22, generation: 1)
I0810 23:43:58.121382 4811690 ev_poll_posix.cc:593] FD from fork parent still in poll list: fd(19, generation: 1)
I0810 23:43:58.121392 4811690 ev_poll_posix.cc:593] FD from fork parent still in poll list: fd(22, generation: 1)
I0810 23:43:58.121401 4811690 ev_poll_posix.cc:593] FD from fork parent still in poll list: fd(19, generation: 1)
I0810 23:43:58.121411 4811690 ev_poll_posix.cc:593] FD from fork parent still in poll list: fd(22, generation: 1)
I0810 23:43:58.121420 4811690 ev_poll_posix.cc:593] FD from fork parent still in poll list: fd(19, generation: 1)
I0810 23:43:58.121430 4811690 ev_poll_posix.cc:593] FD from fork parent still in poll list: fd(22, generation: 1)
I0810 23:43:58.121440 4811690 ev_poll_posix.cc:593] FD from fork parent still in poll list: fd(19, generation: 1)
I0810 23:43:58.121450 4811690 ev_poll_posix.cc:593] FD from fork parent still in poll list: fd(22, generation: 1)
I0810 23:43:58.121459 4811690 ev_poll_posix.cc:593] FD from fork parent still in poll list: fd(19, generation: 1)
I0810 23:43:58.121474 4811690 ev_poll_posix.cc:593] FD from fork parent still in poll list: fd(22, generation: 1)
I0810 23:43:58.121485 4811690 ev_poll_posix.cc:593] FD from fork parent still in poll list: fd(19, generation: 1)
I0810 23:43:58.122282 4811690 ev_poll_posix.cc:593] FD from fork parent still in poll list: fd(22, generation: 1)
I0810 23:43:58.122329 4811690 ev_poll_posix.cc:593] FD from fork parent still in poll list: fd(19, generation: 1)
I0810 23:43:58.122344 4811690 ev_poll_posix.cc:593] FD from fork parent still in poll list: fd(22, generation: 1)
I0810 23:43:58.122355 4811690 ev_poll_posix.cc:593] FD from fork parent still in poll list: fd(19, generation: 1)
I0810 23:43:58.122367 4811690 ev_poll_posix.cc:593] FD from fork parent still in poll list: fd(22, generation: 1)
I0810 23:43:58.122377 4811690 ev_poll_posix.cc:593] FD from fork parent still in poll list: fd(19, generation: 1)
I0810 23:43:58.122388 4811690 ev_poll_posix.cc:593] FD from fork parent still in poll list: fd(22, generation: 1)
I0810 23:43:58.122397 4811690 ev_poll_posix.cc:593] FD from fork parent still in poll list: fd(19, generation: 1)
I0810 23:43:58.122408 4811690 ev_poll_posix.cc:593] FD from fork parent still in poll list: fd(22, generation: 1)
I0810 23:43:58.122417 4811690 ev_poll_posix.cc:593] FD from fork parent still in poll list: fd(19, generation: 1)
I0810 23:43:58.122428 4811690 ev_poll_posix.cc:593] FD from fork parent still in poll list: fd(22, generation: 1)
I0810 23:43:58.122438 4811690 ev_poll_posix.cc:593] FD from fork parent still in poll list: fd(19, generation: 1)
I0810 23:43:58.122448 4811690 ev_poll_posix.cc:593] FD from fork parent still in poll list: fd(22, generation: 1)
I0810 23:43:58.122457 4811690 ev_poll_posix.cc:593] FD from fork parent still in poll list: fd(19, generation: 1)
I0810 23:43:58.122468 4811690 ev_poll_posix.cc:593] FD from fork parent still in poll list: fd(22, generation: 1)
I0810 23:43:58.122477 4811690 ev_poll_posix.cc:593] FD from fork parent still in poll list: fd(19, generation: 1)
I0810 23:43:58.122487 4811690 ev_poll_posix.cc:593] FD from fork parent still in poll list: fd(22, generation: 1)
I0810 23:43:58.122497 4811690 ev_poll_posix.cc:593] FD from fork parent still in poll list: fd(19, generation: 1)
I0810 23:43:58.122713 4811690 ev_poll_posix.cc:593] FD from fork parent still in poll list: fd(22, generation: 1)
I0810 23:43:58.123174 4811690 ev_poll_posix.cc:593] FD from fork parent still in poll list: fd(19, generation: 1)
I0810 23:43:58.123208 4811690 ev_poll_posix.cc:593] FD from fork parent still in poll list: fd(22, generation: 1)
I0810 23:43:58.123224 4811690 ev_poll_posix.cc:593] FD from fork parent still in poll list: fd(19, generation: 1)
I0810 23:43:58.123236 4811690 ev_poll_posix.cc:593] FD from fork parent still in poll list: fd(22, generation: 1)
I0810 23:43:58.123247 4811690 ev_poll_posix.cc:593] FD from fork parent still in poll list: fd(19, generation: 1)
I0810 23:43:58.123259 4811690 ev_poll_posix.cc:593] FD from fork parent still in poll list: fd(22, generation: 1)
I0810 23:43:58.123269 4811690 ev_poll_posix.cc:593] FD from fork parent still in poll list: fd(19, generation: 1)
I0810 23:43:58.123280 4811690 ev_poll_posix.cc:593] FD from fork parent still in poll list: fd(22, generation: 1)
I0810 23:43:58.123289 4811690 ev_poll_posix.cc:593] FD from fork parent still in poll list: fd(19, generation: 1)
I0810 23:43:58.123300 4811690 ev_poll_posix.cc:593] FD from fork parent still in poll list: fd(22, generation: 1)
I0810 23:43:58.123309 4811690 ev_poll_posix.cc:593] FD from fork parent still in poll list: fd(19, generation: 1)
I0810 23:43:58.123320 4811690 ev_poll_posix.cc:593] FD from fork parent still in poll list: fd(22, generation: 1)
I0810 23:43:58.123329 4811690 ev_poll_posix.cc:593] FD from fork parent still in poll list: fd(19, generation: 1)
I0810 23:43:58.123340 4811690 ev_poll_posix.cc:593] FD from fork parent still in poll list: fd(22, generation: 1)
I0810 23:43:58.123349 4811690 ev_poll_posix.cc:593] FD from fork parent still in poll list: fd(19, generation: 1)
I0810 23:43:58.123360 4811690 ev_poll_posix.cc:593] FD from fork parent still in poll list: fd(22, generation: 1)
I0810 23:43:58.123369 4811690 ev_poll_posix.cc:593] FD from fork parent still in poll list: fd(19, generation: 1)
I0810 23:43:58.123379 4811690 ev_poll_posix.cc:593] FD from fork parent still in poll list: fd(22, generation: 1)
I0810 23:43:58.123388 4811690 ev_poll_posix.cc:593] FD from fork parent still in poll list: fd(19, generation: 1)
I0810 23:43:58.123399 4811690 ev_poll_posix.cc:593] FD from fork parent still in poll list: fd(22, generation: 1)
I0810 23:43:58.123408 4811690 ev_poll_posix.cc:593] FD from fork parent still in poll list: fd(19, generation: 1)
I0810 23:43:58.123418 4811690 ev_poll_posix.cc:593] FD from fork parent still in poll list: fd(22, generation: 1)
I0810 23:43:58.123427 4811690 ev_poll_posix.cc:593] FD from fork parent still in poll list: fd(19, generation: 1)
I0810 23:43:58.123437 4811690 ev_poll_posix.cc:593] FD from fork parent still in poll list: fd(22, generation: 1)
I0810 23:43:58.123446 4811690 ev_poll_posix.cc:593] FD from fork parent still in poll list: fd(19, generation: 1)
I0810 23:43:58.123457 4811690 ev_poll_posix.cc:593] FD from fork parent still in poll list: fd(22, generation: 1)
I0810 23:43:58.123466 4811690 ev_poll_posix.cc:593] FD from fork parent still in poll list: fd(19, generation: 1)
I0810 23:43:58.123476 4811690 ev_poll_posix.cc:593] FD from fork parent still in poll list: fd(22, generation: 1)
I0810 23:43:58.123485 4811690 ev_poll_posix.cc:593] FD from fork parent still in poll list: fd(19, generation: 1)
I0810 23:43:58.123495 4811690 ev_poll_posix.cc:593] FD from fork parent still in poll list: fd(22, generation: 1)
I0810 23:43:58.123504 4811690 ev_poll_posix.cc:593] FD from fork parent still in poll list: fd(19, generation: 1)
I0810 23:43:58.123542 4811690 ev_poll_posix.cc:593] FD from fork parent still in poll list: fd(22, generation: 1)
I0810 23:43:58.123576 4811690 ev_poll_posix.cc:593] FD from fork parent still in poll list: fd(19, generation: 1)
I0810 23:43:58.123590 4811690 ev_poll_posix.cc:593] FD from fork parent still in poll list: fd(22, generation: 1)
I0810 23:43:58.123601 4811690 ev_poll_posix.cc:593] FD from fork parent still in poll list: fd(19, generation: 1)
I0810 23:43:58.123613 4811690 ev_poll_posix.cc:593] FD from fork parent still in poll list: fd(22, generation: 1)
I0810 23:43:58.123622 4811690 ev_poll_posix.cc:593] FD from fork parent still in poll list: fd(19, generation: 1)
I0810 23:43:58.123633 4811690 ev_poll_posix.cc:593] FD from fork parent still in poll list: fd(22, generation: 1)
I0810 23:43:58.123643 4811690 ev_poll_posix.cc:593] FD from fork parent still in poll list: fd(19, generation: 1)
I0810 23:43:58.123653 4811690 ev_poll_posix.cc:593] FD from fork parent still in poll list: fd(22, generation: 1)
I0810 23:43:58.123662 4811690 ev_poll_posix.cc:593] FD from fork parent still in poll list: fd(19, generation: 1)
I0810 23:43:58.123673 4811690 ev_poll_posix.cc:593] FD from fork parent still in poll list: fd(22, generation: 1)
I0810 23:43:58.123682 4811690 ev_poll_posix.cc:593] FD from fork parent still in poll list: fd(19, generation: 1)
I0810 23:43:58.123692 4811690 ev_poll_posix.cc:593] FD from fork parent still in poll list: fd(22, generation: 1)
I0810 23:43:58.123701 4811690 ev_poll_posix.cc:593] FD from fork parent still in poll list: fd(19, generation: 1)
I0810 23:43:58.123712 4811690 ev_poll_posix.cc:593] FD from fork parent still in poll list: fd(22, generation: 1)
I0810 23:43:58.123721 4811690 ev_poll_posix.cc:593] FD from fork parent still in poll list: fd(19, generation: 1)
I0810 23:43:58.123731 4811690 ev_poll_posix.cc:593] FD from fork parent still in poll list: fd(22, generation: 1)
I0810 23:43:58.123740 4811690 ev_poll_posix.cc:593] FD from fork parent still in poll list: fd(19, generation: 1)
I0810 23:43:58.123750 4811690 ev_poll_posix.cc:593] FD from fork parent still in poll list: fd(22, generation: 1)
I0810 23:43:58.123760 4811690 ev_poll_posix.cc:593] FD from fork parent still in poll list: fd(19, generation: 1)
I0810 23:43:58.123770 4811690 ev_poll_posix.cc:593] FD from fork parent still in poll list: fd(22, generation: 1)
I0810 23:43:58.123779 4811690 ev_poll_posix.cc:593] FD from fork parent still in poll list: fd(19, generation: 1)
I0810 23:43:58.123790 4811690 ev_poll_posix.cc:593] FD from fork parent still in poll list: fd(22, generation: 1)
I0810 23:43:58.123800 4811690 ev_poll_posix.cc:593] FD from fork parent still in poll list: fd(19, generation: 1)
I0810 23:43:58.123810 4811690 ev_poll_posix.cc:593] FD from fork parent still in poll list: fd(22, generation: 1)
I0810 23:43:58.123819 4811690 ev_poll_posix.cc:593] FD from fork parent still in poll list: fd(19, generation: 1)
I0810 23:43:58.123829 4811690 ev_poll_posix.cc:593] FD from fork parent still in poll list: fd(22, generation: 1)
I0810 23:43:58.123838 4811690 ev_poll_posix.cc:593] FD from fork parent still in poll list: fd(19, generation: 1)
I0810 23:43:58.123849 4811690 ev_poll_posix.cc:593] FD from fork parent still in poll list: fd(22, generation: 1)
I0810 23:43:58.123858 4811690 ev_poll_posix.cc:593] FD from fork parent still in poll list: fd(19, generation: 1)
I0810 23:43:58.123868 4811690 ev_poll_posix.cc:593] FD from fork parent still in poll list: fd(22, generation: 1)
I0810 23:43:58.123877 4811690 ev_poll_posix.cc:593] FD from fork parent still in poll list: fd(19, generation: 1)
I0810 23:43:58.123887 4811690 ev_poll_posix.cc:593] FD from fork parent still in poll list: fd(22, generation: 1)
I0810 23:43:58.123896 4811690 ev_poll_posix.cc:593] FD from fork parent still in poll list: fd(19, generation: 1)
I0810 23:43:58.123906 4811690 ev_poll_posix.cc:593] FD from fork parent still in poll list: fd(22, generation: 1)
I0810 23:43:58.123915 4811690 ev_poll_posix.cc:593] FD from fork parent still in poll list: fd(19, generation: 1)
I0810 23:43:58.123925 4811690 ev_poll_posix.cc:593] FD from fork parent still in poll list: fd(22, generation: 1)
I0810 23:43:58.123935 4811690 ev_poll_posix.cc:593] FD from fork parent still in poll list: fd(19, generation: 1)
I0810 23:43:58.123945 4811690 ev_poll_posix.cc:593] FD from fork parent still in poll list: fd(22, generation: 1)
I0810 23:43:58.123954 4811690 ev_poll_posix.cc:593] FD from fork parent still in poll list: fd(19, generation: 1)
I0810 23:43:58.123964 4811690 ev_poll_posix.cc:593] FD from fork parent still in poll list: fd(22, generation: 1)
I0810 23:43:58.123973 4811690 ev_poll_posix.cc:593] FD from fork parent still in poll list: fd(19, generation: 1)
I0810 23:43:58.123983 4811690 ev_poll_posix.cc:593] FD from fork parent still in poll list: fd(22, generation: 1)
I0810 23:43:58.123992 4811690 ev_poll_posix.cc:593] FD from fork parent still in poll list: fd(19, generation: 1)
I0810 23:43:58.124002 4811690 ev_poll_posix.cc:593] FD from fork parent still in poll list: fd(22, generation: 1)
I0810 23:43:58.124011 4811690 ev_poll_posix.cc:593] FD from fork parent still in poll list: fd(19, generation: 1)
I0810 23:43:58.124021 4811690 ev_poll_posix.cc:593] FD from fork parent still in poll list: fd(22, generation: 1)
I0810 23:43:58.124030 4811690 ev_poll_posix.cc:593] FD from fork parent still in poll list: fd(19, generation: 1)
I0810 23:43:58.124040 4811690 ev_poll_posix.cc:593] FD from fork parent still in poll list: fd(22, generation: 1)
I0810 23:43:58.124049 4811690 ev_poll_posix.cc:593] FD from fork parent still in poll list: fd(19, generation: 1)
I0810 23:43:58.124060 4811690 ev_poll_posix.cc:593] FD from fork parent still in poll list: fd(22, generation: 1)
I0810 23:43:58.124069 4811690 ev_poll_posix.cc:593] FD from fork parent still in poll list: fd(19, generation: 1)
I0810 23:43:58.124079 4811690 ev_poll_posix.cc:593] FD from fork parent still in poll list: fd(22, generation: 1)
I0810 23:43:58.124088 4811690 ev_poll_posix.cc:593] FD from fork parent still in poll list: fd(19, generation: 1)
I0810 23:43:58.124098 4811690 ev_poll_posix.cc:593] FD from fork parent still in poll list: fd(22, generation: 1)
I0810 23:43:58.124108 4811690 ev_poll_posix.cc:593] FD from fork parent still in poll list: fd(19, generation: 1)
I0810 23:43:58.124118 4811690 ev_poll_posix.cc:593] FD from fork parent still in poll list: fd(22, generation: 1)
I0810 23:44:03.449073 4798456 fork_posix.cc:71] Other threads are currently calling into gRPC, skipping fork() handlers
I0810 23:44:03.462949 4811926 ev_poll_posix.cc:593] FD from fork parent still in poll list: fd(22, generation: 1)
I0810 23:44:03.463087 4811926 ev_poll_posix.cc:593] FD from fork parent still in poll list: fd(19, generation: 1)
I0810 23:44:03.463112 4811926 ev_poll_posix.cc:593] FD from fork parent still in poll list: fd(22, generation: 1)
I0810 23:44:03.463124 4811926 ev_poll_posix.cc:593] FD from fork parent still in poll list: fd(19, generation: 1)
I0810 23:44:03.463134 4811926 ev_poll_posix.cc:593] FD from fork parent still in poll list: fd(22, generation: 1)
I0810 23:44:03.463148 4811926 ev_poll_posix.cc:593] FD from fork parent still in poll list: fd(19, generation: 1)
I0810 23:44:03.463158 4811926 ev_poll_posix.cc:593] FD from fork parent still in poll list: fd(22, generation: 1)
I0810 23:44:03.463205 4811926 ev_poll_posix.cc:593] FD from fork parent still in poll list: fd(19, generation: 1)
I0810 23:44:03.463228 4811926 ev_poll_posix.cc:593] FD from fork parent still in poll list: fd(22, generation: 1)
I0810 23:44:03.463240 4811926 ev_poll_posix.cc:593] FD from fork parent still in poll list: fd(19, generation: 1)
I0810 23:44:03.463252 4811926 ev_poll_posix.cc:593] FD from fork parent still in poll list: fd(22, generation: 1)
I0810 23:44:03.463262 4811926 ev_poll_posix.cc:593] FD from fork parent still in poll list: fd(19, generation: 1)
I0810 23:44:03.463278 4811926 ev_poll_posix.cc:593] FD from fork parent still in poll list: fd(22, generation: 1)
I0810 23:44:03.463289 4811926 ev_poll_posix.cc:593] FD from fork parent still in poll list: fd(19, generation: 1)
I0810 23:44:03.463298 4811926 ev_poll_posix.cc:593] FD from fork parent still in poll list: fd(22, generation: 1)
I0810 23:44:03.463306 4811926 ev_poll_posix.cc:593] FD from fork parent still in poll list: fd(19, generation: 1)
I0810 23:44:03.463314 4811926 ev_poll_posix.cc:593] FD from fork parent still in poll list: fd(22, generation: 1)
I0810 23:44:03.463321 4811926 ev_poll_posix.cc:593] FD from fork parent still in poll list: fd(19, generation: 1)
I0810 23:44:03.463330 4811926 ev_poll_posix.cc:593] FD from fork parent still in poll list: fd(22, generation: 1)
I0810 23:44:03.463341 4811926 ev_poll_posix.cc:593] FD from fork parent still in poll list: fd(19, generation: 1)
I0810 23:44:03.463349 4811926 ev_poll_posix.cc:593] FD from fork parent still in poll list: fd(22, generation: 1)
I0810 23:44:03.463356 4811926 ev_poll_posix.cc:593] FD from fork parent still in poll list: fd(19, generation: 1)
I0810 23:44:03.463364 4811926 ev_poll_posix.cc:593] FD from fork parent still in poll list: fd(22, generation: 1)
I0810 23:44:03.463379 4811926 ev_poll_posix.cc:593] FD from fork parent still in poll list: fd(19, generation: 1)
I0810 23:44:03.463389 4811926 ev_poll_posix.cc:593] FD from fork parent still in poll list: fd(22, generation: 1)
I0810 23:44:03.463402 4811926 ev_poll_posix.cc:593] FD from fork parent still in poll list: fd(19, generation: 1)
I0810 23:44:03.463412 4811926 ev_poll_posix.cc:593] FD from fork parent still in poll list: fd(22, generation: 1)
I0810 23:44:03.463419 4811926 ev_poll_posix.cc:593] FD from fork parent still in poll list: fd(19, generation: 1)
I0810 23:44:03.463428 4811926 ev_poll_posix.cc:593] FD from fork parent still in poll list: fd(22, generation: 1)
I0810 23:44:03.463435 4811926 ev_poll_posix.cc:593] FD from fork parent still in poll list: fd(19, generation: 1)
I0810 23:44:03.463443 4811926 ev_poll_posix.cc:593] FD from fork parent still in poll list: fd(22, generation: 1)
I0810 23:44:03.463450 4811926 ev_poll_posix.cc:593] FD from fork parent still in poll list: fd(19, generation: 1)
I0810 23:44:03.463458 4811926 ev_poll_posix.cc:593] FD from fork parent still in poll list: fd(22, generation: 1)
I0810 23:44:03.463464 4811926 ev_poll_posix.cc:593] FD from fork parent still in poll list: fd(19, generation: 1)
I0810 23:44:03.463477 4811926 ev_poll_posix.cc:593] FD from fork parent still in poll list: fd(22, generation: 1)
I0810 23:44:03.463485 4811926 ev_poll_posix.cc:593] FD from fork parent still in poll list: fd(19, generation: 1)
I0810 23:44:03.463493 4811926 ev_poll_posix.cc:593] FD from fork parent still in poll list: fd(22, generation: 1)
I0810 23:44:03.463501 4811926 ev_poll_posix.cc:593] FD from fork parent still in poll list: fd(19, generation: 1)
I0810 23:44:03.463511 4811926 ev_poll_posix.cc:593] FD from fork parent still in poll list: fd(22, generation: 1)
I0810 23:44:03.463518 4811926 ev_poll_posix.cc:593] FD from fork parent still in poll list: fd(19, generation: 1)
I0810 23:44:03.463530 4811926 ev_poll_posix.cc:593] FD from fork parent still in poll list: fd(22, generation: 1)
I0810 23:44:03.463554 4811926 ev_poll_posix.cc:593] FD from fork parent still in poll list: fd(19, generation: 1)
I0810 23:44:03.463560 4811926 ev_poll_posix.cc:593] FD from fork parent still in poll list: fd(22, generation: 1)
I0810 23:44:03.463566 4811926 ev_poll_posix.cc:593] FD from fork parent still in poll list: fd(19, generation: 1)
I0810 23:44:03.463574 4811926 ev_poll_posix.cc:593] FD from fork parent still in poll list: fd(22, generation: 1)
I0810 23:44:03.463580 4811926 ev_poll_posix.cc:593] FD from fork parent still in poll list: fd(19, generation: 1)
I0810 23:44:03.463587 4811926 ev_poll_posix.cc:593] FD from fork parent still in poll list: fd(22, generation: 1)
I0810 23:44:03.463592 4811926 ev_poll_posix.cc:593] FD from fork parent still in poll list: fd(19, generation: 1)
I0810 23:44:03.463598 4811926 ev_poll_posix.cc:593] FD from fork parent still in poll list: fd(22, generation: 1)
I0810 23:44:03.463604 4811926 ev_poll_posix.cc:593] FD from fork parent still in poll list: fd(19, generation: 1)
I0810 23:44:03.463609 4811926 ev_poll_posix.cc:593] FD from fork parent still in poll list: fd(22, generation: 1)
I0810 23:44:03.463614 4811926 ev_poll_posix.cc:593] FD from fork parent still in poll list: fd(19, generation: 1)
I0810 23:44:03.463621 4811926 ev_poll_posix.cc:593] FD from fork parent still in poll list: fd(22, generation: 1)
I0810 23:44:03.463627 4811926 ev_poll_posix.cc:593] FD from fork parent still in poll list: fd(19, generation: 1)
I0810 23:44:03.463633 4811926 ev_poll_posix.cc:593] FD from fork parent still in poll list: fd(22, generation: 1)
I0810 23:44:03.463639 4811926 ev_poll_posix.cc:593] FD from fork parent still in poll list: fd(19, generation: 1)
I0810 23:44:03.463644 4811926 ev_poll_posix.cc:593] FD from fork parent still in poll list: fd(22, generation: 1)
I0810 23:44:03.463650 4811926 ev_poll_posix.cc:593] FD from fork parent still in poll list: fd(19, generation: 1)
I0810 23:44:03.463658 4811926 ev_poll_posix.cc:593] FD from fork parent still in poll list: fd(22, generation: 1)
I0810 23:44:03.463687 4811926 ev_poll_posix.cc:593] FD from fork parent still in poll list: fd(19, generation: 1)
I0810 23:44:03.463706 4811926 ev_poll_posix.cc:593] FD from fork parent still in poll list: fd(22, generation: 1)
I0810 23:44:03.463716 4811926 ev_poll_posix.cc:593] FD from fork parent still in poll list: fd(19, generation: 1)
I0810 23:44:03.463726 4811926 ev_poll_posix.cc:593] FD from fork parent still in poll list: fd(22, generation: 1)
I0810 23:44:03.463734 4811926 ev_poll_posix.cc:593] FD from fork parent still in poll list: fd(19, generation: 1)
I0810 23:44:03.463741 4811926 ev_poll_posix.cc:593] FD from fork parent still in poll list: fd(22, generation: 1)
I0810 23:44:03.463747 4811926 ev_poll_posix.cc:593] FD from fork parent still in poll list: fd(19, generation: 1)
I0810 23:44:03.463753 4811926 ev_poll_posix.cc:593] FD from fork parent still in poll list: fd(22, generation: 1)
I0810 23:44:03.463759 4811926 ev_poll_posix.cc:593] FD from fork parent still in poll list: fd(19, generation: 1)
I0810 23:44:03.463765 4811926 ev_poll_posix.cc:593] FD from fork parent still in poll list: fd(22, generation: 1)
I0810 23:44:03.463770 4811926 ev_poll_posix.cc:593] FD from fork parent still in poll list: fd(19, generation: 1)
I0810 23:44:03.463778 4811926 ev_poll_posix.cc:593] FD from fork parent still in poll list: fd(22, generation: 1)
I0810 23:44:03.463783 4811926 ev_poll_posix.cc:593] FD from fork parent still in poll list: fd(19, generation: 1)
I0810 23:44:03.463789 4811926 ev_poll_posix.cc:593] FD from fork parent still in poll list: fd(22, generation: 1)
I0810 23:44:03.463796 4811926 ev_poll_posix.cc:593] FD from fork parent still in poll list: fd(19, generation: 1)
I0810 23:44:03.463803 4811926 ev_poll_posix.cc:593] FD from fork parent still in poll list: fd(22, generation: 1)
I0810 23:44:03.463808 4811926 ev_poll_posix.cc:593] FD from fork parent still in poll list: fd(19, generation: 1)
I0810 23:44:03.463814 4811926 ev_poll_posix.cc:593] FD from fork parent still in poll list: fd(22, generation: 1)
I0810 23:44:03.463820 4811926 ev_poll_posix.cc:593] FD from fork parent still in poll list: fd(19, generation: 1)
I0810 23:44:03.463829 4811926 ev_poll_posix.cc:593] FD from fork parent still in poll list: fd(22, generation: 1)
I0810 23:44:03.463836 4811926 ev_poll_posix.cc:593] FD from fork parent still in poll list: fd(19, generation: 1)
I0810 23:44:03.463842 4811926 ev_poll_posix.cc:593] FD from fork parent still in poll list: fd(22, generation: 1)
I0810 23:44:03.463849 4811926 ev_poll_posix.cc:593] FD from fork parent still in poll list: fd(19, generation: 1)
I0810 23:44:03.463858 4811926 ev_poll_posix.cc:593] FD from fork parent still in poll list: fd(22, generation: 1)
I0810 23:44:03.463865 4811926 ev_poll_posix.cc:593] FD from fork parent still in poll list: fd(19, generation: 1)
I0810 23:44:03.463875 4811926 ev_poll_posix.cc:593] FD from fork parent still in poll list: fd(22, generation: 1)
I0810 23:44:03.463881 4811926 ev_poll_posix.cc:593] FD from fork parent still in poll list: fd(19, generation: 1)
I0810 23:44:03.463889 4811926 ev_poll_posix.cc:593] FD from fork parent still in poll list: fd(22, generation: 1)
I0810 23:44:03.463894 4811926 ev_poll_posix.cc:593] FD from fork parent still in poll list: fd(19, generation: 1)
I0810 23:44:03.463903 4811926 ev_poll_posix.cc:593] FD from fork parent still in poll list: fd(22, generation: 1)
I0810 23:44:03.463908 4811926 ev_poll_posix.cc:593] FD from fork parent still in poll list: fd(19, generation: 1)
I0810 23:44:03.463915 4811926 ev_poll_posix.cc:593] FD from fork parent still in poll list: fd(22, generation: 1)
I0810 23:44:03.463920 4811926 ev_poll_posix.cc:593] FD from fork parent still in poll list: fd(19, generation: 1)
I0810 23:44:03.463926 4811926 ev_poll_posix.cc:593] FD from fork parent still in poll list: fd(22, generation: 1)
I0810 23:44:03.463931 4811926 ev_poll_posix.cc:593] FD from fork parent still in poll list: fd(19, generation: 1)
I0810 23:44:03.463939 4811926 ev_poll_posix.cc:593] FD from fork parent still in poll list: fd(22, generation: 1)
I0810 23:44:03.463944 4811926 ev_poll_posix.cc:593] FD from fork parent still in poll list: fd(19, generation: 1)
I0810 23:44:03.463952 4811926 ev_poll_posix.cc:593] FD from fork parent still in poll list: fd(22, generation: 1)
I0810 23:44:03.463959 4811926 ev_poll_posix.cc:593] FD from fork parent still in poll list: fd(19, generation: 1)
I0810 23:44:03.463967 4811926 ev_poll_posix.cc:593] FD from fork parent still in poll list: fd(22, generation: 1)
I0810 23:44:03.463972 4811926 ev_poll_posix.cc:593] FD from fork parent still in poll list: fd(19, generation: 1)
I0810 23:44:03.463980 4811926 ev_poll_posix.cc:593] FD from fork parent still in poll list: fd(22, generation: 1)
I0810 23:44:03.463986 4811926 ev_poll_posix.cc:593] FD from fork parent still in poll list: fd(19, generation: 1)
I0810 23:44:03.463994 4811926 ev_poll_posix.cc:593] FD from fork parent still in poll list: fd(22, generation: 1)
I0810 23:44:03.464000 4811926 ev_poll_posix.cc:593] FD from fork parent still in poll list: fd(19, generation: 1)
I0810 23:44:03.464008 4811926 ev_poll_posix.cc:593] FD from fork parent still in poll list: fd(22, generation: 1)
I0810 23:44:03.464014 4811926 ev_poll_posix.cc:593] FD from fork parent still in poll list: fd(19, generation: 1)
I0810 23:44:03.464020 4811926 ev_poll_posix.cc:593] FD from fork parent still in poll list: fd(22, generation: 1)
I0810 23:44:03.464025 4811926 ev_poll_posix.cc:593] FD from fork parent still in poll list: fd(19, generation: 1)
I0810 23:44:03.464033 4811926 ev_poll_posix.cc:593] FD from fork parent still in poll list: fd(22, generation: 1)
I0810 23:44:03.464038 4811926 ev_poll_posix.cc:593] FD from fork parent still in poll list: fd(19, generation: 1)
I0810 23:44:03.464046 4811926 ev_poll_posix.cc:593] FD from fork parent still in poll list: fd(22, generation: 1)
I0810 23:44:03.464051 4811926 ev_poll_posix.cc:593] FD from fork parent still in poll list: fd(19, generation: 1)
I0810 23:44:03.464058 4811926 ev_poll_posix.cc:593] FD from fork parent still in poll list: fd(22, generation: 1)
I0810 23:44:03.464063 4811926 ev_poll_posix.cc:593] FD from fork parent still in poll list: fd(19, generation: 1)
I0810 23:44:03.464070 4811926 ev_poll_posix.cc:593] FD from fork parent still in poll list: fd(22, generation: 1)
I0810 23:44:03.464076 4811926 ev_poll_posix.cc:593] FD from fork parent still in poll list: fd(19, generation: 1)
I0810 23:44:03.464084 4811926 ev_poll_posix.cc:593] FD from fork parent still in poll list: fd(22, generation: 1)
I0810 23:44:03.464089 4811926 ev_poll_posix.cc:593] FD from fork parent still in poll list: fd(19, generation: 1)
I0810 23:44:03.464095 4811926 ev_poll_posix.cc:593] FD from fork parent still in poll list: fd(22, generation: 1)
I0810 23:44:03.464132 4811926 ev_poll_posix.cc:593] FD from fork parent still in poll list: fd(19, generation: 1)
I0810 23:44:03.464147 4811926 ev_poll_posix.cc:593] FD from fork parent still in poll list: fd(22, generation: 1)
I0810 23:44:03.464154 4811926 ev_poll_posix.cc:593] FD from fork parent still in poll list: fd(19, generation: 1)
I0810 23:44:03.464161 4811926 ev_poll_posix.cc:593] FD from fork parent still in poll list: fd(22, generation: 1)
I0810 23:44:03.464166 4811926 ev_poll_posix.cc:593] FD from fork parent still in poll list: fd(19, generation: 1)
I0810 23:44:03.464173 4811926 ev_poll_posix.cc:593] FD from fork parent still in poll list: fd(22, generation: 1)
I0810 23:44:03.464178 4811926 ev_poll_posix.cc:593] FD from fork parent still in poll list: fd(19, generation: 1)
I0810 23:44:03.464184 4811926 ev_poll_posix.cc:593] FD from fork parent still in poll list: fd(22, generation: 1)
I0810 23:44:03.464192 4811926 ev_poll_posix.cc:593] FD from fork parent still in poll list: fd(19, generation: 1)
I0810 23:44:03.464198 4811926 ev_poll_posix.cc:593] FD from fork parent still in poll list: fd(22, generation: 1)
I0810 23:44:03.464203 4811926 ev_poll_posix.cc:593] FD from fork parent still in poll list: fd(19, generation: 1)
I0810 23:44:03.464210 4811926 ev_poll_posix.cc:593] FD from fork parent still in poll list: fd(22, generation: 1)
I0810 23:44:03.464215 4811926 ev_poll_posix.cc:593] FD from fork parent still in poll list: fd(19, generation: 1)
I0810 23:44:03.464226 4811926 ev_poll_posix.cc:593] FD from fork parent still in poll list: fd(22, generation: 1)
I0810 23:44:03.464232 4811926 ev_poll_posix.cc:593] FD from fork parent still in poll list: fd(19, generation: 1)
I0810 23:44:03.464240 4811926 ev_poll_posix.cc:593] FD from fork parent still in poll list: fd(22, generation: 1)
I0810 23:44:03.464246 4811926 ev_poll_posix.cc:593] FD from fork parent still in poll list: fd(19, generation: 1)
I0810 23:44:03.464252 4811926 ev_poll_posix.cc:593] FD from fork parent still in poll list: fd(22, generation: 1)
I0810 23:44:03.464258 4811926 ev_poll_posix.cc:593] FD from fork parent still in poll list: fd(19, generation: 1)
I0810 23:44:03.464263 4811926 ev_poll_posix.cc:593] FD from fork parent still in poll list: fd(22, generation: 1)
I0810 23:44:03.464268 4811926 ev_poll_posix.cc:593] FD from fork parent still in poll list: fd(19, generation: 1)
I0810 23:44:03.464274 4811926 ev_poll_posix.cc:593] FD from fork parent still in poll list: fd(22, generation: 1)
I0810 23:44:03.464279 4811926 ev_poll_posix.cc:593] FD from fork parent still in poll list: fd(19, generation: 1)
I0810 23:44:03.464285 4811926 ev_poll_posix.cc:593] FD from fork parent still in poll list: fd(22, generation: 1)
I0810 23:44:03.464290 4811926 ev_poll_posix.cc:593] FD from fork parent still in poll list: fd(19, generation: 1)
I0810 23:44:03.464295 4811926 ev_poll_posix.cc:593] FD from fork parent still in poll list: fd(22, generation: 1)
I0810 23:44:03.464301 4811926 ev_poll_posix.cc:593] FD from fork parent still in poll list: fd(19, generation: 1)
I0810 23:44:03.464309 4811926 ev_poll_posix.cc:593] FD from fork parent still in poll list: fd(22, generation: 1)
I0810 23:44:03.464317 4811926 ev_poll_posix.cc:593] FD from fork parent still in poll list: fd(19, generation: 1)
I0810 23:44:03.464323 4811926 ev_poll_posix.cc:593] FD from fork parent still in poll list: fd(22, generation: 1)
I0810 23:44:03.464332 4811926 ev_poll_posix.cc:593] FD from fork parent still in poll list: fd(19, generation: 1)
I0810 23:44:03.464338 4811926 ev_poll_posix.cc:593] FD from fork parent still in poll list: fd(22, generation: 1)
I0810 23:44:03.464344 4811926 ev_poll_posix.cc:593] FD from fork parent still in poll list: fd(19, generation: 1)
I0810 23:44:03.464350 4811926 ev_poll_posix.cc:593] FD from fork parent still in poll list: fd(22, generation: 1)
I0810 23:44:03.464357 4811926 ev_poll_posix.cc:593] FD from fork parent still in poll list: fd(19, generation: 1)
I0810 23:44:03.464364 4811926 ev_poll_posix.cc:593] FD from fork parent still in poll list: fd(22, generation: 1)
I0810 23:44:03.464369 4811926 ev_poll_posix.cc:593] FD from fork parent still in poll list: fd(19, generation: 1)
I0810 23:44:03.464376 4811926 ev_poll_posix.cc:593] FD from fork parent still in poll list: fd(22, generation: 1)
I0810 23:44:03.464383 4811926 ev_poll_posix.cc:593] FD from fork parent still in poll list: fd(19, generation: 1)
I0810 23:44:03.464390 4811926 ev_poll_posix.cc:593] FD from fork parent still in poll list: fd(22, generation: 1)
I0810 23:44:03.464395 4811926 ev_poll_posix.cc:593] FD from fork parent still in poll list: fd(19, generation: 1)
I0810 23:44:03.464401 4811926 ev_poll_posix.cc:593] FD from fork parent still in poll list: fd(22, generation: 1)
I0810 23:44:03.464406 4811926 ev_poll_posix.cc:593] FD from fork parent still in poll list: fd(19, generation: 1)
I0810 23:44:03.464412 4811926 ev_poll_posix.cc:593] FD from fork parent still in poll list: fd(22, generation: 1)
I0810 23:44:03.464416 4811926 ev_poll_posix.cc:593] FD from fork parent still in poll list: fd(19, generation: 1)
I0810 23:44:03.464422 4811926 ev_poll_posix.cc:593] FD from fork parent still in poll list: fd(22, generation: 1)
I0810 23:44:03.464427 4811926 ev_poll_posix.cc:593] FD from fork parent still in poll list: fd(19, generation: 1)
I0810 23:44:03.464433 4811926 ev_poll_posix.cc:593] FD from fork parent still in poll list: fd(22, generation: 1)
I0810 23:44:03.464437 4811926 ev_poll_posix.cc:593] FD from fork parent still in poll list: fd(19, generation: 1)
I0810 23:44:03.464447 4811926 ev_poll_posix.cc:593] FD from fork parent still in poll list: fd(22, generation: 1)
I0810 23:44:03.464454 4811926 ev_poll_posix.cc:593] FD from fork parent still in poll list: fd(19, generation: 1)
I0810 23:44:03.464460 4811926 ev_poll_posix.cc:593] FD from fork parent still in poll list: fd(22, generation: 1)
I0810 23:44:03.464466 4811926 ev_poll_posix.cc:593] FD from fork parent still in poll list: fd(19, generation: 1)
I0810 23:44:03.464472 4811926 ev_poll_posix.cc:593] FD from fork parent still in poll list: fd(22, generation: 1)
I0810 23:44:03.464477 4811926 ev_poll_posix.cc:593] FD from fork parent still in poll list: fd(19, generation: 1)
I0810 23:44:03.464485 4811926 ev_poll_posix.cc:593] FD from fork parent still in poll list: fd(22, generation: 1)
I0810 23:44:03.464494 4811926 ev_poll_posix.cc:593] FD from fork parent still in poll list: fd(19, generation: 1)
I0810 23:44:03.464500 4811926 ev_poll_posix.cc:593] FD from fork parent still in poll list: fd(22, generation: 1)
I0810 23:44:03.464508 4811926 ev_poll_posix.cc:593] FD from fork parent still in poll list: fd(19, generation: 1)
I0810 23:44:03.464515 4811926 ev_poll_posix.cc:593] FD from fork parent still in poll list: fd(22, generation: 1)
I0810 23:44:03.464521 4811926 ev_poll_posix.cc:593] FD from fork parent still in poll list: fd(19, generation: 1)
I0810 23:44:03.464527 4811926 ev_poll_posix.cc:593] FD from fork parent still in poll list: fd(22, generation: 1)
I0810 23:44:03.464533 4811926 ev_poll_posix.cc:593] FD from fork parent still in poll list: fd(19, generation: 1)
I0810 23:44:03.464538 4811926 ev_poll_posix.cc:593] FD from fork parent still in poll list: fd(22, generation: 1)
I0810 23:44:03.464543 4811926 ev_poll_posix.cc:593] FD from fork parent still in poll list: fd(19, generation: 1)
I0810 23:44:03.464549 4811926 ev_poll_posix.cc:593] FD from fork parent still in poll list: fd(22, generation: 1)
I0810 23:44:03.464554 4811926 ev_poll_posix.cc:593] FD from fork parent still in poll list: fd(19, generation: 1)
I0810 23:44:03.464559 4811926 ev_poll_posix.cc:593] FD from fork parent still in poll list: fd(22, generation: 1)
I0810 23:44:03.464564 4811926 ev_poll_posix.cc:593] FD from fork parent still in poll list: fd(19, generation: 1)
I0810 23:44:03.464598 4811926 ev_poll_posix.cc:593] FD from fork parent still in poll list: fd(22, generation: 1)
I0810 23:44:03.464614 4811926 ev_poll_posix.cc:593] FD from fork parent still in poll list: fd(19, generation: 1)
I0810 23:44:03.464626 4811926 ev_poll_posix.cc:593] FD from fork parent still in poll list: fd(22, generation: 1)
I0810 23:44:03.464634 4811926 ev_poll_posix.cc:593] FD from fork parent still in poll list: fd(19, generation: 1)
I0810 23:44:03.464643 4811926 ev_poll_posix.cc:593] FD from fork parent still in poll list: fd(22, generation: 1)
I0810 23:44:03.464660 4811926 ev_poll_posix.cc:593] FD from fork parent still in poll list: fd(19, generation: 1)
I0810 23:44:03.464668 4811926 ev_poll_posix.cc:593] FD from fork parent still in poll list: fd(22, generation: 1)
I0810 23:44:03.464675 4811926 ev_poll_posix.cc:593] FD from fork parent still in poll list: fd(19, generation: 1)
I0810 23:44:03.464681 4811926 ev_poll_posix.cc:593] FD from fork parent still in poll list: fd(22, generation: 1)
I0810 23:44:03.464691 4811926 ev_poll_posix.cc:593] FD from fork parent still in poll list: fd(19, generation: 1)
I0810 23:44:03.464697 4811926 ev_poll_posix.cc:593] FD from fork parent still in poll list: fd(22, generation: 1)
I0810 23:44:03.464702 4811926 ev_poll_posix.cc:593] FD from fork parent still in poll list: fd(19, generation: 1)
I0810 23:44:03.464708 4811926 ev_poll_posix.cc:593] FD from fork parent still in poll list: fd(22, generation: 1)
I0810 23:44:03.464714 4811926 ev_poll_posix.cc:593] FD from fork parent still in poll list: fd(19, generation: 1)
I0810 23:44:03.464722 4811926 ev_poll_posix.cc:593] FD from fork parent still in poll list: fd(22, generation: 1)
I0810 23:44:03.464728 4811926 ev_poll_posix.cc:593] FD from fork parent still in poll list: fd(19, generation: 1)
I0810 23:44:03.464733 4811926 ev_poll_posix.cc:593] FD from fork parent still in poll list: fd(22, generation: 1)
I0810 23:44:03.464744 4811926 ev_poll_posix.cc:593] FD from fork parent still in poll list: fd(19, generation: 1)
I0810 23:44:03.464752 4811926 ev_poll_posix.cc:593] FD from fork parent still in poll list: fd(22, generation: 1)
I0810 23:44:03.464757 4811926 ev_poll_posix.cc:593] FD from fork parent still in poll list: fd(19, generation: 1)
I0810 23:44:03.464763 4811926 ev_poll_posix.cc:593] FD from fork parent still in poll list: fd(22, generation: 1)
I0810 23:44:03.464768 4811926 ev_poll_posix.cc:593] FD from fork parent still in poll list: fd(19, generation: 1)
I0810 23:44:03.464777 4811926 ev_poll_posix.cc:593] FD from fork parent still in poll list: fd(22, generation: 1)
I0810 23:44:03.464783 4811926 ev_poll_posix.cc:593] FD from fork parent still in poll list: fd(19, generation: 1)
I0810 23:44:03.464788 4811926 ev_poll_posix.cc:593] FD from fork parent still in poll list: fd(22, generation: 1)
I0810 23:44:03.464796 4811926 ev_poll_posix.cc:593] FD from fork parent still in poll list: fd(19, generation: 1)
I0810 23:44:03.464806 4811926 ev_poll_posix.cc:593] FD from fork parent still in poll list: fd(22, generation: 1)
I0810 23:44:03.464812 4811926 ev_poll_posix.cc:593] FD from fork parent still in poll list: fd(19, generation: 1)
I0810 23:44:03.464818 4811926 ev_poll_posix.cc:593] FD from fork parent still in poll list: fd(22, generation: 1)
I0810 23:44:03.464826 4811926 ev_poll_posix.cc:593] FD from fork parent still in poll list: fd(19, generation: 1)
I0810 23:44:03.464835 4811926 ev_poll_posix.cc:593] FD from fork parent still in poll list: fd(22, generation: 1)
I0810 23:44:03.464841 4811926 ev_poll_posix.cc:593] FD from fork parent still in poll list: fd(19, generation: 1)
I0810 23:44:03.464851 4811926 ev_poll_posix.cc:593] FD from fork parent still in poll list: fd(22, generation: 1)
I0810 23:44:03.464857 4811926 ev_poll_posix.cc:593] FD from fork parent still in poll list: fd(19, generation: 1)
I0810 23:44:03.464865 4811926 ev_poll_posix.cc:593] FD from fork parent still in poll list: fd(22, generation: 1)
I0810 23:44:03.464871 4811926 ev_poll_posix.cc:593] FD from fork parent still in poll list: fd(19, generation: 1)
I0810 23:44:03.464879 4811926 ev_poll_posix.cc:593] FD from fork parent still in poll list: fd(22, generation: 1)
I0810 23:44:03.464887 4811926 ev_poll_posix.cc:593] FD from fork parent still in poll list: fd(19, generation: 1)
I0810 23:44:03.464893 4811926 ev_poll_posix.cc:593] FD from fork parent still in poll list: fd(22, generation: 1)
I0810 23:44:03.464898 4811926 ev_poll_posix.cc:593] FD from fork parent still in poll list: fd(19, generation: 1)
I0810 23:44:03.464904 4811926 ev_poll_posix.cc:593] FD from fork parent still in poll list: fd(22, generation: 1)
I0810 23:44:03.464910 4811926 ev_poll_posix.cc:593] FD from fork parent still in poll list: fd(19, generation: 1)
I0810 23:44:03.464917 4811926 ev_poll_posix.cc:593] FD from fork parent still in poll list: fd(22, generation: 1)
I0810 23:44:03.464924 4811926 ev_poll_posix.cc:593] FD from fork parent still in poll list: fd(19, generation: 1)
I0810 23:44:03.464933 4811926 ev_poll_posix.cc:593] FD from fork parent still in poll list: fd(22, generation: 1)
I0810 23:44:03.464939 4811926 ev_poll_posix.cc:593] FD from fork parent still in poll list: fd(19, generation: 1)
I0810 23:44:03.464947 4811926 ev_poll_posix.cc:593] FD from fork parent still in poll list: fd(22, generation: 1)
I0810 23:44:03.464954 4811926 ev_poll_posix.cc:593] FD from fork parent still in poll list: fd(19, generation: 1)
I0810 23:44:03.464961 4811926 ev_poll_posix.cc:593] FD from fork parent still in poll list: fd(22, generation: 1)
I0810 23:44:03.464970 4811926 ev_poll_posix.cc:593] FD from fork parent still in poll list: fd(19, generation: 1)
I0810 23:44:03.464978 4811926 ev_poll_posix.cc:593] FD from fork parent still in poll list: fd(22, generation: 1)
I0810 23:44:03.464984 4811926 ev_poll_posix.cc:593] FD from fork parent still in poll list: fd(19, generation: 1)
I0810 23:44:03.464992 4811926 ev_poll_posix.cc:593] FD from fork parent still in poll list: fd(22, generation: 1)
I0810 23:44:03.464998 4811926 ev_poll_posix.cc:593] FD from fork parent still in poll list: fd(19, generation: 1)
I0810 23:44:03.465005 4811926 ev_poll_posix.cc:593] FD from fork parent still in poll list: fd(22, generation: 1)
I0810 23:44:03.465011 4811926 ev_poll_posix.cc:593] FD from fork parent still in poll list: fd(19, generation: 1)
I0810 23:44:03.465017 4811926 ev_poll_posix.cc:593] FD from fork parent still in poll list: fd(22, generation: 1)
I0810 23:44:03.465022 4811926 ev_poll_posix.cc:593] FD from fork parent still in poll list: fd(19, generation: 1)
I0810 23:44:03.465028 4811926 ev_poll_posix.cc:593] FD from fork parent still in poll list: fd(22, generation: 1)
I0810 23:44:03.465033 4811926 ev_poll_posix.cc:593] FD from fork parent still in poll list: fd(19, generation: 1)
I0810 23:44:03.465040 4811926 ev_poll_posix.cc:593] FD from fork parent still in poll list: fd(22, generation: 1)
I0810 23:44:03.465046 4811926 ev_poll_posix.cc:593] FD from fork parent still in poll list: fd(19, generation: 1)
I0810 23:44:03.465055 4811926 ev_poll_posix.cc:593] FD from fork parent still in poll list: fd(22, generation: 1)
I0810 23:44:03.465061 4811926 ev_poll_posix.cc:593] FD from fork parent still in poll list: fd(19, generation: 1)
I0810 23:44:03.465067 4811926 ev_poll_posix.cc:593] FD from fork parent still in poll list: fd(22, generation: 1)
I0810 23:44:03.465073 4811926 ev_poll_posix.cc:593] FD from fork parent still in poll list: fd(19, generation: 1)
I0810 23:44:03.465081 4811926 ev_poll_posix.cc:593] FD from fork parent still in poll list: fd(22, generation: 1)
I0810 23:44:03.465086 4811926 ev_poll_posix.cc:593] FD from fork parent still in poll list: fd(19, generation: 1)
I0810 23:44:03.465093 4811926 ev_poll_posix.cc:593] FD from fork parent still in poll list: fd(22, generation: 1)
I0810 23:44:03.465100 4811926 ev_poll_posix.cc:593] FD from fork parent still in poll list: fd(19, generation: 1)
I0810 23:44:03.465107 4811926 ev_poll_posix.cc:593] FD from fork parent still in poll list: fd(22, generation: 1)
I0810 23:44:03.465113 4811926 ev_poll_posix.cc:593] FD from fork parent still in poll list: fd(19, generation: 1)
I0810 23:44:03.465119 4811926 ev_poll_posix.cc:593] FD from fork parent still in poll list: fd(22, generation: 1)
I0810 23:44:03.465124 4811926 ev_poll_posix.cc:593] FD from fork parent still in poll list: fd(19, generation: 1)
I0810 23:44:03.465130 4811926 ev_poll_posix.cc:593] FD from fork parent still in poll list: fd(22, generation: 1)
I0810 23:44:03.465135 4811926 ev_poll_posix.cc:593] FD from fork parent still in poll list: fd(19, generation: 1)
I0810 23:44:03.465141 4811926 ev_poll_posix.cc:593] FD from fork parent still in poll list: fd(22, generation: 1)
I0810 23:44:03.465146 4811926 ev_poll_posix.cc:593] FD from fork parent still in poll list: fd(19, generation: 1)
I0810 23:44:03.465153 4811926 ev_poll_posix.cc:593] FD from fork parent still in poll list: fd(22, generation: 1)
I0810 23:44:03.465158 4811926 ev_poll_posix.cc:593] FD from fork parent still in poll list: fd(19, generation: 1)
I0810 23:44:03.465166 4811926 ev_poll_posix.cc:593] FD from fork parent still in poll list: fd(22, generation: 1)
I0810 23:44:03.465171 4811926 ev_poll_posix.cc:593] FD from fork parent still in poll list: fd(19, generation: 1)
I0810 23:44:03.465178 4811926 ev_poll_posix.cc:593] FD from fork parent still in poll list: fd(22, generation: 1)
I0810 23:44:03.465183 4811926 ev_poll_posix.cc:593] FD from fork parent still in poll list: fd(19, generation: 1)
I0810 23:44:03.465189 4811926 ev_poll_posix.cc:593] FD from fork parent still in poll list: fd(22, generation: 1)
I0810 23:44:03.465194 4811926 ev_poll_posix.cc:593] FD from fork parent still in poll list: fd(19, generation: 1)
I0810 23:44:03.465202 4811926 ev_poll_posix.cc:593] FD from fork parent still in poll list: fd(22, generation: 1)
I0810 23:44:03.465210 4811926 ev_poll_posix.cc:593] FD from fork parent still in poll list: fd(19, generation: 1)
I0810 23:44:03.465218 4811926 ev_poll_posix.cc:593] FD from fork parent still in poll list: fd(22, generation: 1)
I0810 23:44:03.465225 4811926 ev_poll_posix.cc:593] FD from fork parent still in poll list: fd(19, generation: 1)
I0810 23:44:03.465233 4811926 ev_poll_posix.cc:593] FD from fork parent still in poll list: fd(22, generation: 1)
I0810 23:44:03.465240 4811926 ev_poll_posix.cc:593] FD from fork parent still in poll list: fd(19, generation: 1)
I0810 23:44:03.465247 4811926 ev_poll_posix.cc:593] FD from fork parent still in poll list: fd(22, generation: 1)
I0810 23:44:03.465254 4811926 ev_poll_posix.cc:593] FD from fork parent still in poll list: fd(19, generation: 1)
I0810 23:44:03.465261 4811926 ev_poll_posix.cc:593] FD from fork parent still in poll list: fd(22, generation: 1)
I0810 23:44:03.465267 4811926 ev_poll_posix.cc:593] FD from fork parent still in poll list: fd(19, generation: 1)
I0810 23:44:03.465273 4811926 ev_poll_posix.cc:593] FD from fork parent still in poll list: fd(22, generation: 1)
I0810 23:44:03.465278 4811926 ev_poll_posix.cc:593] FD from fork parent still in poll list: fd(19, generation: 1)
I0810 23:44:03.465286 4811926 ev_poll_posix.cc:593] FD from fork parent still in poll list: fd(22, generation: 1)
I0810 23:44:03.465293 4811926 ev_poll_posix.cc:593] FD from fork parent still in poll list: fd(19, generation: 1)
I0810 23:44:03.465299 4811926 ev_poll_posix.cc:593] FD from fork parent still in poll list: fd(22, generation: 1)
I0810 23:44:03.465306 4811926 ev_poll_posix.cc:593] FD from fork parent still in poll list: fd(19, generation: 1)
I0810 23:44:03.465313 4811926 ev_poll_posix.cc:593] FD from fork parent still in poll list: fd(22, generation: 1)
I0810 23:44:03.465319 4811926 ev_poll_posix.cc:593] FD from fork parent still in poll list: fd(19, generation: 1)
I0810 23:44:03.465328 4811926 ev_poll_posix.cc:593] FD from fork parent still in poll list: fd(22, generation: 1)
I0810 23:44:03.465335 4811926 ev_poll_posix.cc:593] FD from fork parent still in poll list: fd(19, generation: 1)
I0810 23:44:03.465341 4811926 ev_poll_posix.cc:593] FD from fork parent still in poll list: fd(22, generation: 1)
I0810 23:44:03.465346 4811926 ev_poll_posix.cc:593] FD from fork parent still in poll list: fd(19, generation: 1)
I0810 23:44:03.465352 4811926 ev_poll_posix.cc:593] FD from fork parent still in poll list: fd(22, generation: 1)
I0810 23:44:03.465357 4811926 ev_poll_posix.cc:593] FD from fork parent still in poll list: fd(19, generation: 1)
I0810 23:44:03.465363 4811926 ev_poll_posix.cc:593] FD from fork parent still in poll list: fd(22, generation: 1)
I0810 23:44:03.465368 4811926 ev_poll_posix.cc:593] FD from fork parent still in poll list: fd(19, generation: 1)
I0810 23:44:03.465374 4811926 ev_poll_posix.cc:593] FD from fork parent still in poll list: fd(22, generation: 1)
I0810 23:44:03.465379 4811926 ev_poll_posix.cc:593] FD from fork parent still in poll list: fd(19, generation: 1)
I0810 23:44:03.465386 4811926 ev_poll_posix.cc:593] FD from fork parent still in poll list: fd(22, generation: 1)
I0810 23:44:03.465391 4811926 ev_poll_posix.cc:593] FD from fork parent still in poll list: fd(19, generation: 1)
I0810 23:44:03.465399 4811926 ev_poll_posix.cc:593] FD from fork parent still in poll list: fd(22, generation: 1)
I0810 23:44:03.465404 4811926 ev_poll_posix.cc:593] FD from fork parent still in poll list: fd(19, generation: 1)
I0810 23:44:03.465412 4811926 ev_poll_posix.cc:593] FD from fork parent still in poll list: fd(22, generation: 1)
I0810 23:44:03.465417 4811926 ev_poll_posix.cc:593] FD from fork parent still in poll list: fd(19, generation: 1)
I0810 23:44:03.465423 4811926 ev_poll_posix.cc:593] FD from fork parent still in poll list: fd(22, generation: 1)
I0810 23:44:03.465428 4811926 ev_poll_posix.cc:593] FD from fork parent still in poll list: fd(19, generation: 1)
I0810 23:44:03.465436 4811926 ev_poll_posix.cc:593] FD from fork parent still in poll list: fd(22, generation: 1)
I0810 23:44:03.465442 4811926 ev_poll_posix.cc:593] FD from fork parent still in poll list: fd(19, generation: 1)
I0810 23:44:03.465448 4811926 ev_poll_posix.cc:593] FD from fork parent still in poll list: fd(22, generation: 1)
I0810 23:44:03.465453 4811926 ev_poll_posix.cc:593] FD from fork parent still in poll list: fd(19, generation: 1)
I0810 23:44:03.465459 4811926 ev_poll_posix.cc:593] FD from fork parent still in poll list: fd(22, generation: 1)
I0810 23:44:03.465465 4811926 ev_poll_posix.cc:593] FD from fork parent still in poll list: fd(19, generation: 1)
I0810 23:44:03.465472 4811926 ev_poll_posix.cc:593] FD from fork parent still in poll list: fd(22, generation: 1)
I0810 23:44:03.465478 4811926 ev_poll_posix.cc:593] FD from fork parent still in poll list: fd(19, generation: 1)
I0810 23:44:03.465484 4811926 ev_poll_posix.cc:593] FD from fork parent still in poll list: fd(22, generation: 1)
I0810 23:44:03.465491 4811926 ev_poll_posix.cc:593] FD from fork parent still in poll list: fd(19, generation: 1)
I0810 23:44:03.465498 4811926 ev_poll_posix.cc:593] FD from fork parent still in poll list: fd(22, generation: 1)
I0810 23:44:03.465505 4811926 ev_poll_posix.cc:593] FD from fork parent still in poll list: fd(19, generation: 1)
I0810 23:44:03.465512 4811926 ev_poll_posix.cc:593] FD from fork parent still in poll list: fd(22, generation: 1)
I0810 23:44:03.465518 4811926 ev_poll_posix.cc:593] FD from fork parent still in poll list: fd(19, generation: 1)
I0810 23:44:03.465526 4811926 ev_poll_posix.cc:593] FD from fork parent still in poll list: fd(22, generation: 1)
I0810 23:44:03.465532 4811926 ev_poll_posix.cc:593] FD from fork parent still in poll list: fd(19, generation: 1)
I0810 23:44:03.465538 4811926 ev_poll_posix.cc:593] FD from fork parent still in poll list: fd(22, generation: 1)
I0810 23:44:03.465543 4811926 ev_poll_posix.cc:593] FD from fork parent still in poll list: fd(19, generation: 1)
I0810 23:44:03.465549 4811926 ev_poll_posix.cc:593] FD from fork parent still in poll list: fd(22, generation: 1)
I0810 23:44:03.465554 4811926 ev_poll_posix.cc:593] FD from fork parent still in poll list: fd(19, generation: 1)
I0810 23:44:03.465564 4811926 ev_poll_posix.cc:593] FD from fork parent still in poll list: fd(22, generation: 1)
I0810 23:44:03.465568 4811926 ev_poll_posix.cc:593] FD from fork parent still in poll list: fd(19, generation: 1)
I0810 23:44:03.465574 4811926 ev_poll_posix.cc:593] FD from fork parent still in poll list: fd(22, generation: 1)
I0810 23:44:03.465579 4811926 ev_poll_posix.cc:593] FD from fork parent still in poll list: fd(19, generation: 1)
I0810 23:44:03.465585 4811926 ev_poll_posix.cc:593] FD from fork parent still in poll list: fd(22, generation: 1)
I0810 23:44:03.465590 4811926 ev_poll_posix.cc:593] FD from fork parent still in poll list: fd(19, generation: 1)
I0810 23:44:03.465596 4811926 ev_poll_posix.cc:593] FD from fork parent still in poll list: fd(22, generation: 1)
I0810 23:44:03.465601 4811926 ev_poll_posix.cc:593] FD from fork parent still in poll list: fd(19, generation: 1)
I0810 23:44:03.465608 4811926 ev_poll_posix.cc:593] FD from fork parent still in poll list: fd(22, generation: 1)
I0810 23:44:03.465614 4811926 ev_poll_posix.cc:593] FD from fork parent still in poll list: fd(19, generation: 1)
I0810 23:44:03.465620 4811926 ev_poll_posix.cc:593] FD from fork parent still in poll list: fd(22, generation: 1)
I0810 23:44:03.465625 4811926 ev_poll_posix.cc:593] FD from fork parent still in poll list: fd(19, generation: 1)
I0810 23:44:03.465631 4811926 ev_poll_posix.cc:593] FD from fork parent still in poll list: fd(22, generation: 1)
I0810 23:44:03.465636 4811926 ev_poll_posix.cc:593] FD from fork parent still in poll list: fd(19, generation: 1)
I0810 23:44:03.465642 4811926 ev_poll_posix.cc:593] FD from fork parent still in poll list: fd(22, generation: 1)
I0810 23:44:03.465649 4811926 ev_poll_posix.cc:593] FD from fork parent still in poll list: fd(19, generation: 1)
I0810 23:44:03.465655 4811926 ev_poll_posix.cc:593] FD from fork parent still in poll list: fd(22, generation: 1)
I0810 23:44:03.465660 4811926 ev_poll_posix.cc:593] FD from fork parent still in poll list: fd(19, generation: 1)
I0810 23:44:03.465671 4811926 ev_poll_posix.cc:593] FD from fork parent still in poll list: fd(22, generation: 1)
I0810 23:44:03.465677 4811926 ev_poll_posix.cc:593] FD from fork parent still in poll list: fd(19, generation: 1)
I0810 23:44:03.465685 4811926 ev_poll_posix.cc:593] FD from fork parent still in poll list: fd(22, generation: 1)
I0810 23:44:03.465691 4811926 ev_poll_posix.cc:593] FD from fork parent still in poll list: fd(19, generation: 1)
I0810 23:44:03.465698 4811926 ev_poll_posix.cc:593] FD from fork parent still in poll list: fd(22, generation: 1)
I0810 23:44:03.465703 4811926 ev_poll_posix.cc:593] FD from fork parent still in poll list: fd(19, generation: 1)
I0810 23:44:03.465708 4811926 ev_poll_posix.cc:593] FD from fork parent still in poll list: fd(22, generation: 1)
I0810 23:44:03.465713 4811926 ev_poll_posix.cc:593] FD from fork parent still in poll list: fd(19, generation: 1)
I0810 23:44:03.465750 4811926 ev_poll_posix.cc:593] FD from fork parent still in poll list: fd(22, generation: 1)
I0810 23:44:03.465759 4811926 ev_poll_posix.cc:593] FD from fork parent still in poll list: fd(19, generation: 1)
I0810 23:44:03.465765 4811926 ev_poll_posix.cc:593] FD from fork parent still in poll list: fd(22, generation: 1)
I0810 23:44:03.465771 4811926 ev_poll_posix.cc:593] FD from fork parent still in poll list: fd(19, generation: 1)
I0810 23:44:03.465779 4811926 ev_poll_posix.cc:593] FD from fork parent still in poll list: fd(22, generation: 1)
I0810 23:44:03.465785 4811926 ev_poll_posix.cc:593] FD from fork parent still in poll list: fd(19, generation: 1)
I0810 23:44:03.465793 4811926 ev_poll_posix.cc:593] FD from fork parent still in poll list: fd(22, generation: 1)
I0810 23:44:03.465799 4811926 ev_poll_posix.cc:593] FD from fork parent still in poll list: fd(19, generation: 1)
I0810 23:44:03.465805 4811926 ev_poll_posix.cc:593] FD from fork parent still in poll list: fd(22, generation: 1)
I0810 23:44:03.465811 4811926 ev_poll_posix.cc:593] FD from fork parent still in poll list: fd(19, generation: 1)
I0810 23:44:03.465816 4811926 ev_poll_posix.cc:593] FD from fork parent still in poll list: fd(22, generation: 1)
I0810 23:44:03.465821 4811926 ev_poll_posix.cc:593] FD from fork parent still in poll list: fd(19, generation: 1)
I0810 23:44:03.465827 4811926 ev_poll_posix.cc:593] FD from fork parent still in poll list: fd(22, generation: 1)
I0810 23:44:03.465836 4811926 ev_poll_posix.cc:593] FD from fork parent still in poll list: fd(19, generation: 1)
I0810 23:44:03.465845 4811926 ev_poll_posix.cc:593] FD from fork parent still in poll list: fd(22, generation: 1)
I0810 23:44:03.465852 4811926 ev_poll_posix.cc:593] FD from fork parent still in poll list: fd(19, generation: 1)
I0810 23:44:03.465860 4811926 ev_poll_posix.cc:593] FD from fork parent still in poll list: fd(22, generation: 1)
I0810 23:44:03.465865 4811926 ev_poll_posix.cc:593] FD from fork parent still in poll list: fd(19, generation: 1)
I0810 23:44:03.465871 4811926 ev_poll_posix.cc:593] FD from fork parent still in poll list: fd(22, generation: 1)
I0810 23:44:03.465876 4811926 ev_poll_posix.cc:593] FD from fork parent still in poll list: fd(19, generation: 1)
I0810 23:44:03.465882 4811926 ev_poll_posix.cc:593] FD from fork parent still in poll list: fd(22, generation: 1)
I0810 23:44:03.465889 4811926 ev_poll_posix.cc:593] FD from fork parent still in poll list: fd(19, generation: 1)
I0810 23:44:03.465897 4811926 ev_poll_posix.cc:593] FD from fork parent still in poll list: fd(22, generation: 1)
I0810 23:44:03.465902 4811926 ev_poll_posix.cc:593] FD from fork parent still in poll list: fd(19, generation: 1)
I0810 23:44:03.465910 4811926 ev_poll_posix.cc:593] FD from fork parent still in poll list: fd(22, generation: 1)
I0810 23:44:03.465916 4811926 ev_poll_posix.cc:593] FD from fork parent still in poll list: fd(19, generation: 1)
I0810 23:44:03.465924 4811926 ev_poll_posix.cc:593] FD from fork parent still in poll list: fd(22, generation: 1)
I0810 23:44:03.465930 4811926 ev_poll_posix.cc:593] FD from fork parent still in poll list: fd(19, generation: 1)
I0810 23:44:03.465978 4811926 ev_poll_posix.cc:593] FD from fork parent still in poll list: fd(22, generation: 1)
I0810 23:44:03.465992 4811926 ev_poll_posix.cc:593] FD from fork parent still in poll list: fd(19, generation: 1)
I0810 23:44:03.466001 4811926 ev_poll_posix.cc:593] FD from fork parent still in poll list: fd(22, generation: 1)
I0810 23:44:03.466008 4811926 ev_poll_posix.cc:593] FD from fork parent still in poll list: fd(19, generation: 1)
I0810 23:44:03.466016 4811926 ev_poll_posix.cc:593] FD from fork parent still in poll list: fd(22, generation: 1)
I0810 23:44:03.466033 4811926 ev_poll_posix.cc:593] FD from fork parent still in poll list: fd(19, generation: 1)
I0810 23:44:03.466043 4811926 ev_poll_posix.cc:593] FD from fork parent still in poll list: fd(22, generation: 1)
I0810 23:44:03.466300 4811926 ev_poll_posix.cc:593] FD from fork parent still in poll list: fd(19, generation: 1)
I0810 23:44:03.466340 4811926 ev_poll_posix.cc:593] FD from fork parent still in poll list: fd(22, generation: 1)
I0810 23:44:03.466349 4811926 ev_poll_posix.cc:593] FD from fork parent still in poll list: fd(19, generation: 1)
I0810 23:44:03.466357 4811926 ev_poll_posix.cc:593] FD from fork parent still in poll list: fd(22, generation: 1)
I0810 23:44:03.466362 4811926 ev_poll_posix.cc:593] FD from fork parent still in poll list: fd(19, generation: 1)
I0810 23:44:03.466370 4811926 ev_poll_posix.cc:593] FD from fork parent still in poll list: fd(22, generation: 1)
I0810 23:44:03.466377 4811926 ev_poll_posix.cc:593] FD from fork parent still in poll list: fd(19, generation: 1)
I0810 23:44:03.466385 4811926 ev_poll_posix.cc:593] FD from fork parent still in poll list: fd(22, generation: 1)
I0810 23:44:03.466391 4811926 ev_poll_posix.cc:593] FD from fork parent still in poll list: fd(19, generation: 1)
I0810 23:44:03.466397 4811926 ev_poll_posix.cc:593] FD from fork parent still in poll list: fd(22, generation: 1)
I0810 23:44:03.466402 4811926 ev_poll_posix.cc:593] FD from fork parent still in poll list: fd(19, generation: 1)
I0810 23:44:03.466409 4811926 ev_poll_posix.cc:593] FD from fork parent still in poll list: fd(22, generation: 1)
I0810 23:44:03.466414 4811926 ev_poll_posix.cc:593] FD from fork parent still in poll list: fd(19, generation: 1)
I0810 23:44:03.466420 4811926 ev_poll_posix.cc:593] FD from fork parent still in poll list: fd(22, generation: 1)
I0810 23:44:03.466467 4811926 ev_poll_posix.cc:593] FD from fork parent still in poll list: fd(19, generation: 1)
I0810 23:44:03.466476 4811926 ev_poll_posix.cc:593] FD from fork parent still in poll list: fd(22, generation: 1)
I0810 23:44:03.466482 4811926 ev_poll_posix.cc:593] FD from fork parent still in poll list: fd(19, generation: 1)
I0810 23:44:03.466489 4811926 ev_poll_posix.cc:593] FD from fork parent still in poll list: fd(22, generation: 1)
I0810 23:44:03.466497 4811926 ev_poll_posix.cc:593] FD from fork parent still in poll list: fd(19, generation: 1)
I0810 23:44:03.466505 4811926 ev_poll_posix.cc:593] FD from fork parent still in poll list: fd(22, generation: 1)
I0810 23:44:03.466512 4811926 ev_poll_posix.cc:593] FD from fork parent still in poll list: fd(19, generation: 1)
I0810 23:44:03.466525 4811926 ev_poll_posix.cc:593] FD from fork parent still in poll list: fd(22, generation: 1)
I0810 23:44:03.466531 4811926 ev_poll_posix.cc:593] FD from fork parent still in poll list: fd(19, generation: 1)
I0810 23:44:03.466539 4811926 ev_poll_posix.cc:593] FD from fork parent still in poll list: fd(22, generation: 1)
I0810 23:44:03.466544 4811926 ev_poll_posix.cc:593] FD from fork parent still in poll list: fd(19, generation: 1)
I0810 23:44:03.466550 4811926 ev_poll_posix.cc:593] FD from fork parent still in poll list: fd(22, generation: 1)
I0810 23:44:03.466555 4811926 ev_poll_posix.cc:593] FD from fork parent still in poll list: fd(19, generation: 1)
I0810 23:44:03.466561 4811926 ev_poll_posix.cc:593] FD from fork parent still in poll list: fd(22, generation: 1)
I0810 23:44:03.466567 4811926 ev_poll_posix.cc:593] FD from fork parent still in poll list: fd(19, generation: 1)
I0810 23:44:03.466572 4811926 ev_poll_posix.cc:593] FD from fork parent still in poll list: fd(22, generation: 1)
I0810 23:44:03.466577 4811926 ev_poll_posix.cc:593] FD from fork parent still in poll list: fd(19, generation: 1)
I0810 23:44:03.466583 4811926 ev_poll_posix.cc:593] FD from fork parent still in poll list: fd(22, generation: 1)
I0810 23:44:03.466588 4811926 ev_poll_posix.cc:593] FD from fork parent still in poll list: fd(19, generation: 1)
I0810 23:44:03.466594 4811926 ev_poll_posix.cc:593] FD from fork parent still in poll list: fd(22, generation: 1)
I0810 23:44:03.466599 4811926 ev_poll_posix.cc:593] FD from fork parent still in poll list: fd(19, generation: 1)
I0810 23:44:03.466605 4811926 ev_poll_posix.cc:593] FD from fork parent still in poll list: fd(22, generation: 1)
I0810 23:44:03.466612 4811926 ev_poll_posix.cc:593] FD from fork parent still in poll list: fd(19, generation: 1)
I0810 23:44:03.466658 4811926 ev_poll_posix.cc:593] FD from fork parent still in poll list: fd(22, generation: 1)
I0810 23:44:03.466712 4811926 ev_poll_posix.cc:593] FD from fork parent still in poll list: fd(19, generation: 1)
I0810 23:44:03.466720 4811926 ev_poll_posix.cc:593] FD from fork parent still in poll list: fd(22, generation: 1)
I0810 23:44:03.466727 4811926 ev_poll_posix.cc:593] FD from fork parent still in poll list: fd(19, generation: 1)
I0810 23:44:03.466734 4811926 ev_poll_posix.cc:593] FD from fork parent still in poll list: fd(22, generation: 1)
I0810 23:44:03.466742 4811926 ev_poll_posix.cc:593] FD from fork parent still in poll list: fd(19, generation: 1)
I0810 23:44:03.466749 4811926 ev_poll_posix.cc:593] FD from fork parent still in poll list: fd(22, generation: 1)
I0810 23:44:03.466756 4811926 ev_poll_posix.cc:593] FD from fork parent still in poll list: fd(19, generation: 1)
I0810 23:44:03.466766 4811926 ev_poll_posix.cc:593] FD from fork parent still in poll list: fd(22, generation: 1)
I0810 23:44:03.466773 4811926 ev_poll_posix.cc:593] FD from fork parent still in poll list: fd(19, generation: 1)
I0810 23:44:03.466825 4811926 ev_poll_posix.cc:593] FD from fork parent still in poll list: fd(22, generation: 1)
I0810 23:44:03.466834 4811926 ev_poll_posix.cc:593] FD from fork parent still in poll list: fd(19, generation: 1)
I0810 23:44:03.466842 4811926 ev_poll_posix.cc:593] FD from fork parent still in poll list: fd(22, generation: 1)
I0810 23:44:03.466848 4811926 ev_poll_posix.cc:593] FD from fork parent still in poll list: fd(19, generation: 1)
I0810 23:44:03.466857 4811926 ev_poll_posix.cc:593] FD from fork parent still in poll list: fd(22, generation: 1)
I0810 23:44:03.466863 4811926 ev_poll_posix.cc:593] FD from fork parent still in poll list: fd(19, generation: 1)
I0810 23:44:03.466869 4811926 ev_poll_posix.cc:593] FD from fork parent still in poll list: fd(22, generation: 1)
I0810 23:44:03.466874 4811926 ev_poll_posix.cc:593] FD from fork parent still in poll list: fd(19, generation: 1)
I0810 23:44:03.466880 4811926 ev_poll_posix.cc:593] FD from fork parent still in poll list: fd(22, generation: 1)
I0810 23:44:03.466884 4811926 ev_poll_posix.cc:593] FD from fork parent still in poll list: fd(19, generation: 1)
I0810 23:44:03.466890 4811926 ev_poll_posix.cc:593] FD from fork parent still in poll list: fd(22, generation: 1)
I0810 23:44:03.466895 4811926 ev_poll_posix.cc:593] FD from fork parent still in poll list: fd(19, generation: 1)
I0810 23:44:03.466917 4811926 ev_poll_posix.cc:593] FD from fork parent still in poll list: fd(22, generation: 1)
I0810 23:44:03.466928 4811926 ev_poll_posix.cc:593] FD from fork parent still in poll list: fd(19, generation: 1)
I0810 23:44:03.466936 4811926 ev_poll_posix.cc:593] FD from fork parent still in poll list: fd(22, generation: 1)
I0810 23:44:03.466941 4811926 ev_poll_posix.cc:593] FD from fork parent still in poll list: fd(19, generation: 1)
I0810 23:44:03.466949 4811926 ev_poll_posix.cc:593] FD from fork parent still in poll list: fd(22, generation: 1)
I0810 23:44:03.466955 4811926 ev_poll_posix.cc:593] FD from fork parent still in poll list: fd(19, generation: 1)
I0810 23:44:03.466962 4811926 ev_poll_posix.cc:593] FD from fork parent still in poll list: fd(22, generation: 1)
I0810 23:44:03.466967 4811926 ev_poll_posix.cc:593] FD from fork parent still in poll list: fd(19, generation: 1)
I0810 23:44:03.466976 4811926 ev_poll_posix.cc:593] FD from fork parent still in poll list: fd(22, generation: 1)
I0810 23:44:03.466982 4811926 ev_poll_posix.cc:593] FD from fork parent still in poll list: fd(19, generation: 1)
I0810 23:44:03.466990 4811926 ev_poll_posix.cc:593] FD from fork parent still in poll list: fd(22, generation: 1)
I0810 23:44:03.466996 4811926 ev_poll_posix.cc:593] FD from fork parent still in poll list: fd(19, generation: 1)
I0810 23:44:03.467004 4811926 ev_poll_posix.cc:593] FD from fork parent still in poll list: fd(22, generation: 1)
I0810 23:44:03.467011 4811926 ev_poll_posix.cc:593] FD from fork parent still in poll list: fd(19, generation: 1)
I0810 23:44:03.467017 4811926 ev_poll_posix.cc:593] FD from fork parent still in poll list: fd(22, generation: 1)
I0810 23:44:03.467023 4811926 ev_poll_posix.cc:593] FD from fork parent still in poll list: fd(19, generation: 1)
I0810 23:44:03.467031 4811926 ev_poll_posix.cc:593] FD from fork parent still in poll list: fd(22, generation: 1)
I0810 23:44:03.467037 4811926 ev_poll_posix.cc:593] FD from fork parent still in poll list: fd(19, generation: 1)
I0810 23:44:03.467043 4811926 ev_poll_posix.cc:593] FD from fork parent still in poll list: fd(22, generation: 1)
I0810 23:44:03.467048 4811926 ev_poll_posix.cc:593] FD from fork parent still in poll list: fd(19, generation: 1)
I0810 23:44:03.467056 4811926 ev_poll_posix.cc:593] FD from fork parent still in poll list: fd(22, generation: 1)
I0810 23:44:03.467061 4811926 ev_poll_posix.cc:593] FD from fork parent still in poll list: fd(19, generation: 1)
I0810 23:44:03.467069 4811926 ev_poll_posix.cc:593] FD from fork parent still in poll list: fd(22, generation: 1)
I0810 23:44:03.467074 4811926 ev_poll_posix.cc:593] FD from fork parent still in poll list: fd(19, generation: 1)
I0810 23:44:03.467081 4811926 ev_poll_posix.cc:593] FD from fork parent still in poll list: fd(22, generation: 1)
I0810 23:44:03.467086 4811926 ev_poll_posix.cc:593] FD from fork parent still in poll list: fd(19, generation: 1)
I0810 23:44:03.467093 4811926 ev_poll_posix.cc:593] FD from fork parent still in poll list: fd(22, generation: 1)
I0810 23:44:03.467100 4811926 ev_poll_posix.cc:593] FD from fork parent still in poll list: fd(19, generation: 1)
I0810 23:44:03.467108 4811926 ev_poll_posix.cc:593] FD from fork parent still in poll list: fd(22, generation: 1)
I0810 23:44:03.467113 4811926 ev_poll_posix.cc:593] FD from fork parent still in poll list: fd(19, generation: 1)
I0810 23:44:03.467119 4811926 ev_poll_posix.cc:593] FD from fork parent still in poll list: fd(22, generation: 1)
I0810 23:44:03.467125 4811926 ev_poll_posix.cc:593] FD from fork parent still in poll list: fd(19, generation: 1)
I0810 23:44:03.467132 4811926 ev_poll_posix.cc:593] FD from fork parent still in poll list: fd(22, generation: 1)
I0810 23:44:03.467138 4811926 ev_poll_posix.cc:593] FD from fork parent still in poll list: fd(19, generation: 1)
I0810 23:44:03.467145 4811926 ev_poll_posix.cc:593] FD from fork parent still in poll list: fd(22, generation: 1)
I0810 23:44:03.467151 4811926 ev_poll_posix.cc:593] FD from fork parent still in poll list: fd(19, generation: 1)
I0810 23:44:03.467157 4811926 ev_poll_posix.cc:593] FD from fork parent still in poll list: fd(22, generation: 1)
I0810 23:44:08.780538 4798456 fork_posix.cc:71] Other threads are currently calling into gRPC, skipping fork() handlers
I0810 23:44:08.795026 4812098 ev_poll_posix.cc:593] FD from fork parent still in poll list: fd(22, generation: 1)
I0810 23:44:08.795278 4812098 ev_poll_posix.cc:593] FD from fork parent still in poll list: fd(19, generation: 1)
I0810 23:44:14.099640 4798456 fork_posix.cc:71] Other threads are currently calling into gRPC, skipping fork() handlers
I0810 23:44:14.101550 4812687 ev_poll_posix.cc:593] FD from fork parent still in poll list: fd(22, generation: 1)
I0810 23:44:14.101603 4812687 ev_poll_posix.cc:593] FD from fork parent still in poll list: fd(19, generation: 1)
I0810 23:44:19.449186 4798456 fork_posix.cc:71] Other threads are currently calling into gRPC, skipping fork() handlers
I0810 23:44:19.450682 4813460 ev_poll_posix.cc:593] FD from fork parent still in poll list: fd(22, generation: 1)
I0810 23:44:19.450771 4813460 ev_poll_posix.cc:593] FD from fork parent still in poll list: fd(19, generation: 1)
I0810 23:44:24.737156 4798456 fork_posix.cc:71] Other threads are currently calling into gRPC, skipping fork() handlers
I0810 23:44:24.739874 4813851 ev_poll_posix.cc:593] FD from fork parent still in poll list: fd(22, generation: 1)
I0810 23:44:24.740012 4813851 ev_poll_posix.cc:593] FD from fork parent still in poll list: fd(19, generation: 1)
2026-08-10 23:44:26,176 - [  245.0s]   ... 49 files, 8.49 GB on the dataset device
I0810 23:44:30.061336 4798456 fork_posix.cc:71] Other threads are currently calling into gRPC, skipping fork() handlers
I0810 23:44:30.066705 4814102 ev_poll_posix.cc:593] FD from fork parent still in poll list: fd(22, generation: 1)
I0810 23:44:30.066866 4814102 ev_poll_posix.cc:593] FD from fork parent still in poll list: fd(19, generation: 1)
I0810 23:44:35.446381 4798456 fork_posix.cc:71] Other threads are currently calling into gRPC, skipping fork() handlers
I0810 23:44:35.449607 4814557 ev_poll_posix.cc:593] FD from fork parent still in poll list: fd(22, generation: 1)
I0810 23:44:35.449667 4814557 ev_poll_posix.cc:593] FD from fork parent still in poll list: fd(19, generation: 1)
I0810 23:44:40.947526 4798456 fork_posix.cc:71] Other threads are currently calling into gRPC, skipping fork() handlers
I0810 23:44:40.950768 4815021 ev_poll_posix.cc:593] FD from fork parent still in poll list: fd(22, generation: 1)
I0810 23:44:40.950873 4815021 ev_poll_posix.cc:593] FD from fork parent still in poll list: fd(19, generation: 1)
I0810 23:44:46.362149 4798456 fork_posix.cc:71] Other threads are currently calling into gRPC, skipping fork() handlers
I0810 23:44:46.365005 4815191 ev_poll_posix.cc:593] FD from fork parent still in poll list: fd(22, generation: 1)
I0810 23:44:46.365111 4815191 ev_poll_posix.cc:593] FD from fork parent still in poll list: fd(19, generation: 1)
I0810 23:44:53.707510 4798456 fork_posix.cc:71] Other threads are currently calling into gRPC, skipping fork() handlers
I0810 23:44:53.711742 4815409 ev_poll_posix.cc:593] FD from fork parent still in poll list: fd(22, generation: 1)
I0810 23:44:53.711987 4815409 ev_poll_posix.cc:593] FD from fork parent still in poll list: fd(19, generation: 1)
I0810 23:44:59.074699 4798456 fork_posix.cc:71] Other threads are currently calling into gRPC, skipping fork() handlers
I0810 23:44:59.078112 4815614 ev_poll_posix.cc:593] FD from fork parent still in poll list: fd(22, generation: 1)
I0810 23:44:59.078202 4815614 ev_poll_posix.cc:593] FD from fork parent still in poll list: fd(19, generation: 1)
I0810 23:45:04.445897 4798456 fork_posix.cc:71] Other threads are currently calling into gRPC, skipping fork() handlers
I0810 23:45:04.447752 4815803 ev_poll_posix.cc:593] FD from fork parent still in poll list: fd(22, generation: 1)
I0810 23:45:04.447808 4815803 ev_poll_posix.cc:593] FD from fork parent still in poll list: fd(19, generation: 1)
I0810 23:45:09.912683 4798456 fork_posix.cc:71] Other threads are currently calling into gRPC, skipping fork() handlers
I0810 23:45:09.915329 4815950 ev_poll_posix.cc:593] FD from fork parent still in poll list: fd(22, generation: 1)
I0810 23:45:09.915416 4815950 ev_poll_posix.cc:593] FD from fork parent still in poll list: fd(19, generation: 1)
I0810 23:45:15.221005 4798456 fork_posix.cc:71] Other threads are currently calling into gRPC, skipping fork() handlers
I0810 23:45:15.223506 4816122 ev_poll_posix.cc:593] FD from fork parent still in poll list: fd(22, generation: 1)
I0810 23:45:15.223601 4816122 ev_poll_posix.cc:593] FD from fork parent still in poll list: fd(19, generation: 1)
I0810 23:45:20.591662 4798456 fork_posix.cc:71] Other threads are currently calling into gRPC, skipping fork() handlers
I0810 23:45:20.593176 4816329 ev_poll_posix.cc:593] FD from fork parent still in poll list: fd(22, generation: 1)
I0810 23:45:20.593212 4816329 ev_poll_posix.cc:593] FD from fork parent still in poll list: fd(19, generation: 1)
I0810 23:45:26.056392 4798456 fork_posix.cc:71] Other threads are currently calling into gRPC, skipping fork() handlers
I0810 23:45:26.058085 4816570 ev_poll_posix.cc:593] FD from fork parent still in poll list: fd(22, generation: 1)
I0810 23:45:26.058124 4816570 ev_poll_posix.cc:593] FD from fork parent still in poll list: fd(19, generation: 1)
2026-08-10 23:45:26,128 - [  305.0s]   ... 49 files, 9.56 GB on the dataset device
I0810 23:45:31.376631 4798456 fork_posix.cc:71] Other threads are currently calling into gRPC, skipping fork() handlers
I0810 23:45:31.378206 4816807 ev_poll_posix.cc:593] FD from fork parent still in poll list: fd(22, generation: 1)
I0810 23:45:31.378245 4816807 ev_poll_posix.cc:593] FD from fork parent still in poll list: fd(19, generation: 1)
I0810 23:45:36.706696 4798456 fork_posix.cc:71] Other threads are currently calling into gRPC, skipping fork() handlers
I0810 23:45:36.709315 4816990 ev_poll_posix.cc:593] FD from fork parent still in poll list: fd(22, generation: 1)
I0810 23:45:36.709403 4816990 ev_poll_posix.cc:593] FD from fork parent still in poll list: fd(19, generation: 1)
I0810 23:45:42.045540 4798456 fork_posix.cc:71] Other threads are currently calling into gRPC, skipping fork() handlers
I0810 23:45:42.048196 4817223 ev_poll_posix.cc:593] FD from fork parent still in poll list: fd(22, generation: 1)
I0810 23:45:42.048282 4817223 ev_poll_posix.cc:593] FD from fork parent still in poll list: fd(19, generation: 1)
I0810 23:45:47.353510 4817398 ev_poll_posix.cc:593] FD from fork parent still in poll list: fd(22, generation: 1)
I0810 23:45:47.353552 4817398 ev_poll_posix.cc:593] FD from fork parent still in poll list: fd(19, generation: 1)
I0810 23:45:54.187472 4798456 fork_posix.cc:71] Other threads are currently calling into gRPC, skipping fork() handlers
I0810 23:45:54.201344 4817648 ev_poll_posix.cc:593] FD from fork parent still in poll list: fd(22, generation: 1)
I0810 23:45:54.201436 4817648 ev_poll_posix.cc:593] FD from fork parent still in poll list: fd(19, generation: 1)
I0810 23:45:54.201458 4817648 ev_poll_posix.cc:593] FD from fork parent still in poll list: fd(22, generation: 1)
I0810 23:45:54.201468 4817648 ev_poll_posix.cc:593] FD from fork parent still in poll list: fd(19, generation: 1)
I0810 23:45:54.201478 4817648 ev_poll_posix.cc:593] FD from fork parent still in poll list: fd(22, generation: 1)
I0810 23:45:54.201485 4817648 ev_poll_posix.cc:593] FD from fork parent still in poll list: fd(19, generation: 1)
I0810 23:45:54.201494 4817648 ev_poll_posix.cc:593] FD from fork parent still in poll list: fd(22, generation: 1)
I0810 23:45:54.201502 4817648 ev_poll_posix.cc:593] FD from fork parent still in poll list: fd(19, generation: 1)
I0810 23:45:54.201511 4817648 ev_poll_posix.cc:593] FD from fork parent still in poll list: fd(22, generation: 1)
I0810 23:45:54.201520 4817648 ev_poll_posix.cc:593] FD from fork parent still in poll list: fd(19, generation: 1)
I0810 23:45:54.201528 4817648 ev_poll_posix.cc:593] FD from fork parent still in poll list: fd(22, generation: 1)
I0810 23:45:54.201585 4817648 ev_poll_posix.cc:593] FD from fork parent still in poll list: fd(19, generation: 1)
I0810 23:45:54.201604 4817648 ev_poll_posix.cc:593] FD from fork parent still in poll list: fd(22, generation: 1)
I0810 23:45:54.201614 4817648 ev_poll_posix.cc:593] FD from fork parent still in poll list: fd(19, generation: 1)
I0810 23:45:54.201624 4817648 ev_poll_posix.cc:593] FD from fork parent still in poll list: fd(22, generation: 1)
I0810 23:45:54.201631 4817648 ev_poll_posix.cc:593] FD from fork parent still in poll list: fd(19, generation: 1)
I0810 23:45:54.201640 4817648 ev_poll_posix.cc:593] FD from fork parent still in poll list: fd(22, generation: 1)
I0810 23:45:54.201647 4817648 ev_poll_posix.cc:593] FD from fork parent still in poll list: fd(19, generation: 1)
I0810 23:45:54.202207 4817648 ev_poll_posix.cc:593] FD from fork parent still in poll list: fd(22, generation: 1)
I0810 23:45:54.202251 4817648 ev_poll_posix.cc:593] FD from fork parent still in poll list: fd(19, generation: 1)
I0810 23:45:54.202264 4817648 ev_poll_posix.cc:593] FD from fork parent still in poll list: fd(22, generation: 1)
I0810 23:45:54.202274 4817648 ev_poll_posix.cc:593] FD from fork parent still in poll list: fd(19, generation: 1)
I0810 23:45:54.202284 4817648 ev_poll_posix.cc:593] FD from fork parent still in poll list: fd(22, generation: 1)
I0810 23:45:54.202292 4817648 ev_poll_posix.cc:593] FD from fork parent still in poll list: fd(19, generation: 1)
I0810 23:45:54.202301 4817648 ev_poll_posix.cc:593] FD from fork parent still in poll list: fd(22, generation: 1)
I0810 23:45:54.202309 4817648 ev_poll_posix.cc:593] FD from fork parent still in poll list: fd(19, generation: 1)
I0810 23:45:54.202317 4817648 ev_poll_posix.cc:593] FD from fork parent still in poll list: fd(22, generation: 1)
I0810 23:45:54.202627 4817648 ev_poll_posix.cc:593] FD from fork parent still in poll list: fd(19, generation: 1)
I0810 23:45:54.202663 4817648 ev_poll_posix.cc:593] FD from fork parent still in poll list: fd(22, generation: 1)
I0810 23:45:54.202673 4817648 ev_poll_posix.cc:593] FD from fork parent still in poll list: fd(19, generation: 1)
I0810 23:45:54.202684 4817648 ev_poll_posix.cc:593] FD from fork parent still in poll list: fd(22, generation: 1)
I0810 23:45:54.202693 4817648 ev_poll_posix.cc:593] FD from fork parent still in poll list: fd(19, generation: 1)
I0810 23:45:54.202702 4817648 ev_poll_posix.cc:593] FD from fork parent still in poll list: fd(22, generation: 1)
I0810 23:45:54.202713 4817648 ev_poll_posix.cc:593] FD from fork parent still in poll list: fd(19, generation: 1)
I0810 23:45:54.202722 4817648 ev_poll_posix.cc:593] FD from fork parent still in poll list: fd(22, generation: 1)
I0810 23:45:54.202729 4817648 ev_poll_posix.cc:593] FD from fork parent still in poll list: fd(19, generation: 1)
I0810 23:45:54.202737 4817648 ev_poll_posix.cc:593] FD from fork parent still in poll list: fd(22, generation: 1)
I0810 23:45:54.202744 4817648 ev_poll_posix.cc:593] FD from fork parent still in poll list: fd(19, generation: 1)
I0810 23:45:54.202752 4817648 ev_poll_posix.cc:593] FD from fork parent still in poll list: fd(22, generation: 1)
I0810 23:45:54.202758 4817648 ev_poll_posix.cc:593] FD from fork parent still in poll list: fd(19, generation: 1)
I0810 23:45:54.202766 4817648 ev_poll_posix.cc:593] FD from fork parent still in poll list: fd(22, generation: 1)
I0810 23:45:54.202773 4817648 ev_poll_posix.cc:593] FD from fork parent still in poll list: fd(19, generation: 1)
I0810 23:45:54.202781 4817648 ev_poll_posix.cc:593] FD from fork parent still in poll list: fd(22, generation: 1)
I0810 23:45:54.202787 4817648 ev_poll_posix.cc:593] FD from fork parent still in poll list: fd(19, generation: 1)
I0810 23:45:54.202794 4817648 ev_poll_posix.cc:593] FD from fork parent still in poll list: fd(22, generation: 1)
I0810 23:45:54.203814 4817648 ev_poll_posix.cc:593] FD from fork parent still in poll list: fd(19, generation: 1)
I0810 23:45:54.203885 4817648 ev_poll_posix.cc:593] FD from fork parent still in poll list: fd(22, generation: 1)
I0810 23:45:54.203904 4817648 ev_poll_posix.cc:593] FD from fork parent still in poll list: fd(19, generation: 1)
I0810 23:45:54.203919 4817648 ev_poll_posix.cc:593] FD from fork parent still in poll list: fd(22, generation: 1)
I0810 23:45:54.203927 4817648 ev_poll_posix.cc:593] FD from fork parent still in poll list: fd(19, generation: 1)
I0810 23:45:54.203936 4817648 ev_poll_posix.cc:593] FD from fork parent still in poll list: fd(22, generation: 1)
I0810 23:45:54.203944 4817648 ev_poll_posix.cc:593] FD from fork parent still in poll list: fd(19, generation: 1)
I0810 23:45:54.203952 4817648 ev_poll_posix.cc:593] FD from fork parent still in poll list: fd(22, generation: 1)
I0810 23:45:54.203960 4817648 ev_poll_posix.cc:593] FD from fork parent still in poll list: fd(19, generation: 1)
I0810 23:45:54.203968 4817648 ev_poll_posix.cc:593] FD from fork parent still in poll list: fd(22, generation: 1)
I0810 23:45:54.203975 4817648 ev_poll_posix.cc:593] FD from fork parent still in poll list: fd(19, generation: 1)
I0810 23:45:54.203983 4817648 ev_poll_posix.cc:593] FD from fork parent still in poll list: fd(22, generation: 1)
I0810 23:45:54.203991 4817648 ev_poll_posix.cc:593] FD from fork parent still in poll list: fd(19, generation: 1)
I0810 23:45:54.203999 4817648 ev_poll_posix.cc:593] FD from fork parent still in poll list: fd(22, generation: 1)
I0810 23:45:54.204005 4817648 ev_poll_posix.cc:593] FD from fork parent still in poll list: fd(19, generation: 1)
I0810 23:45:54.204013 4817648 ev_poll_posix.cc:593] FD from fork parent still in poll list: fd(22, generation: 1)
I0810 23:45:54.204020 4817648 ev_poll_posix.cc:593] FD from fork parent still in poll list: fd(19, generation: 1)
I0810 23:45:54.204029 4817648 ev_poll_posix.cc:593] FD from fork parent still in poll list: fd(22, generation: 1)
I0810 23:45:54.204036 4817648 ev_poll_posix.cc:593] FD from fork parent still in poll list: fd(19, generation: 1)
I0810 23:45:54.204044 4817648 ev_poll_posix.cc:593] FD from fork parent still in poll list: fd(22, generation: 1)
I0810 23:45:54.204052 4817648 ev_poll_posix.cc:593] FD from fork parent still in poll list: fd(19, generation: 1)
I0810 23:45:54.204061 4817648 ev_poll_posix.cc:593] FD from fork parent still in poll list: fd(22, generation: 1)
I0810 23:45:54.204068 4817648 ev_poll_posix.cc:593] FD from fork parent still in poll list: fd(19, generation: 1)
I0810 23:45:54.204075 4817648 ev_poll_posix.cc:593] FD from fork parent still in poll list: fd(22, generation: 1)
I0810 23:45:54.204107 4817648 ev_poll_posix.cc:593] FD from fork parent still in poll list: fd(19, generation: 1)
I0810 23:45:54.204115 4817648 ev_poll_posix.cc:593] FD from fork parent still in poll list: fd(22, generation: 1)
I0810 23:45:54.204120 4817648 ev_poll_posix.cc:593] FD from fork parent still in poll list: fd(19, generation: 1)
I0810 23:45:54.204127 4817648 ev_poll_posix.cc:593] FD from fork parent still in poll list: fd(22, generation: 1)
I0810 23:45:54.204133 4817648 ev_poll_posix.cc:593] FD from fork parent still in poll list: fd(19, generation: 1)
I0810 23:45:54.204139 4817648 ev_poll_posix.cc:593] FD from fork parent still in poll list: fd(22, generation: 1)
I0810 23:45:54.204144 4817648 ev_poll_posix.cc:593] FD from fork parent still in poll list: fd(19, generation: 1)
I0810 23:45:54.204150 4817648 ev_poll_posix.cc:593] FD from fork parent still in poll list: fd(22, generation: 1)
I0810 23:45:54.204155 4817648 ev_poll_posix.cc:593] FD from fork parent still in poll list: fd(19, generation: 1)
I0810 23:45:54.204161 4817648 ev_poll_posix.cc:593] FD from fork parent still in poll list: fd(22, generation: 1)
I0810 23:45:54.204166 4817648 ev_poll_posix.cc:593] FD from fork parent still in poll list: fd(19, generation: 1)
I0810 23:45:54.204171 4817648 ev_poll_posix.cc:593] FD from fork parent still in poll list: fd(22, generation: 1)
I0810 23:45:54.204176 4817648 ev_poll_posix.cc:593] FD from fork parent still in poll list: fd(19, generation: 1)
I0810 23:45:54.204182 4817648 ev_poll_posix.cc:593] FD from fork parent still in poll list: fd(22, generation: 1)
I0810 23:45:54.204187 4817648 ev_poll_posix.cc:593] FD from fork parent still in poll list: fd(19, generation: 1)
I0810 23:45:54.204195 4817648 ev_poll_posix.cc:593] FD from fork parent still in poll list: fd(22, generation: 1)
I0810 23:45:54.204201 4817648 ev_poll_posix.cc:593] FD from fork parent still in poll list: fd(19, generation: 1)
I0810 23:45:54.204207 4817648 ev_poll_posix.cc:593] FD from fork parent still in poll list: fd(22, generation: 1)
I0810 23:45:54.204212 4817648 ev_poll_posix.cc:593] FD from fork parent still in poll list: fd(19, generation: 1)
I0810 23:45:54.204218 4817648 ev_poll_posix.cc:593] FD from fork parent still in poll list: fd(22, generation: 1)
I0810 23:45:54.204223 4817648 ev_poll_posix.cc:593] FD from fork parent still in poll list: fd(19, generation: 1)
I0810 23:45:54.204229 4817648 ev_poll_posix.cc:593] FD from fork parent still in poll list: fd(22, generation: 1)
I0810 23:45:54.204234 4817648 ev_poll_posix.cc:593] FD from fork parent still in poll list: fd(19, generation: 1)
I0810 23:45:54.204242 4817648 ev_poll_posix.cc:593] FD from fork parent still in poll list: fd(22, generation: 1)
I0810 23:45:54.204247 4817648 ev_poll_posix.cc:593] FD from fork parent still in poll list: fd(19, generation: 1)
I0810 23:45:54.204255 4817648 ev_poll_posix.cc:593] FD from fork parent still in poll list: fd(22, generation: 1)
I0810 23:45:54.204260 4817648 ev_poll_posix.cc:593] FD from fork parent still in poll list: fd(19, generation: 1)
I0810 23:45:54.204270 4817648 ev_poll_posix.cc:593] FD from fork parent still in poll list: fd(22, generation: 1)
I0810 23:45:54.204276 4817648 ev_poll_posix.cc:593] FD from fork parent still in poll list: fd(19, generation: 1)
I0810 23:45:54.204284 4817648 ev_poll_posix.cc:593] FD from fork parent still in poll list: fd(22, generation: 1)
I0810 23:45:54.204289 4817648 ev_poll_posix.cc:593] FD from fork parent still in poll list: fd(19, generation: 1)
I0810 23:45:54.204296 4817648 ev_poll_posix.cc:593] FD from fork parent still in poll list: fd(22, generation: 1)
I0810 23:45:54.204302 4817648 ev_poll_posix.cc:593] FD from fork parent still in poll list: fd(22, generation: 1)
I0810 23:45:54.204308 4817648 ev_poll_posix.cc:593] FD from fork parent still in poll list: fd(22, generation: 1)
I0810 23:45:54.204314 4817648 ev_poll_posix.cc:593] FD from fork parent still in poll list: fd(22, generation: 1)
I0810 23:45:54.204320 4817648 ev_poll_posix.cc:593] FD from fork parent still in poll list: fd(22, generation: 1)
I0810 23:45:54.204331 4817648 ev_poll_posix.cc:593] FD from fork parent still in poll list: fd(22, generation: 1)
I0810 23:45:54.204337 4817648 ev_poll_posix.cc:593] FD from fork parent still in poll list: fd(22, generation: 1)
I0810 23:45:54.204343 4817648 ev_poll_posix.cc:593] FD from fork parent still in poll list: fd(22, generation: 1)
I0810 23:45:54.204349 4817648 ev_poll_posix.cc:593] FD from fork parent still in poll list: fd(22, generation: 1)
I0810 23:45:54.204355 4817648 ev_poll_posix.cc:593] FD from fork parent still in poll list: fd(22, generation: 1)
I0810 23:45:54.204361 4817648 ev_poll_posix.cc:593] FD from fork parent still in poll list: fd(22, generation: 1)
I0810 23:45:54.204367 4817648 ev_poll_posix.cc:593] FD from fork parent still in poll list: fd(22, generation: 1)
I0810 23:45:54.204373 4817648 ev_poll_posix.cc:593] FD from fork parent still in poll list: fd(22, generation: 1)
I0810 23:45:54.204382 4817648 ev_poll_posix.cc:593] FD from fork parent still in poll list: fd(22, generation: 1)
I0810 23:45:54.204388 4817648 ev_poll_posix.cc:593] FD from fork parent still in poll list: fd(22, generation: 1)
I0810 23:45:54.204419 4817648 ev_poll_posix.cc:593] FD from fork parent still in poll list: fd(22, generation: 1)
I0810 23:45:54.204437 4817648 ev_poll_posix.cc:593] FD from fork parent still in poll list: fd(22, generation: 1)
I0810 23:45:54.204456 4817648 ev_poll_posix.cc:593] FD from fork parent still in poll list: fd(22, generation: 1)
I0810 23:45:54.204465 4817648 ev_poll_posix.cc:593] FD from fork parent still in poll list: fd(22, generation: 1)
I0810 23:45:54.204472 4817648 ev_poll_posix.cc:593] FD from fork parent still in poll list: fd(22, generation: 1)
I0810 23:45:54.204486 4817648 ev_poll_posix.cc:593] FD from fork parent still in poll list: fd(22, generation: 1)
I0810 23:45:54.204494 4817648 ev_poll_posix.cc:593] FD from fork parent still in poll list: fd(22, generation: 1)
I0810 23:45:54.204500 4817648 ev_poll_posix.cc:593] FD from fork parent still in poll list: fd(22, generation: 1)
I0810 23:45:54.204506 4817648 ev_poll_posix.cc:593] FD from fork parent still in poll list: fd(22, generation: 1)
I0810 23:45:54.204538 4817648 ev_poll_posix.cc:593] FD from fork parent still in poll list: fd(22, generation: 1)
I0810 23:45:54.205095 4817648 ev_poll_posix.cc:593] FD from fork parent still in poll list: fd(22, generation: 1)
I0810 23:45:54.205120 4817648 ev_poll_posix.cc:593] FD from fork parent still in poll list: fd(22, generation: 1)
I0810 23:45:54.205128 4817648 ev_poll_posix.cc:593] FD from fork parent still in poll list: fd(22, generation: 1)
I0810 23:45:54.205136 4817648 ev_poll_posix.cc:593] FD from fork parent still in poll list: fd(22, generation: 1)
I0810 23:45:54.205142 4817648 ev_poll_posix.cc:593] FD from fork parent still in poll list: fd(22, generation: 1)
I0810 23:45:54.205152 4817648 ev_poll_posix.cc:593] FD from fork parent still in poll list: fd(22, generation: 1)
I0810 23:45:54.205159 4817648 ev_poll_posix.cc:593] FD from fork parent still in poll list: fd(22, generation: 1)
I0810 23:45:54.205169 4817648 ev_poll_posix.cc:593] FD from fork parent still in poll list: fd(22, generation: 1)
I0810 23:45:54.205176 4817648 ev_poll_posix.cc:593] FD from fork parent still in poll list: fd(22, generation: 1)
I0810 23:45:54.205185 4817648 ev_poll_posix.cc:593] FD from fork parent still in poll list: fd(22, generation: 1)
I0810 23:45:54.205191 4817648 ev_poll_posix.cc:593] FD from fork parent still in poll list: fd(22, generation: 1)
I0810 23:45:54.205198 4817648 ev_poll_posix.cc:593] FD from fork parent still in poll list: fd(22, generation: 1)
I0810 23:45:54.205204 4817648 ev_poll_posix.cc:593] FD from fork parent still in poll list: fd(22, generation: 1)
I0810 23:45:54.205210 4817648 ev_poll_posix.cc:593] FD from fork parent still in poll list: fd(22, generation: 1)
I0810 23:45:54.205217 4817648 ev_poll_posix.cc:593] FD from fork parent still in poll list: fd(22, generation: 1)
I0810 23:45:54.205226 4817648 ev_poll_posix.cc:593] FD from fork parent still in poll list: fd(22, generation: 1)
I0810 23:45:54.205233 4817648 ev_poll_posix.cc:593] FD from fork parent still in poll list: fd(22, generation: 1)
I0810 23:45:54.205239 4817648 ev_poll_posix.cc:593] FD from fork parent still in poll list: fd(22, generation: 1)
I0810 23:45:54.205245 4817648 ev_poll_posix.cc:593] FD from fork parent still in poll list: fd(22, generation: 1)
I0810 23:45:54.205251 4817648 ev_poll_posix.cc:593] FD from fork parent still in poll list: fd(22, generation: 1)
I0810 23:45:54.205262 4817648 ev_poll_posix.cc:593] FD from fork parent still in poll list: fd(22, generation: 1)
I0810 23:45:54.205269 4817648 ev_poll_posix.cc:593] FD from fork parent still in poll list: fd(22, generation: 1)
I0810 23:45:54.205275 4817648 ev_poll_posix.cc:593] FD from fork parent still in poll list: fd(22, generation: 1)
I0810 23:45:54.205281 4817648 ev_poll_posix.cc:593] FD from fork parent still in poll list: fd(22, generation: 1)
I0810 23:45:54.205288 4817648 ev_poll_posix.cc:593] FD from fork parent still in poll list: fd(22, generation: 1)
I0810 23:45:54.205294 4817648 ev_poll_posix.cc:593] FD from fork parent still in poll list: fd(22, generation: 1)
I0810 23:45:54.205300 4817648 ev_poll_posix.cc:593] FD from fork parent still in poll list: fd(22, generation: 1)
I0810 23:45:54.205306 4817648 ev_poll_posix.cc:593] FD from fork parent still in poll list: fd(22, generation: 1)
I0810 23:45:54.205312 4817648 ev_poll_posix.cc:593] FD from fork parent still in poll list: fd(22, generation: 1)
I0810 23:45:54.205318 4817648 ev_poll_posix.cc:593] FD from fork parent still in poll list: fd(22, generation: 1)
I0810 23:45:54.205324 4817648 ev_poll_posix.cc:593] FD from fork parent still in poll list: fd(22, generation: 1)
I0810 23:45:54.205330 4817648 ev_poll_posix.cc:593] FD from fork parent still in poll list: fd(22, generation: 1)
I0810 23:45:54.205336 4817648 ev_poll_posix.cc:593] FD from fork parent still in poll list: fd(22, generation: 1)
I0810 23:45:54.205342 4817648 ev_poll_posix.cc:593] FD from fork parent still in poll list: fd(22, generation: 1)
I0810 23:45:54.205348 4817648 ev_poll_posix.cc:593] FD from fork parent still in poll list: fd(22, generation: 1)
I0810 23:45:54.205354 4817648 ev_poll_posix.cc:593] FD from fork parent still in poll list: fd(22, generation: 1)
I0810 23:45:54.205361 4817648 ev_poll_posix.cc:593] FD from fork parent still in poll list: fd(22, generation: 1)
I0810 23:45:54.205367 4817648 ev_poll_posix.cc:593] FD from fork parent still in poll list: fd(22, generation: 1)
I0810 23:45:54.205373 4817648 ev_poll_posix.cc:593] FD from fork parent still in poll list: fd(22, generation: 1)
I0810 23:45:54.205379 4817648 ev_poll_posix.cc:593] FD from fork parent still in poll list: fd(22, generation: 1)
I0810 23:45:54.205385 4817648 ev_poll_posix.cc:593] FD from fork parent still in poll list: fd(22, generation: 1)
I0810 23:45:54.205391 4817648 ev_poll_posix.cc:593] FD from fork parent still in poll list: fd(22, generation: 1)
I0810 23:45:54.205397 4817648 ev_poll_posix.cc:593] FD from fork parent still in poll list: fd(22, generation: 1)
I0810 23:45:54.205403 4817648 ev_poll_posix.cc:593] FD from fork parent still in poll list: fd(22, generation: 1)
I0810 23:45:54.205424 4817648 ev_poll_posix.cc:593] FD from fork parent still in poll list: fd(22, generation: 1)
I0810 23:45:54.205430 4817648 ev_poll_posix.cc:593] FD from fork parent still in poll list: fd(22, generation: 1)
I0810 23:45:54.205436 4817648 ev_poll_posix.cc:593] FD from fork parent still in poll list: fd(22, generation: 1)
I0810 23:45:54.205442 4817648 ev_poll_posix.cc:593] FD from fork parent still in poll list: fd(22, generation: 1)
I0810 23:45:54.205448 4817648 ev_poll_posix.cc:593] FD from fork parent still in poll list: fd(22, generation: 1)
I0810 23:45:54.205454 4817648 ev_poll_posix.cc:593] FD from fork parent still in poll list: fd(22, generation: 1)
I0810 23:45:54.205460 4817648 ev_poll_posix.cc:593] FD from fork parent still in poll list: fd(22, generation: 1)
I0810 23:45:54.205466 4817648 ev_poll_posix.cc:593] FD from fork parent still in poll list: fd(22, generation: 1)
I0810 23:45:54.205476 4817648 ev_poll_posix.cc:593] FD from fork parent still in poll list: fd(22, generation: 1)
I0810 23:45:54.205482 4817648 ev_poll_posix.cc:593] FD from fork parent still in poll list: fd(22, generation: 1)
I0810 23:45:54.205488 4817648 ev_poll_posix.cc:593] FD from fork parent still in poll list: fd(22, generation: 1)
I0810 23:45:54.205494 4817648 ev_poll_posix.cc:593] FD from fork parent still in poll list: fd(22, generation: 1)
I0810 23:45:54.205500 4817648 ev_poll_posix.cc:593] FD from fork parent still in poll list: fd(22, generation: 1)
I0810 23:45:54.205506 4817648 ev_poll_posix.cc:593] FD from fork parent still in poll list: fd(22, generation: 1)
I0810 23:45:54.205512 4817648 ev_poll_posix.cc:593] FD from fork parent still in poll list: fd(22, generation: 1)
I0810 23:45:54.205517 4817648 ev_poll_posix.cc:593] FD from fork parent still in poll list: fd(22, generation: 1)
I0810 23:45:54.205523 4817648 ev_poll_posix.cc:593] FD from fork parent still in poll list: fd(22, generation: 1)
I0810 23:45:54.205529 4817648 ev_poll_posix.cc:593] FD from fork parent still in poll list: fd(22, generation: 1)
I0810 23:45:54.205535 4817648 ev_poll_posix.cc:593] FD from fork parent still in poll list: fd(22, generation: 1)
I0810 23:45:54.205541 4817648 ev_poll_posix.cc:593] FD from fork parent still in poll list: fd(22, generation: 1)
I0810 23:45:54.205547 4817648 ev_poll_posix.cc:593] FD from fork parent still in poll list: fd(22, generation: 1)
I0810 23:45:54.205553 4817648 ev_poll_posix.cc:593] FD from fork parent still in poll list: fd(22, generation: 1)
I0810 23:45:54.205558 4817648 ev_poll_posix.cc:593] FD from fork parent still in poll list: fd(22, generation: 1)
I0810 23:45:54.205569 4817648 ev_poll_posix.cc:593] FD from fork parent still in poll list: fd(22, generation: 1)
I0810 23:45:54.205576 4817648 ev_poll_posix.cc:593] FD from fork parent still in poll list: fd(22, generation: 1)
I0810 23:45:54.205582 4817648 ev_poll_posix.cc:593] FD from fork parent still in poll list: fd(22, generation: 1)
I0810 23:45:54.205588 4817648 ev_poll_posix.cc:593] FD from fork parent still in poll list: fd(22, generation: 1)
I0810 23:45:54.205593 4817648 ev_poll_posix.cc:593] FD from fork parent still in poll list: fd(22, generation: 1)
I0810 23:45:54.205599 4817648 ev_poll_posix.cc:593] FD from fork parent still in poll list: fd(22, generation: 1)
I0810 23:45:54.205608 4817648 ev_poll_posix.cc:593] FD from fork parent still in poll list: fd(22, generation: 1)
I0810 23:45:54.205614 4817648 ev_poll_posix.cc:593] FD from fork parent still in poll list: fd(22, generation: 1)
I0810 23:45:54.205620 4817648 ev_poll_posix.cc:593] FD from fork parent still in poll list: fd(22, generation: 1)
I0810 23:45:54.205626 4817648 ev_poll_posix.cc:593] FD from fork parent still in poll list: fd(22, generation: 1)
I0810 23:45:54.205633 4817648 ev_poll_posix.cc:593] FD from fork parent still in poll list: fd(22, generation: 1)
I0810 23:45:54.205639 4817648 ev_poll_posix.cc:593] FD from fork parent still in poll list: fd(22, generation: 1)
I0810 23:45:54.205646 4817648 ev_poll_posix.cc:593] FD from fork parent still in poll list: fd(22, generation: 1)
I0810 23:45:54.205652 4817648 ev_poll_posix.cc:593] FD from fork parent still in poll list: fd(22, generation: 1)
I0810 23:45:54.205658 4817648 ev_poll_posix.cc:593] FD from fork parent still in poll list: fd(22, generation: 1)
I0810 23:45:54.205664 4817648 ev_poll_posix.cc:593] FD from fork parent still in poll list: fd(22, generation: 1)
I0810 23:45:54.205669 4817648 ev_poll_posix.cc:593] FD from fork parent still in poll list: fd(22, generation: 1)
I0810 23:45:54.205675 4817648 ev_poll_posix.cc:593] FD from fork parent still in poll list: fd(22, generation: 1)
I0810 23:45:54.205681 4817648 ev_poll_posix.cc:593] FD from fork parent still in poll list: fd(22, generation: 1)
I0810 23:45:54.205687 4817648 ev_poll_posix.cc:593] FD from fork parent still in poll list: fd(22, generation: 1)
I0810 23:45:54.205693 4817648 ev_poll_posix.cc:593] FD from fork parent still in poll list: fd(22, generation: 1)
I0810 23:45:54.205699 4817648 ev_poll_posix.cc:593] FD from fork parent still in poll list: fd(22, generation: 1)
I0810 23:45:54.205705 4817648 ev_poll_posix.cc:593] FD from fork parent still in poll list: fd(22, generation: 1)
I0810 23:45:54.205711 4817648 ev_poll_posix.cc:593] FD from fork parent still in poll list: fd(22, generation: 1)
I0810 23:45:54.205723 4817648 ev_poll_posix.cc:593] FD from fork parent still in poll list: fd(22, generation: 1)
I0810 23:45:54.205736 4817648 ev_poll_posix.cc:593] FD from fork parent still in poll list: fd(22, generation: 1)
I0810 23:45:54.205749 4817648 ev_poll_posix.cc:593] FD from fork parent still in poll list: fd(22, generation: 1)
I0810 23:45:54.205760 4817648 ev_poll_posix.cc:593] FD from fork parent still in poll list: fd(22, generation: 1)
I0810 23:45:54.205766 4817648 ev_poll_posix.cc:593] FD from fork parent still in poll list: fd(22, generation: 1)
I0810 23:45:54.205773 4817648 ev_poll_posix.cc:593] FD from fork parent still in poll list: fd(22, generation: 1)
I0810 23:45:54.205779 4817648 ev_poll_posix.cc:593] FD from fork parent still in poll list: fd(22, generation: 1)
I0810 23:45:54.205785 4817648 ev_poll_posix.cc:593] FD from fork parent still in poll list: fd(22, generation: 1)
I0810 23:45:54.205791 4817648 ev_poll_posix.cc:593] FD from fork parent still in poll list: fd(22, generation: 1)
I0810 23:45:54.205797 4817648 ev_poll_posix.cc:593] FD from fork parent still in poll list: fd(22, generation: 1)
I0810 23:45:54.205803 4817648 ev_poll_posix.cc:593] FD from fork parent still in poll list: fd(22, generation: 1)
I0810 23:45:54.205817 4817648 ev_poll_posix.cc:593] FD from fork parent still in poll list: fd(22, generation: 1)
I0810 23:45:54.205823 4817648 ev_poll_posix.cc:593] FD from fork parent still in poll list: fd(22, generation: 1)
I0810 23:45:54.205829 4817648 ev_poll_posix.cc:593] FD from fork parent still in poll list: fd(22, generation: 1)
I0810 23:45:54.205835 4817648 ev_poll_posix.cc:593] FD from fork parent still in poll list: fd(22, generation: 1)
I0810 23:45:54.205841 4817648 ev_poll_posix.cc:593] FD from fork parent still in poll list: fd(22, generation: 1)
I0810 23:45:54.205847 4817648 ev_poll_posix.cc:593] FD from fork parent still in poll list: fd(22, generation: 1)
I0810 23:46:00.211932 4798456 fork_posix.cc:71] Other threads are currently calling into gRPC, skipping fork() handlers
I0810 23:46:00.215472 4817858 ev_poll_posix.cc:593] FD from fork parent still in poll list: fd(22, generation: 1)
I0810 23:46:00.215564 4817858 ev_poll_posix.cc:593] FD from fork parent still in poll list: fd(19, generation: 1)
I0810 23:46:05.550611 4798456 fork_posix.cc:71] Other threads are currently calling into gRPC, skipping fork() handlers
I0810 23:46:05.554051 4818002 ev_poll_posix.cc:593] FD from fork parent still in poll list: fd(22, generation: 1)
I0810 23:46:05.554137 4818002 ev_poll_posix.cc:593] FD from fork parent still in poll list: fd(19, generation: 1)
I0810 23:46:10.865205 4798456 fork_posix.cc:71] Other threads are currently calling into gRPC, skipping fork() handlers
I0810 23:46:10.868513 4818159 ev_poll_posix.cc:593] FD from fork parent still in poll list: fd(22, generation: 1)
I0810 23:46:10.868769 4818159 ev_poll_posix.cc:593] FD from fork parent still in poll list: fd(19, generation: 1)
I0810 23:46:16.177830 4798456 fork_posix.cc:71] Other threads are currently calling into gRPC, skipping fork() handlers
I0810 23:46:16.180671 4818296 ev_poll_posix.cc:593] FD from fork parent still in poll list: fd(22, generation: 1)
I0810 23:46:16.180750 4818296 ev_poll_posix.cc:593] FD from fork parent still in poll list: fd(19, generation: 1)
I0810 23:46:21.471865 4798456 fork_posix.cc:71] Other threads are currently calling into gRPC, skipping fork() handlers
I0810 23:46:21.474530 4818447 ev_poll_posix.cc:593] FD from fork parent still in poll list: fd(22, generation: 1)
I0810 23:46:21.474614 4818447 ev_poll_posix.cc:593] FD from fork parent still in poll list: fd(19, generation: 1)
2026-08-10 23:46:26,157 - [  365.0s]   ... 49 files, 10.46 GB on the dataset device
I0810 23:46:26.972420 4798456 fork_posix.cc:71] Other threads are currently calling into gRPC, skipping fork() handlers
I0810 23:46:26.974013 4818691 ev_poll_posix.cc:593] FD from fork parent still in poll list: fd(22, generation: 1)
I0810 23:46:26.974048 4818691 ev_poll_posix.cc:593] FD from fork parent still in poll list: fd(19, generation: 1)
I0810 23:46:32.424646 4798456 fork_posix.cc:71] Other threads are currently calling into gRPC, skipping fork() handlers
I0810 23:46:32.427535 4819167 ev_poll_posix.cc:593] FD from fork parent still in poll list: fd(22, generation: 1)
I0810 23:46:32.427680 4819167 ev_poll_posix.cc:593] FD from fork parent still in poll list: fd(19, generation: 1)
I0810 23:46:37.923674 4798456 fork_posix.cc:71] Other threads are currently calling into gRPC, skipping fork() handlers
I0810 23:46:37.926365 4819689 ev_poll_posix.cc:593] FD from fork parent still in poll list: fd(22, generation: 1)
I0810 23:46:37.926487 4819689 ev_poll_posix.cc:593] FD from fork parent still in poll list: fd(19, generation: 1)
I0810 23:46:43.263267 4798456 fork_posix.cc:71] Other threads are currently calling into gRPC, skipping fork() handlers
I0810 23:46:43.265937 4819915 ev_poll_posix.cc:593] FD from fork parent still in poll list: fd(22, generation: 1)
I0810 23:46:43.266038 4819915 ev_poll_posix.cc:593] FD from fork parent still in poll list: fd(19, generation: 1)
I0810 23:46:48.609308 4798456 fork_posix.cc:71] Other threads are currently calling into gRPC, skipping fork() handlers
I0810 23:46:48.612836 4820085 ev_poll_posix.cc:593] FD from fork parent still in poll list: fd(22, generation: 1)
I0810 23:46:48.612945 4820085 ev_poll_posix.cc:593] FD from fork parent still in poll list: fd(22, generation: 1)
I0810 23:46:48.612968 4820085 ev_poll_posix.cc:593] FD from fork parent still in poll list: fd(22, generation: 1)
I0810 23:46:48.612979 4820085 ev_poll_posix.cc:593] FD from fork parent still in poll list: fd(22, generation: 1)
I0810 23:46:48.612990 4820085 ev_poll_posix.cc:593] FD from fork parent still in poll list: fd(22, generation: 1)
I0810 23:46:48.613006 4820085 ev_poll_posix.cc:593] FD from fork parent still in poll list: fd(22, generation: 1)
I0810 23:46:48.613022 4820085 ev_poll_posix.cc:593] FD from fork parent still in poll list: fd(22, generation: 1)
I0810 23:46:48.613043 4820085 ev_poll_posix.cc:593] FD from fork parent still in poll list: fd(22, generation: 1)
I0810 23:46:48.613060 4820085 ev_poll_posix.cc:593] FD from fork parent still in poll list: fd(22, generation: 1)
I0810 23:46:48.613072 4820085 ev_poll_posix.cc:593] FD from fork parent still in poll list: fd(22, generation: 1)
I0810 23:46:48.613082 4820085 ev_poll_posix.cc:593] FD from fork parent still in poll list: fd(22, generation: 1)
I0810 23:46:48.613092 4820085 ev_poll_posix.cc:593] FD from fork parent still in poll list: fd(22, generation: 1)
I0810 23:46:48.613102 4820085 ev_poll_posix.cc:593] FD from fork parent still in poll list: fd(22, generation: 1)
I0810 23:46:48.613112 4820085 ev_poll_posix.cc:593] FD from fork parent still in poll list: fd(22, generation: 1)
I0810 23:46:48.613122 4820085 ev_poll_posix.cc:593] FD from fork parent still in poll list: fd(22, generation: 1)
I0810 23:46:48.613133 4820085 ev_poll_posix.cc:593] FD from fork parent still in poll list: fd(22, generation: 1)
I0810 23:46:48.613143 4820085 ev_poll_posix.cc:593] FD from fork parent still in poll list: fd(22, generation: 1)
I0810 23:46:48.613152 4820085 ev_poll_posix.cc:593] FD from fork parent still in poll list: fd(22, generation: 1)
I0810 23:46:48.613163 4820085 ev_poll_posix.cc:593] FD from fork parent still in poll list: fd(22, generation: 1)
I0810 23:46:48.613174 4820085 ev_poll_posix.cc:593] FD from fork parent still in poll list: fd(22, generation: 1)
I0810 23:46:48.613183 4820085 ev_poll_posix.cc:593] FD from fork parent still in poll list: fd(22, generation: 1)
I0810 23:46:48.613192 4820085 ev_poll_posix.cc:593] FD from fork parent still in poll list: fd(22, generation: 1)
I0810 23:46:48.613202 4820085 ev_poll_posix.cc:593] FD from fork parent still in poll list: fd(22, generation: 1)
I0810 23:46:48.613211 4820085 ev_poll_posix.cc:593] FD from fork parent still in poll list: fd(22, generation: 1)
I0810 23:46:48.613220 4820085 ev_poll_posix.cc:593] FD from fork parent still in poll list: fd(22, generation: 1)
I0810 23:46:48.613230 4820085 ev_poll_posix.cc:593] FD from fork parent still in poll list: fd(22, generation: 1)
I0810 23:46:48.613240 4820085 ev_poll_posix.cc:593] FD from fork parent still in poll list: fd(22, generation: 1)
I0810 23:46:48.613253 4820085 ev_poll_posix.cc:593] FD from fork parent still in poll list: fd(22, generation: 1)
I0810 23:46:48.613264 4820085 ev_poll_posix.cc:593] FD from fork parent still in poll list: fd(22, generation: 1)
I0810 23:46:48.613273 4820085 ev_poll_posix.cc:593] FD from fork parent still in poll list: fd(22, generation: 1)
I0810 23:46:48.613282 4820085 ev_poll_posix.cc:593] FD from fork parent still in poll list: fd(22, generation: 1)
I0810 23:46:48.613291 4820085 ev_poll_posix.cc:593] FD from fork parent still in poll list: fd(22, generation: 1)
I0810 23:46:48.613300 4820085 ev_poll_posix.cc:593] FD from fork parent still in poll list: fd(22, generation: 1)
I0810 23:46:48.613309 4820085 ev_poll_posix.cc:593] FD from fork parent still in poll list: fd(22, generation: 1)
I0810 23:46:48.613320 4820085 ev_poll_posix.cc:593] FD from fork parent still in poll list: fd(22, generation: 1)
I0810 23:46:48.613336 4820085 ev_poll_posix.cc:593] FD from fork parent still in poll list: fd(22, generation: 1)
I0810 23:46:48.613375 4820085 ev_poll_posix.cc:593] FD from fork parent still in poll list: fd(22, generation: 1)
I0810 23:46:48.613404 4820085 ev_poll_posix.cc:593] FD from fork parent still in poll list: fd(22, generation: 1)
I0810 23:46:48.613418 4820085 ev_poll_posix.cc:593] FD from fork parent still in poll list: fd(22, generation: 1)
I0810 23:46:48.613430 4820085 ev_poll_posix.cc:593] FD from fork parent still in poll list: fd(22, generation: 1)
I0810 23:46:48.613440 4820085 ev_poll_posix.cc:593] FD from fork parent still in poll list: fd(22, generation: 1)
I0810 23:46:48.613450 4820085 ev_poll_posix.cc:593] FD from fork parent still in poll list: fd(22, generation: 1)
I0810 23:46:48.613460 4820085 ev_poll_posix.cc:593] FD from fork parent still in poll list: fd(22, generation: 1)
I0810 23:46:48.613470 4820085 ev_poll_posix.cc:593] FD from fork parent still in poll list: fd(22, generation: 1)
I0810 23:46:48.613488 4820085 ev_poll_posix.cc:593] FD from fork parent still in poll list: fd(22, generation: 1)
I0810 23:46:48.613502 4820085 ev_poll_posix.cc:593] FD from fork parent still in poll list: fd(22, generation: 1)
I0810 23:46:48.613519 4820085 ev_poll_posix.cc:593] FD from fork parent still in poll list: fd(22, generation: 1)
I0810 23:46:48.613533 4820085 ev_poll_posix.cc:593] FD from fork parent still in poll list: fd(22, generation: 1)
I0810 23:46:48.613545 4820085 ev_poll_posix.cc:593] FD from fork parent still in poll list: fd(22, generation: 1)
I0810 23:46:48.613555 4820085 ev_poll_posix.cc:593] FD from fork parent still in poll list: fd(22, generation: 1)
I0810 23:46:48.613565 4820085 ev_poll_posix.cc:593] FD from fork parent still in poll list: fd(22, generation: 1)
I0810 23:46:48.613575 4820085 ev_poll_posix.cc:593] FD from fork parent still in poll list: fd(22, generation: 1)
I0810 23:46:48.613584 4820085 ev_poll_posix.cc:593] FD from fork parent still in poll list: fd(22, generation: 1)
I0810 23:46:48.613593 4820085 ev_poll_posix.cc:593] FD from fork parent still in poll list: fd(22, generation: 1)
I0810 23:46:48.613603 4820085 ev_poll_posix.cc:593] FD from fork parent still in poll list: fd(22, generation: 1)
I0810 23:46:48.613613 4820085 ev_poll_posix.cc:593] FD from fork parent still in poll list: fd(22, generation: 1)
I0810 23:46:48.613622 4820085 ev_poll_posix.cc:593] FD from fork parent still in poll list: fd(22, generation: 1)
I0810 23:46:48.613634 4820085 ev_poll_posix.cc:593] FD from fork parent still in poll list: fd(22, generation: 1)
I0810 23:46:48.613647 4820085 ev_poll_posix.cc:593] FD from fork parent still in poll list: fd(22, generation: 1)
I0810 23:46:48.613657 4820085 ev_poll_posix.cc:593] FD from fork parent still in poll list: fd(22, generation: 1)
I0810 23:46:48.613666 4820085 ev_poll_posix.cc:593] FD from fork parent still in poll list: fd(22, generation: 1)
I0810 23:46:48.613675 4820085 ev_poll_posix.cc:593] FD from fork parent still in poll list: fd(22, generation: 1)
I0810 23:46:48.613685 4820085 ev_poll_posix.cc:593] FD from fork parent still in poll list: fd(22, generation: 1)
I0810 23:46:48.613727 4820085 ev_poll_posix.cc:593] FD from fork parent still in poll list: fd(22, generation: 1)
I0810 23:46:48.613753 4820085 ev_poll_posix.cc:593] FD from fork parent still in poll list: fd(22, generation: 1)
I0810 23:46:48.613770 4820085 ev_poll_posix.cc:593] FD from fork parent still in poll list: fd(22, generation: 1)
I0810 23:46:48.613783 4820085 ev_poll_posix.cc:593] FD from fork parent still in poll list: fd(22, generation: 1)
I0810 23:46:48.613792 4820085 ev_poll_posix.cc:593] FD from fork parent still in poll list: fd(22, generation: 1)
I0810 23:46:48.613801 4820085 ev_poll_posix.cc:593] FD from fork parent still in poll list: fd(22, generation: 1)
I0810 23:46:48.613810 4820085 ev_poll_posix.cc:593] FD from fork parent still in poll list: fd(22, generation: 1)
I0810 23:46:48.613941 4820085 ev_poll_posix.cc:593] FD from fork parent still in poll list: fd(22, generation: 1)
I0810 23:46:48.613996 4820085 ev_poll_posix.cc:593] FD from fork parent still in poll list: fd(22, generation: 1)
I0810 23:46:48.614013 4820085 ev_poll_posix.cc:593] FD from fork parent still in poll list: fd(22, generation: 1)
I0810 23:46:48.614035 4820085 ev_poll_posix.cc:593] FD from fork parent still in poll list: fd(22, generation: 1)
I0810 23:46:48.614049 4820085 ev_poll_posix.cc:593] FD from fork parent still in poll list: fd(22, generation: 1)
I0810 23:46:48.614059 4820085 ev_poll_posix.cc:593] FD from fork parent still in poll list: fd(22, generation: 1)
I0810 23:46:48.614069 4820085 ev_poll_posix.cc:593] FD from fork parent still in poll list: fd(22, generation: 1)
I0810 23:46:48.614080 4820085 ev_poll_posix.cc:593] FD from fork parent still in poll list: fd(22, generation: 1)
I0810 23:46:48.614090 4820085 ev_poll_posix.cc:593] FD from fork parent still in poll list: fd(22, generation: 1)
I0810 23:46:48.614099 4820085 ev_poll_posix.cc:593] FD from fork parent still in poll list: fd(22, generation: 1)
I0810 23:46:48.614185 4820085 ev_poll_posix.cc:593] FD from fork parent still in poll list: fd(22, generation: 1)
I0810 23:46:48.614199 4820085 ev_poll_posix.cc:593] FD from fork parent still in poll list: fd(22, generation: 1)
I0810 23:46:48.614208 4820085 ev_poll_posix.cc:593] FD from fork parent still in poll list: fd(22, generation: 1)
I0810 23:46:48.614218 4820085 ev_poll_posix.cc:593] FD from fork parent still in poll list: fd(22, generation: 1)
I0810 23:46:48.614227 4820085 ev_poll_posix.cc:593] FD from fork parent still in poll list: fd(22, generation: 1)
I0810 23:46:48.614239 4820085 ev_poll_posix.cc:593] FD from fork parent still in poll list: fd(22, generation: 1)
I0810 23:46:48.614258 4820085 ev_poll_posix.cc:593] FD from fork parent still in poll list: fd(22, generation: 1)
I0810 23:46:48.614268 4820085 ev_poll_posix.cc:593] FD from fork parent still in poll list: fd(22, generation: 1)
I0810 23:46:48.614278 4820085 ev_poll_posix.cc:593] FD from fork parent still in poll list: fd(22, generation: 1)
I0810 23:46:48.614287 4820085 ev_poll_posix.cc:593] FD from fork parent still in poll list: fd(22, generation: 1)
I0810 23:46:48.614296 4820085 ev_poll_posix.cc:593] FD from fork parent still in poll list: fd(22, generation: 1)
I0810 23:46:48.614306 4820085 ev_poll_posix.cc:593] FD from fork parent still in poll list: fd(22, generation: 1)
I0810 23:46:48.614315 4820085 ev_poll_posix.cc:593] FD from fork parent still in poll list: fd(22, generation: 1)
I0810 23:46:48.614324 4820085 ev_poll_posix.cc:593] FD from fork parent still in poll list: fd(22, generation: 1)
I0810 23:46:48.614334 4820085 ev_poll_posix.cc:593] FD from fork parent still in poll list: fd(22, generation: 1)
I0810 23:46:48.614343 4820085 ev_poll_posix.cc:593] FD from fork parent still in poll list: fd(22, generation: 1)
I0810 23:46:48.614357 4820085 ev_poll_posix.cc:593] FD from fork parent still in poll list: fd(22, generation: 1)
I0810 23:46:48.614374 4820085 ev_poll_posix.cc:593] FD from fork parent still in poll list: fd(22, generation: 1)
I0810 23:46:48.614390 4820085 ev_poll_posix.cc:593] FD from fork parent still in poll list: fd(22, generation: 1)
I0810 23:46:48.614406 4820085 ev_poll_posix.cc:593] FD from fork parent still in poll list: fd(22, generation: 1)
I0810 23:46:48.614422 4820085 ev_poll_posix.cc:593] FD from fork parent still in poll list: fd(22, generation: 1)
I0810 23:46:48.614439 4820085 ev_poll_posix.cc:593] FD from fork parent still in poll list: fd(22, generation: 1)
I0810 23:46:48.614492 4820085 ev_poll_posix.cc:593] FD from fork parent still in poll list: fd(22, generation: 1)
I0810 23:46:48.614686 4820085 ev_poll_posix.cc:593] FD from fork parent still in poll list: fd(22, generation: 1)
I0810 23:46:48.614702 4820085 ev_poll_posix.cc:593] FD from fork parent still in poll list: fd(22, generation: 1)
I0810 23:46:48.614711 4820085 ev_poll_posix.cc:593] FD from fork parent still in poll list: fd(22, generation: 1)
I0810 23:46:48.614720 4820085 ev_poll_posix.cc:593] FD from fork parent still in poll list: fd(22, generation: 1)
I0810 23:46:48.614728 4820085 ev_poll_posix.cc:593] FD from fork parent still in poll list: fd(22, generation: 1)
I0810 23:46:48.614737 4820085 ev_poll_posix.cc:593] FD from fork parent still in poll list: fd(22, generation: 1)
I0810 23:46:48.614745 4820085 ev_poll_posix.cc:593] FD from fork parent still in poll list: fd(22, generation: 1)
I0810 23:46:48.614754 4820085 ev_poll_posix.cc:593] FD from fork parent still in poll list: fd(22, generation: 1)
I0810 23:46:48.614762 4820085 ev_poll_posix.cc:593] FD from fork parent still in poll list: fd(22, generation: 1)
I0810 23:46:48.614770 4820085 ev_poll_posix.cc:593] FD from fork parent still in poll list: fd(22, generation: 1)
I0810 23:46:48.614779 4820085 ev_poll_posix.cc:593] FD from fork parent still in poll list: fd(22, generation: 1)
I0810 23:46:48.614787 4820085 ev_poll_posix.cc:593] FD from fork parent still in poll list: fd(22, generation: 1)
I0810 23:46:48.614795 4820085 ev_poll_posix.cc:593] FD from fork parent still in poll list: fd(22, generation: 1)
I0810 23:46:48.614803 4820085 ev_poll_posix.cc:593] FD from fork parent still in poll list: fd(22, generation: 1)
I0810 23:46:48.614811 4820085 ev_poll_posix.cc:593] FD from fork parent still in poll list: fd(22, generation: 1)
I0810 23:46:48.614819 4820085 ev_poll_posix.cc:593] FD from fork parent still in poll list: fd(22, generation: 1)
I0810 23:46:48.614828 4820085 ev_poll_posix.cc:593] FD from fork parent still in poll list: fd(22, generation: 1)
I0810 23:46:48.614836 4820085 ev_poll_posix.cc:593] FD from fork parent still in poll list: fd(22, generation: 1)
I0810 23:46:48.614844 4820085 ev_poll_posix.cc:593] FD from fork parent still in poll list: fd(22, generation: 1)
I0810 23:46:48.614852 4820085 ev_poll_posix.cc:593] FD from fork parent still in poll list: fd(22, generation: 1)
I0810 23:46:48.614861 4820085 ev_poll_posix.cc:593] FD from fork parent still in poll list: fd(22, generation: 1)
I0810 23:46:48.614869 4820085 ev_poll_posix.cc:593] FD from fork parent still in poll list: fd(22, generation: 1)
I0810 23:46:48.614877 4820085 ev_poll_posix.cc:593] FD from fork parent still in poll list: fd(22, generation: 1)
I0810 23:46:48.614885 4820085 ev_poll_posix.cc:593] FD from fork parent still in poll list: fd(22, generation: 1)
I0810 23:46:48.614893 4820085 ev_poll_posix.cc:593] FD from fork parent still in poll list: fd(22, generation: 1)
I0810 23:46:48.614903 4820085 ev_poll_posix.cc:593] FD from fork parent still in poll list: fd(22, generation: 1)
I0810 23:46:48.614912 4820085 ev_poll_posix.cc:593] FD from fork parent still in poll list: fd(22, generation: 1)
I0810 23:46:48.614920 4820085 ev_poll_posix.cc:593] FD from fork parent still in poll list: fd(22, generation: 1)
I0810 23:46:48.614928 4820085 ev_poll_posix.cc:593] FD from fork parent still in poll list: fd(22, generation: 1)
I0810 23:46:48.614936 4820085 ev_poll_posix.cc:593] FD from fork parent still in poll list: fd(22, generation: 1)
I0810 23:46:48.614944 4820085 ev_poll_posix.cc:593] FD from fork parent still in poll list: fd(22, generation: 1)
I0810 23:46:48.614952 4820085 ev_poll_posix.cc:593] FD from fork parent still in poll list: fd(22, generation: 1)
I0810 23:46:48.614960 4820085 ev_poll_posix.cc:593] FD from fork parent still in poll list: fd(22, generation: 1)
I0810 23:46:48.614968 4820085 ev_poll_posix.cc:593] FD from fork parent still in poll list: fd(22, generation: 1)
I0810 23:46:48.614976 4820085 ev_poll_posix.cc:593] FD from fork parent still in poll list: fd(22, generation: 1)
I0810 23:46:48.614984 4820085 ev_poll_posix.cc:593] FD from fork parent still in poll list: fd(22, generation: 1)
I0810 23:46:48.614992 4820085 ev_poll_posix.cc:593] FD from fork parent still in poll list: fd(22, generation: 1)
I0810 23:46:48.615000 4820085 ev_poll_posix.cc:593] FD from fork parent still in poll list: fd(22, generation: 1)
I0810 23:46:48.615016 4820085 ev_poll_posix.cc:593] FD from fork parent still in poll list: fd(22, generation: 1)
I0810 23:46:48.615027 4820085 ev_poll_posix.cc:593] FD from fork parent still in poll list: fd(22, generation: 1)
I0810 23:46:48.615036 4820085 ev_poll_posix.cc:593] FD from fork parent still in poll list: fd(22, generation: 1)
I0810 23:46:48.615044 4820085 ev_poll_posix.cc:593] FD from fork parent still in poll list: fd(22, generation: 1)
I0810 23:46:48.615053 4820085 ev_poll_posix.cc:593] FD from fork parent still in poll list: fd(22, generation: 1)
I0810 23:46:48.615062 4820085 ev_poll_posix.cc:593] FD from fork parent still in poll list: fd(22, generation: 1)
I0810 23:46:48.615071 4820085 ev_poll_posix.cc:593] FD from fork parent still in poll list: fd(22, generation: 1)
I0810 23:46:48.615080 4820085 ev_poll_posix.cc:593] FD from fork parent still in poll list: fd(22, generation: 1)
I0810 23:46:48.615088 4820085 ev_poll_posix.cc:593] FD from fork parent still in poll list: fd(22, generation: 1)
I0810 23:46:48.615096 4820085 ev_poll_posix.cc:593] FD from fork parent still in poll list: fd(22, generation: 1)
I0810 23:46:48.615105 4820085 ev_poll_posix.cc:593] FD from fork parent still in poll list: fd(22, generation: 1)
I0810 23:46:48.615114 4820085 ev_poll_posix.cc:593] FD from fork parent still in poll list: fd(22, generation: 1)
I0810 23:46:48.615122 4820085 ev_poll_posix.cc:593] FD from fork parent still in poll list: fd(22, generation: 1)
I0810 23:46:48.615131 4820085 ev_poll_posix.cc:593] FD from fork parent still in poll list: fd(22, generation: 1)
I0810 23:46:48.615139 4820085 ev_poll_posix.cc:593] FD from fork parent still in poll list: fd(22, generation: 1)
I0810 23:46:48.615148 4820085 ev_poll_posix.cc:593] FD from fork parent still in poll list: fd(22, generation: 1)
I0810 23:46:48.615156 4820085 ev_poll_posix.cc:593] FD from fork parent still in poll list: fd(22, generation: 1)
I0810 23:46:48.615164 4820085 ev_poll_posix.cc:593] FD from fork parent still in poll list: fd(22, generation: 1)
I0810 23:46:48.615173 4820085 ev_poll_posix.cc:593] FD from fork parent still in poll list: fd(22, generation: 1)
I0810 23:46:48.615181 4820085 ev_poll_posix.cc:593] FD from fork parent still in poll list: fd(22, generation: 1)
I0810 23:46:48.615190 4820085 ev_poll_posix.cc:593] FD from fork parent still in poll list: fd(22, generation: 1)
I0810 23:46:48.615198 4820085 ev_poll_posix.cc:593] FD from fork parent still in poll list: fd(22, generation: 1)
I0810 23:46:48.615206 4820085 ev_poll_posix.cc:593] FD from fork parent still in poll list: fd(22, generation: 1)
I0810 23:46:48.615215 4820085 ev_poll_posix.cc:593] FD from fork parent still in poll list: fd(22, generation: 1)
I0810 23:46:48.615223 4820085 ev_poll_posix.cc:593] FD from fork parent still in poll list: fd(22, generation: 1)
I0810 23:46:48.615232 4820085 ev_poll_posix.cc:593] FD from fork parent still in poll list: fd(22, generation: 1)
I0810 23:46:48.615240 4820085 ev_poll_posix.cc:593] FD from fork parent still in poll list: fd(22, generation: 1)
I0810 23:46:48.615249 4820085 ev_poll_posix.cc:593] FD from fork parent still in poll list: fd(22, generation: 1)
I0810 23:46:48.615257 4820085 ev_poll_posix.cc:593] FD from fork parent still in poll list: fd(22, generation: 1)
I0810 23:46:48.615265 4820085 ev_poll_posix.cc:593] FD from fork parent still in poll list: fd(22, generation: 1)
I0810 23:46:48.615273 4820085 ev_poll_posix.cc:593] FD from fork parent still in poll list: fd(22, generation: 1)
I0810 23:46:48.615282 4820085 ev_poll_posix.cc:593] FD from fork parent still in poll list: fd(22, generation: 1)
I0810 23:46:48.615290 4820085 ev_poll_posix.cc:593] FD from fork parent still in poll list: fd(22, generation: 1)
I0810 23:46:48.615298 4820085 ev_poll_posix.cc:593] FD from fork parent still in poll list: fd(22, generation: 1)
I0810 23:46:48.615306 4820085 ev_poll_posix.cc:593] FD from fork parent still in poll list: fd(22, generation: 1)
I0810 23:46:48.615315 4820085 ev_poll_posix.cc:593] FD from fork parent still in poll list: fd(22, generation: 1)
I0810 23:46:48.615324 4820085 ev_poll_posix.cc:593] FD from fork parent still in poll list: fd(22, generation: 1)
I0810 23:46:48.615332 4820085 ev_poll_posix.cc:593] FD from fork parent still in poll list: fd(22, generation: 1)
I0810 23:46:48.615341 4820085 ev_poll_posix.cc:593] FD from fork parent still in poll list: fd(22, generation: 1)
I0810 23:46:48.615349 4820085 ev_poll_posix.cc:593] FD from fork parent still in poll list: fd(22, generation: 1)
I0810 23:46:48.615358 4820085 ev_poll_posix.cc:593] FD from fork parent still in poll list: fd(22, generation: 1)
I0810 23:46:48.615366 4820085 ev_poll_posix.cc:593] FD from fork parent still in poll list: fd(22, generation: 1)
I0810 23:46:48.615374 4820085 ev_poll_posix.cc:593] FD from fork parent still in poll list: fd(22, generation: 1)
I0810 23:46:48.615382 4820085 ev_poll_posix.cc:593] FD from fork parent still in poll list: fd(22, generation: 1)
I0810 23:46:48.615391 4820085 ev_poll_posix.cc:593] FD from fork parent still in poll list: fd(22, generation: 1)
I0810 23:46:48.615399 4820085 ev_poll_posix.cc:593] FD from fork parent still in poll list: fd(22, generation: 1)
I0810 23:46:48.615408 4820085 ev_poll_posix.cc:593] FD from fork parent still in poll list: fd(22, generation: 1)
I0810 23:46:48.615416 4820085 ev_poll_posix.cc:593] FD from fork parent still in poll list: fd(22, generation: 1)
I0810 23:46:48.615424 4820085 ev_poll_posix.cc:593] FD from fork parent still in poll list: fd(22, generation: 1)
I0810 23:46:48.615433 4820085 ev_poll_posix.cc:593] FD from fork parent still in poll list: fd(22, generation: 1)
I0810 23:46:48.615441 4820085 ev_poll_posix.cc:593] FD from fork parent still in poll list: fd(22, generation: 1)
I0810 23:46:48.615449 4820085 ev_poll_posix.cc:593] FD from fork parent still in poll list: fd(22, generation: 1)
I0810 23:46:48.615497 4820085 ev_poll_posix.cc:593] FD from fork parent still in poll list: fd(22, generation: 1)
I0810 23:46:48.615508 4820085 ev_poll_posix.cc:593] FD from fork parent still in poll list: fd(22, generation: 1)
I0810 23:46:48.615516 4820085 ev_poll_posix.cc:593] FD from fork parent still in poll list: fd(22, generation: 1)
I0810 23:46:48.615525 4820085 ev_poll_posix.cc:593] FD from fork parent still in poll list: fd(22, generation: 1)
I0810 23:46:48.615533 4820085 ev_poll_posix.cc:593] FD from fork parent still in poll list: fd(22, generation: 1)
I0810 23:46:48.615597 4820085 ev_poll_posix.cc:593] FD from fork parent still in poll list: fd(22, generation: 1)
I0810 23:46:48.615607 4820085 ev_poll_posix.cc:593] FD from fork parent still in poll list: fd(22, generation: 1)
I0810 23:46:48.615616 4820085 ev_poll_posix.cc:593] FD from fork parent still in poll list: fd(22, generation: 1)
I0810 23:46:48.615624 4820085 ev_poll_posix.cc:593] FD from fork parent still in poll list: fd(22, generation: 1)
I0810 23:46:48.615638 4820085 ev_poll_posix.cc:593] FD from fork parent still in poll list: fd(22, generation: 1)
I0810 23:46:48.615647 4820085 ev_poll_posix.cc:593] FD from fork parent still in poll list: fd(22, generation: 1)
I0810 23:46:48.615656 4820085 ev_poll_posix.cc:593] FD from fork parent still in poll list: fd(22, generation: 1)
I0810 23:46:48.615664 4820085 ev_poll_posix.cc:593] FD from fork parent still in poll list: fd(22, generation: 1)
I0810 23:46:48.615672 4820085 ev_poll_posix.cc:593] FD from fork parent still in poll list: fd(22, generation: 1)
I0810 23:46:48.615683 4820085 ev_poll_posix.cc:593] FD from fork parent still in poll list: fd(22, generation: 1)
I0810 23:46:48.615692 4820085 ev_poll_posix.cc:593] FD from fork parent still in poll list: fd(22, generation: 1)
I0810 23:46:48.615700 4820085 ev_poll_posix.cc:593] FD from fork parent still in poll list: fd(22, generation: 1)
I0810 23:46:48.615708 4820085 ev_poll_posix.cc:593] FD from fork parent still in poll list: fd(22, generation: 1)
I0810 23:46:53.950165 4798456 fork_posix.cc:71] Other threads are currently calling into gRPC, skipping fork() handlers
I0810 23:46:53.953056 4820223 ev_poll_posix.cc:593] FD from fork parent still in poll list: fd(22, generation: 1)
I0810 23:46:53.953153 4820223 ev_poll_posix.cc:593] FD from fork parent still in poll list: fd(19, generation: 1)
I0810 23:46:59.294534 4798456 fork_posix.cc:71] Other threads are currently calling into gRPC, skipping fork() handlers
I0810 23:46:59.297149 4820395 ev_poll_posix.cc:593] FD from fork parent still in poll list: fd(22, generation: 1)
I0810 23:46:59.297235 4820395 ev_poll_posix.cc:593] FD from fork parent still in poll list: fd(19, generation: 1)
I0810 23:47:04.657387 4798456 fork_posix.cc:71] Other threads are currently calling into gRPC, skipping fork() handlers
I0810 23:47:04.660087 4820541 ev_poll_posix.cc:593] FD from fork parent still in poll list: fd(22, generation: 1)
I0810 23:47:04.660168 4820541 ev_poll_posix.cc:593] FD from fork parent still in poll list: fd(19, generation: 1)
I0810 23:47:10.117977 4798456 fork_posix.cc:71] Other threads are currently calling into gRPC, skipping fork() handlers
I0810 23:47:10.120663 4820663 ev_poll_posix.cc:593] FD from fork parent still in poll list: fd(22, generation: 1)
I0810 23:47:10.120759 4820663 ev_poll_posix.cc:593] FD from fork parent still in poll list: fd(19, generation: 1)
I0810 23:47:15.478370 4798456 fork_posix.cc:71] Other threads are currently calling into gRPC, skipping fork() handlers
I0810 23:47:15.480944 4820835 ev_poll_posix.cc:593] FD from fork parent still in poll list: fd(22, generation: 1)
I0810 23:47:15.481032 4820835 ev_poll_posix.cc:593] FD from fork parent still in poll list: fd(19, generation: 1)
I0810 23:47:20.945776 4798456 fork_posix.cc:71] Other threads are currently calling into gRPC, skipping fork() handlers
I0810 23:47:20.948340 4820977 ev_poll_posix.cc:593] FD from fork parent still in poll list: fd(22, generation: 1)
I0810 23:47:20.948423 4820977 ev_poll_posix.cc:593] FD from fork parent still in poll list: fd(19, generation: 1)
2026-08-10 23:47:26,137 - [  425.0s]   ... 49 files, 11.42 GB on the dataset device
I0810 23:47:26.357433 4798456 fork_posix.cc:71] Other threads are currently calling into gRPC, skipping fork() handlers
I0810 23:47:26.360050 4821118 ev_poll_posix.cc:593] FD from fork parent still in poll list: fd(22, generation: 1)
I0810 23:47:26.360143 4821118 ev_poll_posix.cc:593] FD from fork parent still in poll list: fd(19, generation: 1)
I0810 23:47:31.723440 4798456 fork_posix.cc:71] Other threads are currently calling into gRPC, skipping fork() handlers
I0810 23:47:31.724839 4821433 ev_poll_posix.cc:593] FD from fork parent still in poll list: fd(22, generation: 1)
I0810 23:47:31.724874 4821433 ev_poll_posix.cc:593] FD from fork parent still in poll list: fd(19, generation: 1)
I0810 23:47:37.156292 4798456 fork_posix.cc:71] Other threads are currently calling into gRPC, skipping fork() handlers
I0810 23:47:37.159135 4821569 ev_poll_posix.cc:593] FD from fork parent still in poll list: fd(22, generation: 1)
I0810 23:47:37.159221 4821569 ev_poll_posix.cc:593] FD from fork parent still in poll list: fd(19, generation: 1)
I0810 23:47:42.680943 4798456 fork_posix.cc:71] Other threads are currently calling into gRPC, skipping fork() handlers
I0810 23:47:42.683560 4821959 ev_poll_posix.cc:593] FD from fork parent still in poll list: fd(22, generation: 1)
I0810 23:47:42.683647 4821959 ev_poll_posix.cc:593] FD from fork parent still in poll list: fd(19, generation: 1)
I0810 23:47:48.362427 4798456 fork_posix.cc:71] Other threads are currently calling into gRPC, skipping fork() handlers
I0810 23:47:48.364968 4822349 ev_poll_posix.cc:593] FD from fork parent still in poll list: fd(22, generation: 1)
I0810 23:47:48.365051 4822349 ev_poll_posix.cc:593] FD from fork parent still in poll list: fd(19, generation: 1)
I0810 23:47:53.676543 4798456 fork_posix.cc:71] Other threads are currently calling into gRPC, skipping fork() handlers
I0810 23:47:53.679420 4822583 ev_poll_posix.cc:593] FD from fork parent still in poll list: fd(22, generation: 1)
I0810 23:47:53.679534 4822583 ev_poll_posix.cc:593] FD from fork parent still in poll list: fd(19, generation: 1)
I0810 23:47:59.009944 4798456 fork_posix.cc:71] Other threads are currently calling into gRPC, skipping fork() handlers
I0810 23:47:59.013293 4822804 ev_poll_posix.cc:593] FD from fork parent still in poll list: fd(22, generation: 1)
I0810 23:47:59.013406 4822804 ev_poll_posix.cc:593] FD from fork parent still in poll list: fd(19, generation: 1)
I0810 23:48:04.627616 4798456 fork_posix.cc:71] Other threads are currently calling into gRPC, skipping fork() handlers
I0810 23:48:04.630548 4822946 ev_poll_posix.cc:593] FD from fork parent still in poll list: fd(22, generation: 1)
I0810 23:48:04.630633 4822946 ev_poll_posix.cc:593] FD from fork parent still in poll list: fd(19, generation: 1)
I0810 23:48:09.992774 4798456 fork_posix.cc:71] Other threads are currently calling into gRPC, skipping fork() handlers
I0810 23:48:09.995410 4823081 ev_poll_posix.cc:593] FD from fork parent still in poll list: fd(22, generation: 1)
I0810 23:48:09.995498 4823081 ev_poll_posix.cc:593] FD from fork parent still in poll list: fd(19, generation: 1)
I0810 23:48:15.312367 4798456 fork_posix.cc:71] Other threads are currently calling into gRPC, skipping fork() handlers
I0810 23:48:15.315153 4823260 ev_poll_posix.cc:593] FD from fork parent still in poll list: fd(22, generation: 1)
I0810 23:48:15.315250 4823260 ev_poll_posix.cc:593] FD from fork parent still in poll list: fd(19, generation: 1)
I0810 23:48:20.893471 4798456 fork_posix.cc:71] Other threads are currently calling into gRPC, skipping fork() handlers
I0810 23:48:20.896399 4823412 ev_poll_posix.cc:593] FD from fork parent still in poll list: fd(22, generation: 1)
I0810 23:48:20.896497 4823412 ev_poll_posix.cc:593] FD from fork parent still in poll list: fd(19, generation: 1)
2026-08-10 23:48:26,129 - [  485.0s]   ... 49 files, 12.33 GB on the dataset device
I0810 23:48:26.319319 4798456 fork_posix.cc:71] Other threads are currently calling into gRPC, skipping fork() handlers
I0810 23:48:26.322080 4823549 ev_poll_posix.cc:593] FD from fork parent still in poll list: fd(22, generation: 1)
I0810 23:48:26.322172 4823549 ev_poll_posix.cc:593] FD from fork parent still in poll list: fd(19, generation: 1)
I0810 23:48:33.667779 4798456 fork_posix.cc:71] Other threads are currently calling into gRPC, skipping fork() handlers
I0810 23:48:33.669333 4823895 ev_poll_posix.cc:593] FD from fork parent still in poll list: fd(22, generation: 1)
I0810 23:48:33.669378 4823895 ev_poll_posix.cc:593] FD from fork parent still in poll list: fd(19, generation: 1)
I0810 23:48:38.994532 4798456 fork_posix.cc:71] Other threads are currently calling into gRPC, skipping fork() handlers
I0810 23:48:38.998237 4824046 ev_poll_posix.cc:593] FD from fork parent still in poll list: fd(22, generation: 1)
I0810 23:48:38.998341 4824046 ev_poll_posix.cc:593] FD from fork parent still in poll list: fd(19, generation: 1)
I0810 23:48:44.581742 4798456 fork_posix.cc:71] Other threads are currently calling into gRPC, skipping fork() handlers
I0810 23:48:44.583282 4824282 ev_poll_posix.cc:593] FD from fork parent still in poll list: fd(22, generation: 1)
I0810 23:48:44.583326 4824282 ev_poll_posix.cc:593] FD from fork parent still in poll list: fd(19, generation: 1)
I0810 23:48:51.118025 4798456 fork_posix.cc:71] Other threads are currently calling into gRPC, skipping fork() handlers
I0810 23:48:51.122016 4824445 ev_poll_posix.cc:593] FD from fork parent still in poll list: fd(22, generation: 1)
I0810 23:48:51.122127 4824445 ev_poll_posix.cc:593] FD from fork parent still in poll list: fd(19, generation: 1)
I0810 23:48:56.523579 4798456 fork_posix.cc:71] Other threads are currently calling into gRPC, skipping fork() handlers
I0810 23:48:56.526364 4824890 ev_poll_posix.cc:593] FD from fork parent still in poll list: fd(22, generation: 1)
I0810 23:48:56.526457 4824890 ev_poll_posix.cc:593] FD from fork parent still in poll list: fd(19, generation: 1)
I0810 23:49:02.000906 4798456 fork_posix.cc:71] Other threads are currently calling into gRPC, skipping fork() handlers
I0810 23:49:02.002855 4825195 ev_poll_posix.cc:593] FD from fork parent still in poll list: fd(22, generation: 1)
I0810 23:49:02.002897 4825195 ev_poll_posix.cc:593] FD from fork parent still in poll list: fd(19, generation: 1)
I0810 23:49:07.331264 4798456 fork_posix.cc:71] Other threads are currently calling into gRPC, skipping fork() handlers
I0810 23:49:07.333805 4825337 ev_poll_posix.cc:593] FD from fork parent still in poll list: fd(22, generation: 1)
I0810 23:49:07.333910 4825337 ev_poll_posix.cc:593] FD from fork parent still in poll list: fd(19, generation: 1)
I0810 23:49:12.647344 4798456 fork_posix.cc:71] Other threads are currently calling into gRPC, skipping fork() handlers
I0810 23:49:12.649982 4825473 ev_poll_posix.cc:593] FD from fork parent still in poll list: fd(22, generation: 1)
I0810 23:49:12.650036 4825473 ev_poll_posix.cc:593] FD from fork parent still in poll list: fd(19, generation: 1)
I0810 23:49:17.981681 4798456 fork_posix.cc:71] Other threads are currently calling into gRPC, skipping fork() handlers
I0810 23:49:17.985338 4825634 ev_poll_posix.cc:593] FD from fork parent still in poll list: fd(22, generation: 1)
I0810 23:49:17.985440 4825634 ev_poll_posix.cc:593] FD from fork parent still in poll list: fd(22, generation: 1)
I0810 23:49:17.985502 4825634 ev_poll_posix.cc:593] FD from fork parent still in poll list: fd(22, generation: 1)
I0810 23:49:17.985524 4825634 ev_poll_posix.cc:593] FD from fork parent still in poll list: fd(22, generation: 1)
I0810 23:49:17.985537 4825634 ev_poll_posix.cc:593] FD from fork parent still in poll list: fd(22, generation: 1)
I0810 23:49:17.985549 4825634 ev_poll_posix.cc:593] FD from fork parent still in poll list: fd(22, generation: 1)
I0810 23:49:17.985559 4825634 ev_poll_posix.cc:593] FD from fork parent still in poll list: fd(22, generation: 1)
I0810 23:49:17.985569 4825634 ev_poll_posix.cc:593] FD from fork parent still in poll list: fd(22, generation: 1)
I0810 23:49:17.985579 4825634 ev_poll_posix.cc:593] FD from fork parent still in poll list: fd(22, generation: 1)
I0810 23:49:17.985598 4825634 ev_poll_posix.cc:593] FD from fork parent still in poll list: fd(22, generation: 1)
I0810 23:49:17.985615 4825634 ev_poll_posix.cc:593] FD from fork parent still in poll list: fd(22, generation: 1)
I0810 23:49:17.985630 4825634 ev_poll_posix.cc:593] FD from fork parent still in poll list: fd(22, generation: 1)
I0810 23:49:17.985640 4825634 ev_poll_posix.cc:593] FD from fork parent still in poll list: fd(22, generation: 1)
I0810 23:49:17.985650 4825634 ev_poll_posix.cc:593] FD from fork parent still in poll list: fd(22, generation: 1)
I0810 23:49:17.985659 4825634 ev_poll_posix.cc:593] FD from fork parent still in poll list: fd(22, generation: 1)
I0810 23:49:17.985669 4825634 ev_poll_posix.cc:593] FD from fork parent still in poll list: fd(22, generation: 1)
I0810 23:49:17.985679 4825634 ev_poll_posix.cc:593] FD from fork parent still in poll list: fd(22, generation: 1)
I0810 23:49:17.985688 4825634 ev_poll_posix.cc:593] FD from fork parent still in poll list: fd(22, generation: 1)
I0810 23:49:17.985698 4825634 ev_poll_posix.cc:593] FD from fork parent still in poll list: fd(22, generation: 1)
I0810 23:49:17.985707 4825634 ev_poll_posix.cc:593] FD from fork parent still in poll list: fd(22, generation: 1)
I0810 23:49:17.985717 4825634 ev_poll_posix.cc:593] FD from fork parent still in poll list: fd(22, generation: 1)
I0810 23:49:17.985726 4825634 ev_poll_posix.cc:593] FD from fork parent still in poll list: fd(22, generation: 1)
I0810 23:49:17.985736 4825634 ev_poll_posix.cc:593] FD from fork parent still in poll list: fd(22, generation: 1)
I0810 23:49:17.985745 4825634 ev_poll_posix.cc:593] FD from fork parent still in poll list: fd(22, generation: 1)
I0810 23:49:17.985755 4825634 ev_poll_posix.cc:593] FD from fork parent still in poll list: fd(22, generation: 1)
I0810 23:49:17.985764 4825634 ev_poll_posix.cc:593] FD from fork parent still in poll list: fd(22, generation: 1)
I0810 23:49:17.985774 4825634 ev_poll_posix.cc:593] FD from fork parent still in poll list: fd(22, generation: 1)
I0810 23:49:23.316912 4798456 fork_posix.cc:71] Other threads are currently calling into gRPC, skipping fork() handlers
I0810 23:49:23.318496 4825810 ev_poll_posix.cc:593] FD from fork parent still in poll list: fd(22, generation: 1)
I0810 23:49:23.318542 4825810 ev_poll_posix.cc:593] FD from fork parent still in poll list: fd(19, generation: 1)
2026-08-10 23:49:26,130 - [  545.0s]   ... 49 files, 13.29 GB on the dataset device
I0810 23:49:28.884571 4798456 fork_posix.cc:71] Other threads are currently calling into gRPC, skipping fork() handlers
I0810 23:49:28.886098 4825938 ev_poll_posix.cc:593] FD from fork parent still in poll list: fd(22, generation: 1)
I0810 23:49:28.886142 4825938 ev_poll_posix.cc:593] FD from fork parent still in poll list: fd(19, generation: 1)
I0810 23:49:34.214623 4798456 fork_posix.cc:71] Other threads are currently calling into gRPC, skipping fork() handlers
I0810 23:49:34.216369 4826182 ev_poll_posix.cc:593] FD from fork parent still in poll list: fd(22, generation: 1)
I0810 23:49:34.216446 4826182 ev_poll_posix.cc:593] FD from fork parent still in poll list: fd(19, generation: 1)
I0810 23:49:39.584845 4798456 fork_posix.cc:71] Other threads are currently calling into gRPC, skipping fork() handlers
I0810 23:49:39.586353 4826340 ev_poll_posix.cc:593] FD from fork parent still in poll list: fd(22, generation: 1)
I0810 23:49:39.586405 4826340 ev_poll_posix.cc:593] FD from fork parent still in poll list: fd(19, generation: 1)
I0810 23:49:45.141429 4798456 fork_posix.cc:71] Other threads are currently calling into gRPC, skipping fork() handlers
I0810 23:49:45.142958 4826511 ev_poll_posix.cc:593] FD from fork parent still in poll list: fd(22, generation: 1)
I0810 23:49:45.143015 4826511 ev_poll_posix.cc:593] FD from fork parent still in poll list: fd(19, generation: 1)
I0810 23:49:50.461881 4798456 fork_posix.cc:71] Other threads are currently calling into gRPC, skipping fork() handlers
I0810 23:49:50.463570 4826737 ev_poll_posix.cc:593] FD from fork parent still in poll list: fd(22, generation: 1)
I0810 23:49:50.463614 4826737 ev_poll_posix.cc:593] FD from fork parent still in poll list: fd(19, generation: 1)
I0810 23:49:55.762810 4798456 fork_posix.cc:71] Other threads are currently calling into gRPC, skipping fork() handlers
I0810 23:49:55.764489 4826872 ev_poll_posix.cc:593] FD from fork parent still in poll list: fd(22, generation: 1)
I0810 23:49:55.764560 4826872 ev_poll_posix.cc:593] FD from fork parent still in poll list: fd(19, generation: 1)
I0810 23:50:01.106540 4798456 fork_posix.cc:71] Other threads are currently calling into gRPC, skipping fork() handlers
I0810 23:50:01.108325 4827037 ev_poll_posix.cc:593] FD from fork parent still in poll list: fd(22, generation: 1)
I0810 23:50:01.108389 4827037 ev_poll_posix.cc:593] FD from fork parent still in poll list: fd(19, generation: 1)
I0810 23:50:06.413539 4798456 fork_posix.cc:71] Other threads are currently calling into gRPC, skipping fork() handlers
I0810 23:50:06.415250 4827214 ev_poll_posix.cc:593] FD from fork parent still in poll list: fd(22, generation: 1)
I0810 23:50:06.415309 4827214 ev_poll_posix.cc:593] FD from fork parent still in poll list: fd(19, generation: 1)
I0810 23:50:11.718282 4798456 fork_posix.cc:71] Other threads are currently calling into gRPC, skipping fork() handlers
I0810 23:50:11.720046 4827369 ev_poll_posix.cc:593] FD from fork parent still in poll list: fd(22, generation: 1)
I0810 23:50:11.720087 4827369 ev_poll_posix.cc:593] FD from fork parent still in poll list: fd(19, generation: 1)
I0810 23:50:18.554856 4798456 fork_posix.cc:71] Other threads are currently calling into gRPC, skipping fork() handlers
I0810 23:50:18.556618 4827518 ev_poll_posix.cc:593] FD from fork parent still in poll list: fd(22, generation: 1)
I0810 23:50:18.556686 4827518 ev_poll_posix.cc:593] FD from fork parent still in poll list: fd(19, generation: 1)
I0810 23:50:23.882375 4798456 fork_posix.cc:71] Other threads are currently calling into gRPC, skipping fork() handlers
I0810 23:50:23.883891 4827675 ev_poll_posix.cc:593] FD from fork parent still in poll list: fd(22, generation: 1)
I0810 23:50:23.883958 4827675 ev_poll_posix.cc:593] FD from fork parent still in poll list: fd(19, generation: 1)
2026-08-10 23:50:26,132 - [  605.0s]   ... 49 files, 14.32 GB on the dataset device
I0810 23:50:29.183078 4798456 fork_posix.cc:71] Other threads are currently calling into gRPC, skipping fork() handlers
I0810 23:50:29.185013 4827821 ev_poll_posix.cc:593] FD from fork parent still in poll list: fd(22, generation: 1)
I0810 23:50:29.185056 4827821 ev_poll_posix.cc:593] FD from fork parent still in poll list: fd(19, generation: 1)
I0810 23:50:34.503164 4798456 fork_posix.cc:71] Other threads are currently calling into gRPC, skipping fork() handlers
I0810 23:50:34.504751 4828044 ev_poll_posix.cc:593] FD from fork parent still in poll list: fd(22, generation: 1)
I0810 23:50:34.504831 4828044 ev_poll_posix.cc:593] FD from fork parent still in poll list: fd(19, generation: 1)
I0810 23:50:39.823410 4798456 fork_posix.cc:71] Other threads are currently calling into gRPC, skipping fork() handlers
I0810 23:50:39.825128 4828197 ev_poll_posix.cc:593] FD from fork parent still in poll list: fd(22, generation: 1)
I0810 23:50:39.825184 4828197 ev_poll_posix.cc:593] FD from fork parent still in poll list: fd(19, generation: 1)
I0810 23:50:45.157385 4798456 fork_posix.cc:71] Other threads are currently calling into gRPC, skipping fork() handlers
I0810 23:50:45.159017 4828345 ev_poll_posix.cc:593] FD from fork parent still in poll list: fd(22, generation: 1)
I0810 23:50:45.159096 4828345 ev_poll_posix.cc:593] FD from fork parent still in poll list: fd(19, generation: 1)
I0810 23:50:50.624276 4798456 fork_posix.cc:71] Other threads are currently calling into gRPC, skipping fork() handlers
I0810 23:50:50.625735 4828714 ev_poll_posix.cc:593] FD from fork parent still in poll list: fd(22, generation: 1)
I0810 23:50:50.625777 4828714 ev_poll_posix.cc:593] FD from fork parent still in poll list: fd(19, generation: 1)
I0810 23:50:55.942482 4798456 fork_posix.cc:71] Other threads are currently calling into gRPC, skipping fork() handlers
I0810 23:50:55.943985 4829234 ev_poll_posix.cc:593] FD from fork parent still in poll list: fd(22, generation: 1)
I0810 23:50:55.944021 4829234 ev_poll_posix.cc:593] FD from fork parent still in poll list: fd(19, generation: 1)
I0810 23:51:01.253045 4798456 fork_posix.cc:71] Other threads are currently calling into gRPC, skipping fork() handlers
I0810 23:51:01.256062 4829396 ev_poll_posix.cc:593] FD from fork parent still in poll list: fd(22, generation: 1)
I0810 23:51:01.256203 4829396 ev_poll_posix.cc:593] FD from fork parent still in poll list: fd(19, generation: 1)
I0810 23:51:06.625710 4798456 fork_posix.cc:71] Other threads are currently calling into gRPC, skipping fork() handlers
I0810 23:51:06.627425 4829597 ev_poll_posix.cc:593] FD from fork parent still in poll list: fd(22, generation: 1)
I0810 23:51:06.627477 4829597 ev_poll_posix.cc:593] FD from fork parent still in poll list: fd(19, generation: 1)
I0810 23:51:11.961648 4798456 fork_posix.cc:71] Other threads are currently calling into gRPC, skipping fork() handlers
I0810 23:51:11.965369 4829747 ev_poll_posix.cc:593] FD from fork parent still in poll list: fd(22, generation: 1)
I0810 23:51:11.965471 4829747 ev_poll_posix.cc:593] FD from fork parent still in poll list: fd(22, generation: 1)
I0810 23:51:11.965489 4829747 ev_poll_posix.cc:593] FD from fork parent still in poll list: fd(22, generation: 1)
I0810 23:51:11.965497 4829747 ev_poll_posix.cc:593] FD from fork parent still in poll list: fd(22, generation: 1)
I0810 23:51:11.965505 4829747 ev_poll_posix.cc:593] FD from fork parent still in poll list: fd(22, generation: 1)
I0810 23:51:11.965512 4829747 ev_poll_posix.cc:593] FD from fork parent still in poll list: fd(22, generation: 1)
I0810 23:51:11.965519 4829747 ev_poll_posix.cc:593] FD from fork parent still in poll list: fd(22, generation: 1)
I0810 23:51:11.965526 4829747 ev_poll_posix.cc:593] FD from fork parent still in poll list: fd(22, generation: 1)
I0810 23:51:11.965533 4829747 ev_poll_posix.cc:593] FD from fork parent still in poll list: fd(22, generation: 1)
I0810 23:51:11.965539 4829747 ev_poll_posix.cc:593] FD from fork parent still in poll list: fd(22, generation: 1)
I0810 23:51:11.965546 4829747 ev_poll_posix.cc:593] FD from fork parent still in poll list: fd(22, generation: 1)
I0810 23:51:11.965553 4829747 ev_poll_posix.cc:593] FD from fork parent still in poll list: fd(22, generation: 1)
I0810 23:51:11.965559 4829747 ev_poll_posix.cc:593] FD from fork parent still in poll list: fd(22, generation: 1)
I0810 23:51:11.965566 4829747 ev_poll_posix.cc:593] FD from fork parent still in poll list: fd(22, generation: 1)
I0810 23:51:11.965572 4829747 ev_poll_posix.cc:593] FD from fork parent still in poll list: fd(22, generation: 1)
I0810 23:51:11.965579 4829747 ev_poll_posix.cc:593] FD from fork parent still in poll list: fd(22, generation: 1)
I0810 23:51:11.965585 4829747 ev_poll_posix.cc:593] FD from fork parent still in poll list: fd(22, generation: 1)
I0810 23:51:11.965592 4829747 ev_poll_posix.cc:593] FD from fork parent still in poll list: fd(22, generation: 1)
I0810 23:51:11.965598 4829747 ev_poll_posix.cc:593] FD from fork parent still in poll list: fd(22, generation: 1)
I0810 23:51:11.965604 4829747 ev_poll_posix.cc:593] FD from fork parent still in poll list: fd(22, generation: 1)
I0810 23:51:11.965611 4829747 ev_poll_posix.cc:593] FD from fork parent still in poll list: fd(22, generation: 1)
I0810 23:51:11.965617 4829747 ev_poll_posix.cc:593] FD from fork parent still in poll list: fd(22, generation: 1)
I0810 23:51:11.965624 4829747 ev_poll_posix.cc:593] FD from fork parent still in poll list: fd(22, generation: 1)
I0810 23:51:11.965630 4829747 ev_poll_posix.cc:593] FD from fork parent still in poll list: fd(22, generation: 1)
I0810 23:51:11.965637 4829747 ev_poll_posix.cc:593] FD from fork parent still in poll list: fd(22, generation: 1)
I0810 23:51:11.965645 4829747 ev_poll_posix.cc:593] FD from fork parent still in poll list: fd(22, generation: 1)
I0810 23:51:11.965652 4829747 ev_poll_posix.cc:593] FD from fork parent still in poll list: fd(22, generation: 1)
I0810 23:51:11.965658 4829747 ev_poll_posix.cc:593] FD from fork parent still in poll list: fd(22, generation: 1)
I0810 23:51:11.965665 4829747 ev_poll_posix.cc:593] FD from fork parent still in poll list: fd(22, generation: 1)
I0810 23:51:11.965671 4829747 ev_poll_posix.cc:593] FD from fork parent still in poll list: fd(22, generation: 1)
I0810 23:51:11.965678 4829747 ev_poll_posix.cc:593] FD from fork parent still in poll list: fd(22, generation: 1)
I0810 23:51:11.965684 4829747 ev_poll_posix.cc:593] FD from fork parent still in poll list: fd(22, generation: 1)
I0810 23:51:11.965690 4829747 ev_poll_posix.cc:593] FD from fork parent still in poll list: fd(22, generation: 1)
I0810 23:51:11.965697 4829747 ev_poll_posix.cc:593] FD from fork parent still in poll list: fd(22, generation: 1)
I0810 23:51:11.965704 4829747 ev_poll_posix.cc:593] FD from fork parent still in poll list: fd(22, generation: 1)
I0810 23:51:11.965710 4829747 ev_poll_posix.cc:593] FD from fork parent still in poll list: fd(22, generation: 1)
I0810 23:51:11.965717 4829747 ev_poll_posix.cc:593] FD from fork parent still in poll list: fd(22, generation: 1)
I0810 23:51:11.965723 4829747 ev_poll_posix.cc:593] FD from fork parent still in poll list: fd(22, generation: 1)
I0810 23:51:11.965730 4829747 ev_poll_posix.cc:593] FD from fork parent still in poll list: fd(22, generation: 1)
I0810 23:51:11.965742 4829747 ev_poll_posix.cc:593] FD from fork parent still in poll list: fd(22, generation: 1)
I0810 23:51:11.965748 4829747 ev_poll_posix.cc:593] FD from fork parent still in poll list: fd(22, generation: 1)
I0810 23:51:11.965754 4829747 ev_poll_posix.cc:593] FD from fork parent still in poll list: fd(22, generation: 1)
I0810 23:51:11.965761 4829747 ev_poll_posix.cc:593] FD from fork parent still in poll list: fd(22, generation: 1)
I0810 23:51:11.965767 4829747 ev_poll_posix.cc:593] FD from fork parent still in poll list: fd(22, generation: 1)
I0810 23:51:17.327674 4798456 fork_posix.cc:71] Other threads are currently calling into gRPC, skipping fork() handlers
I0810 23:51:17.330581 4829879 ev_poll_posix.cc:593] FD from fork parent still in poll list: fd(22, generation: 1)
I0810 23:51:17.330630 4829879 ev_poll_posix.cc:593] FD from fork parent still in poll list: fd(19, generation: 1)
I0810 23:51:22.639656 4798456 fork_posix.cc:71] Other threads are currently calling into gRPC, skipping fork() handlers
I0810 23:51:22.643691 4830016 ev_poll_posix.cc:593] FD from fork parent still in poll list: fd(22, generation: 1)
I0810 23:51:22.643859 4830016 ev_poll_posix.cc:593] FD from fork parent still in poll list: fd(19, generation: 1)
2026-08-10 23:51:26,133 - [  665.0s]   ... 49 files, 15.59 GB on the dataset device
I0810 23:51:27.941078 4798456 fork_posix.cc:71] Other threads are currently calling into gRPC, skipping fork() handlers
I0810 23:51:27.942995 4830151 ev_poll_posix.cc:593] FD from fork parent still in poll list: fd(22, generation: 1)
I0810 23:51:27.943151 4830151 ev_poll_posix.cc:593] FD from fork parent still in poll list: fd(19, generation: 1)
I0810 23:51:33.215138 4798456 fork_posix.cc:71] Other threads are currently calling into gRPC, skipping fork() handlers
I0810 23:51:33.218617 4830385 ev_poll_posix.cc:593] FD from fork parent still in poll list: fd(22, generation: 1)
I0810 23:51:33.218735 4830385 ev_poll_posix.cc:593] FD from fork parent still in poll list: fd(19, generation: 1)
I0810 23:51:38.547184 4798456 fork_posix.cc:71] Other threads are currently calling into gRPC, skipping fork() handlers
I0810 23:51:38.548627 4830553 ev_poll_posix.cc:593] FD from fork parent still in poll list: fd(22, generation: 1)
I0810 23:51:38.548669 4830553 ev_poll_posix.cc:593] FD from fork parent still in poll list: fd(19, generation: 1)
I0810 23:51:43.870205 4798456 fork_posix.cc:71] Other threads are currently calling into gRPC, skipping fork() handlers
I0810 23:51:43.871669 4830737 ev_poll_posix.cc:593] FD from fork parent still in poll list: fd(22, generation: 1)
I0810 23:51:43.871751 4830737 ev_poll_posix.cc:593] FD from fork parent still in poll list: fd(19, generation: 1)
I0810 23:51:49.171654 4798456 fork_posix.cc:71] Other threads are currently calling into gRPC, skipping fork() handlers
I0810 23:51:49.173373 4830904 ev_poll_posix.cc:593] FD from fork parent still in poll list: fd(22, generation: 1)
I0810 23:51:49.173418 4830904 ev_poll_posix.cc:593] FD from fork parent still in poll list: fd(19, generation: 1)
I0810 23:51:54.517633 4798456 fork_posix.cc:71] Other threads are currently calling into gRPC, skipping fork() handlers
I0810 23:51:54.519129 4831197 ev_poll_posix.cc:593] FD from fork parent still in poll list: fd(22, generation: 1)
I0810 23:51:54.519185 4831197 ev_poll_posix.cc:593] FD from fork parent still in poll list: fd(19, generation: 1)
I0810 23:51:59.836887 4798456 fork_posix.cc:71] Other threads are currently calling into gRPC, skipping fork() handlers
I0810 23:51:59.838447 4831365 ev_poll_posix.cc:593] FD from fork parent still in poll list: fd(22, generation: 1)
I0810 23:51:59.838488 4831365 ev_poll_posix.cc:593] FD from fork parent still in poll list: fd(19, generation: 1)
I0810 23:52:07.168034 4798456 fork_posix.cc:71] Other threads are currently calling into gRPC, skipping fork() handlers
I0810 23:52:07.169564 4831516 ev_poll_posix.cc:593] FD from fork parent still in poll list: fd(22, generation: 1)
I0810 23:52:07.169654 4831516 ev_poll_posix.cc:593] FD from fork parent still in poll list: fd(19, generation: 1)
I0810 23:52:12.473825 4798456 fork_posix.cc:71] Other threads are currently calling into gRPC, skipping fork() handlers
I0810 23:52:12.475341 4831675 ev_poll_posix.cc:593] FD from fork parent still in poll list: fd(22, generation: 1)
I0810 23:52:12.475401 4831675 ev_poll_posix.cc:593] FD from fork parent still in poll list: fd(19, generation: 1)
I0810 23:52:17.762912 4798456 fork_posix.cc:71] Other threads are currently calling into gRPC, skipping fork() handlers
I0810 23:52:17.764590 4831814 ev_poll_posix.cc:593] FD from fork parent still in poll list: fd(22, generation: 1)
I0810 23:52:17.764634 4831814 ev_poll_posix.cc:593] FD from fork parent still in poll list: fd(19, generation: 1)
I0810 23:52:24.600907 4798456 fork_posix.cc:71] Other threads are currently calling into gRPC, skipping fork() handlers
I0810 23:52:24.602532 4831966 ev_poll_posix.cc:593] FD from fork parent still in poll list: fd(22, generation: 1)
I0810 23:52:24.602573 4831966 ev_poll_posix.cc:593] FD from fork parent still in poll list: fd(19, generation: 1)
2026-08-10 23:52:26,213 - [  725.0s]   ... 49 files, 15.65 GB on the dataset device
I0810 23:52:30.281312 4798456 fork_posix.cc:71] Other threads are currently calling into gRPC, skipping fork() handlers
I0810 23:52:30.283263 4832221 ev_poll_posix.cc:593] FD from fork parent still in poll list: fd(22, generation: 1)
I0810 23:52:30.283320 4832221 ev_poll_posix.cc:593] FD from fork parent still in poll list: fd(19, generation: 1)
I0810 23:52:36.504454 4798456 fork_posix.cc:71] Other threads are currently calling into gRPC, skipping fork() handlers
I0810 23:52:36.505858 4832445 ev_poll_posix.cc:593] FD from fork parent still in poll list: fd(22, generation: 1)
I0810 23:52:36.505946 4832445 ev_poll_posix.cc:593] FD from fork parent still in poll list: fd(19, generation: 1)
I0810 23:52:41.878308 4798456 fork_posix.cc:71] Other threads are currently calling into gRPC, skipping fork() handlers
I0810 23:52:41.879976 4832579 ev_poll_posix.cc:593] FD from fork parent still in poll list: fd(22, generation: 1)
I0810 23:52:41.880031 4832579 ev_poll_posix.cc:593] FD from fork parent still in poll list: fd(19, generation: 1)
I0810 23:52:49.239770 4798456 fork_posix.cc:71] Other threads are currently calling into gRPC, skipping fork() handlers
I0810 23:52:49.241668 4832765 ev_poll_posix.cc:593] FD from fork parent still in poll list: fd(22, generation: 1)
I0810 23:52:49.241717 4832765 ev_poll_posix.cc:593] FD from fork parent still in poll list: fd(19, generation: 1)
I0810 23:52:56.563190 4798456 fork_posix.cc:71] Other threads are currently calling into gRPC, skipping fork() handlers
I0810 23:52:56.564909 4833061 ev_poll_posix.cc:593] FD from fork parent still in poll list: fd(22, generation: 1)
I0810 23:52:56.564969 4833061 ev_poll_posix.cc:593] FD from fork parent still in poll list: fd(19, generation: 1)
I0810 23:53:01.940044 4798456 fork_posix.cc:71] Other threads are currently calling into gRPC, skipping fork() handlers
I0810 23:53:01.941611 4833213 ev_poll_posix.cc:593] FD from fork parent still in poll list: fd(22, generation: 1)
I0810 23:53:01.941654 4833213 ev_poll_posix.cc:593] FD from fork parent still in poll list: fd(19, generation: 1)
I0810 23:53:07.518312 4798456 fork_posix.cc:71] Other threads are currently calling into gRPC, skipping fork() handlers
I0810 23:53:07.519940 4833371 ev_poll_posix.cc:593] FD from fork parent still in poll list: fd(22, generation: 1)
I0810 23:53:07.520013 4833371 ev_poll_posix.cc:593] FD from fork parent still in poll list: fd(19, generation: 1)
I0810 23:53:12.828802 4798456 fork_posix.cc:71] Other threads are currently calling into gRPC, skipping fork() handlers
I0810 23:53:12.830550 4833539 ev_poll_posix.cc:593] FD from fork parent still in poll list: fd(22, generation: 1)
I0810 23:53:12.830606 4833539 ev_poll_posix.cc:593] FD from fork parent still in poll list: fd(19, generation: 1)
I0810 23:53:18.159697 4798456 fork_posix.cc:71] Other threads are currently calling into gRPC, skipping fork() handlers
I0810 23:53:18.161238 4833705 ev_poll_posix.cc:593] FD from fork parent still in poll list: fd(22, generation: 1)
I0810 23:53:18.161309 4833705 ev_poll_posix.cc:593] FD from fork parent still in poll list: fd(19, generation: 1)
I0810 23:53:23.604055 4798456 fork_posix.cc:71] Other threads are currently calling into gRPC, skipping fork() handlers
I0810 23:53:23.605670 4833904 ev_poll_posix.cc:593] FD from fork parent still in poll list: fd(22, generation: 1)
I0810 23:53:23.605745 4833904 ev_poll_posix.cc:593] FD from fork parent still in poll list: fd(19, generation: 1)
2026-08-10 23:53:26,143 - [  785.0s]   ... 49 files, 15.65 GB on the dataset device
I0810 23:53:28.984947 4798456 fork_posix.cc:71] Other threads are currently calling into gRPC, skipping fork() handlers
I0810 23:53:28.986657 4834049 ev_poll_posix.cc:593] FD from fork parent still in poll list: fd(22, generation: 1)
I0810 23:53:28.986702 4834049 ev_poll_posix.cc:593] FD from fork parent still in poll list: fd(19, generation: 1)
I0810 23:53:34.317121 4798456 fork_posix.cc:71] Other threads are currently calling into gRPC, skipping fork() handlers
I0810 23:53:34.318663 4834187 ev_poll_posix.cc:593] FD from fork parent still in poll list: fd(22, generation: 1)
I0810 23:53:34.318733 4834187 ev_poll_posix.cc:593] FD from fork parent still in poll list: fd(19, generation: 1)
I0810 23:53:39.814239 4798456 fork_posix.cc:71] Other threads are currently calling into gRPC, skipping fork() handlers
I0810 23:53:39.815983 4834382 ev_poll_posix.cc:593] FD from fork parent still in poll list: fd(22, generation: 1)
I0810 23:53:39.816034 4834382 ev_poll_posix.cc:593] FD from fork parent still in poll list: fd(19, generation: 1)
I0810 23:53:47.144811 4798456 fork_posix.cc:71] Other threads are currently calling into gRPC, skipping fork() handlers
I0810 23:53:47.150668 4834571 ev_poll_posix.cc:593] FD from fork parent still in poll list: fd(22, generation: 1)
I0810 23:53:47.150902 4834571 ev_poll_posix.cc:593] FD from fork parent still in poll list: fd(19, generation: 1)
I0810 23:53:52.965905 4798456 fork_posix.cc:71] Other threads are currently calling into gRPC, skipping fork() handlers
I0810 23:53:52.970009 4834759 ev_poll_posix.cc:593] FD from fork parent still in poll list: fd(22, generation: 1)
I0810 23:53:52.970094 4834759 ev_poll_posix.cc:593] FD from fork parent still in poll list: fd(19, generation: 1)
I0810 23:53:58.501215 4798456 fork_posix.cc:71] Other threads are currently calling into gRPC, skipping fork() handlers
I0810 23:53:58.502896 4835333 ev_poll_posix.cc:593] FD from fork parent still in poll list: fd(22, generation: 1)
I0810 23:53:58.502946 4835333 ev_poll_posix.cc:593] FD from fork parent still in poll list: fd(19, generation: 1)
I0810 23:54:04.161408 4798456 fork_posix.cc:71] Other threads are currently calling into gRPC, skipping fork() handlers
I0810 23:54:04.163924 4835879 ev_poll_posix.cc:593] FD from fork parent still in poll list: fd(22, generation: 1)
I0810 23:54:04.164009 4835879 ev_poll_posix.cc:593] FD from fork parent still in poll list: fd(19, generation: 1)
I0810 23:54:09.513046 4798456 fork_posix.cc:71] Other threads are currently calling into gRPC, skipping fork() handlers
I0810 23:54:09.518049 4836080 ev_poll_posix.cc:593] FD from fork parent still in poll list: fd(22, generation: 1)
I0810 23:54:09.518254 4836080 ev_poll_posix.cc:593] FD from fork parent still in poll list: fd(19, generation: 1)
I0810 23:54:14.867309 4798456 fork_posix.cc:71] Other threads are currently calling into gRPC, skipping fork() handlers
I0810 23:54:14.872224 4836227 ev_poll_posix.cc:593] FD from fork parent still in poll list: fd(22, generation: 1)
I0810 23:54:14.872405 4836227 ev_poll_posix.cc:593] FD from fork parent still in poll list: fd(19, generation: 1)
I0810 23:54:21.048969 4798456 fork_posix.cc:71] Other threads are currently calling into gRPC, skipping fork() handlers
I0810 23:54:21.050765 4836456 ev_poll_posix.cc:593] FD from fork parent still in poll list: fd(22, generation: 1)
I0810 23:54:21.050864 4836456 ev_poll_posix.cc:593] FD from fork parent still in poll list: fd(19, generation: 1)
2026-08-10 23:54:26,136 - [  845.0s]   ... 49 files, 15.65 GB on the dataset device
I0810 23:54:27.535377 4798456 fork_posix.cc:71] Other threads are currently calling into gRPC, skipping fork() handlers
I0810 23:54:27.536943 4836593 ev_poll_posix.cc:593] FD from fork parent still in poll list: fd(22, generation: 1)
I0810 23:54:27.536992 4836593 ev_poll_posix.cc:593] FD from fork parent still in poll list: fd(19, generation: 1)
I0810 23:54:32.861385 4798456 fork_posix.cc:71] Other threads are currently calling into gRPC, skipping fork() handlers
I0810 23:54:32.863264 4836801 ev_poll_posix.cc:593] FD from fork parent still in poll list: fd(22, generation: 1)
I0810 23:54:32.863313 4836801 ev_poll_posix.cc:593] FD from fork parent still in poll list: fd(19, generation: 1)
I0810 23:54:38.286136 4798456 fork_posix.cc:71] Other threads are currently calling into gRPC, skipping fork() handlers
I0810 23:54:38.287855 4836954 ev_poll_posix.cc:593] FD from fork parent still in poll list: fd(22, generation: 1)
I0810 23:54:38.287907 4836954 ev_poll_posix.cc:593] FD from fork parent still in poll list: fd(19, generation: 1)
I0810 23:54:43.661396 4798456 fork_posix.cc:71] Other threads are currently calling into gRPC, skipping fork() handlers
I0810 23:54:43.662935 4837963 ev_poll_posix.cc:593] FD from fork parent still in poll list: fd(22, generation: 1)
I0810 23:54:43.662991 4837963 ev_poll_posix.cc:593] FD from fork parent still in poll list: fd(19, generation: 1)
I0810 23:54:49.006231 4798456 fork_posix.cc:71] Other threads are currently calling into gRPC, skipping fork() handlers
I0810 23:54:49.008122 4838217 ev_poll_posix.cc:593] FD from fork parent still in poll list: fd(22, generation: 1)
I0810 23:54:49.008192 4838217 ev_poll_posix.cc:593] FD from fork parent still in poll list: fd(19, generation: 1)
I0810 23:54:54.582403 4798456 fork_posix.cc:71] Other threads are currently calling into gRPC, skipping fork() handlers
I0810 23:54:54.584139 4838553 ev_poll_posix.cc:593] FD from fork parent still in poll list: fd(22, generation: 1)
I0810 23:54:54.584199 4838553 ev_poll_posix.cc:593] FD from fork parent still in poll list: fd(19, generation: 1)
I0810 23:55:00.364421 4798456 fork_posix.cc:71] Other threads are currently calling into gRPC, skipping fork() handlers
I0810 23:55:00.366105 4838851 ev_poll_posix.cc:593] FD from fork parent still in poll list: fd(22, generation: 1)
I0810 23:55:00.366162 4838851 ev_poll_posix.cc:593] FD from fork parent still in poll list: fd(19, generation: 1)
I0810 23:55:05.662987 4798456 fork_posix.cc:71] Other threads are currently calling into gRPC, skipping fork() handlers
I0810 23:55:05.664396 4839053 ev_poll_posix.cc:593] FD from fork parent still in poll list: fd(22, generation: 1)
I0810 23:55:05.664443 4839053 ev_poll_posix.cc:593] FD from fork parent still in poll list: fd(19, generation: 1)
I0810 23:55:11.214382 4798456 fork_posix.cc:71] Other threads are currently calling into gRPC, skipping fork() handlers
I0810 23:55:11.215861 4839237 ev_poll_posix.cc:593] FD from fork parent still in poll list: fd(22, generation: 1)
I0810 23:55:11.215910 4839237 ev_poll_posix.cc:593] FD from fork parent still in poll list: fd(19, generation: 1)
I0810 23:55:16.506028 4798456 fork_posix.cc:71] Other threads are currently calling into gRPC, skipping fork() handlers
I0810 23:55:16.507625 4839415 ev_poll_posix.cc:593] FD from fork parent still in poll list: fd(22, generation: 1)
I0810 23:55:16.507696 4839415 ev_poll_posix.cc:593] FD from fork parent still in poll list: fd(19, generation: 1)
I0810 23:55:21.795254 4798456 fork_posix.cc:71] Other threads are currently calling into gRPC, skipping fork() handlers
I0810 23:55:21.797473 4839590 ev_poll_posix.cc:593] FD from fork parent still in poll list: fd(22, generation: 1)
I0810 23:55:21.797581 4839590 ev_poll_posix.cc:593] FD from fork parent still in poll list: fd(19, generation: 1)
2026-08-10 23:55:26,166 - [  905.0s]   ... 49 files, 15.65 GB on the dataset device
I0810 23:55:27.119986 4798456 fork_posix.cc:71] Other threads are currently calling into gRPC, skipping fork() handlers
I0810 23:55:27.121535 4839814 ev_poll_posix.cc:593] FD from fork parent still in poll list: fd(22, generation: 1)
I0810 23:55:27.121578 4839814 ev_poll_posix.cc:593] FD from fork parent still in poll list: fd(19, generation: 1)
I0810 23:55:32.444181 4798456 fork_posix.cc:71] Other threads are currently calling into gRPC, skipping fork() handlers
I0810 23:55:32.445946 4840038 ev_poll_posix.cc:593] FD from fork parent still in poll list: fd(22, generation: 1)
I0810 23:55:32.445994 4840038 ev_poll_posix.cc:593] FD from fork parent still in poll list: fd(19, generation: 1)
I0810 23:55:39.271717 4798456 fork_posix.cc:71] Other threads are currently calling into gRPC, skipping fork() handlers
I0810 23:55:39.273329 4840200 ev_poll_posix.cc:593] FD from fork parent still in poll list: fd(22, generation: 1)
I0810 23:55:39.273400 4840200 ev_poll_posix.cc:593] FD from fork parent still in poll list: fd(19, generation: 1)
I0810 23:55:44.607485 4798456 fork_posix.cc:71] Other threads are currently calling into gRPC, skipping fork() handlers
I0810 23:55:44.608974 4840359 ev_poll_posix.cc:593] FD from fork parent still in poll list: fd(22, generation: 1)
I0810 23:55:44.609022 4840359 ev_poll_posix.cc:593] FD from fork parent still in poll list: fd(19, generation: 1)
I0810 23:55:50.822845 4798456 fork_posix.cc:71] Other threads are currently calling into gRPC, skipping fork() handlers
I0810 23:55:50.824702 4840524 ev_poll_posix.cc:593] FD from fork parent still in poll list: fd(22, generation: 1)
I0810 23:55:50.824762 4840524 ev_poll_posix.cc:593] FD from fork parent still in poll list: fd(19, generation: 1)
I0810 23:55:58.281400 4798456 fork_posix.cc:71] Other threads are currently calling into gRPC, skipping fork() handlers
I0810 23:55:58.282996 4840785 ev_poll_posix.cc:593] FD from fork parent still in poll list: fd(22, generation: 1)
I0810 23:55:58.283049 4840785 ev_poll_posix.cc:593] FD from fork parent still in poll list: fd(19, generation: 1)
I0810 23:56:03.638036 4798456 fork_posix.cc:71] Other threads are currently calling into gRPC, skipping fork() handlers
I0810 23:56:03.640499 4841010 ev_poll_posix.cc:593] FD from fork parent still in poll list: fd(22, generation: 1)
I0810 23:56:03.640591 4841010 ev_poll_posix.cc:593] FD from fork parent still in poll list: fd(19, generation: 1)
I0810 23:56:08.970915 4798456 fork_posix.cc:71] Other threads are currently calling into gRPC, skipping fork() handlers
I0810 23:56:08.972616 4841149 ev_poll_posix.cc:593] FD from fork parent still in poll list: fd(22, generation: 1)
I0810 23:56:08.972693 4841149 ev_poll_posix.cc:593] FD from fork parent still in poll list: fd(19, generation: 1)
I0810 23:56:14.491215 4798456 fork_posix.cc:71] Other threads are currently calling into gRPC, skipping fork() handlers
I0810 23:56:14.494379 4841319 ev_poll_posix.cc:593] FD from fork parent still in poll list: fd(22, generation: 1)
I0810 23:56:14.494530 4841319 ev_poll_posix.cc:593] FD from fork parent still in poll list: fd(19, generation: 1)
I0810 23:56:19.855591 4798456 fork_posix.cc:71] Other threads are currently calling into gRPC, skipping fork() handlers
I0810 23:56:19.857806 4841490 ev_poll_posix.cc:593] FD from fork parent still in poll list: fd(22, generation: 1)
I0810 23:56:19.857883 4841490 ev_poll_posix.cc:593] FD from fork parent still in poll list: fd(19, generation: 1)
I0810 23:56:25.192103 4798456 fork_posix.cc:71] Other threads are currently calling into gRPC, skipping fork() handlers
I0810 23:56:25.195033 4841623 ev_poll_posix.cc:593] FD from fork parent still in poll list: fd(22, generation: 1)
I0810 23:56:25.195098 4841623 ev_poll_posix.cc:593] FD from fork parent still in poll list: fd(19, generation: 1)
2026-08-10 23:56:26,860 - [  965.0s]   ... 49 files, 15.65 GB on the dataset device
I0810 23:56:35.054587 4798456 fork_posix.cc:71] Other threads are currently calling into gRPC, skipping fork() handlers
I0810 23:56:35.056644 4841971 ev_poll_posix.cc:593] FD from fork parent still in poll list: fd(22, generation: 1)
I0810 23:56:35.056760 4841971 ev_poll_posix.cc:593] FD from fork parent still in poll list: fd(19, generation: 1)
WARNING: Cannot connect to YC tool initialization service. Network connectivity to the service is required for cli version control. In case you are using yc in an isolated environment, you may turn off this warning by setting env YC_CLI_INITIALIZATION_SILENCE=true

[31m2026-08-10 23:56:44,859 - Fetching 16 files:  81%|████████▏ | 13/16 [02:31<01:19, 26.55s/it][0m
I0810 23:56:46.292054 4798456 fork_posix.cc:71] Other threads are currently calling into gRPC, skipping fork() handlers
I0810 23:56:46.295032 4842317 ev_poll_posix.cc:593] FD from fork parent still in poll list: fd(22, generation: 1)
I0810 23:56:46.295208 4842317 ev_poll_posix.cc:593] FD from fork parent still in poll list: fd(19, generation: 1)
WARNING: Cannot connect to YC tool initialization service. Network connectivity to the service is required for cli version control. In case you are using yc in an isolated environment, you may turn off this warning by setting env YC_CLI_INITIALIZATION_SILENCE=true

I0810 23:56:57.096730 4798456 fork_posix.cc:71] Other threads are currently calling into gRPC, skipping fork() handlers
I0810 23:56:57.098327 4842658 ev_poll_posix.cc:593] FD from fork parent still in poll list: fd(22, generation: 1)
I0810 23:56:57.098385 4842658 ev_poll_posix.cc:593] FD from fork parent still in poll list: fd(19, generation: 1)
[31m2026-08-10 23:56:58,472 - Fetching 16 files:  88%|████████▊ | 14/16 [16:17<06:14, 187.46s/it][0m
I0810 23:57:05.475345 4798456 fork_posix.cc:71] Other threads are currently calling into gRPC, skipping fork() handlers
I0810 23:57:05.478891 4843195 ev_poll_posix.cc:593] FD from fork parent still in poll list: fd(22, generation: 1)
I0810 23:57:05.479024 4843195 ev_poll_posix.cc:593] FD from fork parent still in poll list: fd(19, generation: 1)
I0810 23:57:11.121868 4798456 fork_posix.cc:71] Other threads are currently calling into gRPC, skipping fork() handlers
I0810 23:57:11.124809 4843555 ev_poll_posix.cc:593] FD from fork parent still in poll list: fd(22, generation: 1)
I0810 23:57:11.124895 4843555 ev_poll_posix.cc:593] FD from fork parent still in poll list: fd(19, generation: 1)
[31m2026-08-10 23:57:11,617 - Fetching 16 files:  94%|█████████▍| 15/16 [16:31<02:28, 148.89s/it][0m
[31m2026-08-10 23:57:11,618 - Fetching 16 files: 100%|██████████| 16/16 [16:44<00:00, 116.03s/it][0m
[31m2026-08-10 23:57:11,618 - Fetching 16 files: 100%|██████████| 16/16 [16:44<00:00, 62.81s/it][0m
2026-08-10 23:57:11,618 - [ 1010.3s] snapshot_download returned /job/output-datasets/huginn-0125-weights in 1005.3s
2026-08-10 23:57:11,619 - [ 1010.3s] SELF-CHECK: 16/16 files, 15651519639 bytes vs expected 15651519639 -> OK
2026-08-10 23:57:14,130 - [ 1012.8s] $ python -c "import sysconfig,platform,sys;print(sys.version, platform.machine(), sysconfig.get_platform())"
2026-08-10 23:57:14,130 - [ 1012.8s]   ... 52 files, 15.65 GB on the dataset device
2026-08-10 23:57:14,193 - [ 1012.8s]   rc=0  3.11.13 (main, Jun  4 2025, 08:57:29) [GCC 11.4.0] x86_64 linux-x86_64
2026-08-10 23:57:14,193 - [ 1012.8s] $ pip download --no-cache-dir --dest /job/output-datasets/huginn-0125-weights/wheels 'torch==2.5.1'
I0810 23:57:17.763674 4798456 fork_posix.cc:71] Other threads are currently calling into gRPC, skipping fork() handlers
I0810 23:57:17.767435 4843809 ev_poll_posix.cc:593] FD from fork parent still in poll list: fd(22, generation: 1)
I0810 23:57:17.767541 4843809 ev_poll_posix.cc:593] FD from fork parent still in poll list: fd(19, generation: 1)
I0810 23:57:25.932480 4798456 fork_posix.cc:71] Other threads are currently calling into gRPC, skipping fork() handlers
I0810 23:57:25.935358 4844038 ev_poll_posix.cc:593] FD from fork parent still in poll list: fd(22, generation: 1)
I0810 23:57:25.935460 4844038 ev_poll_posix.cc:593] FD from fork parent still in poll list: fd(19, generation: 1)
I0810 23:57:32.788220 4798456 fork_posix.cc:71] Other threads are currently calling into gRPC, skipping fork() handlers
I0810 23:57:32.791199 4844416 ev_poll_posix.cc:593] FD from fork parent still in poll list: fd(22, generation: 1)
I0810 23:57:32.791295 4844416 ev_poll_posix.cc:593] FD from fork parent still in poll list: fd(19, generation: 1)
I0810 23:57:41.606377 4798456 fork_posix.cc:71] Other threads are currently calling into gRPC, skipping fork() handlers
I0810 23:57:41.609797 4844645 ev_poll_posix.cc:593] FD from fork parent still in poll list: fd(22, generation: 1)
I0810 23:57:41.609946 4844645 ev_poll_posix.cc:593] FD from fork parent still in poll list: fd(19, generation: 1)
I0810 23:57:51.296074 4798456 fork_posix.cc:71] Other threads are currently calling into gRPC, skipping fork() handlers
I0810 23:57:51.297535 4844938 ev_poll_posix.cc:593] FD from fork parent still in poll list: fd(22, generation: 1)
I0810 23:57:51.297586 4844938 ev_poll_posix.cc:593] FD from fork parent still in poll list: fd(19, generation: 1)
I0810 23:57:57.811107 4798456 fork_posix.cc:71] Other threads are currently calling into gRPC, skipping fork() handlers
I0810 23:57:57.814284 4845089 ev_poll_posix.cc:593] FD from fork parent still in poll list: fd(22, generation: 1)
I0810 23:57:57.814400 4845089 ev_poll_posix.cc:593] FD from fork parent still in poll list: fd(19, generation: 1)
I0810 23:58:03.388676 4798456 fork_posix.cc:71] Other threads are currently calling into gRPC, skipping fork() handlers
I0810 23:58:03.392270 4845276 ev_poll_posix.cc:593] FD from fork parent still in poll list: fd(22, generation: 1)
I0810 23:58:03.392381 4845276 ev_poll_posix.cc:593] FD from fork parent still in poll list: fd(19, generation: 1)
I0810 23:58:11.898595 4798456 fork_posix.cc:71] Other threads are currently calling into gRPC, skipping fork() handlers
I0810 23:58:11.901704 4845522 ev_poll_posix.cc:593] FD from fork parent still in poll list: fd(22, generation: 1)
I0810 23:58:11.901809 4845522 ev_poll_posix.cc:593] FD from fork parent still in poll list: fd(19, generation: 1)
I0810 23:58:17.279528 4798456 fork_posix.cc:71] Other threads are currently calling into gRPC, skipping fork() handlers
I0810 23:58:17.280932 4845721 ev_poll_posix.cc:593] FD from fork parent still in poll list: fd(22, generation: 1)
I0810 23:58:17.281003 4845721 ev_poll_posix.cc:593] FD from fork parent still in poll list: fd(19, generation: 1)
I0810 23:58:23.444883 4798456 fork_posix.cc:71] Other threads are currently calling into gRPC, skipping fork() handlers
I0810 23:58:23.447552 4845881 ev_poll_posix.cc:593] FD from fork parent still in poll list: fd(22, generation: 1)
I0810 23:58:23.447628 4845881 ev_poll_posix.cc:593] FD from fork parent still in poll list: fd(19, generation: 1)
2026-08-10 23:58:25,279 - [ 1083.9s]   rc=0  /nvidia_nvjitlink_cu12-12.4.127-py3-none-manylinux2014_x86_64.whl
2026-08-10 23:58:25,293 - Saved ./output-datasets/huginn-0125-weights/wheels/nvidia_nvtx_cu12-12.4.127-py3-none-manylinux2014_x86_64.whl
2026-08-10 23:58:25,549 - Saved ./output-datasets/huginn-0125-weights/wheels/sympy-1.13.1-py3-none-any.whl
2026-08-10 23:58:25,549 - Saved ./output-datasets/huginn-0125-weights/wheels/triton-3.1.0-cp311-cp311-manylinux_2_17_x86_64.manylinux2014_x86_64.whl
2026-08-10 23:58:25,549 - Saved ./output-datasets/huginn-0125-weights/wheels/typing_extensions-4.16.0-py3-none-any.whl
2026-08-10 23:58:25,549 - Saved ./output-datasets/huginn-0125-weights/wheels/filelock-3.32.2-py3-none-any.whl
2026-08-10 23:58:25,550 - Saved ./output-datasets/huginn-0125-weights/wheels/fsspec-2026.7.0-py3-none-any.whl
2026-08-10 23:58:25,550 - Saved ./output-datasets/huginn-0125-weights/wheels/jinja2-3.1.6-py3-none-any.whl
2026-08-10 23:58:25,550 - Saved ./output-datasets/huginn-0125-weights/wheels/networkx-3.6.1-py3-none-any.whl
2026-08-10 23:58:25,550 - Saved ./output-datasets/huginn-0125-weights/wheels/markupsafe-3.0.3-cp311-cp311-manylinux2014_x86_64.manylinux_2_17_x86_64.manylinux_2_28_x86_64.whl
2026-08-10 23:58:25,550 - Saved ./output-datasets/huginn-0125-weights/wheels/mpmath-1.3.0-py3-none-any.whl
2026-08-10 23:58:25,550 - Successfully downloaded torch nvidia-cublas-cu12 nvidia-cuda-cupti-cu12 nvidia-cuda-nvrtc-cu12 nvidia-cuda-runtime-cu12 nvidia-cudnn-cu12 nvidia-cufft-cu12 nvidia-curand-cu12 nvidia-cusolver-cu12 nvidia-cusparse-cu12 nvidia-nccl-cu12 nvidia-nvjitlink-cu12 nvidia-nvtx-cu12 sympy triton typing-extensions filelock fsspec jinja2 networkx MarkupSafe mpmath
2026-08-10 23:58:25,645 - [notice] A new release of pip is available: 24.0 -> 26.2.1
2026-08-10 23:58:25,645 - [notice] To update, run: pip install --upgrade pip
2026-08-10 23:58:28,120 - [ 1086.4s] $ pip download --no-cache-dir --dest /job/output-datasets/huginn-0125-weights/wheels 'transformers==4.53.3' 'accelerate' 'safetensors' 'datasets' 'huggingface_hub' 'numpy' 'scipy' 'scikit-learn' 'matplotlib' 'pandas' 'tqdm' 'pyyaml'
I0810 23:58:31.456386 4798456 fork_posix.cc:71] Other threads are currently calling into gRPC, skipping fork() handlers
I0810 23:58:31.457795 4846250 ev_poll_posix.cc:593] FD from fork parent still in poll list: fd(22, generation: 1)
I0810 23:58:31.457856 4846250 ev_poll_posix.cc:593] FD from fork parent still in poll list: fd(19, generation: 1)
I0810 23:58:39.981974 4798456 fork_posix.cc:71] Other threads are currently calling into gRPC, skipping fork() handlers
I0810 23:58:39.984046 4846551 ev_poll_posix.cc:593] FD from fork parent still in poll list: fd(22, generation: 1)
I0810 23:58:39.984126 4846551 ev_poll_posix.cc:593] FD from fork parent still in poll list: fd(19, generation: 1)
I0810 23:58:49.540940 4798456 fork_posix.cc:71] Other threads are currently calling into gRPC, skipping fork() handlers
I0810 23:58:49.545141 4846790 ev_poll_posix.cc:593] FD from fork parent still in poll list: fd(22, generation: 1)
I0810 23:58:49.545286 4846790 ev_poll_posix.cc:593] FD from fork parent still in poll list: fd(19, generation: 1)
I0810 23:58:56.968810 4798456 fork_posix.cc:71] Other threads are currently calling into gRPC, skipping fork() handlers
I0810 23:58:56.972092 4846969 ev_poll_posix.cc:593] FD from fork parent still in poll list: fd(22, generation: 1)
I0810 23:58:56.972205 4846969 ev_poll_posix.cc:593] FD from fork parent still in poll list: fd(19, generation: 1)
I0810 23:59:05.208431 4798456 fork_posix.cc:71] Other threads are currently calling into gRPC, skipping fork() handlers
I0810 23:59:05.211486 4847232 ev_poll_posix.cc:593] FD from fork parent still in poll list: fd(22, generation: 1)
I0810 23:59:05.211594 4847232 ev_poll_posix.cc:593] FD from fork parent still in poll list: fd(19, generation: 1)
I0810 23:59:15.326967 4798456 fork_posix.cc:71] Other threads are currently calling into gRPC, skipping fork() handlers
I0810 23:59:15.329709 4847659 ev_poll_posix.cc:593] FD from fork parent still in poll list: fd(22, generation: 1)
I0810 23:59:15.329815 4847659 ev_poll_posix.cc:593] FD from fork parent still in poll list: fd(19, generation: 1)
I0810 23:59:21.835514 4798456 fork_posix.cc:71] Other threads are currently calling into gRPC, skipping fork() handlers
I0810 23:59:21.837991 4847891 ev_poll_posix.cc:593] FD from fork parent still in poll list: fd(22, generation: 1)
I0810 23:59:21.838059 4847891 ev_poll_posix.cc:593] FD from fork parent still in poll list: fd(19, generation: 1)
I0810 23:59:27.415022 4798456 fork_posix.cc:71] Other threads are currently calling into gRPC, skipping fork() handlers
I0810 23:59:27.417858 4848018 ev_poll_posix.cc:593] FD from fork parent still in poll list: fd(22, generation: 1)
I0810 23:59:27.418024 4848018 ev_poll_posix.cc:593] FD from fork parent still in poll list: fd(19, generation: 1)
I0810 23:59:33.537569 4798456 fork_posix.cc:71] Other threads are currently calling into gRPC, skipping fork() handlers
I0810 23:59:33.540501 4848261 ev_poll_posix.cc:593] FD from fork parent still in poll list: fd(22, generation: 1)
I0810 23:59:33.540595 4848261 ev_poll_posix.cc:593] FD from fork parent still in poll list: fd(19, generation: 1)
2026-08-10 23:59:40,019 - [ 1158.6s]   rc=0  /wheels/multidict-6.7.1-cp311-cp311-manylinux2014_x86_64.manylinux_2_17_x86_64.manylinux_2_28_x86_64.whl
2026-08-10 23:59:40,020 - Saved ./output-datasets/huginn-0125-weights/wheels/nvidia_nvjitlink-13.3.33-py3-none-manylinux2010_x86_64.manylinux_2_12_x86_64.whl
2026-08-10 23:59:40,020 - Saved ./output-datasets/huginn-0125-weights/wheels/propcache-0.5.2-cp311-cp311-manylinux2014_x86_64.manylinux_2_17_x86_64.manylinux_2_28_x86_64.whl
2026-08-10 23:59:40,020 - Saved ./output-datasets/huginn-0125-weights/wheels/yarl-1.24.5-cp311-cp311-manylinux2014_x86_64.manylinux_2_17_x86_64.manylinux_2_28_x86_64.whl
2026-08-10 23:59:40,020 - Successfully downloaded transformers accelerate safetensors datasets huggingface_hub numpy scipy scikit-learn matplotlib pandas tqdm pyyaml contourpy cycler dill fonttools fsspec hf-xet httpx httpcore joblib kiwisolver multiprocess narwhals packaging pillow pyarrow pyparsing python-dateutil regex requests threadpoolctl tokenizers torch cuda-toolkit nvidia-cudnn-cu13 nvidia-cusparselt-cu13 nvidia-nccl-cu13 nvidia-nvshmem-cu13 triton nvidia-cublas nvidia-cuda-cupti nvidia-cuda-nvrtc nvidia-cuda-runtime nvidia-cufft nvidia-cufile nvidia-curand nvidia-cusolver nvidia-cusparse nvidia-nvtx typing-extensions filelock psutil xxhash aiohttp certifi charset_normalizer cuda-bindings idna networkx setuptools six sympy urllib3 anyio jinja2 aiohappyeyeballs aiosignal attrs cuda-pathfinder frozenlist h11 MarkupSafe mpmath multidict nvidia-nvjitlink propcache yarl
2026-08-10 23:59:40,020 - [notice] A new release of pip is available: 24.0 -> 26.2.1
2026-08-10 23:59:40,020 - [notice] To update, run: pip install --upgrade pip
I0810 23:59:40.091606 4798456 fork_posix.cc:71] Other threads are currently calling into gRPC, skipping fork() handlers
I0810 23:59:40.093384 4848569 ev_poll_posix.cc:593] FD from fork parent still in poll list: fd(22, generation: 1)
I0810 23:59:40.093452 4848569 ev_poll_posix.cc:593] FD from fork parent still in poll list: fd(19, generation: 1)
2026-08-10 23:59:46,051 - [ 1164.8s] wheel cache: 94 files, 5.91 GB, ok=True
2026-08-10 23:59:46,051 - [ 1164.8s] $ df -h /job/output-datasets/huginn-0125-weights | tail -2
2026-08-10 23:59:46,052 - [ 1164.8s]   rc=0  Filesystem      Size  Used Avail Use% Mounted on
2026-08-10 23:59:46,052 - /dev/vdb         25G   21G  3.1G  87% /job/output-datasets/huginn-0125-weights
2026-08-10 23:59:46,052 - [ 1164.8s] $ ls -la /job/output-datasets/huginn-0125-weights
2026-08-10 23:59:46,052 - [ 1164.8s]   rc=0  total 15284780
2026-08-10 23:59:46,052 - drwxr-xr-x 4 1000 1000       4096 Aug 10 20:57 .
2026-08-10 23:59:46,052 - drwxr-xr-x 3 root root       4096 Aug 10 20:40 ..
2026-08-10 23:59:46,203 - drwxr-xr-x 3 root root       4096 Aug 10 20:40 .cache
2026-08-10 23:59:46,203 - -rw-r--r-- 1 root root       1566 Aug 10 20:40 .gitattributes
2026-08-10 23:59:46,203 - -rw-r--r-- 1 root root       3438 Aug 10 20:59 MANIFEST.json
2026-08-10 23:59:46,203 - -rw-r--r-- 1 root root      13691 Aug 10 20:40 README.md
2026-08-10 23:59:46,203 - -rw-r--r-- 1 root root    3015077 Aug 10 20:40 asset1.gif
2026-08-10 23:59:46,203 - -rw-r--r-- 1 root root      46921 Aug 10 20:40 asset2.jpeg
2026-08-10 23:59:46,203 - -rw-r--r-- 1 root root       1447 Aug 10 20:40 config.json
2026-08-10 23:59:46,203 - -rw-r--r-- 1 root root        178 Aug 10 20:40 generation_config.json
2026-08-10 23:59:46,203 - -rw-r--r-- 1 root root 4771970936 Aug 10 20:49 model-00001-of-00004.safetensors
2026-08-10 23:59:46,203 - -rw-r--r-- 1 root root 4744780096 Aug 10 20:51 model-00002-of-00004.safetensors
2026-08-10 23:59:46,203 - -rw-r--r-- 1 root root 4744737616 Aug 10 20:50 model-00003-of-00004.safetensors
2026-08-10 23:59:46,203 - -rw-r--r-- 1 root root 1384120448 Aug 10 20:40 model-00004-of-00004.safetensors
2026-08-10 23:59:46,203 - -rw-r--r-- 1 root root       6188 Aug 10 20:40 model.safetensors.index.json
2026-08-10 23:59:46,203 - -rw-r--r-- 1 root root       3913 Aug 10 20:40 raven_config_minimal.py
2026-08-10 23:59:46,203 - -rw-r--r-- 1 root root      88021 Aug 10 20:40 raven_modeling_minimal.py
2026-08-10 23:59:46,203 - -rw-r--r-- 1 root root        435 Aug 10 20:40 special_tokens_map.json
2026-08-10 23:59:46,203 - -rw-r--r-- 1 root root    2726482 Aug 10 20:40 tokenizer.json
2026-08-10 23:59:46,204 - -rw-r--r-- 1 root root       6624 Aug 10 20:40 tokenizer_config.json
2026-08-10 23:59:46,204 - drwxr-xr-x 2 root root      12288 Aug 10 20:59 wheels
I0810 23:59:46.951069 4798456 fork_posix.cc:71] Other threads are currently calling into gRPC, skipping fork() handlers
I0810 23:59:46.954360 4848924 ev_poll_posix.cc:593] FD from fork parent still in poll list: fd(22, generation: 1)
I0810 23:59:46.954462 4848924 ev_poll_posix.cc:593] FD from fork parent still in poll list: fd(19, generation: 1)
2026-08-10 23:59:52,605 - [ 1171.4s] DONE: 146 files, 21.56 GB total, weights_ok=True wheels_ok=True, 1171.4s
I0810 23:59:54.139239 4798456 fork_posix.cc:71] Other threads are currently calling into gRPC, skipping fork() handlers
I0810 23:59:54.142473 4849234 ev_poll_posix.cc:593] FD from fork parent still in poll list: fd(22, generation: 1)
I0810 23:59:54.142624 4849234 ev_poll_posix.cc:593] FD from fork parent still in poll list: fd(19, generation: 1)
I0811 00:00:01.043901 4798456 fork_posix.cc:71] Other threads are currently calling into gRPC, skipping fork() handlers
I0811 00:00:01.045479 4849766 ev_poll_posix.cc:593] FD from fork parent still in poll list: fd(22, generation: 1)
I0811 00:00:01.045529 4849766 ev_poll_posix.cc:593] FD from fork parent still in poll list: fd(19, generation: 1)
I0811 00:00:09.281502 4798456 fork_posix.cc:71] Other threads are currently calling into gRPC, skipping fork() handlers
I0811 00:00:09.283350 4850204 ev_poll_posix.cc:593] FD from fork parent still in poll list: fd(22, generation: 1)
I0811 00:00:09.283407 4850204 ev_poll_posix.cc:593] FD from fork parent still in poll list: fd(19, generation: 1)
I0811 00:00:16.519687 4798456 fork_posix.cc:71] Other threads are currently calling into gRPC, skipping fork() handlers
I0811 00:00:16.521039 4850748 ev_poll_posix.cc:593] FD from fork parent still in poll list: fd(22, generation: 1)
I0811 00:00:16.521091 4850748 ev_poll_posix.cc:593] FD from fork parent still in poll list: fd(19, generation: 1)
I0811 00:00:24.429060 4798456 fork_posix.cc:71] Other threads are currently calling into gRPC, skipping fork() handlers
I0811 00:00:24.430925 4851092 ev_poll_posix.cc:593] FD from fork parent still in poll list: fd(22, generation: 1)
I0811 00:00:24.431010 4851092 ev_poll_posix.cc:593] FD from fork parent still in poll list: fd(19, generation: 1)
I0811 00:00:34.694419 4851673 ev_poll_posix.cc:593] FD from fork parent still in poll list: fd(22, generation: 1)
I0811 00:00:35.703046 4851778 ev_poll_posix.cc:593] FD from fork parent still in poll list: fd(22, generation: 1)
2026-08-11 00:00:39,174 - [ 1171.4s] DONE: 146 files, 21.56 GB total, weights_ok=True wheels_ok=True, 1171.4s
I0811 00:00:44.187259 4798456 fork_posix.cc:71] Other threads are currently calling into gRPC, skipping fork() handlers
I0811 00:00:44.193821 4852258 ev_poll_posix.cc:593] FD from fork parent still in poll list: fd(19, generation: 1)
I0811 00:00:44.194049 4852258 ev_poll_posix.cc:593] FD from fork parent still in poll list: fd(22, generation: 1)
I0811 00:00:49.936527 4798456 fork_posix.cc:71] Other threads are currently calling into gRPC, skipping fork() handlers
I0811 00:00:49.938015 4852680 ev_poll_posix.cc:593] FD from fork parent still in poll list: fd(19, generation: 1)
I0811 00:00:49.938081 4852680 ev_poll_posix.cc:593] FD from fork parent still in poll list: fd(22, generation: 1)
I0811 00:00:55.667238 4798456 fork_posix.cc:71] Other threads are currently calling into gRPC, skipping fork() handlers
I0811 00:01:01.635594 4798456 fork_posix.cc:71] Other threads are currently calling into gRPC, skipping fork() handlers
I0811 00:01:01.637512 4853507 ev_poll_posix.cc:593] FD from fork parent still in poll list: fd(19, generation: 1)
I0811 00:01:01.637612 4853507 ev_poll_posix.cc:593] FD from fork parent still in poll list: fd(22, generation: 1)
I0811 00:01:08.333664 4798456 fork_posix.cc:71] Other threads are currently calling into gRPC, skipping fork() handlers
I0811 00:01:08.334926 4853835 ev_poll_posix.cc:593] FD from fork parent still in poll list: fd(19, generation: 1)
I0811 00:01:08.334969 4853835 ev_poll_posix.cc:593] FD from fork parent still in poll list: fd(22, generation: 1)
I0811 00:01:17.292270 4798456 fork_posix.cc:71] Other threads are currently calling into gRPC, skipping fork() handlers
I0811 00:01:17.294751 4854135 ev_poll_posix.cc:593] FD from fork parent still in poll list: fd(19, generation: 1)
I0811 00:01:17.294848 4854135 ev_poll_posix.cc:593] FD from fork parent still in poll list: fd(22, generation: 1)
I0811 00:01:24.638661 4798456 fork_posix.cc:71] Other threads are currently calling into gRPC, skipping fork() handlers
I0811 00:01:24.640993 4854421 ev_poll_posix.cc:593] FD from fork parent still in poll list: fd(19, generation: 1)
I0811 00:01:24.641117 4854421 ev_poll_posix.cc:593] FD from fork parent still in poll list: fd(22, generation: 1)
I0811 00:01:25.211606 4798456 fork_posix.cc:71] Other threads are currently calling into gRPC, skipping fork() handlers
I0811 00:01:25.214284 4854462 ev_poll_posix.cc:593] FD from fork parent still in poll list: fd(19, generation: 1)
I0811 00:01:25.214412 4854462 ev_poll_posix.cc:593] FD from fork parent still in poll list: fd(22, generation: 1)
[37m2026-08-11 00:01:26,027 - [INFO] - job link: https://datasphere.yandex.cloud/communities/bt19h0cm8nqhr7489r9o/projects/bt12q57tmrs03pnt8drc/job/bt1e9ld08akjoe25q22j[0m
[37m2026-08-11 00:01:26,028 - [INFO] - downloading 1 files (10.7KB) ...[0m
[37m2026-08-11 00:01:26,279 - [INFO] - files are downloaded[0m
[37m2026-08-11 00:01:26,279 - [INFO] - Created datasets:[0m
[37m2026-08-11 00:01:26,279 - [INFO] -   * bt102r0j5cb8r6r6nb36 (huginn-0125-weights) size: 25 Gb[0m
[37m2026-08-11 00:01:26,279 - [INFO] - job completed successfully[0m
