[37m2026-08-11 00:11:27,328 - [INFO] - logs file path: /var/folders/pj/kc0mj8fx5ks38zy3t9nbjfdh0000gn/T/datasphere/job_2026-08-11T00:11:27.323671[0m
[37m2026-08-11 00:11:29,295 - [INFO] - creating job ...[0m
[37m2026-08-11 00:11:37,203 - [INFO] - uploading 1 files (5.3KB) ...[0m
[37m2026-08-11 00:11:39,007 - [INFO] - files are uploaded[0m
[37m2026-08-11 00:11:39,008 - [INFO] - created job `bt1pk4fk6lvjl0ogc28n`[0m
I0811 00:11:39.010161 4877795 ev_poll_posix.cc:593] FD from fork parent still in poll list: fd(19, generation: 1)
[37m2026-08-11 00:11:43,503 - [INFO] - executing job ...[0m
I0811 00:11:45.034629 4878089 ev_poll_posix.cc:593] FD from fork parent still in poll list: fd(19, generation: 1)
I0811 00:11:50.043717 4877277 fork_posix.cc:71] Other threads are currently calling into gRPC, skipping fork() handlers
I0811 00:11:50.045689 4878322 ev_poll_posix.cc:593] FD from fork parent still in poll list: fd(19, generation: 1)
I0811 00:11:55.527249 4877277 fork_posix.cc:71] Other threads are currently calling into gRPC, skipping fork() handlers
I0811 00:11:55.529010 4878684 ev_poll_posix.cc:593] FD from fork parent still in poll list: fd(22, generation: 1)
I0811 00:11:55.529066 4878684 ev_poll_posix.cc:593] FD from fork parent still in poll list: fd(19, generation: 1)
I0811 00:12:04.231788 4877277 fork_posix.cc:71] Other threads are currently calling into gRPC, skipping fork() handlers
I0811 00:12:04.234027 4879111 ev_poll_posix.cc:593] FD from fork parent still in poll list: fd(22, generation: 1)
I0811 00:12:04.234103 4879111 ev_poll_posix.cc:593] FD from fork parent still in poll list: fd(19, generation: 1)
I0811 00:12:13.537292 4877277 fork_posix.cc:71] Other threads are currently calling into gRPC, skipping fork() handlers
I0811 00:12:13.540939 4879480 ev_poll_posix.cc:593] FD from fork parent still in poll list: fd(22, generation: 1)
I0811 00:12:13.541049 4879480 ev_poll_posix.cc:593] FD from fork parent still in poll list: fd(19, generation: 1)
I0811 00:12:22.478499 4877277 fork_posix.cc:71] Other threads are currently calling into gRPC, skipping fork() handlers
I0811 00:12:22.480100 4879843 ev_poll_posix.cc:593] FD from fork parent still in poll list: fd(22, generation: 1)
I0811 00:12:22.480169 4879843 ev_poll_posix.cc:593] FD from fork parent still in poll list: fd(19, generation: 1)
I0811 00:12:31.269499 4877277 fork_posix.cc:71] Other threads are currently calling into gRPC, skipping fork() handlers
I0811 00:12:31.273553 4880094 ev_poll_posix.cc:593] FD from fork parent still in poll list: fd(22, generation: 1)
I0811 00:12:31.273728 4880094 ev_poll_posix.cc:593] FD from fork parent still in poll list: fd(19, generation: 1)
2026-08-11 00:12:40,437 - [    0.0s] start; /job/output-datasets/huginn-pip-wheels exists=True
2026-08-11 00:12:40,555 - [    0.1s] $ df -h /job/output-datasets/huginn-pip-wheels | tail -1
2026-08-11 00:12:40,555 - [    0.1s]   rc=0  /dev/vdb         12G   12K   12G   1% /job/output-datasets/huginn-pip-wheels
2026-08-11 00:12:40,555 - [    0.1s] $ pip download --no-cache-dir --dest /job/output-datasets/huginn-pip-wheels/wheels 'torch==2.5.1'
I0811 00:12:41.260628 4877277 fork_posix.cc:71] Other threads are currently calling into gRPC, skipping fork() handlers
I0811 00:12:41.262788 4880390 ev_poll_posix.cc:593] FD from fork parent still in poll list: fd(22, generation: 1)
I0811 00:12:41.262908 4880390 ev_poll_posix.cc:593] FD from fork parent still in poll list: fd(19, generation: 1)
I0811 00:12:49.420559 4877277 fork_posix.cc:71] Other threads are currently calling into gRPC, skipping fork() handlers
I0811 00:12:49.423831 4880661 ev_poll_posix.cc:593] FD from fork parent still in poll list: fd(22, generation: 1)
I0811 00:12:49.423952 4880661 ev_poll_posix.cc:593] FD from fork parent still in poll list: fd(19, generation: 1)
I0811 00:12:58.506292 4877277 fork_posix.cc:71] Other threads are currently calling into gRPC, skipping fork() handlers
I0811 00:12:58.508779 4880929 ev_poll_posix.cc:593] FD from fork parent still in poll list: fd(22, generation: 1)
I0811 00:12:58.508849 4880929 ev_poll_posix.cc:593] FD from fork parent still in poll list: fd(19, generation: 1)
I0811 00:13:07.061626 4877277 fork_posix.cc:71] Other threads are currently calling into gRPC, skipping fork() handlers
I0811 00:13:07.064964 4881229 ev_poll_posix.cc:593] FD from fork parent still in poll list: fd(22, generation: 1)
I0811 00:13:07.065109 4881229 ev_poll_posix.cc:593] FD from fork parent still in poll list: fd(19, generation: 1)
I0811 00:13:15.067609 4877277 fork_posix.cc:71] Other threads are currently calling into gRPC, skipping fork() handlers
I0811 00:13:15.069547 4881448 ev_poll_posix.cc:593] FD from fork parent still in poll list: fd(22, generation: 1)
I0811 00:13:15.069629 4881448 ev_poll_posix.cc:593] FD from fork parent still in poll list: fd(19, generation: 1)
I0811 00:13:23.891311 4877277 fork_posix.cc:71] Other threads are currently calling into gRPC, skipping fork() handlers
I0811 00:13:23.896181 4881682 ev_poll_posix.cc:593] FD from fork parent still in poll list: fd(22, generation: 1)
I0811 00:13:23.896335 4881682 ev_poll_posix.cc:593] FD from fork parent still in poll list: fd(19, generation: 1)
I0811 00:13:32.645402 4877277 fork_posix.cc:71] Other threads are currently calling into gRPC, skipping fork() handlers
I0811 00:13:32.648094 4881932 ev_poll_posix.cc:593] FD from fork parent still in poll list: fd(22, generation: 1)
I0811 00:13:32.648195 4881932 ev_poll_posix.cc:593] FD from fork parent still in poll list: fd(19, generation: 1)
I0811 00:13:41.507315 4877277 fork_posix.cc:71] Other threads are currently calling into gRPC, skipping fork() handlers
I0811 00:13:41.511855 4882273 ev_poll_posix.cc:593] FD from fork parent still in poll list: fd(22, generation: 1)
I0811 00:13:41.511986 4882273 ev_poll_posix.cc:593] FD from fork parent still in poll list: fd(19, generation: 1)
I0811 00:13:50.518589 4877277 fork_posix.cc:71] Other threads are currently calling into gRPC, skipping fork() handlers
I0811 00:13:50.520794 4882495 ev_poll_posix.cc:593] FD from fork parent still in poll list: fd(22, generation: 1)
I0811 00:13:50.520916 4882495 ev_poll_posix.cc:593] FD from fork parent still in poll list: fd(19, generation: 1)
I0811 00:13:56.327610 4877277 fork_posix.cc:71] Other threads are currently calling into gRPC, skipping fork() handlers
I0811 00:13:56.329787 4882687 ev_poll_posix.cc:593] FD from fork parent still in poll list: fd(22, generation: 1)
I0811 00:13:56.329871 4882687 ev_poll_posix.cc:593] FD from fork parent still in poll list: fd(19, generation: 1)
2026-08-11 00:14:02,696 - [   82.2s]   rc=0  4_x86_64.manylinux_2_17_x86_64.manylinux_2_28_x86_64.whl
2026-08-11 00:14:02,697 - Saved ./output-datasets/huginn-pip-wheels/wheels/mpmath-1.3.0-py3-none-any.whl
2026-08-11 00:14:02,697 - Successfully downloaded torch nvidia-cublas-cu12 nvidia-cuda-cupti-cu12 nvidia-cuda-nvrtc-cu12 nvidia-cuda-runtime-cu12 nvidia-cudnn-cu12 nvidia-cufft-cu12 nvidia-curand-cu12 nvidia-cusolver-cu12 nvidia-cusparse-cu12 nvidia-nccl-cu12 nvidia-nvjitlink-cu12 nvidia-nvtx-cu12 sympy triton typing-extensions filelock fsspec jinja2 networkx MarkupSafe mpmath
2026-08-11 00:14:02,708 - [notice] A new release of pip is available: 24.0 -> 26.2.1
2026-08-11 00:14:02,708 - [notice] To update, run: pip install --upgrade pip
2026-08-11 00:14:02,708 - [   82.2s] $ pip download --no-cache-dir --dest /job/output-datasets/huginn-pip-wheels/wheels 'transformers==4.53.3' 'accelerate' 'safetensors' 'datasets' 'huggingface_hub' 'numpy' 'scipy' 'scikit-learn' 'matplotlib' 'pandas' 'tqdm' 'pyyaml'
I0811 00:14:05.500987 4877277 fork_posix.cc:71] Other threads are currently calling into gRPC, skipping fork() handlers
I0811 00:14:05.505370 4883088 ev_poll_posix.cc:593] FD from fork parent still in poll list: fd(22, generation: 1)
I0811 00:14:05.505472 4883088 ev_poll_posix.cc:593] FD from fork parent still in poll list: fd(19, generation: 1)
I0811 00:14:13.922220 4877277 fork_posix.cc:71] Other threads are currently calling into gRPC, skipping fork() handlers
I0811 00:14:13.925119 4883295 ev_poll_posix.cc:593] FD from fork parent still in poll list: fd(22, generation: 1)
I0811 00:14:13.925219 4883295 ev_poll_posix.cc:593] FD from fork parent still in poll list: fd(19, generation: 1)
I0811 00:14:23.703639 4877277 fork_posix.cc:71] Other threads are currently calling into gRPC, skipping fork() handlers
I0811 00:14:23.709024 4883585 ev_poll_posix.cc:593] FD from fork parent still in poll list: fd(22, generation: 1)
I0811 00:14:23.709125 4883585 ev_poll_posix.cc:593] FD from fork parent still in poll list: fd(19, generation: 1)
I0811 00:14:32.702439 4877277 fork_posix.cc:71] Other threads are currently calling into gRPC, skipping fork() handlers
I0811 00:14:32.705361 4883875 ev_poll_posix.cc:593] FD from fork parent still in poll list: fd(22, generation: 1)
I0811 00:14:32.705456 4883875 ev_poll_posix.cc:593] FD from fork parent still in poll list: fd(19, generation: 1)
I0811 00:14:41.611728 4877277 fork_posix.cc:71] Other threads are currently calling into gRPC, skipping fork() handlers
I0811 00:14:41.613863 4884143 ev_poll_posix.cc:593] FD from fork parent still in poll list: fd(22, generation: 1)
I0811 00:14:41.613976 4884143 ev_poll_posix.cc:593] FD from fork parent still in poll list: fd(19, generation: 1)
I0811 00:14:49.599127 4877277 fork_posix.cc:71] Other threads are currently calling into gRPC, skipping fork() handlers
I0811 00:14:49.601283 4884357 ev_poll_posix.cc:593] FD from fork parent still in poll list: fd(22, generation: 1)
I0811 00:14:49.601343 4884357 ev_poll_posix.cc:593] FD from fork parent still in poll list: fd(19, generation: 1)
I0811 00:14:57.564542 4877277 fork_posix.cc:71] Other threads are currently calling into gRPC, skipping fork() handlers
I0811 00:14:57.566689 4884616 ev_poll_posix.cc:593] FD from fork parent still in poll list: fd(22, generation: 1)
I0811 00:14:57.566751 4884616 ev_poll_posix.cc:593] FD from fork parent still in poll list: fd(19, generation: 1)
I0811 00:15:05.966762 4877277 fork_posix.cc:71] Other threads are currently calling into gRPC, skipping fork() handlers
I0811 00:15:05.971914 4885068 ev_poll_posix.cc:593] FD from fork parent still in poll list: fd(22, generation: 1)
I0811 00:15:05.972062 4885068 ev_poll_posix.cc:593] FD from fork parent still in poll list: fd(19, generation: 1)
I0811 00:15:14.406896 4877277 fork_posix.cc:71] Other threads are currently calling into gRPC, skipping fork() handlers
I0811 00:15:14.410092 4885378 ev_poll_posix.cc:593] FD from fork parent still in poll list: fd(22, generation: 1)
I0811 00:15:14.410235 4885378 ev_poll_posix.cc:593] FD from fork parent still in poll list: fd(19, generation: 1)
2026-08-11 00:15:14,756 - [  154.5s]   rc=0  idia-cusparselt-cu13 nvidia-nccl-cu13 nvidia-nvshmem-cu13 triton nvidia-cublas nvidia-cuda-cupti nvidia-cuda-nvrtc nvidia-cuda-runtime nvidia-cufft nvidia-cufile nvidia-curand nvidia-cusolver nvidia-cusparse nvidia-nvtx typing-extensions filelock psutil xxhash aiohttp certifi charset_normalizer cuda-bindings idna networkx setuptools six sympy urllib3 anyio jinja2 aiohappyeyeballs aiosignal attrs cuda-pathfinder frozenlist h11 MarkupSafe mpmath multidict nvidia-nvjitlink propcache yarl
2026-08-11 00:15:14,756 - [notice] A new release of pip is available: 24.0 -> 26.2.1
2026-08-11 00:15:14,756 - [notice] To update, run: pip install --upgrade pip
2026-08-11 00:15:14,756 - [  154.5s] wheel cache: 94 files, 5.91 GB, ok=True
I0811 00:15:23.249887 4877277 fork_posix.cc:71] Other threads are currently calling into gRPC, skipping fork() handlers
I0811 00:15:23.253634 4885744 ev_poll_posix.cc:593] FD from fork parent still in poll list: fd(22, generation: 1)
I0811 00:15:23.253734 4885744 ev_poll_posix.cc:593] FD from fork parent still in poll list: fd(19, generation: 1)
I0811 00:15:31.157612 4877277 fork_posix.cc:71] Other threads are currently calling into gRPC, skipping fork() handlers
I0811 00:15:31.159794 4886073 ev_poll_posix.cc:593] FD from fork parent still in poll list: fd(22, generation: 1)
I0811 00:15:31.159868 4886073 ev_poll_posix.cc:593] FD from fork parent still in poll list: fd(19, generation: 1)
I0811 00:15:40.544427 4877277 fork_posix.cc:71] Other threads are currently calling into gRPC, skipping fork() handlers
I0811 00:15:40.546063 4886466 ev_poll_posix.cc:593] FD from fork parent still in poll list: fd(22, generation: 1)
I0811 00:15:40.546116 4886466 ev_poll_posix.cc:593] FD from fork parent still in poll list: fd(19, generation: 1)
I0811 00:15:48.547078 4877277 fork_posix.cc:71] Other threads are currently calling into gRPC, skipping fork() handlers
I0811 00:15:48.548899 4886839 ev_poll_posix.cc:593] FD from fork parent still in poll list: fd(22, generation: 1)
I0811 00:15:48.548945 4886839 ev_poll_posix.cc:593] FD from fork parent still in poll list: fd(19, generation: 1)
I0811 00:15:56.889053 4877277 fork_posix.cc:71] Other threads are currently calling into gRPC, skipping fork() handlers
I0811 00:15:56.892906 4887132 ev_poll_posix.cc:593] FD from fork parent still in poll list: fd(22, generation: 1)
I0811 00:15:56.893023 4887132 ev_poll_posix.cc:593] FD from fork parent still in poll list: fd(19, generation: 1)
I0811 00:16:05.295177 4877277 fork_posix.cc:71] Other threads are currently calling into gRPC, skipping fork() handlers
I0811 00:16:05.298510 4887557 ev_poll_posix.cc:593] FD from fork parent still in poll list: fd(22, generation: 1)
I0811 00:16:05.298642 4887557 ev_poll_posix.cc:593] FD from fork parent still in poll list: fd(19, generation: 1)
I0811 00:16:13.630272 4877277 fork_posix.cc:71] Other threads are currently calling into gRPC, skipping fork() handlers
I0811 00:16:13.632386 4887775 ev_poll_posix.cc:593] FD from fork parent still in poll list: fd(22, generation: 1)
I0811 00:16:13.632462 4887775 ev_poll_posix.cc:593] FD from fork parent still in poll list: fd(19, generation: 1)
I0811 00:16:23.152751 4877277 fork_posix.cc:71] Other threads are currently calling into gRPC, skipping fork() handlers
I0811 00:16:23.156187 4888064 ev_poll_posix.cc:593] FD from fork parent still in poll list: fd(22, generation: 1)
I0811 00:16:23.156305 4888064 ev_poll_posix.cc:593] FD from fork parent still in poll list: fd(19, generation: 1)
I0811 00:16:31.858161 4877277 fork_posix.cc:71] Other threads are currently calling into gRPC, skipping fork() handlers
I0811 00:16:31.860414 4888350 ev_poll_posix.cc:593] FD from fork parent still in poll list: fd(22, generation: 1)
I0811 00:16:31.860484 4888350 ev_poll_posix.cc:593] FD from fork parent still in poll list: fd(19, generation: 1)
I0811 00:16:40.558371 4877277 fork_posix.cc:71] Other threads are currently calling into gRPC, skipping fork() handlers
I0811 00:16:40.561750 4888622 ev_poll_posix.cc:593] FD from fork parent still in poll list: fd(22, generation: 1)
I0811 00:16:40.561877 4888622 ev_poll_posix.cc:593] FD from fork parent still in poll list: fd(19, generation: 1)
I0811 00:16:48.723628 4877277 fork_posix.cc:71] Other threads are currently calling into gRPC, skipping fork() handlers
I0811 00:16:48.726935 4888837 ev_poll_posix.cc:593] FD from fork parent still in poll list: fd(22, generation: 1)
I0811 00:16:48.727085 4888837 ev_poll_posix.cc:593] FD from fork parent still in poll list: fd(19, generation: 1)
I0811 00:17:00.490261 4877277 fork_posix.cc:71] Other threads are currently calling into gRPC, skipping fork() handlers
I0811 00:17:00.492961 4889155 ev_poll_posix.cc:593] FD from fork parent still in poll list: fd(22, generation: 1)
I0811 00:17:00.493047 4889155 ev_poll_posix.cc:593] FD from fork parent still in poll list: fd(19, generation: 1)
I0811 00:17:09.092756 4877277 fork_posix.cc:71] Other threads are currently calling into gRPC, skipping fork() handlers
I0811 00:17:09.094526 4889527 ev_poll_posix.cc:593] FD from fork parent still in poll list: fd(22, generation: 1)
I0811 00:17:09.094645 4889527 ev_poll_posix.cc:593] FD from fork parent still in poll list: fd(19, generation: 1)
I0811 00:17:16.532426 4877277 fork_posix.cc:71] Other threads are currently calling into gRPC, skipping fork() handlers
I0811 00:17:16.534016 4889759 ev_poll_posix.cc:593] FD from fork parent still in poll list: fd(22, generation: 1)
I0811 00:17:16.534066 4889759 ev_poll_posix.cc:593] FD from fork parent still in poll list: fd(19, generation: 1)
I0811 00:17:24.657705 4877277 fork_posix.cc:71] Other threads are currently calling into gRPC, skipping fork() handlers
I0811 00:17:24.661019 4890027 ev_poll_posix.cc:593] FD from fork parent still in poll list: fd(22, generation: 1)
I0811 00:17:24.661124 4890027 ev_poll_posix.cc:593] FD from fork parent still in poll list: fd(19, generation: 1)
I0811 00:17:33.617168 4877277 fork_posix.cc:71] Other threads are currently calling into gRPC, skipping fork() handlers
I0811 00:17:33.620415 4890331 ev_poll_posix.cc:593] FD from fork parent still in poll list: fd(22, generation: 1)
I0811 00:17:33.620532 4890331 ev_poll_posix.cc:593] FD from fork parent still in poll list: fd(19, generation: 1)
I0811 00:17:44.644884 4877277 fork_posix.cc:71] Other threads are currently calling into gRPC, skipping fork() handlers
I0811 00:17:44.646599 4890679 ev_poll_posix.cc:593] FD from fork parent still in poll list: fd(22, generation: 1)
I0811 00:17:44.646645 4890679 ev_poll_posix.cc:593] FD from fork parent still in poll list: fd(19, generation: 1)
I0811 00:17:53.365161 4877277 fork_posix.cc:71] Other threads are currently calling into gRPC, skipping fork() handlers
I0811 00:17:53.367028 4890987 ev_poll_posix.cc:593] FD from fork parent still in poll list: fd(22, generation: 1)
I0811 00:17:53.367103 4890987 ev_poll_posix.cc:593] FD from fork parent still in poll list: fd(19, generation: 1)
I0811 00:18:01.004190 4877277 fork_posix.cc:71] Other threads are currently calling into gRPC, skipping fork() handlers
I0811 00:18:01.005978 4891287 ev_poll_posix.cc:593] FD from fork parent still in poll list: fd(22, generation: 1)
I0811 00:18:01.006049 4891287 ev_poll_posix.cc:593] FD from fork parent still in poll list: fd(19, generation: 1)
I0811 00:18:09.336500 4877277 fork_posix.cc:71] Other threads are currently calling into gRPC, skipping fork() handlers
I0811 00:18:09.338597 4891590 ev_poll_posix.cc:593] FD from fork parent still in poll list: fd(22, generation: 1)
I0811 00:18:09.338644 4891590 ev_poll_posix.cc:593] FD from fork parent still in poll list: fd(19, generation: 1)
I0811 00:18:20.519300 4877277 fork_posix.cc:71] Other threads are currently calling into gRPC, skipping fork() handlers
I0811 00:18:20.521489 4891946 ev_poll_posix.cc:593] FD from fork parent still in poll list: fd(22, generation: 1)
I0811 00:18:20.521557 4891946 ev_poll_posix.cc:593] FD from fork parent still in poll list: fd(19, generation: 1)
I0811 00:18:26.836470 4877277 fork_posix.cc:71] Other threads are currently calling into gRPC, skipping fork() handlers
I0811 00:18:26.839608 4892221 ev_poll_posix.cc:593] FD from fork parent still in poll list: fd(22, generation: 1)
I0811 00:18:26.839696 4892221 ev_poll_posix.cc:593] FD from fork parent still in poll list: fd(19, generation: 1)
I0811 00:18:36.831169 4877277 fork_posix.cc:71] Other threads are currently calling into gRPC, skipping fork() handlers
I0811 00:18:36.834535 4892666 ev_poll_posix.cc:593] FD from fork parent still in poll list: fd(22, generation: 1)
I0811 00:18:36.834632 4892666 ev_poll_posix.cc:593] FD from fork parent still in poll list: fd(19, generation: 1)
I0811 00:18:43.957083 4877277 fork_posix.cc:71] Other threads are currently calling into gRPC, skipping fork() handlers
I0811 00:18:43.961225 4893003 ev_poll_posix.cc:593] FD from fork parent still in poll list: fd(22, generation: 1)
I0811 00:18:43.961359 4893003 ev_poll_posix.cc:593] FD from fork parent still in poll list: fd(19, generation: 1)
I0811 00:18:52.567333 4877277 fork_posix.cc:71] Other threads are currently calling into gRPC, skipping fork() handlers
I0811 00:18:52.570038 4893357 ev_poll_posix.cc:593] FD from fork parent still in poll list: fd(22, generation: 1)
I0811 00:18:52.570120 4893357 ev_poll_posix.cc:593] FD from fork parent still in poll list: fd(19, generation: 1)
I0811 00:19:00.998602 4877277 fork_posix.cc:71] Other threads are currently calling into gRPC, skipping fork() handlers
I0811 00:19:01.001595 4893733 ev_poll_posix.cc:593] FD from fork parent still in poll list: fd(22, generation: 1)
I0811 00:19:01.001682 4893733 ev_poll_posix.cc:593] FD from fork parent still in poll list: fd(19, generation: 1)
I0811 00:19:01.001954 4893733 ev_poll_posix.cc:593] FD from fork parent still in poll list: fd(22, generation: 1)
I0811 00:19:01.001975 4893733 ev_poll_posix.cc:593] FD from fork parent still in poll list: fd(19, generation: 1)
I0811 00:19:01.001984 4893733 ev_poll_posix.cc:593] FD from fork parent still in poll list: fd(22, generation: 1)
I0811 00:19:01.001991 4893733 ev_poll_posix.cc:593] FD from fork parent still in poll list: fd(19, generation: 1)
I0811 00:19:01.001998 4893733 ev_poll_posix.cc:593] FD from fork parent still in poll list: fd(22, generation: 1)
I0811 00:19:01.002003 4893733 ev_poll_posix.cc:593] FD from fork parent still in poll list: fd(19, generation: 1)
I0811 00:19:01.002009 4893733 ev_poll_posix.cc:593] FD from fork parent still in poll list: fd(22, generation: 1)
I0811 00:19:01.002014 4893733 ev_poll_posix.cc:593] FD from fork parent still in poll list: fd(19, generation: 1)
I0811 00:19:01.002020 4893733 ev_poll_posix.cc:593] FD from fork parent still in poll list: fd(22, generation: 1)
I0811 00:19:01.002025 4893733 ev_poll_posix.cc:593] FD from fork parent still in poll list: fd(19, generation: 1)
I0811 00:19:01.002031 4893733 ev_poll_posix.cc:593] FD from fork parent still in poll list: fd(22, generation: 1)
I0811 00:19:01.002036 4893733 ev_poll_posix.cc:593] FD from fork parent still in poll list: fd(19, generation: 1)
I0811 00:19:01.002042 4893733 ev_poll_posix.cc:593] FD from fork parent still in poll list: fd(22, generation: 1)
I0811 00:19:01.002047 4893733 ev_poll_posix.cc:593] FD from fork parent still in poll list: fd(19, generation: 1)
I0811 00:19:01.002053 4893733 ev_poll_posix.cc:593] FD from fork parent still in poll list: fd(22, generation: 1)
I0811 00:19:01.002058 4893733 ev_poll_posix.cc:593] FD from fork parent still in poll list: fd(19, generation: 1)
I0811 00:19:01.002096 4893733 ev_poll_posix.cc:593] FD from fork parent still in poll list: fd(22, generation: 1)
I0811 00:19:01.002112 4893733 ev_poll_posix.cc:593] FD from fork parent still in poll list: fd(19, generation: 1)
I0811 00:19:01.002121 4893733 ev_poll_posix.cc:593] FD from fork parent still in poll list: fd(22, generation: 1)
I0811 00:19:01.002128 4893733 ev_poll_posix.cc:593] FD from fork parent still in poll list: fd(19, generation: 1)
I0811 00:19:01.002134 4893733 ev_poll_posix.cc:593] FD from fork parent still in poll list: fd(22, generation: 1)
I0811 00:19:01.002139 4893733 ev_poll_posix.cc:593] FD from fork parent still in poll list: fd(19, generation: 1)
I0811 00:19:01.002144 4893733 ev_poll_posix.cc:593] FD from fork parent still in poll list: fd(22, generation: 1)
I0811 00:19:01.002149 4893733 ev_poll_posix.cc:593] FD from fork parent still in poll list: fd(19, generation: 1)
I0811 00:19:01.002157 4893733 ev_poll_posix.cc:593] FD from fork parent still in poll list: fd(22, generation: 1)
I0811 00:19:01.002164 4893733 ev_poll_posix.cc:593] FD from fork parent still in poll list: fd(19, generation: 1)
I0811 00:19:01.002170 4893733 ev_poll_posix.cc:593] FD from fork parent still in poll list: fd(22, generation: 1)
I0811 00:19:01.002175 4893733 ev_poll_posix.cc:593] FD from fork parent still in poll list: fd(19, generation: 1)
I0811 00:19:01.002180 4893733 ev_poll_posix.cc:593] FD from fork parent still in poll list: fd(22, generation: 1)
I0811 00:19:01.002185 4893733 ev_poll_posix.cc:593] FD from fork parent still in poll list: fd(19, generation: 1)
I0811 00:19:01.002191 4893733 ev_poll_posix.cc:593] FD from fork parent still in poll list: fd(22, generation: 1)
I0811 00:19:01.002195 4893733 ev_poll_posix.cc:593] FD from fork parent still in poll list: fd(19, generation: 1)
I0811 00:19:01.002201 4893733 ev_poll_posix.cc:593] FD from fork parent still in poll list: fd(22, generation: 1)
I0811 00:19:01.002206 4893733 ev_poll_posix.cc:593] FD from fork parent still in poll list: fd(19, generation: 1)
I0811 00:19:01.002212 4893733 ev_poll_posix.cc:593] FD from fork parent still in poll list: fd(22, generation: 1)
I0811 00:19:01.002232 4893733 ev_poll_posix.cc:593] FD from fork parent still in poll list: fd(19, generation: 1)
I0811 00:19:01.002238 4893733 ev_poll_posix.cc:593] FD from fork parent still in poll list: fd(22, generation: 1)
I0811 00:19:01.002243 4893733 ev_poll_posix.cc:593] FD from fork parent still in poll list: fd(19, generation: 1)
I0811 00:19:01.002248 4893733 ev_poll_posix.cc:593] FD from fork parent still in poll list: fd(22, generation: 1)
I0811 00:19:01.002253 4893733 ev_poll_posix.cc:593] FD from fork parent still in poll list: fd(19, generation: 1)
I0811 00:19:01.002259 4893733 ev_poll_posix.cc:593] FD from fork parent still in poll list: fd(22, generation: 1)
I0811 00:19:01.002264 4893733 ev_poll_posix.cc:593] FD from fork parent still in poll list: fd(19, generation: 1)
I0811 00:19:01.002270 4893733 ev_poll_posix.cc:593] FD from fork parent still in poll list: fd(22, generation: 1)
I0811 00:19:01.002275 4893733 ev_poll_posix.cc:593] FD from fork parent still in poll list: fd(19, generation: 1)
I0811 00:19:01.002280 4893733 ev_poll_posix.cc:593] FD from fork parent still in poll list: fd(22, generation: 1)
I0811 00:19:01.002285 4893733 ev_poll_posix.cc:593] FD from fork parent still in poll list: fd(19, generation: 1)
I0811 00:19:01.002291 4893733 ev_poll_posix.cc:593] FD from fork parent still in poll list: fd(22, generation: 1)
I0811 00:19:01.002296 4893733 ev_poll_posix.cc:593] FD from fork parent still in poll list: fd(19, generation: 1)
I0811 00:19:01.002301 4893733 ev_poll_posix.cc:593] FD from fork parent still in poll list: fd(22, generation: 1)
I0811 00:19:01.002306 4893733 ev_poll_posix.cc:593] FD from fork parent still in poll list: fd(19, generation: 1)
I0811 00:19:01.002312 4893733 ev_poll_posix.cc:593] FD from fork parent still in poll list: fd(22, generation: 1)
I0811 00:19:01.002317 4893733 ev_poll_posix.cc:593] FD from fork parent still in poll list: fd(19, generation: 1)
I0811 00:19:01.002322 4893733 ev_poll_posix.cc:593] FD from fork parent still in poll list: fd(22, generation: 1)
I0811 00:19:01.002327 4893733 ev_poll_posix.cc:593] FD from fork parent still in poll list: fd(19, generation: 1)
I0811 00:19:01.002333 4893733 ev_poll_posix.cc:593] FD from fork parent still in poll list: fd(22, generation: 1)
I0811 00:19:01.002338 4893733 ev_poll_posix.cc:593] FD from fork parent still in poll list: fd(19, generation: 1)
I0811 00:19:01.002343 4893733 ev_poll_posix.cc:593] FD from fork parent still in poll list: fd(22, generation: 1)
I0811 00:19:01.002348 4893733 ev_poll_posix.cc:593] FD from fork parent still in poll list: fd(19, generation: 1)
I0811 00:19:01.002354 4893733 ev_poll_posix.cc:593] FD from fork parent still in poll list: fd(22, generation: 1)
I0811 00:19:01.002359 4893733 ev_poll_posix.cc:593] FD from fork parent still in poll list: fd(19, generation: 1)
I0811 00:19:01.002365 4893733 ev_poll_posix.cc:593] FD from fork parent still in poll list: fd(22, generation: 1)
I0811 00:19:01.002370 4893733 ev_poll_posix.cc:593] FD from fork parent still in poll list: fd(19, generation: 1)
I0811 00:19:01.002376 4893733 ev_poll_posix.cc:593] FD from fork parent still in poll list: fd(22, generation: 1)
I0811 00:19:01.002381 4893733 ev_poll_posix.cc:593] FD from fork parent still in poll list: fd(19, generation: 1)
I0811 00:19:01.002476 4893733 ev_poll_posix.cc:593] FD from fork parent still in poll list: fd(22, generation: 1)
I0811 00:19:01.002523 4893733 ev_poll_posix.cc:593] FD from fork parent still in poll list: fd(19, generation: 1)
I0811 00:19:01.002533 4893733 ev_poll_posix.cc:593] FD from fork parent still in poll list: fd(22, generation: 1)
I0811 00:19:01.002538 4893733 ev_poll_posix.cc:593] FD from fork parent still in poll list: fd(19, generation: 1)
I0811 00:19:01.002544 4893733 ev_poll_posix.cc:593] FD from fork parent still in poll list: fd(22, generation: 1)
I0811 00:19:01.002549 4893733 ev_poll_posix.cc:593] FD from fork parent still in poll list: fd(19, generation: 1)
I0811 00:19:01.002555 4893733 ev_poll_posix.cc:593] FD from fork parent still in poll list: fd(22, generation: 1)
I0811 00:19:01.002571 4893733 ev_poll_posix.cc:593] FD from fork parent still in poll list: fd(19, generation: 1)
I0811 00:19:01.002577 4893733 ev_poll_posix.cc:593] FD from fork parent still in poll list: fd(22, generation: 1)
I0811 00:19:01.002584 4893733 ev_poll_posix.cc:593] FD from fork parent still in poll list: fd(19, generation: 1)
I0811 00:19:01.002590 4893733 ev_poll_posix.cc:593] FD from fork parent still in poll list: fd(22, generation: 1)
I0811 00:19:01.002595 4893733 ev_poll_posix.cc:593] FD from fork parent still in poll list: fd(19, generation: 1)
I0811 00:19:01.002600 4893733 ev_poll_posix.cc:593] FD from fork parent still in poll list: fd(22, generation: 1)
I0811 00:19:01.002605 4893733 ev_poll_posix.cc:593] FD from fork parent still in poll list: fd(19, generation: 1)
I0811 00:19:01.002611 4893733 ev_poll_posix.cc:593] FD from fork parent still in poll list: fd(22, generation: 1)
I0811 00:19:01.002615 4893733 ev_poll_posix.cc:593] FD from fork parent still in poll list: fd(19, generation: 1)
I0811 00:19:01.002621 4893733 ev_poll_posix.cc:593] FD from fork parent still in poll list: fd(22, generation: 1)
I0811 00:19:01.002626 4893733 ev_poll_posix.cc:593] FD from fork parent still in poll list: fd(19, generation: 1)
I0811 00:19:01.002631 4893733 ev_poll_posix.cc:593] FD from fork parent still in poll list: fd(22, generation: 1)
I0811 00:19:01.002636 4893733 ev_poll_posix.cc:593] FD from fork parent still in poll list: fd(19, generation: 1)
I0811 00:19:01.002642 4893733 ev_poll_posix.cc:593] FD from fork parent still in poll list: fd(22, generation: 1)
I0811 00:19:01.002647 4893733 ev_poll_posix.cc:593] FD from fork parent still in poll list: fd(19, generation: 1)
I0811 00:19:01.002652 4893733 ev_poll_posix.cc:593] FD from fork parent still in poll list: fd(22, generation: 1)
I0811 00:19:01.002657 4893733 ev_poll_posix.cc:593] FD from fork parent still in poll list: fd(19, generation: 1)
I0811 00:19:01.002663 4893733 ev_poll_posix.cc:593] FD from fork parent still in poll list: fd(22, generation: 1)
I0811 00:19:01.002667 4893733 ev_poll_posix.cc:593] FD from fork parent still in poll list: fd(19, generation: 1)
I0811 00:19:01.002673 4893733 ev_poll_posix.cc:593] FD from fork parent still in poll list: fd(22, generation: 1)
I0811 00:19:01.002678 4893733 ev_poll_posix.cc:593] FD from fork parent still in poll list: fd(19, generation: 1)
I0811 00:19:01.002684 4893733 ev_poll_posix.cc:593] FD from fork parent still in poll list: fd(22, generation: 1)
I0811 00:19:01.002689 4893733 ev_poll_posix.cc:593] FD from fork parent still in poll list: fd(19, generation: 1)
I0811 00:19:01.002694 4893733 ev_poll_posix.cc:593] FD from fork parent still in poll list: fd(22, generation: 1)
I0811 00:19:01.002699 4893733 ev_poll_posix.cc:593] FD from fork parent still in poll list: fd(19, generation: 1)
I0811 00:19:01.002705 4893733 ev_poll_posix.cc:593] FD from fork parent still in poll list: fd(22, generation: 1)
I0811 00:19:01.002710 4893733 ev_poll_posix.cc:593] FD from fork parent still in poll list: fd(19, generation: 1)
I0811 00:19:01.002717 4893733 ev_poll_posix.cc:593] FD from fork parent still in poll list: fd(22, generation: 1)
I0811 00:19:01.002723 4893733 ev_poll_posix.cc:593] FD from fork parent still in poll list: fd(19, generation: 1)
I0811 00:19:01.002728 4893733 ev_poll_posix.cc:593] FD from fork parent still in poll list: fd(22, generation: 1)
I0811 00:19:01.002733 4893733 ev_poll_posix.cc:593] FD from fork parent still in poll list: fd(19, generation: 1)
I0811 00:19:01.002741 4893733 ev_poll_posix.cc:593] FD from fork parent still in poll list: fd(22, generation: 1)
I0811 00:19:01.002747 4893733 ev_poll_posix.cc:593] FD from fork parent still in poll list: fd(19, generation: 1)
I0811 00:19:01.002754 4893733 ev_poll_posix.cc:593] FD from fork parent still in poll list: fd(22, generation: 1)
I0811 00:19:01.002760 4893733 ev_poll_posix.cc:593] FD from fork parent still in poll list: fd(19, generation: 1)
I0811 00:19:01.002767 4893733 ev_poll_posix.cc:593] FD from fork parent still in poll list: fd(22, generation: 1)
I0811 00:19:01.002784 4893733 ev_poll_posix.cc:593] FD from fork parent still in poll list: fd(19, generation: 1)
I0811 00:19:01.002792 4893733 ev_poll_posix.cc:593] FD from fork parent still in poll list: fd(22, generation: 1)
I0811 00:19:01.002797 4893733 ev_poll_posix.cc:593] FD from fork parent still in poll list: fd(19, generation: 1)
I0811 00:19:01.002804 4893733 ev_poll_posix.cc:593] FD from fork parent still in poll list: fd(22, generation: 1)
I0811 00:19:01.002809 4893733 ev_poll_posix.cc:593] FD from fork parent still in poll list: fd(19, generation: 1)
I0811 00:19:01.002817 4893733 ev_poll_posix.cc:593] FD from fork parent still in poll list: fd(22, generation: 1)
I0811 00:19:01.002822 4893733 ev_poll_posix.cc:593] FD from fork parent still in poll list: fd(19, generation: 1)
I0811 00:19:01.002829 4893733 ev_poll_posix.cc:593] FD from fork parent still in poll list: fd(22, generation: 1)
I0811 00:19:01.002834 4893733 ev_poll_posix.cc:593] FD from fork parent still in poll list: fd(19, generation: 1)
I0811 00:19:01.002841 4893733 ev_poll_posix.cc:593] FD from fork parent still in poll list: fd(22, generation: 1)
I0811 00:19:01.002846 4893733 ev_poll_posix.cc:593] FD from fork parent still in poll list: fd(19, generation: 1)
I0811 00:19:01.002853 4893733 ev_poll_posix.cc:593] FD from fork parent still in poll list: fd(22, generation: 1)
I0811 00:19:01.002858 4893733 ev_poll_posix.cc:593] FD from fork parent still in poll list: fd(19, generation: 1)
I0811 00:19:01.002865 4893733 ev_poll_posix.cc:593] FD from fork parent still in poll list: fd(22, generation: 1)
I0811 00:19:01.002870 4893733 ev_poll_posix.cc:593] FD from fork parent still in poll list: fd(19, generation: 1)
I0811 00:19:01.002877 4893733 ev_poll_posix.cc:593] FD from fork parent still in poll list: fd(22, generation: 1)
I0811 00:19:01.002882 4893733 ev_poll_posix.cc:593] FD from fork parent still in poll list: fd(19, generation: 1)
I0811 00:19:01.002888 4893733 ev_poll_posix.cc:593] FD from fork parent still in poll list: fd(22, generation: 1)
I0811 00:19:01.002892 4893733 ev_poll_posix.cc:593] FD from fork parent still in poll list: fd(19, generation: 1)
I0811 00:19:01.002899 4893733 ev_poll_posix.cc:593] FD from fork parent still in poll list: fd(22, generation: 1)
I0811 00:19:01.002904 4893733 ev_poll_posix.cc:593] FD from fork parent still in poll list: fd(19, generation: 1)
I0811 00:19:01.002910 4893733 ev_poll_posix.cc:593] FD from fork parent still in poll list: fd(22, generation: 1)
I0811 00:19:01.002915 4893733 ev_poll_posix.cc:593] FD from fork parent still in poll list: fd(19, generation: 1)
I0811 00:19:01.002922 4893733 ev_poll_posix.cc:593] FD from fork parent still in poll list: fd(22, generation: 1)
I0811 00:19:01.002927 4893733 ev_poll_posix.cc:593] FD from fork parent still in poll list: fd(19, generation: 1)
I0811 00:19:01.002933 4893733 ev_poll_posix.cc:593] FD from fork parent still in poll list: fd(22, generation: 1)
I0811 00:19:01.002938 4893733 ev_poll_posix.cc:593] FD from fork parent still in poll list: fd(19, generation: 1)
I0811 00:19:01.002948 4893733 ev_poll_posix.cc:593] FD from fork parent still in poll list: fd(22, generation: 1)
I0811 00:19:01.002953 4893733 ev_poll_posix.cc:593] FD from fork parent still in poll list: fd(19, generation: 1)
I0811 00:19:01.002961 4893733 ev_poll_posix.cc:593] FD from fork parent still in poll list: fd(22, generation: 1)
I0811 00:19:01.002966 4893733 ev_poll_posix.cc:593] FD from fork parent still in poll list: fd(19, generation: 1)
I0811 00:19:01.002971 4893733 ev_poll_posix.cc:593] FD from fork parent still in poll list: fd(22, generation: 1)
I0811 00:19:01.002976 4893733 ev_poll_posix.cc:593] FD from fork parent still in poll list: fd(19, generation: 1)
I0811 00:19:01.002982 4893733 ev_poll_posix.cc:593] FD from fork parent still in poll list: fd(22, generation: 1)
I0811 00:19:01.002986 4893733 ev_poll_posix.cc:593] FD from fork parent still in poll list: fd(19, generation: 1)
I0811 00:19:01.002992 4893733 ev_poll_posix.cc:593] FD from fork parent still in poll list: fd(22, generation: 1)
I0811 00:19:01.003004 4893733 ev_poll_posix.cc:593] FD from fork parent still in poll list: fd(19, generation: 1)
I0811 00:19:01.003010 4893733 ev_poll_posix.cc:593] FD from fork parent still in poll list: fd(22, generation: 1)
I0811 00:19:01.003014 4893733 ev_poll_posix.cc:593] FD from fork parent still in poll list: fd(19, generation: 1)
I0811 00:19:01.003020 4893733 ev_poll_posix.cc:593] FD from fork parent still in poll list: fd(22, generation: 1)
I0811 00:19:01.003025 4893733 ev_poll_posix.cc:593] FD from fork parent still in poll list: fd(19, generation: 1)
I0811 00:19:01.003030 4893733 ev_poll_posix.cc:593] FD from fork parent still in poll list: fd(22, generation: 1)
I0811 00:19:01.003035 4893733 ev_poll_posix.cc:593] FD from fork parent still in poll list: fd(19, generation: 1)
I0811 00:19:01.003040 4893733 ev_poll_posix.cc:593] FD from fork parent still in poll list: fd(22, generation: 1)
I0811 00:19:01.003045 4893733 ev_poll_posix.cc:593] FD from fork parent still in poll list: fd(19, generation: 1)
I0811 00:19:01.003050 4893733 ev_poll_posix.cc:593] FD from fork parent still in poll list: fd(22, generation: 1)
I0811 00:19:01.003055 4893733 ev_poll_posix.cc:593] FD from fork parent still in poll list: fd(19, generation: 1)
I0811 00:19:01.003062 4893733 ev_poll_posix.cc:593] FD from fork parent still in poll list: fd(22, generation: 1)
I0811 00:19:01.003067 4893733 ev_poll_posix.cc:593] FD from fork parent still in poll list: fd(19, generation: 1)
I0811 00:19:01.003072 4893733 ev_poll_posix.cc:593] FD from fork parent still in poll list: fd(22, generation: 1)
I0811 00:19:01.003077 4893733 ev_poll_posix.cc:593] FD from fork parent still in poll list: fd(19, generation: 1)
I0811 00:19:01.003083 4893733 ev_poll_posix.cc:593] FD from fork parent still in poll list: fd(22, generation: 1)
I0811 00:19:01.003087 4893733 ev_poll_posix.cc:593] FD from fork parent still in poll list: fd(19, generation: 1)
I0811 00:19:01.003094 4893733 ev_poll_posix.cc:593] FD from fork parent still in poll list: fd(22, generation: 1)
I0811 00:19:01.003099 4893733 ev_poll_posix.cc:593] FD from fork parent still in poll list: fd(19, generation: 1)
I0811 00:19:01.003105 4893733 ev_poll_posix.cc:593] FD from fork parent still in poll list: fd(22, generation: 1)
I0811 00:19:01.003109 4893733 ev_poll_posix.cc:593] FD from fork parent still in poll list: fd(19, generation: 1)
I0811 00:19:01.003115 4893733 ev_poll_posix.cc:593] FD from fork parent still in poll list: fd(22, generation: 1)
I0811 00:19:01.003119 4893733 ev_poll_posix.cc:593] FD from fork parent still in poll list: fd(19, generation: 1)
I0811 00:19:01.003126 4893733 ev_poll_posix.cc:593] FD from fork parent still in poll list: fd(22, generation: 1)
I0811 00:19:01.003131 4893733 ev_poll_posix.cc:593] FD from fork parent still in poll list: fd(19, generation: 1)
I0811 00:19:01.003138 4893733 ev_poll_posix.cc:593] FD from fork parent still in poll list: fd(22, generation: 1)
I0811 00:19:01.003143 4893733 ev_poll_posix.cc:593] FD from fork parent still in poll list: fd(19, generation: 1)
I0811 00:19:01.003148 4893733 ev_poll_posix.cc:593] FD from fork parent still in poll list: fd(22, generation: 1)
I0811 00:19:01.003153 4893733 ev_poll_posix.cc:593] FD from fork parent still in poll list: fd(19, generation: 1)
I0811 00:19:01.003160 4893733 ev_poll_posix.cc:593] FD from fork parent still in poll list: fd(22, generation: 1)
I0811 00:19:01.003165 4893733 ev_poll_posix.cc:593] FD from fork parent still in poll list: fd(19, generation: 1)
I0811 00:19:01.003172 4893733 ev_poll_posix.cc:593] FD from fork parent still in poll list: fd(22, generation: 1)
I0811 00:19:01.003177 4893733 ev_poll_posix.cc:593] FD from fork parent still in poll list: fd(19, generation: 1)
I0811 00:19:01.003184 4893733 ev_poll_posix.cc:593] FD from fork parent still in poll list: fd(22, generation: 1)
I0811 00:19:01.003189 4893733 ev_poll_posix.cc:593] FD from fork parent still in poll list: fd(19, generation: 1)
I0811 00:19:01.003194 4893733 ev_poll_posix.cc:593] FD from fork parent still in poll list: fd(22, generation: 1)
I0811 00:19:01.003205 4893733 ev_poll_posix.cc:593] FD from fork parent still in poll list: fd(19, generation: 1)
I0811 00:19:01.003211 4893733 ev_poll_posix.cc:593] FD from fork parent still in poll list: fd(22, generation: 1)
I0811 00:19:01.003216 4893733 ev_poll_posix.cc:593] FD from fork parent still in poll list: fd(19, generation: 1)
I0811 00:19:01.003221 4893733 ev_poll_posix.cc:593] FD from fork parent still in poll list: fd(22, generation: 1)
I0811 00:19:01.003226 4893733 ev_poll_posix.cc:593] FD from fork parent still in poll list: fd(19, generation: 1)
I0811 00:19:01.003231 4893733 ev_poll_posix.cc:593] FD from fork parent still in poll list: fd(22, generation: 1)
I0811 00:19:01.003236 4893733 ev_poll_posix.cc:593] FD from fork parent still in poll list: fd(19, generation: 1)
I0811 00:19:01.003243 4893733 ev_poll_posix.cc:593] FD from fork parent still in poll list: fd(22, generation: 1)
I0811 00:19:01.003248 4893733 ev_poll_posix.cc:593] FD from fork parent still in poll list: fd(19, generation: 1)
I0811 00:19:01.003254 4893733 ev_poll_posix.cc:593] FD from fork parent still in poll list: fd(22, generation: 1)
I0811 00:19:01.003258 4893733 ev_poll_posix.cc:593] FD from fork parent still in poll list: fd(19, generation: 1)
I0811 00:19:01.003266 4893733 ev_poll_posix.cc:593] FD from fork parent still in poll list: fd(22, generation: 1)
I0811 00:19:01.003271 4893733 ev_poll_posix.cc:593] FD from fork parent still in poll list: fd(19, generation: 1)
I0811 00:19:01.003278 4893733 ev_poll_posix.cc:593] FD from fork parent still in poll list: fd(22, generation: 1)
I0811 00:19:01.003282 4893733 ev_poll_posix.cc:593] FD from fork parent still in poll list: fd(19, generation: 1)
I0811 00:19:01.003289 4893733 ev_poll_posix.cc:593] FD from fork parent still in poll list: fd(22, generation: 1)
I0811 00:19:01.003294 4893733 ev_poll_posix.cc:593] FD from fork parent still in poll list: fd(19, generation: 1)
I0811 00:19:01.003301 4893733 ev_poll_posix.cc:593] FD from fork parent still in poll list: fd(22, generation: 1)
I0811 00:19:01.003306 4893733 ev_poll_posix.cc:593] FD from fork parent still in poll list: fd(19, generation: 1)
I0811 00:19:01.003313 4893733 ev_poll_posix.cc:593] FD from fork parent still in poll list: fd(22, generation: 1)
I0811 00:19:01.003318 4893733 ev_poll_posix.cc:593] FD from fork parent still in poll list: fd(19, generation: 1)
I0811 00:19:01.003325 4893733 ev_poll_posix.cc:593] FD from fork parent still in poll list: fd(22, generation: 1)
I0811 00:19:01.003330 4893733 ev_poll_posix.cc:593] FD from fork parent still in poll list: fd(19, generation: 1)
I0811 00:19:01.003337 4893733 ev_poll_posix.cc:593] FD from fork parent still in poll list: fd(22, generation: 1)
I0811 00:19:01.003342 4893733 ev_poll_posix.cc:593] FD from fork parent still in poll list: fd(19, generation: 1)
I0811 00:19:01.003350 4893733 ev_poll_posix.cc:593] FD from fork parent still in poll list: fd(22, generation: 1)
I0811 00:19:01.003355 4893733 ev_poll_posix.cc:593] FD from fork parent still in poll list: fd(19, generation: 1)
I0811 00:19:01.003360 4893733 ev_poll_posix.cc:593] FD from fork parent still in poll list: fd(22, generation: 1)
I0811 00:19:01.003377 4893733 ev_poll_posix.cc:593] FD from fork parent still in poll list: fd(19, generation: 1)
I0811 00:19:01.003419 4893733 ev_poll_posix.cc:593] FD from fork parent still in poll list: fd(22, generation: 1)
I0811 00:19:01.003424 4893733 ev_poll_posix.cc:593] FD from fork parent still in poll list: fd(19, generation: 1)
I0811 00:19:01.003430 4893733 ev_poll_posix.cc:593] FD from fork parent still in poll list: fd(22, generation: 1)
I0811 00:19:01.003435 4893733 ev_poll_posix.cc:593] FD from fork parent still in poll list: fd(19, generation: 1)
I0811 00:19:01.003440 4893733 ev_poll_posix.cc:593] FD from fork parent still in poll list: fd(22, generation: 1)
I0811 00:19:01.003445 4893733 ev_poll_posix.cc:593] FD from fork parent still in poll list: fd(19, generation: 1)
I0811 00:19:01.003450 4893733 ev_poll_posix.cc:593] FD from fork parent still in poll list: fd(22, generation: 1)
I0811 00:19:01.003463 4893733 ev_poll_posix.cc:593] FD from fork parent still in poll list: fd(19, generation: 1)
I0811 00:19:01.003470 4893733 ev_poll_posix.cc:593] FD from fork parent still in poll list: fd(22, generation: 1)
I0811 00:19:01.003475 4893733 ev_poll_posix.cc:593] FD from fork parent still in poll list: fd(19, generation: 1)
I0811 00:19:01.003481 4893733 ev_poll_posix.cc:593] FD from fork parent still in poll list: fd(22, generation: 1)
I0811 00:19:01.003485 4893733 ev_poll_posix.cc:593] FD from fork parent still in poll list: fd(19, generation: 1)
I0811 00:19:01.003491 4893733 ev_poll_posix.cc:593] FD from fork parent still in poll list: fd(22, generation: 1)
I0811 00:19:01.003496 4893733 ev_poll_posix.cc:593] FD from fork parent still in poll list: fd(19, generation: 1)
I0811 00:19:01.003501 4893733 ev_poll_posix.cc:593] FD from fork parent still in poll list: fd(22, generation: 1)
I0811 00:19:01.003521 4893733 ev_poll_posix.cc:593] FD from fork parent still in poll list: fd(19, generation: 1)
I0811 00:19:01.003526 4893733 ev_poll_posix.cc:593] FD from fork parent still in poll list: fd(22, generation: 1)
I0811 00:19:01.003531 4893733 ev_poll_posix.cc:593] FD from fork parent still in poll list: fd(19, generation: 1)
I0811 00:19:01.003537 4893733 ev_poll_posix.cc:593] FD from fork parent still in poll list: fd(22, generation: 1)
I0811 00:19:01.003541 4893733 ev_poll_posix.cc:593] FD from fork parent still in poll list: fd(19, generation: 1)
I0811 00:19:01.003547 4893733 ev_poll_posix.cc:593] FD from fork parent still in poll list: fd(22, generation: 1)
I0811 00:19:01.003552 4893733 ev_poll_posix.cc:593] FD from fork parent still in poll list: fd(19, generation: 1)
I0811 00:19:01.003557 4893733 ev_poll_posix.cc:593] FD from fork parent still in poll list: fd(22, generation: 1)
I0811 00:19:01.003562 4893733 ev_poll_posix.cc:593] FD from fork parent still in poll list: fd(19, generation: 1)
I0811 00:19:01.003567 4893733 ev_poll_posix.cc:593] FD from fork parent still in poll list: fd(22, generation: 1)
I0811 00:19:01.003572 4893733 ev_poll_posix.cc:593] FD from fork parent still in poll list: fd(19, generation: 1)
I0811 00:19:01.003578 4893733 ev_poll_posix.cc:593] FD from fork parent still in poll list: fd(22, generation: 1)
I0811 00:19:01.003582 4893733 ev_poll_posix.cc:593] FD from fork parent still in poll list: fd(19, generation: 1)
I0811 00:19:01.003588 4893733 ev_poll_posix.cc:593] FD from fork parent still in poll list: fd(22, generation: 1)
I0811 00:19:01.003592 4893733 ev_poll_posix.cc:593] FD from fork parent still in poll list: fd(19, generation: 1)
I0811 00:19:01.003598 4893733 ev_poll_posix.cc:593] FD from fork parent still in poll list: fd(22, generation: 1)
I0811 00:19:01.003603 4893733 ev_poll_posix.cc:593] FD from fork parent still in poll list: fd(19, generation: 1)
I0811 00:19:01.003608 4893733 ev_poll_posix.cc:593] FD from fork parent still in poll list: fd(22, generation: 1)
I0811 00:19:01.003613 4893733 ev_poll_posix.cc:593] FD from fork parent still in poll list: fd(19, generation: 1)
I0811 00:19:01.003618 4893733 ev_poll_posix.cc:593] FD from fork parent still in poll list: fd(22, generation: 1)
I0811 00:19:01.003623 4893733 ev_poll_posix.cc:593] FD from fork parent still in poll list: fd(19, generation: 1)
I0811 00:19:01.003628 4893733 ev_poll_posix.cc:593] FD from fork parent still in poll list: fd(22, generation: 1)
I0811 00:19:01.003633 4893733 ev_poll_posix.cc:593] FD from fork parent still in poll list: fd(19, generation: 1)
I0811 00:19:01.003638 4893733 ev_poll_posix.cc:593] FD from fork parent still in poll list: fd(22, generation: 1)
I0811 00:19:01.003643 4893733 ev_poll_posix.cc:593] FD from fork parent still in poll list: fd(19, generation: 1)
I0811 00:19:01.003649 4893733 ev_poll_posix.cc:593] FD from fork parent still in poll list: fd(22, generation: 1)
I0811 00:19:01.003654 4893733 ev_poll_posix.cc:593] FD from fork parent still in poll list: fd(19, generation: 1)
I0811 00:19:01.003659 4893733 ev_poll_posix.cc:593] FD from fork parent still in poll list: fd(22, generation: 1)
I0811 00:19:01.003676 4893733 ev_poll_posix.cc:593] FD from fork parent still in poll list: fd(19, generation: 1)
I0811 00:19:01.003682 4893733 ev_poll_posix.cc:593] FD from fork parent still in poll list: fd(22, generation: 1)
I0811 00:19:01.003687 4893733 ev_poll_posix.cc:593] FD from fork parent still in poll list: fd(19, generation: 1)
I0811 00:19:01.003692 4893733 ev_poll_posix.cc:593] FD from fork parent still in poll list: fd(22, generation: 1)
I0811 00:19:01.003697 4893733 ev_poll_posix.cc:593] FD from fork parent still in poll list: fd(19, generation: 1)
I0811 00:19:01.003702 4893733 ev_poll_posix.cc:593] FD from fork parent still in poll list: fd(22, generation: 1)
I0811 00:19:01.003707 4893733 ev_poll_posix.cc:593] FD from fork parent still in poll list: fd(19, generation: 1)
I0811 00:19:01.003713 4893733 ev_poll_posix.cc:593] FD from fork parent still in poll list: fd(22, generation: 1)
I0811 00:19:01.003717 4893733 ev_poll_posix.cc:593] FD from fork parent still in poll list: fd(19, generation: 1)
I0811 00:19:01.003723 4893733 ev_poll_posix.cc:593] FD from fork parent still in poll list: fd(22, generation: 1)
I0811 00:19:01.003728 4893733 ev_poll_posix.cc:593] FD from fork parent still in poll list: fd(19, generation: 1)
I0811 00:19:01.003733 4893733 ev_poll_posix.cc:593] FD from fork parent still in poll list: fd(22, generation: 1)
I0811 00:19:01.003738 4893733 ev_poll_posix.cc:593] FD from fork parent still in poll list: fd(19, generation: 1)
I0811 00:19:01.003743 4893733 ev_poll_posix.cc:593] FD from fork parent still in poll list: fd(22, generation: 1)
I0811 00:19:01.003748 4893733 ev_poll_posix.cc:593] FD from fork parent still in poll list: fd(19, generation: 1)
I0811 00:19:01.003753 4893733 ev_poll_posix.cc:593] FD from fork parent still in poll list: fd(22, generation: 1)
I0811 00:19:01.003758 4893733 ev_poll_posix.cc:593] FD from fork parent still in poll list: fd(19, generation: 1)
I0811 00:19:01.003763 4893733 ev_poll_posix.cc:593] FD from fork parent still in poll list: fd(22, generation: 1)
I0811 00:19:01.003768 4893733 ev_poll_posix.cc:593] FD from fork parent still in poll list: fd(19, generation: 1)
I0811 00:19:01.003774 4893733 ev_poll_posix.cc:593] FD from fork parent still in poll list: fd(22, generation: 1)
I0811 00:19:01.003778 4893733 ev_poll_posix.cc:593] FD from fork parent still in poll list: fd(19, generation: 1)
I0811 00:19:01.003784 4893733 ev_poll_posix.cc:593] FD from fork parent still in poll list: fd(22, generation: 1)
I0811 00:19:01.003788 4893733 ev_poll_posix.cc:593] FD from fork parent still in poll list: fd(19, generation: 1)
I0811 00:19:01.003794 4893733 ev_poll_posix.cc:593] FD from fork parent still in poll list: fd(22, generation: 1)
I0811 00:19:01.003799 4893733 ev_poll_posix.cc:593] FD from fork parent still in poll list: fd(19, generation: 1)
I0811 00:19:01.003804 4893733 ev_poll_posix.cc:593] FD from fork parent still in poll list: fd(22, generation: 1)
I0811 00:19:01.003809 4893733 ev_poll_posix.cc:593] FD from fork parent still in poll list: fd(19, generation: 1)
I0811 00:19:01.003814 4893733 ev_poll_posix.cc:593] FD from fork parent still in poll list: fd(22, generation: 1)
I0811 00:19:01.003819 4893733 ev_poll_posix.cc:593] FD from fork parent still in poll list: fd(19, generation: 1)
I0811 00:19:01.003824 4893733 ev_poll_posix.cc:593] FD from fork parent still in poll list: fd(22, generation: 1)
I0811 00:19:01.003829 4893733 ev_poll_posix.cc:593] FD from fork parent still in poll list: fd(19, generation: 1)
I0811 00:19:01.003835 4893733 ev_poll_posix.cc:593] FD from fork parent still in poll list: fd(22, generation: 1)
I0811 00:19:01.003839 4893733 ev_poll_posix.cc:593] FD from fork parent still in poll list: fd(19, generation: 1)
I0811 00:19:01.003845 4893733 ev_poll_posix.cc:593] FD from fork parent still in poll list: fd(22, generation: 1)
I0811 00:19:01.003850 4893733 ev_poll_posix.cc:593] FD from fork parent still in poll list: fd(19, generation: 1)
I0811 00:19:01.003855 4893733 ev_poll_posix.cc:593] FD from fork parent still in poll list: fd(22, generation: 1)
I0811 00:19:01.003867 4893733 ev_poll_posix.cc:593] FD from fork parent still in poll list: fd(19, generation: 1)
I0811 00:19:01.003872 4893733 ev_poll_posix.cc:593] FD from fork parent still in poll list: fd(22, generation: 1)
I0811 00:19:01.003877 4893733 ev_poll_posix.cc:593] FD from fork parent still in poll list: fd(19, generation: 1)
I0811 00:19:01.003883 4893733 ev_poll_posix.cc:593] FD from fork parent still in poll list: fd(22, generation: 1)
I0811 00:19:01.003888 4893733 ev_poll_posix.cc:593] FD from fork parent still in poll list: fd(19, generation: 1)
I0811 00:19:01.003956 4893733 ev_poll_posix.cc:593] FD from fork parent still in poll list: fd(22, generation: 1)
I0811 00:19:01.003969 4893733 ev_poll_posix.cc:593] FD from fork parent still in poll list: fd(19, generation: 1)
I0811 00:19:01.003976 4893733 ev_poll_posix.cc:593] FD from fork parent still in poll list: fd(22, generation: 1)
I0811 00:19:01.003981 4893733 ev_poll_posix.cc:593] FD from fork parent still in poll list: fd(19, generation: 1)
I0811 00:19:01.003987 4893733 ev_poll_posix.cc:593] FD from fork parent still in poll list: fd(22, generation: 1)
I0811 00:19:01.004019 4893733 ev_poll_posix.cc:593] FD from fork parent still in poll list: fd(19, generation: 1)
I0811 00:19:01.004054 4893733 ev_poll_posix.cc:593] FD from fork parent still in poll list: fd(22, generation: 1)
I0811 00:19:01.004061 4893733 ev_poll_posix.cc:593] FD from fork parent still in poll list: fd(19, generation: 1)
I0811 00:19:01.004067 4893733 ev_poll_posix.cc:593] FD from fork parent still in poll list: fd(22, generation: 1)
I0811 00:19:01.004072 4893733 ev_poll_posix.cc:593] FD from fork parent still in poll list: fd(19, generation: 1)
I0811 00:19:01.004078 4893733 ev_poll_posix.cc:593] FD from fork parent still in poll list: fd(22, generation: 1)
I0811 00:19:01.004083 4893733 ev_poll_posix.cc:593] FD from fork parent still in poll list: fd(19, generation: 1)
I0811 00:19:01.004088 4893733 ev_poll_posix.cc:593] FD from fork parent still in poll list: fd(22, generation: 1)
I0811 00:19:01.004093 4893733 ev_poll_posix.cc:593] FD from fork parent still in poll list: fd(19, generation: 1)
I0811 00:19:01.004099 4893733 ev_poll_posix.cc:593] FD from fork parent still in poll list: fd(22, generation: 1)
I0811 00:19:01.004104 4893733 ev_poll_posix.cc:593] FD from fork parent still in poll list: fd(19, generation: 1)
I0811 00:19:01.004110 4893733 ev_poll_posix.cc:593] FD from fork parent still in poll list: fd(22, generation: 1)
I0811 00:19:01.004114 4893733 ev_poll_posix.cc:593] FD from fork parent still in poll list: fd(19, generation: 1)
I0811 00:19:01.004120 4893733 ev_poll_posix.cc:593] FD from fork parent still in poll list: fd(22, generation: 1)
I0811 00:19:01.004125 4893733 ev_poll_posix.cc:593] FD from fork parent still in poll list: fd(19, generation: 1)
I0811 00:19:01.004130 4893733 ev_poll_posix.cc:593] FD from fork parent still in poll list: fd(22, generation: 1)
I0811 00:19:01.004135 4893733 ev_poll_posix.cc:593] FD from fork parent still in poll list: fd(19, generation: 1)
I0811 00:19:01.004141 4893733 ev_poll_posix.cc:593] FD from fork parent still in poll list: fd(22, generation: 1)
I0811 00:19:01.004146 4893733 ev_poll_posix.cc:593] FD from fork parent still in poll list: fd(19, generation: 1)
I0811 00:19:01.004151 4893733 ev_poll_posix.cc:593] FD from fork parent still in poll list: fd(22, generation: 1)
I0811 00:19:01.004156 4893733 ev_poll_posix.cc:593] FD from fork parent still in poll list: fd(19, generation: 1)
I0811 00:19:01.004168 4893733 ev_poll_posix.cc:593] FD from fork parent still in poll list: fd(22, generation: 1)
I0811 00:19:01.004204 4893733 ev_poll_posix.cc:593] FD from fork parent still in poll list: fd(19, generation: 1)
I0811 00:19:01.004228 4893733 ev_poll_posix.cc:593] FD from fork parent still in poll list: fd(22, generation: 1)
I0811 00:19:01.004233 4893733 ev_poll_posix.cc:593] FD from fork parent still in poll list: fd(19, generation: 1)
I0811 00:19:01.004237 4893733 ev_poll_posix.cc:593] FD from fork parent still in poll list: fd(22, generation: 1)
I0811 00:19:01.004252 4893733 ev_poll_posix.cc:593] FD from fork parent still in poll list: fd(19, generation: 1)
I0811 00:19:09.244496 4877277 fork_posix.cc:71] Other threads are currently calling into gRPC, skipping fork() handlers
I0811 00:19:09.248237 4894088 ev_poll_posix.cc:593] FD from fork parent still in poll list: fd(22, generation: 1)
I0811 00:19:09.248381 4894088 ev_poll_posix.cc:593] FD from fork parent still in poll list: fd(19, generation: 1)
I0811 00:19:21.151985 4877277 fork_posix.cc:71] Other threads are currently calling into gRPC, skipping fork() handlers
I0811 00:19:21.153510 4894601 ev_poll_posix.cc:593] FD from fork parent still in poll list: fd(22, generation: 1)
I0811 00:19:21.153562 4894601 ev_poll_posix.cc:593] FD from fork parent still in poll list: fd(19, generation: 1)
I0811 00:19:29.262628 4877277 fork_posix.cc:71] Other threads are currently calling into gRPC, skipping fork() handlers
I0811 00:19:29.265578 4894925 ev_poll_posix.cc:593] FD from fork parent still in poll list: fd(22, generation: 1)
I0811 00:19:29.265704 4894925 ev_poll_posix.cc:593] FD from fork parent still in poll list: fd(19, generation: 1)
2026-08-11 00:19:31,720 - [  411.3s] MANIFEST written at t=411.3s and synced
I0811 00:19:38.099393 4877277 fork_posix.cc:71] Other threads are currently calling into gRPC, skipping fork() handlers
I0811 00:19:38.104752 4895294 ev_poll_posix.cc:593] FD from fork parent still in poll list: fd(22, generation: 1)
I0811 00:19:38.104949 4895294 ev_poll_posix.cc:593] FD from fork parent still in poll list: fd(19, generation: 1)
2026-08-11 00:19:41,559 - [  421.4s] marker t=420 (2 so far)
I0811 00:19:46.600896 4877277 fork_posix.cc:71] Other threads are currently calling into gRPC, skipping fork() handlers
I0811 00:19:46.602413 4895628 ev_poll_posix.cc:593] FD from fork parent still in poll list: fd(22, generation: 1)
I0811 00:19:46.602451 4895628 ev_poll_posix.cc:593] FD from fork parent still in poll list: fd(19, generation: 1)
I0811 00:19:54.915643 4877277 fork_posix.cc:71] Other threads are currently calling into gRPC, skipping fork() handlers
I0811 00:19:54.918468 4895971 ev_poll_posix.cc:593] FD from fork parent still in poll list: fd(22, generation: 1)
I0811 00:19:54.918550 4895971 ev_poll_posix.cc:593] FD from fork parent still in poll list: fd(19, generation: 1)
I0811 00:20:03.609563 4877277 fork_posix.cc:71] Other threads are currently calling into gRPC, skipping fork() handlers
I0811 00:20:03.612887 4896350 ev_poll_posix.cc:593] FD from fork parent still in poll list: fd(22, generation: 1)
I0811 00:20:03.612991 4896350 ev_poll_posix.cc:593] FD from fork parent still in poll list: fd(19, generation: 1)
2026-08-11 00:20:11,605 - [  451.4s] marker t=450 (3 so far)
I0811 00:20:11.917313 4877277 fork_posix.cc:71] Other threads are currently calling into gRPC, skipping fork() handlers
I0811 00:20:11.920915 4896561 ev_poll_posix.cc:593] FD from fork parent still in poll list: fd(22, generation: 1)
I0811 00:20:11.921068 4896561 ev_poll_posix.cc:593] FD from fork parent still in poll list: fd(19, generation: 1)
I0811 00:20:20.933451 4877277 fork_posix.cc:71] Other threads are currently calling into gRPC, skipping fork() handlers
I0811 00:20:20.937123 4896873 ev_poll_posix.cc:593] FD from fork parent still in poll list: fd(22, generation: 1)
I0811 00:20:20.937232 4896873 ev_poll_posix.cc:593] FD from fork parent still in poll list: fd(19, generation: 1)
I0811 00:20:20.937730 4896873 ev_poll_posix.cc:593] FD from fork parent still in poll list: fd(22, generation: 1)
I0811 00:20:20.937762 4896873 ev_poll_posix.cc:593] FD from fork parent still in poll list: fd(19, generation: 1)
I0811 00:20:20.937774 4896873 ev_poll_posix.cc:593] FD from fork parent still in poll list: fd(22, generation: 1)
I0811 00:20:20.937782 4896873 ev_poll_posix.cc:593] FD from fork parent still in poll list: fd(19, generation: 1)
I0811 00:20:20.937790 4896873 ev_poll_posix.cc:593] FD from fork parent still in poll list: fd(22, generation: 1)
I0811 00:20:20.937798 4896873 ev_poll_posix.cc:593] FD from fork parent still in poll list: fd(19, generation: 1)
I0811 00:20:20.937829 4896873 ev_poll_posix.cc:593] FD from fork parent still in poll list: fd(22, generation: 1)
I0811 00:20:20.937837 4896873 ev_poll_posix.cc:593] FD from fork parent still in poll list: fd(19, generation: 1)
I0811 00:20:20.937844 4896873 ev_poll_posix.cc:593] FD from fork parent still in poll list: fd(22, generation: 1)
I0811 00:20:20.937849 4896873 ev_poll_posix.cc:593] FD from fork parent still in poll list: fd(19, generation: 1)
I0811 00:20:20.937855 4896873 ev_poll_posix.cc:593] FD from fork parent still in poll list: fd(22, generation: 1)
I0811 00:20:20.937860 4896873 ev_poll_posix.cc:593] FD from fork parent still in poll list: fd(19, generation: 1)
I0811 00:20:20.937866 4896873 ev_poll_posix.cc:593] FD from fork parent still in poll list: fd(22, generation: 1)
I0811 00:20:20.937871 4896873 ev_poll_posix.cc:593] FD from fork parent still in poll list: fd(19, generation: 1)
I0811 00:20:20.937877 4896873 ev_poll_posix.cc:593] FD from fork parent still in poll list: fd(22, generation: 1)
I0811 00:20:20.937882 4896873 ev_poll_posix.cc:593] FD from fork parent still in poll list: fd(19, generation: 1)
I0811 00:20:20.937888 4896873 ev_poll_posix.cc:593] FD from fork parent still in poll list: fd(22, generation: 1)
I0811 00:20:20.937893 4896873 ev_poll_posix.cc:593] FD from fork parent still in poll list: fd(19, generation: 1)
I0811 00:20:20.937899 4896873 ev_poll_posix.cc:593] FD from fork parent still in poll list: fd(22, generation: 1)
I0811 00:20:20.937904 4896873 ev_poll_posix.cc:593] FD from fork parent still in poll list: fd(19, generation: 1)
I0811 00:20:20.937910 4896873 ev_poll_posix.cc:593] FD from fork parent still in poll list: fd(22, generation: 1)
I0811 00:20:20.937915 4896873 ev_poll_posix.cc:593] FD from fork parent still in poll list: fd(19, generation: 1)
I0811 00:20:20.937921 4896873 ev_poll_posix.cc:593] FD from fork parent still in poll list: fd(22, generation: 1)
I0811 00:20:20.937927 4896873 ev_poll_posix.cc:593] FD from fork parent still in poll list: fd(19, generation: 1)
I0811 00:20:20.937933 4896873 ev_poll_posix.cc:593] FD from fork parent still in poll list: fd(22, generation: 1)
I0811 00:20:20.937938 4896873 ev_poll_posix.cc:593] FD from fork parent still in poll list: fd(19, generation: 1)
I0811 00:20:20.937944 4896873 ev_poll_posix.cc:593] FD from fork parent still in poll list: fd(22, generation: 1)
I0811 00:20:20.937949 4896873 ev_poll_posix.cc:593] FD from fork parent still in poll list: fd(19, generation: 1)
I0811 00:20:20.937955 4896873 ev_poll_posix.cc:593] FD from fork parent still in poll list: fd(22, generation: 1)
I0811 00:20:20.937960 4896873 ev_poll_posix.cc:593] FD from fork parent still in poll list: fd(19, generation: 1)
I0811 00:20:20.937965 4896873 ev_poll_posix.cc:593] FD from fork parent still in poll list: fd(22, generation: 1)
I0811 00:20:20.937970 4896873 ev_poll_posix.cc:593] FD from fork parent still in poll list: fd(19, generation: 1)
I0811 00:20:20.937976 4896873 ev_poll_posix.cc:593] FD from fork parent still in poll list: fd(22, generation: 1)
I0811 00:20:20.937981 4896873 ev_poll_posix.cc:593] FD from fork parent still in poll list: fd(19, generation: 1)
I0811 00:20:20.937987 4896873 ev_poll_posix.cc:593] FD from fork parent still in poll list: fd(22, generation: 1)
I0811 00:20:20.937992 4896873 ev_poll_posix.cc:593] FD from fork parent still in poll list: fd(19, generation: 1)
I0811 00:20:20.937998 4896873 ev_poll_posix.cc:593] FD from fork parent still in poll list: fd(22, generation: 1)
I0811 00:20:20.938003 4896873 ev_poll_posix.cc:593] FD from fork parent still in poll list: fd(19, generation: 1)
I0811 00:20:20.938008 4896873 ev_poll_posix.cc:593] FD from fork parent still in poll list: fd(22, generation: 1)
I0811 00:20:20.938013 4896873 ev_poll_posix.cc:593] FD from fork parent still in poll list: fd(19, generation: 1)
I0811 00:20:20.938026 4896873 ev_poll_posix.cc:593] FD from fork parent still in poll list: fd(22, generation: 1)
I0811 00:20:20.938030 4896873 ev_poll_posix.cc:593] FD from fork parent still in poll list: fd(19, generation: 1)
I0811 00:20:20.938052 4896873 ev_poll_posix.cc:593] FD from fork parent still in poll list: fd(22, generation: 1)
I0811 00:20:20.938058 4896873 ev_poll_posix.cc:593] FD from fork parent still in poll list: fd(19, generation: 1)
I0811 00:20:20.938064 4896873 ev_poll_posix.cc:593] FD from fork parent still in poll list: fd(22, generation: 1)
I0811 00:20:20.938069 4896873 ev_poll_posix.cc:593] FD from fork parent still in poll list: fd(19, generation: 1)
I0811 00:20:20.938074 4896873 ev_poll_posix.cc:593] FD from fork parent still in poll list: fd(22, generation: 1)
I0811 00:20:20.938079 4896873 ev_poll_posix.cc:593] FD from fork parent still in poll list: fd(19, generation: 1)
I0811 00:20:20.938087 4896873 ev_poll_posix.cc:593] FD from fork parent still in poll list: fd(22, generation: 1)
I0811 00:20:20.938092 4896873 ev_poll_posix.cc:593] FD from fork parent still in poll list: fd(19, generation: 1)
I0811 00:20:20.938098 4896873 ev_poll_posix.cc:593] FD from fork parent still in poll list: fd(22, generation: 1)
I0811 00:20:20.938103 4896873 ev_poll_posix.cc:593] FD from fork parent still in poll list: fd(19, generation: 1)
I0811 00:20:20.938109 4896873 ev_poll_posix.cc:593] FD from fork parent still in poll list: fd(22, generation: 1)
I0811 00:20:20.938114 4896873 ev_poll_posix.cc:593] FD from fork parent still in poll list: fd(19, generation: 1)
I0811 00:20:20.938119 4896873 ev_poll_posix.cc:593] FD from fork parent still in poll list: fd(22, generation: 1)
I0811 00:20:20.938124 4896873 ev_poll_posix.cc:593] FD from fork parent still in poll list: fd(19, generation: 1)
I0811 00:20:20.938129 4896873 ev_poll_posix.cc:593] FD from fork parent still in poll list: fd(22, generation: 1)
I0811 00:20:20.938134 4896873 ev_poll_posix.cc:593] FD from fork parent still in poll list: fd(19, generation: 1)
I0811 00:20:20.938139 4896873 ev_poll_posix.cc:593] FD from fork parent still in poll list: fd(22, generation: 1)
I0811 00:20:20.938144 4896873 ev_poll_posix.cc:593] FD from fork parent still in poll list: fd(19, generation: 1)
I0811 00:20:20.938150 4896873 ev_poll_posix.cc:593] FD from fork parent still in poll list: fd(22, generation: 1)
I0811 00:20:20.938155 4896873 ev_poll_posix.cc:593] FD from fork parent still in poll list: fd(19, generation: 1)
I0811 00:20:20.938160 4896873 ev_poll_posix.cc:593] FD from fork parent still in poll list: fd(22, generation: 1)
I0811 00:20:20.938165 4896873 ev_poll_posix.cc:593] FD from fork parent still in poll list: fd(19, generation: 1)
I0811 00:20:20.938170 4896873 ev_poll_posix.cc:593] FD from fork parent still in poll list: fd(22, generation: 1)
I0811 00:20:20.938175 4896873 ev_poll_posix.cc:593] FD from fork parent still in poll list: fd(19, generation: 1)
I0811 00:20:20.938181 4896873 ev_poll_posix.cc:593] FD from fork parent still in poll list: fd(22, generation: 1)
I0811 00:20:20.938185 4896873 ev_poll_posix.cc:593] FD from fork parent still in poll list: fd(19, generation: 1)
I0811 00:20:20.938191 4896873 ev_poll_posix.cc:593] FD from fork parent still in poll list: fd(22, generation: 1)
I0811 00:20:20.938196 4896873 ev_poll_posix.cc:593] FD from fork parent still in poll list: fd(19, generation: 1)
I0811 00:20:20.938201 4896873 ev_poll_posix.cc:593] FD from fork parent still in poll list: fd(22, generation: 1)
I0811 00:20:20.938206 4896873 ev_poll_posix.cc:593] FD from fork parent still in poll list: fd(19, generation: 1)
I0811 00:20:20.938212 4896873 ev_poll_posix.cc:593] FD from fork parent still in poll list: fd(22, generation: 1)
I0811 00:20:20.938216 4896873 ev_poll_posix.cc:593] FD from fork parent still in poll list: fd(19, generation: 1)
I0811 00:20:20.938222 4896873 ev_poll_posix.cc:593] FD from fork parent still in poll list: fd(22, generation: 1)
I0811 00:20:20.938226 4896873 ev_poll_posix.cc:593] FD from fork parent still in poll list: fd(19, generation: 1)
I0811 00:20:20.938236 4896873 ev_poll_posix.cc:593] FD from fork parent still in poll list: fd(22, generation: 1)
I0811 00:20:20.938251 4896873 ev_poll_posix.cc:593] FD from fork parent still in poll list: fd(19, generation: 1)
I0811 00:20:20.938258 4896873 ev_poll_posix.cc:593] FD from fork parent still in poll list: fd(22, generation: 1)
I0811 00:20:20.938264 4896873 ev_poll_posix.cc:593] FD from fork parent still in poll list: fd(19, generation: 1)
I0811 00:20:20.938271 4896873 ev_poll_posix.cc:593] FD from fork parent still in poll list: fd(22, generation: 1)
I0811 00:20:20.938276 4896873 ev_poll_posix.cc:593] FD from fork parent still in poll list: fd(19, generation: 1)
I0811 00:20:20.938283 4896873 ev_poll_posix.cc:593] FD from fork parent still in poll list: fd(22, generation: 1)
I0811 00:20:20.938288 4896873 ev_poll_posix.cc:593] FD from fork parent still in poll list: fd(19, generation: 1)
I0811 00:20:20.938296 4896873 ev_poll_posix.cc:593] FD from fork parent still in poll list: fd(22, generation: 1)
I0811 00:20:20.938301 4896873 ev_poll_posix.cc:593] FD from fork parent still in poll list: fd(19, generation: 1)
I0811 00:20:20.938308 4896873 ev_poll_posix.cc:593] FD from fork parent still in poll list: fd(22, generation: 1)
I0811 00:20:20.938313 4896873 ev_poll_posix.cc:593] FD from fork parent still in poll list: fd(19, generation: 1)
I0811 00:20:20.938319 4896873 ev_poll_posix.cc:593] FD from fork parent still in poll list: fd(22, generation: 1)
I0811 00:20:20.938324 4896873 ev_poll_posix.cc:593] FD from fork parent still in poll list: fd(19, generation: 1)
I0811 00:20:20.938329 4896873 ev_poll_posix.cc:593] FD from fork parent still in poll list: fd(22, generation: 1)
I0811 00:20:20.938334 4896873 ev_poll_posix.cc:593] FD from fork parent still in poll list: fd(19, generation: 1)
I0811 00:20:20.938340 4896873 ev_poll_posix.cc:593] FD from fork parent still in poll list: fd(22, generation: 1)
I0811 00:20:20.938345 4896873 ev_poll_posix.cc:593] FD from fork parent still in poll list: fd(19, generation: 1)
I0811 00:20:20.938352 4896873 ev_poll_posix.cc:593] FD from fork parent still in poll list: fd(22, generation: 1)
I0811 00:20:20.938357 4896873 ev_poll_posix.cc:593] FD from fork parent still in poll list: fd(19, generation: 1)
I0811 00:20:20.938363 4896873 ev_poll_posix.cc:593] FD from fork parent still in poll list: fd(22, generation: 1)
I0811 00:20:20.938368 4896873 ev_poll_posix.cc:593] FD from fork parent still in poll list: fd(19, generation: 1)
I0811 00:20:20.938373 4896873 ev_poll_posix.cc:593] FD from fork parent still in poll list: fd(22, generation: 1)
I0811 00:20:20.938378 4896873 ev_poll_posix.cc:593] FD from fork parent still in poll list: fd(19, generation: 1)
I0811 00:20:20.938385 4896873 ev_poll_posix.cc:593] FD from fork parent still in poll list: fd(22, generation: 1)
I0811 00:20:20.938390 4896873 ev_poll_posix.cc:593] FD from fork parent still in poll list: fd(19, generation: 1)
I0811 00:20:20.938397 4896873 ev_poll_posix.cc:593] FD from fork parent still in poll list: fd(22, generation: 1)
I0811 00:20:20.938402 4896873 ev_poll_posix.cc:593] FD from fork parent still in poll list: fd(19, generation: 1)
I0811 00:20:20.938409 4896873 ev_poll_posix.cc:593] FD from fork parent still in poll list: fd(22, generation: 1)
I0811 00:20:20.938414 4896873 ev_poll_posix.cc:593] FD from fork parent still in poll list: fd(19, generation: 1)
I0811 00:20:20.938421 4896873 ev_poll_posix.cc:593] FD from fork parent still in poll list: fd(22, generation: 1)
I0811 00:20:20.938426 4896873 ev_poll_posix.cc:593] FD from fork parent still in poll list: fd(19, generation: 1)
I0811 00:20:20.938433 4896873 ev_poll_posix.cc:593] FD from fork parent still in poll list: fd(22, generation: 1)
I0811 00:20:20.938438 4896873 ev_poll_posix.cc:593] FD from fork parent still in poll list: fd(19, generation: 1)
I0811 00:20:20.938446 4896873 ev_poll_posix.cc:593] FD from fork parent still in poll list: fd(22, generation: 1)
I0811 00:20:20.938451 4896873 ev_poll_posix.cc:593] FD from fork parent still in poll list: fd(19, generation: 1)
I0811 00:20:20.938458 4896873 ev_poll_posix.cc:593] FD from fork parent still in poll list: fd(22, generation: 1)
I0811 00:20:20.938463 4896873 ev_poll_posix.cc:593] FD from fork parent still in poll list: fd(19, generation: 1)
I0811 00:20:20.938469 4896873 ev_poll_posix.cc:593] FD from fork parent still in poll list: fd(22, generation: 1)
I0811 00:20:20.938474 4896873 ev_poll_posix.cc:593] FD from fork parent still in poll list: fd(19, generation: 1)
I0811 00:20:20.938497 4896873 ev_poll_posix.cc:593] FD from fork parent still in poll list: fd(22, generation: 1)
I0811 00:20:20.938510 4896873 ev_poll_posix.cc:593] FD from fork parent still in poll list: fd(19, generation: 1)
I0811 00:20:20.938519 4896873 ev_poll_posix.cc:593] FD from fork parent still in poll list: fd(22, generation: 1)
I0811 00:20:20.938525 4896873 ev_poll_posix.cc:593] FD from fork parent still in poll list: fd(19, generation: 1)
I0811 00:20:20.938533 4896873 ev_poll_posix.cc:593] FD from fork parent still in poll list: fd(22, generation: 1)
I0811 00:20:20.938538 4896873 ev_poll_posix.cc:593] FD from fork parent still in poll list: fd(19, generation: 1)
I0811 00:20:20.938546 4896873 ev_poll_posix.cc:593] FD from fork parent still in poll list: fd(22, generation: 1)
I0811 00:20:20.938551 4896873 ev_poll_posix.cc:593] FD from fork parent still in poll list: fd(19, generation: 1)
I0811 00:20:20.938559 4896873 ev_poll_posix.cc:593] FD from fork parent still in poll list: fd(22, generation: 1)
I0811 00:20:20.938564 4896873 ev_poll_posix.cc:593] FD from fork parent still in poll list: fd(19, generation: 1)
I0811 00:20:20.938571 4896873 ev_poll_posix.cc:593] FD from fork parent still in poll list: fd(22, generation: 1)
I0811 00:20:20.938577 4896873 ev_poll_posix.cc:593] FD from fork parent still in poll list: fd(19, generation: 1)
I0811 00:20:20.938584 4896873 ev_poll_posix.cc:593] FD from fork parent still in poll list: fd(22, generation: 1)
I0811 00:20:20.938589 4896873 ev_poll_posix.cc:593] FD from fork parent still in poll list: fd(19, generation: 1)
I0811 00:20:20.938596 4896873 ev_poll_posix.cc:593] FD from fork parent still in poll list: fd(22, generation: 1)
I0811 00:20:20.938601 4896873 ev_poll_posix.cc:593] FD from fork parent still in poll list: fd(19, generation: 1)
I0811 00:20:20.938608 4896873 ev_poll_posix.cc:593] FD from fork parent still in poll list: fd(22, generation: 1)
I0811 00:20:20.938613 4896873 ev_poll_posix.cc:593] FD from fork parent still in poll list: fd(19, generation: 1)
I0811 00:20:20.938619 4896873 ev_poll_posix.cc:593] FD from fork parent still in poll list: fd(22, generation: 1)
I0811 00:20:20.938624 4896873 ev_poll_posix.cc:593] FD from fork parent still in poll list: fd(19, generation: 1)
I0811 00:20:20.938631 4896873 ev_poll_posix.cc:593] FD from fork parent still in poll list: fd(22, generation: 1)
I0811 00:20:20.938636 4896873 ev_poll_posix.cc:593] FD from fork parent still in poll list: fd(19, generation: 1)
I0811 00:20:20.938643 4896873 ev_poll_posix.cc:593] FD from fork parent still in poll list: fd(22, generation: 1)
I0811 00:20:20.938648 4896873 ev_poll_posix.cc:593] FD from fork parent still in poll list: fd(19, generation: 1)
I0811 00:20:20.938655 4896873 ev_poll_posix.cc:593] FD from fork parent still in poll list: fd(22, generation: 1)
I0811 00:20:20.938660 4896873 ev_poll_posix.cc:593] FD from fork parent still in poll list: fd(19, generation: 1)
I0811 00:20:20.938667 4896873 ev_poll_posix.cc:593] FD from fork parent still in poll list: fd(22, generation: 1)
I0811 00:20:20.938672 4896873 ev_poll_posix.cc:593] FD from fork parent still in poll list: fd(19, generation: 1)
I0811 00:20:20.938679 4896873 ev_poll_posix.cc:593] FD from fork parent still in poll list: fd(22, generation: 1)
I0811 00:20:20.938684 4896873 ev_poll_posix.cc:593] FD from fork parent still in poll list: fd(19, generation: 1)
I0811 00:20:20.938691 4896873 ev_poll_posix.cc:593] FD from fork parent still in poll list: fd(22, generation: 1)
I0811 00:20:20.938696 4896873 ev_poll_posix.cc:593] FD from fork parent still in poll list: fd(19, generation: 1)
I0811 00:20:20.938703 4896873 ev_poll_posix.cc:593] FD from fork parent still in poll list: fd(22, generation: 1)
I0811 00:20:20.938708 4896873 ev_poll_posix.cc:593] FD from fork parent still in poll list: fd(19, generation: 1)
I0811 00:20:20.938715 4896873 ev_poll_posix.cc:593] FD from fork parent still in poll list: fd(22, generation: 1)
I0811 00:20:20.938720 4896873 ev_poll_posix.cc:593] FD from fork parent still in poll list: fd(19, generation: 1)
I0811 00:20:20.938727 4896873 ev_poll_posix.cc:593] FD from fork parent still in poll list: fd(22, generation: 1)
I0811 00:20:20.938732 4896873 ev_poll_posix.cc:593] FD from fork parent still in poll list: fd(19, generation: 1)
I0811 00:20:20.938739 4896873 ev_poll_posix.cc:593] FD from fork parent still in poll list: fd(22, generation: 1)
I0811 00:20:20.938744 4896873 ev_poll_posix.cc:593] FD from fork parent still in poll list: fd(19, generation: 1)
I0811 00:20:20.938751 4896873 ev_poll_posix.cc:593] FD from fork parent still in poll list: fd(22, generation: 1)
I0811 00:20:20.938756 4896873 ev_poll_posix.cc:593] FD from fork parent still in poll list: fd(19, generation: 1)
I0811 00:20:20.938763 4896873 ev_poll_posix.cc:593] FD from fork parent still in poll list: fd(22, generation: 1)
I0811 00:20:20.938768 4896873 ev_poll_posix.cc:593] FD from fork parent still in poll list: fd(19, generation: 1)
I0811 00:20:20.938775 4896873 ev_poll_posix.cc:593] FD from fork parent still in poll list: fd(22, generation: 1)
I0811 00:20:20.938780 4896873 ev_poll_posix.cc:593] FD from fork parent still in poll list: fd(19, generation: 1)
I0811 00:20:20.938787 4896873 ev_poll_posix.cc:593] FD from fork parent still in poll list: fd(22, generation: 1)
I0811 00:20:20.938792 4896873 ev_poll_posix.cc:593] FD from fork parent still in poll list: fd(19, generation: 1)
I0811 00:20:20.938799 4896873 ev_poll_posix.cc:593] FD from fork parent still in poll list: fd(22, generation: 1)
I0811 00:20:20.938804 4896873 ev_poll_posix.cc:593] FD from fork parent still in poll list: fd(19, generation: 1)
I0811 00:20:20.938810 4896873 ev_poll_posix.cc:593] FD from fork parent still in poll list: fd(22, generation: 1)
I0811 00:20:20.938815 4896873 ev_poll_posix.cc:593] FD from fork parent still in poll list: fd(19, generation: 1)
I0811 00:20:20.938822 4896873 ev_poll_posix.cc:593] FD from fork parent still in poll list: fd(22, generation: 1)
I0811 00:20:20.938827 4896873 ev_poll_posix.cc:593] FD from fork parent still in poll list: fd(19, generation: 1)
I0811 00:20:20.938833 4896873 ev_poll_posix.cc:593] FD from fork parent still in poll list: fd(22, generation: 1)
I0811 00:20:20.938838 4896873 ev_poll_posix.cc:593] FD from fork parent still in poll list: fd(19, generation: 1)
I0811 00:20:20.938843 4896873 ev_poll_posix.cc:593] FD from fork parent still in poll list: fd(22, generation: 1)
I0811 00:20:20.938848 4896873 ev_poll_posix.cc:593] FD from fork parent still in poll list: fd(19, generation: 1)
I0811 00:20:20.938854 4896873 ev_poll_posix.cc:593] FD from fork parent still in poll list: fd(22, generation: 1)
I0811 00:20:20.938858 4896873 ev_poll_posix.cc:593] FD from fork parent still in poll list: fd(19, generation: 1)
I0811 00:20:20.938864 4896873 ev_poll_posix.cc:593] FD from fork parent still in poll list: fd(22, generation: 1)
I0811 00:20:20.938869 4896873 ev_poll_posix.cc:593] FD from fork parent still in poll list: fd(19, generation: 1)
I0811 00:20:20.938874 4896873 ev_poll_posix.cc:593] FD from fork parent still in poll list: fd(22, generation: 1)
I0811 00:20:20.938879 4896873 ev_poll_posix.cc:593] FD from fork parent still in poll list: fd(19, generation: 1)
I0811 00:20:20.938886 4896873 ev_poll_posix.cc:593] FD from fork parent still in poll list: fd(22, generation: 1)
I0811 00:20:20.938891 4896873 ev_poll_posix.cc:593] FD from fork parent still in poll list: fd(19, generation: 1)
I0811 00:20:20.938897 4896873 ev_poll_posix.cc:593] FD from fork parent still in poll list: fd(22, generation: 1)
I0811 00:20:20.938901 4896873 ev_poll_posix.cc:593] FD from fork parent still in poll list: fd(19, generation: 1)
I0811 00:20:20.938907 4896873 ev_poll_posix.cc:593] FD from fork parent still in poll list: fd(22, generation: 1)
I0811 00:20:20.938915 4896873 ev_poll_posix.cc:593] FD from fork parent still in poll list: fd(19, generation: 1)
I0811 00:20:20.938923 4896873 ev_poll_posix.cc:593] FD from fork parent still in poll list: fd(22, generation: 1)
I0811 00:20:20.938928 4896873 ev_poll_posix.cc:593] FD from fork parent still in poll list: fd(19, generation: 1)
I0811 00:20:20.938934 4896873 ev_poll_posix.cc:593] FD from fork parent still in poll list: fd(22, generation: 1)
I0811 00:20:20.938938 4896873 ev_poll_posix.cc:593] FD from fork parent still in poll list: fd(19, generation: 1)
I0811 00:20:20.938946 4896873 ev_poll_posix.cc:593] FD from fork parent still in poll list: fd(22, generation: 1)
I0811 00:20:20.938951 4896873 ev_poll_posix.cc:593] FD from fork parent still in poll list: fd(19, generation: 1)
I0811 00:20:20.938956 4896873 ev_poll_posix.cc:593] FD from fork parent still in poll list: fd(22, generation: 1)
I0811 00:20:20.938961 4896873 ev_poll_posix.cc:593] FD from fork parent still in poll list: fd(19, generation: 1)
I0811 00:20:20.938966 4896873 ev_poll_posix.cc:593] FD from fork parent still in poll list: fd(22, generation: 1)
I0811 00:20:20.938971 4896873 ev_poll_posix.cc:593] FD from fork parent still in poll list: fd(19, generation: 1)
I0811 00:20:20.938977 4896873 ev_poll_posix.cc:593] FD from fork parent still in poll list: fd(22, generation: 1)
I0811 00:20:20.938982 4896873 ev_poll_posix.cc:593] FD from fork parent still in poll list: fd(19, generation: 1)
I0811 00:20:20.938987 4896873 ev_poll_posix.cc:593] FD from fork parent still in poll list: fd(22, generation: 1)
I0811 00:20:20.938992 4896873 ev_poll_posix.cc:593] FD from fork parent still in poll list: fd(19, generation: 1)
I0811 00:20:20.938997 4896873 ev_poll_posix.cc:593] FD from fork parent still in poll list: fd(22, generation: 1)
I0811 00:20:20.939002 4896873 ev_poll_posix.cc:593] FD from fork parent still in poll list: fd(19, generation: 1)
I0811 00:20:20.939007 4896873 ev_poll_posix.cc:593] FD from fork parent still in poll list: fd(22, generation: 1)
I0811 00:20:20.939012 4896873 ev_poll_posix.cc:593] FD from fork parent still in poll list: fd(19, generation: 1)
I0811 00:20:20.939018 4896873 ev_poll_posix.cc:593] FD from fork parent still in poll list: fd(22, generation: 1)
I0811 00:20:20.939023 4896873 ev_poll_posix.cc:593] FD from fork parent still in poll list: fd(19, generation: 1)
I0811 00:20:20.939028 4896873 ev_poll_posix.cc:593] FD from fork parent still in poll list: fd(22, generation: 1)
I0811 00:20:20.939033 4896873 ev_poll_posix.cc:593] FD from fork parent still in poll list: fd(19, generation: 1)
I0811 00:20:20.939038 4896873 ev_poll_posix.cc:593] FD from fork parent still in poll list: fd(22, generation: 1)
I0811 00:20:20.939043 4896873 ev_poll_posix.cc:593] FD from fork parent still in poll list: fd(19, generation: 1)
I0811 00:20:20.939048 4896873 ev_poll_posix.cc:593] FD from fork parent still in poll list: fd(22, generation: 1)
I0811 00:20:20.939053 4896873 ev_poll_posix.cc:593] FD from fork parent still in poll list: fd(19, generation: 1)
I0811 00:20:20.939058 4896873 ev_poll_posix.cc:593] FD from fork parent still in poll list: fd(22, generation: 1)
I0811 00:20:20.939063 4896873 ev_poll_posix.cc:593] FD from fork parent still in poll list: fd(19, generation: 1)
I0811 00:20:20.939069 4896873 ev_poll_posix.cc:593] FD from fork parent still in poll list: fd(22, generation: 1)
I0811 00:20:20.939073 4896873 ev_poll_posix.cc:593] FD from fork parent still in poll list: fd(19, generation: 1)
I0811 00:20:20.939080 4896873 ev_poll_posix.cc:593] FD from fork parent still in poll list: fd(22, generation: 1)
I0811 00:20:20.939085 4896873 ev_poll_posix.cc:593] FD from fork parent still in poll list: fd(19, generation: 1)
I0811 00:20:20.939091 4896873 ev_poll_posix.cc:593] FD from fork parent still in poll list: fd(22, generation: 1)
I0811 00:20:20.939096 4896873 ev_poll_posix.cc:593] FD from fork parent still in poll list: fd(19, generation: 1)
I0811 00:20:20.939101 4896873 ev_poll_posix.cc:593] FD from fork parent still in poll list: fd(22, generation: 1)
I0811 00:20:20.939106 4896873 ev_poll_posix.cc:593] FD from fork parent still in poll list: fd(19, generation: 1)
I0811 00:20:20.939115 4896873 ev_poll_posix.cc:593] FD from fork parent still in poll list: fd(22, generation: 1)
I0811 00:20:20.939120 4896873 ev_poll_posix.cc:593] FD from fork parent still in poll list: fd(19, generation: 1)
I0811 00:20:20.939125 4896873 ev_poll_posix.cc:593] FD from fork parent still in poll list: fd(22, generation: 1)
I0811 00:20:20.939130 4896873 ev_poll_posix.cc:593] FD from fork parent still in poll list: fd(19, generation: 1)
I0811 00:20:20.939135 4896873 ev_poll_posix.cc:593] FD from fork parent still in poll list: fd(22, generation: 1)
I0811 00:20:20.939140 4896873 ev_poll_posix.cc:593] FD from fork parent still in poll list: fd(19, generation: 1)
I0811 00:20:20.939146 4896873 ev_poll_posix.cc:593] FD from fork parent still in poll list: fd(22, generation: 1)
I0811 00:20:20.939150 4896873 ev_poll_posix.cc:593] FD from fork parent still in poll list: fd(19, generation: 1)
I0811 00:20:20.939156 4896873 ev_poll_posix.cc:593] FD from fork parent still in poll list: fd(22, generation: 1)
I0811 00:20:20.939161 4896873 ev_poll_posix.cc:593] FD from fork parent still in poll list: fd(19, generation: 1)
I0811 00:20:20.939167 4896873 ev_poll_posix.cc:593] FD from fork parent still in poll list: fd(22, generation: 1)
I0811 00:20:20.939171 4896873 ev_poll_posix.cc:593] FD from fork parent still in poll list: fd(19, generation: 1)
I0811 00:20:20.939177 4896873 ev_poll_posix.cc:593] FD from fork parent still in poll list: fd(22, generation: 1)
I0811 00:20:20.939181 4896873 ev_poll_posix.cc:593] FD from fork parent still in poll list: fd(19, generation: 1)
I0811 00:20:20.939187 4896873 ev_poll_posix.cc:593] FD from fork parent still in poll list: fd(22, generation: 1)
I0811 00:20:20.939192 4896873 ev_poll_posix.cc:593] FD from fork parent still in poll list: fd(19, generation: 1)
I0811 00:20:20.939198 4896873 ev_poll_posix.cc:593] FD from fork parent still in poll list: fd(22, generation: 1)
I0811 00:20:20.939203 4896873 ev_poll_posix.cc:593] FD from fork parent still in poll list: fd(19, generation: 1)
I0811 00:20:20.939211 4896873 ev_poll_posix.cc:593] FD from fork parent still in poll list: fd(22, generation: 1)
I0811 00:20:20.939216 4896873 ev_poll_posix.cc:593] FD from fork parent still in poll list: fd(19, generation: 1)
I0811 00:20:20.939222 4896873 ev_poll_posix.cc:593] FD from fork parent still in poll list: fd(22, generation: 1)
I0811 00:20:20.939227 4896873 ev_poll_posix.cc:593] FD from fork parent still in poll list: fd(19, generation: 1)
I0811 00:20:20.939233 4896873 ev_poll_posix.cc:593] FD from fork parent still in poll list: fd(22, generation: 1)
I0811 00:20:20.939238 4896873 ev_poll_posix.cc:593] FD from fork parent still in poll list: fd(19, generation: 1)
I0811 00:20:20.939243 4896873 ev_poll_posix.cc:593] FD from fork parent still in poll list: fd(22, generation: 1)
I0811 00:20:20.939248 4896873 ev_poll_posix.cc:593] FD from fork parent still in poll list: fd(19, generation: 1)
I0811 00:20:20.939254 4896873 ev_poll_posix.cc:593] FD from fork parent still in poll list: fd(22, generation: 1)
I0811 00:20:20.939258 4896873 ev_poll_posix.cc:593] FD from fork parent still in poll list: fd(19, generation: 1)
I0811 00:20:20.939265 4896873 ev_poll_posix.cc:593] FD from fork parent still in poll list: fd(22, generation: 1)
I0811 00:20:20.939270 4896873 ev_poll_posix.cc:593] FD from fork parent still in poll list: fd(19, generation: 1)
I0811 00:20:20.939277 4896873 ev_poll_posix.cc:593] FD from fork parent still in poll list: fd(22, generation: 1)
I0811 00:20:20.939282 4896873 ev_poll_posix.cc:593] FD from fork parent still in poll list: fd(19, generation: 1)
I0811 00:20:20.939289 4896873 ev_poll_posix.cc:593] FD from fork parent still in poll list: fd(22, generation: 1)
I0811 00:20:20.939295 4896873 ev_poll_posix.cc:593] FD from fork parent still in poll list: fd(19, generation: 1)
I0811 00:20:20.939302 4896873 ev_poll_posix.cc:593] FD from fork parent still in poll list: fd(22, generation: 1)
I0811 00:20:20.939307 4896873 ev_poll_posix.cc:593] FD from fork parent still in poll list: fd(19, generation: 1)
I0811 00:20:20.939314 4896873 ev_poll_posix.cc:593] FD from fork parent still in poll list: fd(22, generation: 1)
I0811 00:20:20.939319 4896873 ev_poll_posix.cc:593] FD from fork parent still in poll list: fd(19, generation: 1)
I0811 00:20:20.939325 4896873 ev_poll_posix.cc:593] FD from fork parent still in poll list: fd(22, generation: 1)
I0811 00:20:20.939330 4896873 ev_poll_posix.cc:593] FD from fork parent still in poll list: fd(19, generation: 1)
I0811 00:20:20.939337 4896873 ev_poll_posix.cc:593] FD from fork parent still in poll list: fd(22, generation: 1)
I0811 00:20:20.939342 4896873 ev_poll_posix.cc:593] FD from fork parent still in poll list: fd(19, generation: 1)
I0811 00:20:20.939349 4896873 ev_poll_posix.cc:593] FD from fork parent still in poll list: fd(22, generation: 1)
I0811 00:20:20.939354 4896873 ev_poll_posix.cc:593] FD from fork parent still in poll list: fd(19, generation: 1)
I0811 00:20:20.939373 4896873 ev_poll_posix.cc:593] FD from fork parent still in poll list: fd(22, generation: 1)
I0811 00:20:20.939391 4896873 ev_poll_posix.cc:593] FD from fork parent still in poll list: fd(19, generation: 1)
I0811 00:20:20.939399 4896873 ev_poll_posix.cc:593] FD from fork parent still in poll list: fd(22, generation: 1)
I0811 00:20:20.939405 4896873 ev_poll_posix.cc:593] FD from fork parent still in poll list: fd(19, generation: 1)
I0811 00:20:20.939412 4896873 ev_poll_posix.cc:593] FD from fork parent still in poll list: fd(22, generation: 1)
I0811 00:20:20.939418 4896873 ev_poll_posix.cc:593] FD from fork parent still in poll list: fd(19, generation: 1)
I0811 00:20:20.939425 4896873 ev_poll_posix.cc:593] FD from fork parent still in poll list: fd(22, generation: 1)
I0811 00:20:20.939430 4896873 ev_poll_posix.cc:593] FD from fork parent still in poll list: fd(19, generation: 1)
I0811 00:20:20.939438 4896873 ev_poll_posix.cc:593] FD from fork parent still in poll list: fd(22, generation: 1)
I0811 00:20:20.939443 4896873 ev_poll_posix.cc:593] FD from fork parent still in poll list: fd(19, generation: 1)
I0811 00:20:20.939449 4896873 ev_poll_posix.cc:593] FD from fork parent still in poll list: fd(22, generation: 1)
I0811 00:20:20.939454 4896873 ev_poll_posix.cc:593] FD from fork parent still in poll list: fd(19, generation: 1)
I0811 00:20:20.939461 4896873 ev_poll_posix.cc:593] FD from fork parent still in poll list: fd(22, generation: 1)
I0811 00:20:20.939466 4896873 ev_poll_posix.cc:593] FD from fork parent still in poll list: fd(19, generation: 1)
I0811 00:20:20.939472 4896873 ev_poll_posix.cc:593] FD from fork parent still in poll list: fd(22, generation: 1)
I0811 00:20:20.939477 4896873 ev_poll_posix.cc:593] FD from fork parent still in poll list: fd(19, generation: 1)
I0811 00:20:20.939483 4896873 ev_poll_posix.cc:593] FD from fork parent still in poll list: fd(19, generation: 1)
I0811 00:20:20.939490 4896873 ev_poll_posix.cc:593] FD from fork parent still in poll list: fd(19, generation: 1)
I0811 00:20:20.939496 4896873 ev_poll_posix.cc:593] FD from fork parent still in poll list: fd(19, generation: 1)
I0811 00:20:20.939501 4896873 ev_poll_posix.cc:593] FD from fork parent still in poll list: fd(19, generation: 1)
I0811 00:20:20.939507 4896873 ev_poll_posix.cc:593] FD from fork parent still in poll list: fd(19, generation: 1)
I0811 00:20:20.939514 4896873 ev_poll_posix.cc:593] FD from fork parent still in poll list: fd(19, generation: 1)
I0811 00:20:20.939520 4896873 ev_poll_posix.cc:593] FD from fork parent still in poll list: fd(19, generation: 1)
I0811 00:20:20.939526 4896873 ev_poll_posix.cc:593] FD from fork parent still in poll list: fd(19, generation: 1)
I0811 00:20:20.939533 4896873 ev_poll_posix.cc:593] FD from fork parent still in poll list: fd(19, generation: 1)
I0811 00:20:20.939539 4896873 ev_poll_posix.cc:593] FD from fork parent still in poll list: fd(19, generation: 1)
I0811 00:20:20.939545 4896873 ev_poll_posix.cc:593] FD from fork parent still in poll list: fd(19, generation: 1)
I0811 00:20:20.939551 4896873 ev_poll_posix.cc:593] FD from fork parent still in poll list: fd(19, generation: 1)
I0811 00:20:20.939556 4896873 ev_poll_posix.cc:593] FD from fork parent still in poll list: fd(19, generation: 1)
I0811 00:20:20.939562 4896873 ev_poll_posix.cc:593] FD from fork parent still in poll list: fd(19, generation: 1)
I0811 00:20:20.939568 4896873 ev_poll_posix.cc:593] FD from fork parent still in poll list: fd(19, generation: 1)
I0811 00:20:20.939573 4896873 ev_poll_posix.cc:593] FD from fork parent still in poll list: fd(19, generation: 1)
I0811 00:20:20.939579 4896873 ev_poll_posix.cc:593] FD from fork parent still in poll list: fd(19, generation: 1)
I0811 00:20:20.939586 4896873 ev_poll_posix.cc:593] FD from fork parent still in poll list: fd(19, generation: 1)
I0811 00:20:20.939593 4896873 ev_poll_posix.cc:593] FD from fork parent still in poll list: fd(19, generation: 1)
I0811 00:20:20.939600 4896873 ev_poll_posix.cc:593] FD from fork parent still in poll list: fd(19, generation: 1)
I0811 00:20:20.939607 4896873 ev_poll_posix.cc:593] FD from fork parent still in poll list: fd(19, generation: 1)
I0811 00:20:20.939614 4896873 ev_poll_posix.cc:593] FD from fork parent still in poll list: fd(19, generation: 1)
I0811 00:20:20.939619 4896873 ev_poll_posix.cc:593] FD from fork parent still in poll list: fd(19, generation: 1)
I0811 00:20:20.939625 4896873 ev_poll_posix.cc:593] FD from fork parent still in poll list: fd(19, generation: 1)
I0811 00:20:20.939631 4896873 ev_poll_posix.cc:593] FD from fork parent still in poll list: fd(19, generation: 1)
I0811 00:20:20.939636 4896873 ev_poll_posix.cc:593] FD from fork parent still in poll list: fd(19, generation: 1)
I0811 00:20:20.939642 4896873 ev_poll_posix.cc:593] FD from fork parent still in poll list: fd(19, generation: 1)
I0811 00:20:20.939648 4896873 ev_poll_posix.cc:593] FD from fork parent still in poll list: fd(19, generation: 1)
I0811 00:20:20.939654 4896873 ev_poll_posix.cc:593] FD from fork parent still in poll list: fd(19, generation: 1)
I0811 00:20:20.939659 4896873 ev_poll_posix.cc:593] FD from fork parent still in poll list: fd(19, generation: 1)
I0811 00:20:20.939667 4896873 ev_poll_posix.cc:593] FD from fork parent still in poll list: fd(19, generation: 1)
I0811 00:20:20.939673 4896873 ev_poll_posix.cc:593] FD from fork parent still in poll list: fd(19, generation: 1)
I0811 00:20:20.939679 4896873 ev_poll_posix.cc:593] FD from fork parent still in poll list: fd(19, generation: 1)
I0811 00:20:20.939684 4896873 ev_poll_posix.cc:593] FD from fork parent still in poll list: fd(19, generation: 1)
I0811 00:20:20.939690 4896873 ev_poll_posix.cc:593] FD from fork parent still in poll list: fd(19, generation: 1)
I0811 00:20:20.939696 4896873 ev_poll_posix.cc:593] FD from fork parent still in poll list: fd(19, generation: 1)
I0811 00:20:20.939702 4896873 ev_poll_posix.cc:593] FD from fork parent still in poll list: fd(19, generation: 1)
I0811 00:20:20.939707 4896873 ev_poll_posix.cc:593] FD from fork parent still in poll list: fd(19, generation: 1)
I0811 00:20:20.939713 4896873 ev_poll_posix.cc:593] FD from fork parent still in poll list: fd(19, generation: 1)
I0811 00:20:20.939719 4896873 ev_poll_posix.cc:593] FD from fork parent still in poll list: fd(19, generation: 1)
I0811 00:20:20.939725 4896873 ev_poll_posix.cc:593] FD from fork parent still in poll list: fd(19, generation: 1)
I0811 00:20:20.939731 4896873 ev_poll_posix.cc:593] FD from fork parent still in poll list: fd(19, generation: 1)
I0811 00:20:20.939737 4896873 ev_poll_posix.cc:593] FD from fork parent still in poll list: fd(19, generation: 1)
I0811 00:20:20.939742 4896873 ev_poll_posix.cc:593] FD from fork parent still in poll list: fd(19, generation: 1)
I0811 00:20:20.939748 4896873 ev_poll_posix.cc:593] FD from fork parent still in poll list: fd(19, generation: 1)
I0811 00:20:20.939754 4896873 ev_poll_posix.cc:593] FD from fork parent still in poll list: fd(19, generation: 1)
I0811 00:20:20.939760 4896873 ev_poll_posix.cc:593] FD from fork parent still in poll list: fd(19, generation: 1)
I0811 00:20:20.939770 4896873 ev_poll_posix.cc:593] FD from fork parent still in poll list: fd(19, generation: 1)
I0811 00:20:20.939776 4896873 ev_poll_posix.cc:593] FD from fork parent still in poll list: fd(19, generation: 1)
I0811 00:20:20.939782 4896873 ev_poll_posix.cc:593] FD from fork parent still in poll list: fd(19, generation: 1)
I0811 00:20:20.939813 4896873 ev_poll_posix.cc:593] FD from fork parent still in poll list: fd(19, generation: 1)
I0811 00:20:20.939824 4896873 ev_poll_posix.cc:593] FD from fork parent still in poll list: fd(19, generation: 1)
I0811 00:20:20.939854 4896873 ev_poll_posix.cc:593] FD from fork parent still in poll list: fd(19, generation: 1)
I0811 00:20:20.939897 4896873 ev_poll_posix.cc:593] FD from fork parent still in poll list: fd(19, generation: 1)
I0811 00:20:20.939907 4896873 ev_poll_posix.cc:593] FD from fork parent still in poll list: fd(19, generation: 1)
I0811 00:20:20.939913 4896873 ev_poll_posix.cc:593] FD from fork parent still in poll list: fd(19, generation: 1)
I0811 00:20:20.939920 4896873 ev_poll_posix.cc:593] FD from fork parent still in poll list: fd(19, generation: 1)
I0811 00:20:20.939927 4896873 ev_poll_posix.cc:593] FD from fork parent still in poll list: fd(19, generation: 1)
I0811 00:20:20.939934 4896873 ev_poll_posix.cc:593] FD from fork parent still in poll list: fd(19, generation: 1)
I0811 00:20:20.939952 4896873 ev_poll_posix.cc:593] FD from fork parent still in poll list: fd(19, generation: 1)
I0811 00:20:20.939960 4896873 ev_poll_posix.cc:593] FD from fork parent still in poll list: fd(19, generation: 1)
I0811 00:20:20.939966 4896873 ev_poll_posix.cc:593] FD from fork parent still in poll list: fd(19, generation: 1)
I0811 00:20:20.939972 4896873 ev_poll_posix.cc:593] FD from fork parent still in poll list: fd(19, generation: 1)
I0811 00:20:20.939978 4896873 ev_poll_posix.cc:593] FD from fork parent still in poll list: fd(19, generation: 1)
I0811 00:20:20.939983 4896873 ev_poll_posix.cc:593] FD from fork parent still in poll list: fd(19, generation: 1)
I0811 00:20:20.939989 4896873 ev_poll_posix.cc:593] FD from fork parent still in poll list: fd(19, generation: 1)
I0811 00:20:20.939995 4896873 ev_poll_posix.cc:593] FD from fork parent still in poll list: fd(19, generation: 1)
I0811 00:20:20.940000 4896873 ev_poll_posix.cc:593] FD from fork parent still in poll list: fd(19, generation: 1)
I0811 00:20:20.940006 4896873 ev_poll_posix.cc:593] FD from fork parent still in poll list: fd(19, generation: 1)
I0811 00:20:20.940012 4896873 ev_poll_posix.cc:593] FD from fork parent still in poll list: fd(19, generation: 1)
I0811 00:20:20.940018 4896873 ev_poll_posix.cc:593] FD from fork parent still in poll list: fd(19, generation: 1)
I0811 00:20:20.940024 4896873 ev_poll_posix.cc:593] FD from fork parent still in poll list: fd(19, generation: 1)
I0811 00:20:20.940030 4896873 ev_poll_posix.cc:593] FD from fork parent still in poll list: fd(19, generation: 1)
I0811 00:20:20.940036 4896873 ev_poll_posix.cc:593] FD from fork parent still in poll list: fd(19, generation: 1)
I0811 00:20:20.940042 4896873 ev_poll_posix.cc:593] FD from fork parent still in poll list: fd(19, generation: 1)
I0811 00:20:20.940047 4896873 ev_poll_posix.cc:593] FD from fork parent still in poll list: fd(19, generation: 1)
I0811 00:20:20.940053 4896873 ev_poll_posix.cc:593] FD from fork parent still in poll list: fd(19, generation: 1)
I0811 00:20:20.940058 4896873 ev_poll_posix.cc:593] FD from fork parent still in poll list: fd(19, generation: 1)
I0811 00:20:20.940064 4896873 ev_poll_posix.cc:593] FD from fork parent still in poll list: fd(19, generation: 1)
I0811 00:20:20.940070 4896873 ev_poll_posix.cc:593] FD from fork parent still in poll list: fd(19, generation: 1)
I0811 00:20:20.940076 4896873 ev_poll_posix.cc:593] FD from fork parent still in poll list: fd(19, generation: 1)
I0811 00:20:20.940081 4896873 ev_poll_posix.cc:593] FD from fork parent still in poll list: fd(19, generation: 1)
I0811 00:20:20.940087 4896873 ev_poll_posix.cc:593] FD from fork parent still in poll list: fd(19, generation: 1)
I0811 00:20:20.940093 4896873 ev_poll_posix.cc:593] FD from fork parent still in poll list: fd(19, generation: 1)
I0811 00:20:20.940099 4896873 ev_poll_posix.cc:593] FD from fork parent still in poll list: fd(19, generation: 1)
I0811 00:20:20.940105 4896873 ev_poll_posix.cc:593] FD from fork parent still in poll list: fd(19, generation: 1)
I0811 00:20:20.940110 4896873 ev_poll_posix.cc:593] FD from fork parent still in poll list: fd(19, generation: 1)
I0811 00:20:20.940116 4896873 ev_poll_posix.cc:593] FD from fork parent still in poll list: fd(19, generation: 1)
I0811 00:20:20.940122 4896873 ev_poll_posix.cc:593] FD from fork parent still in poll list: fd(19, generation: 1)
I0811 00:20:20.940127 4896873 ev_poll_posix.cc:593] FD from fork parent still in poll list: fd(19, generation: 1)
I0811 00:20:20.940133 4896873 ev_poll_posix.cc:593] FD from fork parent still in poll list: fd(19, generation: 1)
I0811 00:20:20.940139 4896873 ev_poll_posix.cc:593] FD from fork parent still in poll list: fd(19, generation: 1)
I0811 00:20:20.940145 4896873 ev_poll_posix.cc:593] FD from fork parent still in poll list: fd(19, generation: 1)
I0811 00:20:20.940151 4896873 ev_poll_posix.cc:593] FD from fork parent still in poll list: fd(19, generation: 1)
I0811 00:20:20.940157 4896873 ev_poll_posix.cc:593] FD from fork parent still in poll list: fd(19, generation: 1)
I0811 00:20:20.940162 4896873 ev_poll_posix.cc:593] FD from fork parent still in poll list: fd(19, generation: 1)
I0811 00:20:20.940168 4896873 ev_poll_posix.cc:593] FD from fork parent still in poll list: fd(19, generation: 1)
I0811 00:20:20.940174 4896873 ev_poll_posix.cc:593] FD from fork parent still in poll list: fd(19, generation: 1)
I0811 00:20:20.940179 4896873 ev_poll_posix.cc:593] FD from fork parent still in poll list: fd(19, generation: 1)
I0811 00:20:20.940185 4896873 ev_poll_posix.cc:593] FD from fork parent still in poll list: fd(19, generation: 1)
I0811 00:20:20.940191 4896873 ev_poll_posix.cc:593] FD from fork parent still in poll list: fd(19, generation: 1)
I0811 00:20:20.940197 4896873 ev_poll_posix.cc:593] FD from fork parent still in poll list: fd(19, generation: 1)
I0811 00:20:20.940202 4896873 ev_poll_posix.cc:593] FD from fork parent still in poll list: fd(19, generation: 1)
I0811 00:20:20.940208 4896873 ev_poll_posix.cc:593] FD from fork parent still in poll list: fd(19, generation: 1)
I0811 00:20:20.940214 4896873 ev_poll_posix.cc:593] FD from fork parent still in poll list: fd(19, generation: 1)
I0811 00:20:20.940219 4896873 ev_poll_posix.cc:593] FD from fork parent still in poll list: fd(19, generation: 1)
I0811 00:20:20.940225 4896873 ev_poll_posix.cc:593] FD from fork parent still in poll list: fd(19, generation: 1)
I0811 00:20:20.940231 4896873 ev_poll_posix.cc:593] FD from fork parent still in poll list: fd(19, generation: 1)
I0811 00:20:20.940237 4896873 ev_poll_posix.cc:593] FD from fork parent still in poll list: fd(19, generation: 1)
I0811 00:20:20.940243 4896873 ev_poll_posix.cc:593] FD from fork parent still in poll list: fd(19, generation: 1)
I0811 00:20:20.940248 4896873 ev_poll_posix.cc:593] FD from fork parent still in poll list: fd(19, generation: 1)
I0811 00:20:20.940254 4896873 ev_poll_posix.cc:593] FD from fork parent still in poll list: fd(19, generation: 1)
I0811 00:20:20.940259 4896873 ev_poll_posix.cc:593] FD from fork parent still in poll list: fd(19, generation: 1)
I0811 00:20:20.940276 4896873 ev_poll_posix.cc:593] FD from fork parent still in poll list: fd(19, generation: 1)
I0811 00:20:20.940284 4896873 ev_poll_posix.cc:593] FD from fork parent still in poll list: fd(19, generation: 1)
I0811 00:20:20.940291 4896873 ev_poll_posix.cc:593] FD from fork parent still in poll list: fd(19, generation: 1)
I0811 00:20:20.940296 4896873 ev_poll_posix.cc:593] FD from fork parent still in poll list: fd(19, generation: 1)
I0811 00:20:20.940303 4896873 ev_poll_posix.cc:593] FD from fork parent still in poll list: fd(19, generation: 1)
I0811 00:20:20.940308 4896873 ev_poll_posix.cc:593] FD from fork parent still in poll list: fd(19, generation: 1)
I0811 00:20:20.940314 4896873 ev_poll_posix.cc:593] FD from fork parent still in poll list: fd(19, generation: 1)
I0811 00:20:20.940320 4896873 ev_poll_posix.cc:593] FD from fork parent still in poll list: fd(19, generation: 1)
I0811 00:20:20.940326 4896873 ev_poll_posix.cc:593] FD from fork parent still in poll list: fd(19, generation: 1)
I0811 00:20:20.940331 4896873 ev_poll_posix.cc:593] FD from fork parent still in poll list: fd(19, generation: 1)
I0811 00:20:20.940337 4896873 ev_poll_posix.cc:593] FD from fork parent still in poll list: fd(19, generation: 1)
I0811 00:20:20.940342 4896873 ev_poll_posix.cc:593] FD from fork parent still in poll list: fd(19, generation: 1)
I0811 00:20:20.940348 4896873 ev_poll_posix.cc:593] FD from fork parent still in poll list: fd(19, generation: 1)
I0811 00:20:20.940354 4896873 ev_poll_posix.cc:593] FD from fork parent still in poll list: fd(19, generation: 1)
I0811 00:20:20.940359 4896873 ev_poll_posix.cc:593] FD from fork parent still in poll list: fd(19, generation: 1)
I0811 00:20:20.940365 4896873 ev_poll_posix.cc:593] FD from fork parent still in poll list: fd(19, generation: 1)
I0811 00:20:20.940371 4896873 ev_poll_posix.cc:593] FD from fork parent still in poll list: fd(19, generation: 1)
I0811 00:20:20.940376 4896873 ev_poll_posix.cc:593] FD from fork parent still in poll list: fd(19, generation: 1)
I0811 00:20:20.940382 4896873 ev_poll_posix.cc:593] FD from fork parent still in poll list: fd(19, generation: 1)
I0811 00:20:20.940388 4896873 ev_poll_posix.cc:593] FD from fork parent still in poll list: fd(19, generation: 1)
I0811 00:20:20.940393 4896873 ev_poll_posix.cc:593] FD from fork parent still in poll list: fd(19, generation: 1)
I0811 00:20:20.940399 4896873 ev_poll_posix.cc:593] FD from fork parent still in poll list: fd(19, generation: 1)
I0811 00:20:20.940405 4896873 ev_poll_posix.cc:593] FD from fork parent still in poll list: fd(19, generation: 1)
I0811 00:20:20.940411 4896873 ev_poll_posix.cc:593] FD from fork parent still in poll list: fd(19, generation: 1)
I0811 00:20:20.940416 4896873 ev_poll_posix.cc:593] FD from fork parent still in poll list: fd(19, generation: 1)
I0811 00:20:20.940422 4896873 ev_poll_posix.cc:593] FD from fork parent still in poll list: fd(19, generation: 1)
I0811 00:20:20.940428 4896873 ev_poll_posix.cc:593] FD from fork parent still in poll list: fd(19, generation: 1)
I0811 00:20:20.940434 4896873 ev_poll_posix.cc:593] FD from fork parent still in poll list: fd(19, generation: 1)
I0811 00:20:20.940439 4896873 ev_poll_posix.cc:593] FD from fork parent still in poll list: fd(19, generation: 1)
I0811 00:20:20.940445 4896873 ev_poll_posix.cc:593] FD from fork parent still in poll list: fd(19, generation: 1)
I0811 00:20:20.940451 4896873 ev_poll_posix.cc:593] FD from fork parent still in poll list: fd(19, generation: 1)
I0811 00:20:20.940456 4896873 ev_poll_posix.cc:593] FD from fork parent still in poll list: fd(19, generation: 1)
I0811 00:20:20.940462 4896873 ev_poll_posix.cc:593] FD from fork parent still in poll list: fd(19, generation: 1)
I0811 00:20:20.940468 4896873 ev_poll_posix.cc:593] FD from fork parent still in poll list: fd(19, generation: 1)
I0811 00:20:20.940474 4896873 ev_poll_posix.cc:593] FD from fork parent still in poll list: fd(19, generation: 1)
I0811 00:20:20.940479 4896873 ev_poll_posix.cc:593] FD from fork parent still in poll list: fd(19, generation: 1)
I0811 00:20:20.940485 4896873 ev_poll_posix.cc:593] FD from fork parent still in poll list: fd(19, generation: 1)
I0811 00:20:20.940491 4896873 ev_poll_posix.cc:593] FD from fork parent still in poll list: fd(19, generation: 1)
I0811 00:20:20.940496 4896873 ev_poll_posix.cc:593] FD from fork parent still in poll list: fd(19, generation: 1)
I0811 00:20:20.940506 4896873 ev_poll_posix.cc:593] FD from fork parent still in poll list: fd(19, generation: 1)
I0811 00:20:20.940512 4896873 ev_poll_posix.cc:593] FD from fork parent still in poll list: fd(19, generation: 1)
I0811 00:20:20.940518 4896873 ev_poll_posix.cc:593] FD from fork parent still in poll list: fd(19, generation: 1)
I0811 00:20:20.940524 4896873 ev_poll_posix.cc:593] FD from fork parent still in poll list: fd(19, generation: 1)
I0811 00:20:20.940530 4896873 ev_poll_posix.cc:593] FD from fork parent still in poll list: fd(19, generation: 1)
I0811 00:20:20.940536 4896873 ev_poll_posix.cc:593] FD from fork parent still in poll list: fd(19, generation: 1)
I0811 00:20:20.940542 4896873 ev_poll_posix.cc:593] FD from fork parent still in poll list: fd(19, generation: 1)
I0811 00:20:20.940548 4896873 ev_poll_posix.cc:593] FD from fork parent still in poll list: fd(19, generation: 1)
I0811 00:20:20.940565 4896873 ev_poll_posix.cc:593] FD from fork parent still in poll list: fd(19, generation: 1)
I0811 00:20:20.940573 4896873 ev_poll_posix.cc:593] FD from fork parent still in poll list: fd(19, generation: 1)
I0811 00:20:20.940579 4896873 ev_poll_posix.cc:593] FD from fork parent still in poll list: fd(19, generation: 1)
I0811 00:20:20.940585 4896873 ev_poll_posix.cc:593] FD from fork parent still in poll list: fd(19, generation: 1)
I0811 00:20:20.940591 4896873 ev_poll_posix.cc:593] FD from fork parent still in poll list: fd(19, generation: 1)
I0811 00:20:20.940597 4896873 ev_poll_posix.cc:593] FD from fork parent still in poll list: fd(19, generation: 1)
I0811 00:20:20.940603 4896873 ev_poll_posix.cc:593] FD from fork parent still in poll list: fd(19, generation: 1)
I0811 00:20:20.940609 4896873 ev_poll_posix.cc:593] FD from fork parent still in poll list: fd(19, generation: 1)
I0811 00:20:20.940614 4896873 ev_poll_posix.cc:593] FD from fork parent still in poll list: fd(19, generation: 1)
I0811 00:20:20.940620 4896873 ev_poll_posix.cc:593] FD from fork parent still in poll list: fd(19, generation: 1)
I0811 00:20:20.940626 4896873 ev_poll_posix.cc:593] FD from fork parent still in poll list: fd(19, generation: 1)
I0811 00:20:20.940632 4896873 ev_poll_posix.cc:593] FD from fork parent still in poll list: fd(19, generation: 1)
I0811 00:20:20.940638 4896873 ev_poll_posix.cc:593] FD from fork parent still in poll list: fd(19, generation: 1)
I0811 00:20:20.940644 4896873 ev_poll_posix.cc:593] FD from fork parent still in poll list: fd(19, generation: 1)
I0811 00:20:20.940650 4896873 ev_poll_posix.cc:593] FD from fork parent still in poll list: fd(19, generation: 1)
I0811 00:20:20.940657 4896873 ev_poll_posix.cc:593] FD from fork parent still in poll list: fd(19, generation: 1)
I0811 00:20:20.940663 4896873 ev_poll_posix.cc:593] FD from fork parent still in poll list: fd(19, generation: 1)
I0811 00:20:20.940668 4896873 ev_poll_posix.cc:593] FD from fork parent still in poll list: fd(19, generation: 1)
I0811 00:20:20.940674 4896873 ev_poll_posix.cc:593] FD from fork parent still in poll list: fd(19, generation: 1)
I0811 00:20:20.940680 4896873 ev_poll_posix.cc:593] FD from fork parent still in poll list: fd(19, generation: 1)
I0811 00:20:20.940686 4896873 ev_poll_posix.cc:593] FD from fork parent still in poll list: fd(19, generation: 1)
I0811 00:20:20.940693 4896873 ev_poll_posix.cc:593] FD from fork parent still in poll list: fd(19, generation: 1)
I0811 00:20:20.940702 4896873 ev_poll_posix.cc:593] FD from fork parent still in poll list: fd(19, generation: 1)
I0811 00:20:20.940710 4896873 ev_poll_posix.cc:593] FD from fork parent still in poll list: fd(19, generation: 1)
I0811 00:20:20.940717 4896873 ev_poll_posix.cc:593] FD from fork parent still in poll list: fd(19, generation: 1)
I0811 00:20:20.940725 4896873 ev_poll_posix.cc:593] FD from fork parent still in poll list: fd(19, generation: 1)
I0811 00:20:20.940733 4896873 ev_poll_posix.cc:593] FD from fork parent still in poll list: fd(19, generation: 1)
I0811 00:20:27.028661 4877277 fork_posix.cc:71] Other threads are currently calling into gRPC, skipping fork() handlers
I0811 00:20:27.030083 4897054 ev_poll_posix.cc:593] FD from fork parent still in poll list: fd(22, generation: 1)
I0811 00:20:27.030123 4897054 ev_poll_posix.cc:593] FD from fork parent still in poll list: fd(19, generation: 1)
I0811 00:20:35.140818 4877277 fork_posix.cc:71] Other threads are currently calling into gRPC, skipping fork() handlers
I0811 00:20:35.143346 4897334 ev_poll_posix.cc:593] FD from fork parent still in poll list: fd(22, generation: 1)
I0811 00:20:35.143440 4897334 ev_poll_posix.cc:593] FD from fork parent still in poll list: fd(19, generation: 1)
2026-08-11 00:20:41,659 - [  481.4s] marker t=480 (4 so far)
I0811 00:20:44.074320 4877277 fork_posix.cc:71] Other threads are currently calling into gRPC, skipping fork() handlers
I0811 00:20:44.076744 4897580 ev_poll_posix.cc:593] FD from fork parent still in poll list: fd(22, generation: 1)
I0811 00:20:44.076896 4897580 ev_poll_posix.cc:593] FD from fork parent still in poll list: fd(19, generation: 1)
I0811 00:20:52.609949 4877277 fork_posix.cc:71] Other threads are currently calling into gRPC, skipping fork() handlers
I0811 00:20:52.613409 4897792 ev_poll_posix.cc:593] FD from fork parent still in poll list: fd(22, generation: 1)
I0811 00:20:52.613507 4897792 ev_poll_posix.cc:593] FD from fork parent still in poll list: fd(19, generation: 1)
I0811 00:21:00.948075 4877277 fork_posix.cc:71] Other threads are currently calling into gRPC, skipping fork() handlers
I0811 00:21:00.951329 4898090 ev_poll_posix.cc:593] FD from fork parent still in poll list: fd(22, generation: 1)
I0811 00:21:00.951458 4898090 ev_poll_posix.cc:593] FD from fork parent still in poll list: fd(19, generation: 1)
I0811 00:21:09.035956 4877277 fork_posix.cc:71] Other threads are currently calling into gRPC, skipping fork() handlers
I0811 00:21:09.041563 4898388 ev_poll_posix.cc:593] FD from fork parent still in poll list: fd(22, generation: 1)
I0811 00:21:09.041786 4898388 ev_poll_posix.cc:593] FD from fork parent still in poll list: fd(19, generation: 1)
2026-08-11 00:21:11,644 - [  511.4s] marker t=510 (5 so far)
I0811 00:21:17.207712 4877277 fork_posix.cc:71] Other threads are currently calling into gRPC, skipping fork() handlers
I0811 00:21:17.211205 4898644 ev_poll_posix.cc:593] FD from fork parent still in poll list: fd(22, generation: 1)
I0811 00:21:17.211360 4898644 ev_poll_posix.cc:593] FD from fork parent still in poll list: fd(19, generation: 1)
I0811 00:21:25.643366 4877277 fork_posix.cc:71] Other threads are currently calling into gRPC, skipping fork() handlers
I0811 00:21:25.647072 4898930 ev_poll_posix.cc:593] FD from fork parent still in poll list: fd(22, generation: 1)
I0811 00:21:25.647167 4898930 ev_poll_posix.cc:593] FD from fork parent still in poll list: fd(19, generation: 1)
I0811 00:21:34.241762 4877277 fork_posix.cc:71] Other threads are currently calling into gRPC, skipping fork() handlers
I0811 00:21:34.244430 4899169 ev_poll_posix.cc:593] FD from fork parent still in poll list: fd(22, generation: 1)
I0811 00:21:34.244516 4899169 ev_poll_posix.cc:593] FD from fork parent still in poll list: fd(19, generation: 1)
2026-08-11 00:21:41,671 - [  541.4s] marker t=540 (6 so far)
I0811 00:21:45.338346 4877277 fork_posix.cc:71] Other threads are currently calling into gRPC, skipping fork() handlers
I0811 00:21:45.341910 4899515 ev_poll_posix.cc:593] FD from fork parent still in poll list: fd(22, generation: 1)
I0811 00:21:45.342006 4899515 ev_poll_posix.cc:593] FD from fork parent still in poll list: fd(19, generation: 1)
WARNING: Cannot connect to YC tool initialization service. Network connectivity to the service is required for cli version control. In case you are using yc in an isolated environment, you may turn off this warning by setting env YC_CLI_INITIALIZATION_SILENCE=true

I0811 00:21:55.449662 4877277 fork_posix.cc:71] Other threads are currently calling into gRPC, skipping fork() handlers
I0811 00:21:55.453785 4899804 ev_poll_posix.cc:593] FD from fork parent still in poll list: fd(22, generation: 1)
I0811 00:21:55.453943 4899804 ev_poll_posix.cc:593] FD from fork parent still in poll list: fd(19, generation: 1)
I0811 00:22:02.158646 4877277 fork_posix.cc:71] Other threads are currently calling into gRPC, skipping fork() handlers
I0811 00:22:02.161583 4900169 ev_poll_posix.cc:593] FD from fork parent still in poll list: fd(22, generation: 1)
I0811 00:22:02.161668 4900169 ev_poll_posix.cc:593] FD from fork parent still in poll list: fd(19, generation: 1)
I0811 00:22:10.667818 4877277 fork_posix.cc:71] Other threads are currently calling into gRPC, skipping fork() handlers
I0811 00:22:10.671283 4900433 ev_poll_posix.cc:593] FD from fork parent still in poll list: fd(22, generation: 1)
I0811 00:22:10.671403 4900433 ev_poll_posix.cc:593] FD from fork parent still in poll list: fd(19, generation: 1)
2026-08-11 00:22:11,324 - [  571.4s] marker t=570 (7 so far)
I0811 00:22:20.403625 4877277 fork_posix.cc:71] Other threads are currently calling into gRPC, skipping fork() handlers
I0811 00:22:20.407193 4900722 ev_poll_posix.cc:593] FD from fork parent still in poll list: fd(22, generation: 1)
I0811 00:22:20.407330 4900722 ev_poll_posix.cc:593] FD from fork parent still in poll list: fd(19, generation: 1)
I0811 00:22:27.135310 4877277 fork_posix.cc:71] Other threads are currently calling into gRPC, skipping fork() handlers
I0811 00:22:27.136984 4900972 ev_poll_posix.cc:593] FD from fork parent still in poll list: fd(22, generation: 1)
I0811 00:22:27.137041 4900972 ev_poll_posix.cc:593] FD from fork parent still in poll list: fd(19, generation: 1)
WARNING: Cannot connect to YC tool initialization service. Network connectivity to the service is required for cli version control. In case you are using yc in an isolated environment, you may turn off this warning by setting env YC_CLI_INITIALIZATION_SILENCE=true

I0811 00:22:39.509398 4877277 fork_posix.cc:71] Other threads are currently calling into gRPC, skipping fork() handlers
I0811 00:22:39.512336 4901332 ev_poll_posix.cc:593] FD from fork parent still in poll list: fd(22, generation: 1)
I0811 00:22:39.512440 4901332 ev_poll_posix.cc:593] FD from fork parent still in poll list: fd(19, generation: 1)
2026-08-11 00:22:41,701 - [  601.4s] marker t=600 (8 so far)
I0811 00:22:51.770971 4877277 fork_posix.cc:71] Other threads are currently calling into gRPC, skipping fork() handlers
I0811 00:22:51.774081 4901699 ev_poll_posix.cc:593] FD from fork parent still in poll list: fd(22, generation: 1)
I0811 00:22:51.774224 4901699 ev_poll_posix.cc:593] FD from fork parent still in poll list: fd(19, generation: 1)
I0811 00:22:57.752480 4877277 fork_posix.cc:71] Other threads are currently calling into gRPC, skipping fork() handlers
I0811 00:22:57.756408 4901909 ev_poll_posix.cc:593] FD from fork parent still in poll list: fd(22, generation: 1)
I0811 00:22:57.756535 4901909 ev_poll_posix.cc:593] FD from fork parent still in poll list: fd(19, generation: 1)
I0811 00:23:03.185571 4877277 fork_posix.cc:71] Other threads are currently calling into gRPC, skipping fork() handlers
I0811 00:23:03.187699 4902367 ev_poll_posix.cc:593] FD from fork parent still in poll list: fd(22, generation: 1)
I0811 00:23:03.187750 4902367 ev_poll_posix.cc:593] FD from fork parent still in poll list: fd(19, generation: 1)
I0811 00:23:08.674845 4877277 fork_posix.cc:71] Other threads are currently calling into gRPC, skipping fork() handlers
I0811 00:23:08.676859 4902874 ev_poll_posix.cc:593] FD from fork parent still in poll list: fd(22, generation: 1)
I0811 00:23:08.676939 4902874 ev_poll_posix.cc:593] FD from fork parent still in poll list: fd(19, generation: 1)
2026-08-11 00:23:11,345 - [  631.4s] marker t=630 (9 so far)
I0811 00:23:14.252313 4877277 fork_posix.cc:71] Other threads are currently calling into gRPC, skipping fork() handlers
I0811 00:23:14.255267 4903322 ev_poll_posix.cc:593] FD from fork parent still in poll list: fd(22, generation: 1)
I0811 00:23:14.255362 4903322 ev_poll_posix.cc:593] FD from fork parent still in poll list: fd(19, generation: 1)
I0811 00:23:20.095817 4877277 fork_posix.cc:71] Other threads are currently calling into gRPC, skipping fork() handlers
I0811 00:23:20.097713 4903527 ev_poll_posix.cc:593] FD from fork parent still in poll list: fd(22, generation: 1)
I0811 00:23:20.097844 4903527 ev_poll_posix.cc:593] FD from fork parent still in poll list: fd(19, generation: 1)
I0811 00:23:26.137433 4877277 fork_posix.cc:71] Other threads are currently calling into gRPC, skipping fork() handlers
I0811 00:23:26.139249 4903727 ev_poll_posix.cc:593] FD from fork parent still in poll list: fd(22, generation: 1)
I0811 00:23:26.139300 4903727 ev_poll_posix.cc:593] FD from fork parent still in poll list: fd(19, generation: 1)
I0811 00:23:33.301276 4877277 fork_posix.cc:71] Other threads are currently calling into gRPC, skipping fork() handlers
I0811 00:23:33.304304 4903915 ev_poll_posix.cc:593] FD from fork parent still in poll list: fd(22, generation: 1)
I0811 00:23:33.304424 4903915 ev_poll_posix.cc:593] FD from fork parent still in poll list: fd(19, generation: 1)
WARNING: Cannot connect to YC tool initialization service. Network connectivity to the service is required for cli version control. In case you are using yc in an isolated environment, you may turn off this warning by setting env YC_CLI_INITIALIZATION_SILENCE=true

2026-08-11 00:23:41,913 - [  661.4s] $ df -h /job/output-datasets/huginn-pip-wheels | tail -1
2026-08-11 00:23:41,914 - [  661.4s]   rc=0  /dev/vdb         12G  5.6G  5.6G  50% /job/output-datasets/huginn-pip-wheels
2026-08-11 00:23:41,914 - [  661.4s] $ ls -la /job/output-datasets/huginn-pip-wheels | head -30
2026-08-11 00:23:41,914 - [  661.4s]   rc=0  :12 marker_t0000.txt
2026-08-11 00:23:41,915 - -rw-r--r-- 1 root root    29 Aug 10 21:19 marker_t0420.txt
2026-08-11 00:23:41,915 - -rw-r--r-- 1 root root    29 Aug 10 21:20 marker_t0450.txt
2026-08-11 00:23:41,915 - -rw-r--r-- 1 root root    29 Aug 10 21:20 marker_t0480.txt
2026-08-11 00:23:41,915 - -rw-r--r-- 1 root root    29 Aug 10 21:21 marker_t0510.txt
2026-08-11 00:23:42,554 - -rw-r--r-- 1 root root    29 Aug 10 21:21 marker_t0540.txt
2026-08-11 00:23:42,554 - -rw-r--r-- 1 root root    29 Aug 10 21:22 marker_t0570.txt
2026-08-11 00:23:42,554 - -rw-r--r-- 1 root root    29 Aug 10 21:22 marker_t0600.txt
2026-08-11 00:23:42,554 - -rw-r--r-- 1 root root    29 Aug 10 21:23 marker_t0630.txt
2026-08-11 00:23:42,554 - -rw-r--r-- 1 root root    29 Aug 10 21:23 marker_t0660.txt
2026-08-11 00:23:42,555 - drwxr-xr-x 2 root root 12288 Aug 10 21:15 wheels
2026-08-11 00:23:42,555 - [  661.4s] DONE: 94 wheels, 10 markers, last marker t=660, exiting at t=661.4s
I0811 00:23:43.087390 4877277 fork_posix.cc:71] Other threads are currently calling into gRPC, skipping fork() handlers
I0811 00:23:43.090675 4904211 ev_poll_posix.cc:593] FD from fork parent still in poll list: fd(22, generation: 1)
I0811 00:23:43.090773 4904211 ev_poll_posix.cc:593] FD from fork parent still in poll list: fd(19, generation: 1)
WARNING: Cannot connect to YC tool initialization service. Network connectivity to the service is required for cli version control. In case you are using yc in an isolated environment, you may turn off this warning by setting env YC_CLI_INITIALIZATION_SILENCE=true

I0811 00:23:54.068129 4877277 fork_posix.cc:71] Other threads are currently calling into gRPC, skipping fork() handlers
I0811 00:23:54.073895 4904533 ev_poll_posix.cc:593] FD from fork parent still in poll list: fd(22, generation: 1)
I0811 00:23:54.074080 4904533 ev_poll_posix.cc:593] FD from fork parent still in poll list: fd(19, generation: 1)
I0811 00:24:03.651393 4877277 fork_posix.cc:71] Other threads are currently calling into gRPC, skipping fork() handlers
I0811 00:24:03.653499 4904968 ev_poll_posix.cc:593] FD from fork parent still in poll list: fd(22, generation: 1)
I0811 00:24:03.653627 4904968 ev_poll_posix.cc:593] FD from fork parent still in poll list: fd(19, generation: 1)
I0811 00:24:16.865867 4877277 fork_posix.cc:71] Other threads are currently calling into gRPC, skipping fork() handlers
I0811 00:24:16.869010 4905384 ev_poll_posix.cc:593] FD from fork parent still in poll list: fd(22, generation: 1)
I0811 00:24:16.869123 4905384 ev_poll_posix.cc:593] FD from fork parent still in poll list: fd(19, generation: 1)
I0811 00:24:25.580359 4877277 fork_posix.cc:71] Other threads are currently calling into gRPC, skipping fork() handlers
I0811 00:24:25.584142 4905692 ev_poll_posix.cc:593] FD from fork parent still in poll list: fd(22, generation: 1)
I0811 00:24:25.584263 4905692 ev_poll_posix.cc:593] FD from fork parent still in poll list: fd(19, generation: 1)
I0811 00:24:35.126202 4877277 fork_posix.cc:71] Other threads are currently calling into gRPC, skipping fork() handlers
I0811 00:24:35.128085 4905960 ev_poll_posix.cc:593] FD from fork parent still in poll list: fd(22, generation: 1)
I0811 00:24:35.128147 4905960 ev_poll_posix.cc:593] FD from fork parent still in poll list: fd(19, generation: 1)
I0811 00:24:39.986645 4906119 ev_poll_posix.cc:593] FD from fork parent still in poll list: fd(22, generation: 1)
I0811 00:24:40.136597 4906170 ev_poll_posix.cc:593] FD from fork parent still in poll list: fd(22, generation: 1)
[37m2026-08-11 00:24:40,423 - [INFO] - job link: https://datasphere.yandex.cloud/communities/bt19h0cm8nqhr7489r9o/projects/bt12q57tmrs03pnt8drc/job/bt1pk4fk6lvjl0ogc28n[0m
[37m2026-08-11 00:24:40,423 - [INFO] - downloading 1 files (2.0KB) ...[0m
[37m2026-08-11 00:24:42,010 - [INFO] - files are downloaded[0m
[37m2026-08-11 00:24:42,010 - [INFO] - Created datasets:[0m
[37m2026-08-11 00:24:42,010 - [INFO] -   * bt1k1pq7maoh30b29t1l (huginn-pip-wheels) size: 12 Gb[0m
[37m2026-08-11 00:24:42,010 - [INFO] - job completed successfully[0m
