condition,example_idx,token_position,n_tokens,winding,shape,steps_settle
long_persona,0,0,233,0.8517933454822109,settle,2
long_persona,0,1,233,1.1177573858089072,settle,1
long_persona,0,2,233,4.515299541207866,settle,3
long_persona,0,3,233,0.6023715735851338,settle,4
long_persona,0,4,233,0.5973043937224394,settle,4
long_persona,0,5,233,0.6358011117565827,settle,7
long_persona,0,6,233,0.6021679648615852,settle,7
long_persona,0,7,233,0.6055419276341327,settle,7
long_persona,0,8,233,0.6081551413926728,settle,11
long_persona,0,9,233,0.6384216534889062,settle,11
long_persona,0,10,233,0.6373651378107501,settle,12
long_persona,0,11,233,0.6100533805150111,settle,11
long_persona,0,12,233,0.648850132408706,settle,11
long_persona,0,13,233,0.6100607882822489,settle,10
long_persona,0,14,233,0.5894433642294004,settle,11
long_persona,0,15,233,0.6077548446028166,settle,10
long_persona,0,16,233,0.6102366292926622,settle,10
long_persona,0,17,233,0.6080947053243012,settle,10
long_persona,0,18,233,0.6210145497559028,settle,11
long_persona,0,19,233,0.6018680678542688,settle,10
long_persona,0,20,233,0.6062548682866556,settle,10
long_persona,0,21,233,0.38745021217068093,settle,13
long_persona,0,22,233,0.6203117669699015,settle,12
long_persona,0,23,233,0.5933013992672796,settle,11
long_persona,0,24,233,0.6105296699007974,settle,12
long_persona,0,25,233,0.6051035264659212,settle,12
long_persona,0,26,233,0.6854860880490621,settle,27
long_persona,0,27,233,0.6234762591621958,settle,14
long_persona,0,28,233,0.4768671770143495,settle,18
long_persona,0,29,233,0.6140449049369446,settle,14
long_persona,0,30,233,1.592419051956579,settle,15
long_persona,0,31,233,0.6280270061842573,settle,16
long_persona,0,32,233,0.600817654694889,settle,11
long_persona,0,33,233,0.5992346975031709,settle,11
long_persona,0,34,233,0.6107917948201775,settle,12
long_persona,0,35,233,0.6175802415451696,settle,11
long_persona,0,36,233,0.6154933723552624,settle,12
long_persona,0,37,233,0.4013699438610302,settle,13
long_persona,0,38,233,0.603305739962741,settle,14
long_persona,0,39,233,0.5987218991721214,settle,13
long_persona,0,40,233,0.5819257446205153,settle,15
long_persona,0,41,233,0.5964052300223173,settle,16
long_persona,0,42,233,0.4035291285048325,settle,15
long_persona,0,43,233,0.38854642966268016,settle,12
long_persona,0,44,233,0.6210585347980081,settle,16
long_persona,0,45,233,1.6308007853304582,settle,16
long_persona,0,46,233,0.43038734947905766,settle,16
long_persona,0,47,233,0.42503665932468787,settle,15
long_persona,0,48,233,0.44102565641610497,settle,17
long_persona,0,49,233,0.4455156691694009,settle,19
long_persona,0,50,233,0.43811947788014954,settle,19
long_persona,0,51,233,1.4590644647884783,settle,18
long_persona,0,52,233,1.4665816940546312,settle,22
long_persona,0,53,233,0.5801214690097739,settle,16
long_persona,0,54,233,0.6065720400088458,settle,14
long_persona,0,55,233,0.6058301275757406,settle,14
long_persona,0,56,233,0.379902892817893,settle,16
long_persona,0,57,233,0.41802293801407303,settle,18
long_persona,0,58,233,0.48921797688815,settle,15
long_persona,0,59,233,0.41964641881660003,settle,14
long_persona,0,60,233,0.4810491783122056,settle,20
long_persona,0,61,233,0.5147564720997109,settle,13
long_persona,0,62,233,0.5476278643533496,settle,14
long_persona,0,63,233,0.5838018103913865,settle,14
long_persona,0,64,233,0.5066233267989682,settle,14
long_persona,0,65,233,0.5943189744320927,settle,15
long_persona,0,66,233,0.5956429946925561,settle,15
long_persona,0,67,233,0.5731358062524763,settle,16
long_persona,0,68,233,0.6799710807157332,settle,17
long_persona,0,69,233,0.6136385582475343,settle,15
long_persona,0,70,233,0.6671148147719089,settle,16
long_persona,0,71,233,1.5995965344268537,settle,18
long_persona,0,72,233,0.5608543134049503,settle,20
long_persona,0,73,233,0.5997134566053911,settle,20
long_persona,0,74,233,0.5286527880330977,settle,19
long_persona,0,75,233,0.45406126970985466,settle,16
long_persona,0,76,233,0.5968065511540678,settle,18
long_persona,0,77,233,1.5927396691013511,settle,16
long_persona,0,78,233,0.48094268050061806,settle,17
long_persona,0,79,233,1.5816901449366492,settle,14
long_persona,0,80,233,1.5976125575618019,settle,16
long_persona,0,81,233,0.4379008723779003,settle,15
long_persona,0,82,233,0.6119359776609112,settle,15
long_persona,0,83,233,0.5889566485396968,settle,19
long_persona,0,84,233,0.5454478758550544,settle,15
long_persona,0,85,233,0.612819606979215,settle,15
long_persona,0,86,233,0.6157994025930003,settle,14
long_persona,0,87,233,0.6096064617322541,settle,14
long_persona,0,88,233,0.627730713616049,settle,14
long_persona,0,89,233,0.6087743201664152,settle,14
long_persona,0,90,233,0.6355993630060656,settle,15
long_persona,0,91,233,0.6008622986032905,settle,17
long_persona,0,92,233,0.6055751918802834,settle,16
long_persona,0,93,233,0.6296857521867352,settle,14
long_persona,0,94,233,0.6688458101016829,settle,13
long_persona,0,95,233,0.6217978355205896,settle,14
long_persona,0,96,233,0.6239241107647385,settle,14
long_persona,0,97,233,0.6172626571834677,settle,14
long_persona,0,98,233,0.4321900023563796,settle,15
long_persona,0,99,233,0.618410490360732,settle,13
long_persona,0,100,233,0.4003459771116721,settle,14
long_persona,0,101,233,0.44345123521951285,settle,15
long_persona,0,102,233,0.4142296709713531,settle,15
long_persona,0,103,233,0.5968246475268848,settle,14
long_persona,0,104,233,0.6143136418969359,settle,14
long_persona,0,105,233,0.3864958003473487,settle,15
long_persona,0,106,233,0.5496122913912974,settle,14
long_persona,0,107,233,1.5068418672847734,settle,15
long_persona,0,108,233,0.5964476873525731,settle,14
long_persona,0,109,233,0.5924918723292945,settle,14
long_persona,0,110,233,0.5736465048975767,settle,14
long_persona,0,111,233,0.5942972622276769,settle,13
long_persona,0,112,233,1.5046197756907942,settle,16
long_persona,0,113,233,0.6314075018728268,settle,16
long_persona,0,114,233,2.5609793836641725,settle,26
long_persona,0,115,233,0.4062112605532003,settle,16
long_persona,0,116,233,0.5179330032559265,settle,17
long_persona,0,117,233,0.45061041832226967,settle,21
long_persona,0,118,233,2.4800667088558854,settle,16
long_persona,0,119,233,2.464805168819534,settle,21
long_persona,0,120,233,1.4621507991102152,settle,22
long_persona,0,121,233,0.40782308667850664,settle,16
long_persona,0,122,233,1.4800364548096787,settle,16
long_persona,0,123,233,0.6200390288331804,settle,17
long_persona,0,124,233,0.5099003011694176,settle,17
long_persona,0,125,233,0.4935861091878424,settle,16
long_persona,0,126,233,0.4107116827506684,settle,21
long_persona,0,127,233,0.5180990090554027,settle,20
long_persona,0,128,233,1.4805987007091406,settle,20
long_persona,0,129,233,0.4825108967427899,settle,15
long_persona,0,130,233,0.38386599059618315,settle,14
long_persona,0,131,233,0.3986792019760394,settle,16
long_persona,0,132,233,0.6576202973347729,settle,17
long_persona,0,133,233,1.4429424064119063,settle,17
long_persona,0,134,233,1.4484453175912055,settle,17
long_persona,0,135,233,0.4730945383413697,settle,21
long_persona,0,136,233,0.4476722612051108,settle,17
long_persona,0,137,233,0.6206975845515005,settle,14
long_persona,0,138,233,0.6173970054178154,settle,16
long_persona,0,139,233,1.579084348279671,settle,17
long_persona,0,140,233,0.5194701547728902,settle,15
long_persona,0,141,233,0.4503918302718345,settle,16
long_persona,0,142,233,0.49623809611891484,settle,15
long_persona,0,143,233,0.5281572185805404,settle,14
long_persona,0,144,233,0.49850393334448245,settle,16
long_persona,0,145,233,0.4765508118713827,settle,17
long_persona,0,146,233,1.4725843221633714,settle,17
long_persona,0,147,233,0.3977657314720973,settle,16
long_persona,0,148,233,0.4979443967710343,settle,16
long_persona,0,149,233,0.49094766370874554,settle,21
long_persona,0,150,233,0.5629380557888494,settle,17
long_persona,0,151,233,1.4816095342601892,settle,24
long_persona,0,152,233,1.4729147041287485,settle,25
long_persona,0,153,233,1.4890059340428636,settle,22
long_persona,0,154,233,2.525307436250435,settle,22
long_persona,0,155,233,1.5297691919772582,settle,20
long_persona,0,156,233,1.5243919386853189,settle,21
long_persona,0,157,233,0.6178592403808716,settle,17
long_persona,0,158,233,0.6165470198225077,settle,11
long_persona,0,159,233,0.6401993305187466,settle,9
long_persona,0,160,233,0.6118719721766166,settle,10
long_persona,0,161,233,0.6344633210862873,settle,8
long_persona,0,162,233,0.6252420107052457,settle,16
long_persona,0,163,233,0.625872000238589,settle,13
long_persona,0,164,233,0.6148310096694558,settle,13
long_persona,0,165,233,0.6307759702442685,settle,18
long_persona,0,166,233,0.5982231633989642,settle,13
long_persona,0,167,233,0.6152233289981073,settle,13
long_persona,0,168,233,0.6293616924712964,settle,14
long_persona,0,169,233,0.6388696928738979,settle,14
long_persona,0,170,233,0.6232579429483818,settle,13
long_persona,0,171,233,0.6297062135280194,settle,13
long_persona,0,172,233,0.6391030358225397,settle,12
long_persona,0,173,233,0.627524912807002,settle,15
long_persona,0,174,233,0.6356700139199698,settle,15
long_persona,0,175,233,0.6361116004467057,settle,18
long_persona,0,176,233,0.6407873724216997,settle,15
long_persona,0,177,233,0.6104581023817028,settle,22
long_persona,0,178,233,0.6382151817372478,settle,14
long_persona,0,179,233,0.6413707135825103,settle,14
long_persona,0,180,233,0.6331671092092551,settle,22
long_persona,0,181,233,0.6368035891865564,settle,20
long_persona,0,182,233,0.6300732333300308,settle,11
long_persona,0,183,233,0.6204014388008021,settle,13
long_persona,0,184,233,0.6388240013361145,settle,16
long_persona,0,185,233,0.6737220223373311,settle,18
long_persona,0,186,233,0.6401772632066601,settle,17
long_persona,0,187,233,0.6395677441137843,settle,18
long_persona,0,188,233,0.6435915684973376,settle,17
long_persona,0,189,233,0.6501248489430234,settle,17
long_persona,0,190,233,0.5857712438851481,settle,30
long_persona,0,191,233,0.6177150367355214,settle,16
long_persona,0,192,233,0.6205681306532409,settle,17
long_persona,0,193,233,0.6375992882536211,settle,16
long_persona,0,194,233,0.34355639920205544,settle,16
long_persona,0,195,233,0.5963999149560745,settle,17
long_persona,0,196,233,0.6415610982216355,settle,13
long_persona,0,197,233,0.6281587745412665,settle,15
long_persona,0,198,233,0.3679784668036667,settle,14
long_persona,0,199,233,0.6199510543494466,settle,10
long_persona,0,200,233,0.6327296273084683,settle,12
long_persona,0,201,233,0.36904938211651706,settle,12
long_persona,0,202,233,0.6268462195367491,settle,14
long_persona,0,203,233,0.6273569189153401,settle,15
long_persona,0,204,233,0.37640143466920584,settle,15
long_persona,0,205,233,0.6195135379359561,settle,15
long_persona,0,206,233,0.6412878283128669,settle,13
long_persona,0,207,233,0.6281369848256892,settle,13
long_persona,0,208,233,0.6130751005958649,settle,13
long_persona,0,209,233,0.6301524524755941,settle,16
long_persona,0,210,233,0.623019259071836,settle,16
long_persona,0,211,233,0.6553020223993926,settle,14
long_persona,0,212,233,0.6428843282153158,settle,14
long_persona,0,213,233,0.6363958756952155,settle,14
long_persona,0,214,233,0.6275424269346677,settle,15
long_persona,0,215,233,0.6442823925266153,settle,15
long_persona,0,216,233,0.6341790040594051,settle,15
long_persona,0,217,233,0.3685109153535546,settle,16
long_persona,0,218,233,0.6320174017410582,settle,14
long_persona,0,219,233,0.6112036226999081,settle,15
long_persona,0,220,233,0.6354149630924414,settle,16
long_persona,0,221,233,0.617617123720413,settle,15
long_persona,0,222,233,0.6359663741205249,settle,12
long_persona,0,223,233,0.6324002979720437,settle,13
long_persona,0,224,233,0.3774667152489884,settle,15
long_persona,0,225,233,0.6046913192359378,settle,18
long_persona,0,226,233,0.6379474436106335,settle,13
long_persona,0,227,233,0.681926261225199,settle,11
long_persona,0,228,233,0.6685726580689472,settle,10
long_persona,0,229,233,0.7109608943958974,settle,7
long_persona,0,230,233,0.6500935746730814,settle,8
long_persona,0,231,233,0.626260097434468,settle,12
long_persona,0,232,233,0.679813430891777,settle,14
long_persona,1,0,195,4.203305902636883,settle,1
long_persona,1,1,195,2.994794031293732,settle,2
long_persona,1,2,195,0.20822168653477463,settle,3
long_persona,1,3,195,0.5613056353743753,settle,5
long_persona,1,4,195,0.5369043483353086,settle,4
long_persona,1,5,195,0.630426264310555,settle,7
long_persona,1,6,195,0.6141875859675052,settle,7
long_persona,1,7,195,0.6065997259375805,settle,7
long_persona,1,8,195,0.6088208888174591,settle,11
long_persona,1,9,195,0.6248612369643242,settle,11
long_persona,1,10,195,0.6277968854220627,settle,13
long_persona,1,11,195,0.6093247566074297,settle,12
long_persona,1,12,195,0.6395345504024058,settle,11
long_persona,1,13,195,0.6152200980350195,settle,10
long_persona,1,14,195,0.583218172252553,settle,11
long_persona,1,15,195,0.6049910681622882,settle,11
long_persona,1,16,195,0.5989576223511243,settle,11
long_persona,1,17,195,0.603643965246577,settle,12
long_persona,1,18,195,0.62676870551264,settle,11
long_persona,1,19,195,0.6004957977200175,settle,11
long_persona,1,20,195,0.5997893136952348,settle,10
long_persona,1,21,195,0.6157341561143437,settle,12
long_persona,1,22,195,0.6174280082856578,settle,13
long_persona,1,23,195,0.6010747458793463,settle,11
long_persona,1,24,195,0.6077866242429252,settle,12
long_persona,1,25,195,0.6056082468978006,settle,12
long_persona,1,26,195,0.6827631508235038,settle,27
long_persona,1,27,195,0.6199940863965919,settle,14
long_persona,1,28,195,0.4357345431579861,settle,17
long_persona,1,29,195,0.6200147751029873,settle,13
long_persona,1,30,195,1.5936076804405572,settle,14
long_persona,1,31,195,0.6338472267732801,settle,16
long_persona,1,32,195,0.6058197704274811,settle,11
long_persona,1,33,195,0.6065496975952746,settle,11
long_persona,1,34,195,0.6068951845231615,settle,12
long_persona,1,35,195,0.6106227613177234,settle,12
long_persona,1,36,195,0.6077101187785435,settle,12
long_persona,1,37,195,0.3934434357094089,settle,13
long_persona,1,38,195,0.6005531899974786,settle,14
long_persona,1,39,195,0.5709564406417805,settle,13
long_persona,1,40,195,0.5951581499446182,settle,16
long_persona,1,41,195,0.5981323886324599,settle,15
long_persona,1,42,195,0.6241067691922132,settle,15
long_persona,1,43,195,0.38196778603416126,settle,12
long_persona,1,44,195,0.6323686520222804,settle,15
long_persona,1,45,195,1.6438117976030002,settle,16
long_persona,1,46,195,0.418285320784013,settle,15
long_persona,1,47,195,0.45978979360047467,settle,15
long_persona,1,48,195,0.41890265246109787,settle,16
long_persona,1,49,195,0.48472311826378534,settle,17
long_persona,1,50,195,0.5175355960074549,settle,16
long_persona,1,51,195,1.4928520407994734,settle,16
long_persona,1,52,195,1.4808631275625956,settle,21
long_persona,1,53,195,0.6175007141092403,settle,15
long_persona,1,54,195,0.6124826103267836,settle,14
long_persona,1,55,195,0.6084274877557415,settle,14
long_persona,1,56,195,0.385842572900416,settle,17
long_persona,1,57,195,0.4306979808843577,settle,16
long_persona,1,58,195,0.5413811409179998,settle,15
long_persona,1,59,195,0.46346791693118466,settle,14
long_persona,1,60,195,0.5851542218233757,settle,17
long_persona,1,61,195,0.569624975813946,settle,13
long_persona,1,62,195,0.5899887946963713,settle,14
long_persona,1,63,195,0.581682611791282,settle,14
long_persona,1,64,195,0.5452476008927408,settle,14
long_persona,1,65,195,0.5815361827520688,settle,14
long_persona,1,66,195,0.5981945443788189,settle,15
long_persona,1,67,195,0.5908471110728467,settle,15
long_persona,1,68,195,0.6918982590626274,settle,16
long_persona,1,69,195,0.6299030503587668,settle,15
long_persona,1,70,195,0.6610729336187013,settle,16
long_persona,1,71,195,0.5854409748951321,settle,17
long_persona,1,72,195,0.5707337383089925,settle,17
long_persona,1,73,195,0.6040429853587231,settle,19
long_persona,1,74,195,0.5460426140036968,settle,16
long_persona,1,75,195,0.4744686265797502,settle,16
long_persona,1,76,195,0.5966403783016251,settle,17
long_persona,1,77,195,1.599060954234927,settle,15
long_persona,1,78,195,0.4832383858984651,settle,19
long_persona,1,79,195,0.5585462668959459,settle,14
long_persona,1,80,195,1.5928392643466147,settle,15
long_persona,1,81,195,0.46478422856385393,settle,14
long_persona,1,82,195,0.6132650713433668,settle,15
long_persona,1,83,195,0.6046690209220327,settle,18
long_persona,1,84,195,0.570723255388464,settle,15
long_persona,1,85,195,0.6069434565676882,settle,15
long_persona,1,86,195,0.6157338930019035,settle,15
long_persona,1,87,195,0.6097872916528803,settle,14
long_persona,1,88,195,0.6280647581966589,settle,14
long_persona,1,89,195,0.6126426329633652,settle,14
long_persona,1,90,195,0.628041794826086,settle,16
long_persona,1,91,195,0.6031754513175288,settle,17
long_persona,1,92,195,0.6075466821718394,settle,16
long_persona,1,93,195,0.6351648397030238,settle,14
long_persona,1,94,195,0.6606304931880347,settle,13
long_persona,1,95,195,0.6221109178810559,settle,14
long_persona,1,96,195,0.6236584882316832,settle,14
long_persona,1,97,195,0.6193913250838528,settle,14
long_persona,1,98,195,0.4339849534941969,settle,15
long_persona,1,99,195,0.6201316396256766,settle,13
long_persona,1,100,195,0.6114065378362685,settle,13
long_persona,1,101,195,0.4759600582232091,settle,15
long_persona,1,102,195,0.6082043768351141,settle,15
long_persona,1,103,195,0.5968779488077389,settle,14
long_persona,1,104,195,0.6161125123425973,settle,14
long_persona,1,105,195,0.3892334361687581,settle,14
long_persona,1,106,195,0.5913203981294624,settle,13
long_persona,1,107,195,0.5226975057838007,settle,14
long_persona,1,108,195,0.5918797460068269,settle,13
long_persona,1,109,195,0.6035030097492301,settle,13
long_persona,1,110,195,0.5922806720029311,settle,14
long_persona,1,111,195,0.6042190249734705,settle,13
long_persona,1,112,195,1.5661445830520613,settle,15
long_persona,1,113,195,0.6376183813788638,settle,15
long_persona,1,114,195,1.5793671730020262,settle,26
long_persona,1,115,195,0.5991989222162999,settle,14
long_persona,1,116,195,0.5778667740150836,settle,14
long_persona,1,117,195,0.4720411923889513,settle,17
long_persona,1,118,195,0.5374765238164199,settle,15
long_persona,1,119,195,1.4737993322490688,settle,17
long_persona,1,120,195,0.565594909330605,settle,16
long_persona,1,121,195,0.4184537655330355,settle,14
long_persona,1,122,195,1.499242023254337,settle,15
long_persona,1,123,195,0.6231056201661537,settle,16
long_persona,1,124,195,0.560891592713187,settle,17
long_persona,1,125,195,0.5660306004003037,settle,16
long_persona,1,126,195,0.5823861057904615,settle,18
long_persona,1,127,195,0.5723435103748968,settle,17
long_persona,1,128,195,0.5062128794633552,settle,17
long_persona,1,129,195,0.4853540676958842,settle,14
long_persona,1,130,195,0.38547820625698487,settle,14
long_persona,1,131,195,0.38787524334464374,settle,15
long_persona,1,132,195,0.6571362712957249,settle,16
long_persona,1,133,195,0.41322766338310046,settle,16
long_persona,1,134,195,0.4547527212690147,settle,17
long_persona,1,135,195,0.47251430859756377,settle,17
long_persona,1,136,195,0.4628434934369363,settle,15
long_persona,1,137,195,0.632011309136449,settle,14
long_persona,1,138,195,0.6242026842419982,settle,16
long_persona,1,139,195,1.5866233647708239,settle,16
long_persona,1,140,195,0.5607234644850072,settle,14
long_persona,1,141,195,0.49051657640810264,settle,15
long_persona,1,142,195,0.5120839308894612,settle,14
long_persona,1,143,195,0.5446161006027975,settle,12
long_persona,1,144,195,0.5122676260010415,settle,14
long_persona,1,145,195,0.489105072799594,settle,16
long_persona,1,146,195,0.452961767897797,settle,16
long_persona,1,147,195,0.3989551377709743,settle,15
long_persona,1,148,195,0.5286584525774665,settle,15
long_persona,1,149,195,0.5016504693937831,settle,17
long_persona,1,150,195,0.5612140705099904,settle,16
long_persona,1,151,195,0.4938283715639307,settle,21
long_persona,1,152,195,1.490788446181562,settle,22
long_persona,1,153,195,1.5138338941815368,settle,18
long_persona,1,154,195,2.541134778126056,settle,21
long_persona,1,155,195,0.5387140693410083,settle,17
long_persona,1,156,195,0.567684212189802,settle,17
long_persona,1,157,195,0.6271473318509542,settle,16
long_persona,1,158,195,0.618507212095995,settle,11
long_persona,1,159,195,0.6445773199401088,settle,9
long_persona,1,160,195,0.6162734950170182,settle,9
long_persona,1,161,195,0.6255355970509994,settle,8
long_persona,1,162,195,0.6291519500553351,settle,16
long_persona,1,163,195,0.6133591169012944,settle,14
long_persona,1,164,195,0.6195132752653261,settle,11
long_persona,1,165,195,0.608951998748932,settle,15
long_persona,1,166,195,0.6000111593403672,settle,14
long_persona,1,167,195,0.6143835046836418,settle,15
long_persona,1,168,195,0.6128249236116075,settle,14
long_persona,1,169,195,0.6397538694398214,settle,13
long_persona,1,170,195,0.6665667195262451,settle,12
long_persona,1,171,195,0.6358960183017728,settle,14
long_persona,1,172,195,0.6250707858087361,settle,14
long_persona,1,173,195,0.37978784548011807,settle,13
long_persona,1,174,195,0.37193240623728935,settle,13
long_persona,1,175,195,0.635584420387555,settle,15
long_persona,1,176,195,0.6327230854304063,settle,14
long_persona,1,177,195,0.385137957267293,settle,15
long_persona,1,178,195,0.6539813312625218,settle,15
long_persona,1,179,195,0.35938719014193904,settle,15
long_persona,1,180,195,0.6182446954566386,settle,13
long_persona,1,181,195,0.6172653099963961,settle,13
long_persona,1,182,195,0.6337996906233135,settle,13
long_persona,1,183,195,0.6412047244455892,settle,13
long_persona,1,184,195,0.6448635052474643,settle,15
long_persona,1,185,195,0.5187264091503478,settle,17
long_persona,1,186,195,0.380145079794565,settle,14
long_persona,1,187,195,0.37763830344622573,settle,15
long_persona,1,188,195,0.648604745595036,settle,15
long_persona,1,189,195,0.6683608484234622,settle,13
long_persona,1,190,195,0.6574161250497393,settle,12
long_persona,1,191,195,0.6683691941466343,settle,7
long_persona,1,192,195,0.6257937837862825,settle,8
long_persona,1,193,195,0.6100067600010286,settle,14
long_persona,1,194,195,0.6166155156062697,settle,15
long_persona,2,0,224,0.8516257392953538,settle,2
long_persona,2,1,224,1.1177588545276005,settle,1
long_persona,2,2,224,4.515017025728299,settle,3
long_persona,2,3,224,0.6023715942839857,settle,4
long_persona,2,4,224,0.5973043803282448,settle,4
long_persona,2,5,224,0.6358011213822723,settle,7
long_persona,2,6,224,0.6021679699621815,settle,7
long_persona,2,7,224,0.6055419311668923,settle,7
long_persona,2,8,224,0.6081550877210858,settle,11
long_persona,2,9,224,0.6384216866392001,settle,11
long_persona,2,10,224,0.6373651102452683,settle,12
long_persona,2,11,224,0.6100533683397914,settle,11
long_persona,2,12,224,0.6488501366991997,settle,11
long_persona,2,13,224,0.6100607640073827,settle,10
long_persona,2,14,224,0.5894433695301682,settle,11
long_persona,2,15,224,0.6077548252821215,settle,10
long_persona,2,16,224,0.6102365765816608,settle,10
long_persona,2,17,224,0.6080947758441332,settle,10
long_persona,2,18,224,0.6210144758536279,settle,11
long_persona,2,19,224,0.6018680634135356,settle,10
long_persona,2,20,224,0.6062549264422251,settle,10
long_persona,2,21,224,0.38745017911497415,settle,13
long_persona,2,22,224,0.6203117438824357,settle,12
long_persona,2,23,224,0.5933013795534944,settle,11
long_persona,2,24,224,0.6105297935402886,settle,12
long_persona,2,25,224,0.6051035253486489,settle,12
long_persona,2,26,224,0.6854862123912767,settle,27
long_persona,2,27,224,0.6234763230450957,settle,14
long_persona,2,28,224,0.47686713455460766,settle,18
long_persona,2,29,224,0.6140448538141938,settle,14
long_persona,2,30,224,1.5924190416726771,settle,15
long_persona,2,31,224,0.6280269646179063,settle,16
long_persona,2,32,224,0.6008176333942672,settle,11
long_persona,2,33,224,0.5992346666484023,settle,11
long_persona,2,34,224,0.6107918130941936,settle,12
long_persona,2,35,224,0.6175801384349541,settle,11
long_persona,2,36,224,0.6154934668323475,settle,12
long_persona,2,37,224,0.4013699174782332,settle,13
long_persona,2,38,224,0.603305715827466,settle,14
long_persona,2,39,224,0.5987218767641949,settle,13
long_persona,2,40,224,0.5819259144272937,settle,15
long_persona,2,41,224,0.5964053853705401,settle,16
long_persona,2,42,224,0.4035291997702039,settle,15
long_persona,2,43,224,0.388546397325394,settle,12
long_persona,2,44,224,0.6210585680522382,settle,16
long_persona,2,45,224,1.6308006461422664,settle,16
long_persona,2,46,224,0.4303873231425748,settle,16
long_persona,2,47,224,0.42503673254020413,settle,15
long_persona,2,48,224,0.44102564673223826,settle,17
long_persona,2,49,224,0.44551579164267635,settle,19
long_persona,2,50,224,0.43811937217490404,settle,19
long_persona,2,51,224,1.459064482087543,settle,18
long_persona,2,52,224,1.4665816986893672,settle,22
long_persona,2,53,224,0.5801219275412335,settle,16
long_persona,2,54,224,0.6065721353689703,settle,14
long_persona,2,55,224,0.6058301485117639,settle,14
long_persona,2,56,224,0.37990294874883257,settle,16
long_persona,2,57,224,0.41802290061086483,settle,18
long_persona,2,58,224,0.48921799847215947,settle,15
long_persona,2,59,224,0.4196464565946258,settle,14
long_persona,2,60,224,0.4810493293768369,settle,20
long_persona,2,61,224,0.5147566879460284,settle,13
long_persona,2,62,224,0.5476278399284153,settle,14
long_persona,2,63,224,0.583801858658895,settle,14
long_persona,2,64,224,0.5066233504120788,settle,14
long_persona,2,65,224,0.5943189472208346,settle,15
long_persona,2,66,224,0.5956430093556422,settle,15
long_persona,2,67,224,0.573135836328571,settle,16
long_persona,2,68,224,0.679971185550786,settle,17
long_persona,2,69,224,0.61363857400128,settle,15
long_persona,2,70,224,0.6671148582723758,settle,16
long_persona,2,71,224,1.5995963187614286,settle,18
long_persona,2,72,224,0.5608543286822566,settle,20
long_persona,2,73,224,0.5997134659337937,settle,20
long_persona,2,74,224,0.5286527426911538,settle,19
long_persona,2,75,224,0.45405925840355554,settle,16
long_persona,2,76,224,0.5968065803477438,settle,18
long_persona,2,77,224,1.5927394775793595,settle,16
long_persona,2,78,224,0.48094265379206386,settle,17
long_persona,2,79,224,1.5816901375202719,settle,14
long_persona,2,80,224,1.5976125642879049,settle,16
long_persona,2,81,224,0.43790077340494654,settle,15
long_persona,2,82,224,0.61193601403135,settle,15
long_persona,2,83,224,0.5889565896205419,settle,19
long_persona,2,84,224,0.5454476321457468,settle,15
long_persona,2,85,224,0.6128195773181518,settle,15
long_persona,2,86,224,0.6157994704731031,settle,14
long_persona,2,87,224,0.6096064885128688,settle,14
long_persona,2,88,224,0.6277305672271379,settle,14
long_persona,2,89,224,0.6087743519352593,settle,14
long_persona,2,90,224,0.6355993522110933,settle,15
long_persona,2,91,224,0.600862253120736,settle,17
long_persona,2,92,224,0.6055751890386898,settle,16
long_persona,2,93,224,0.6296858815490216,settle,14
long_persona,2,94,224,0.6688458967566959,settle,13
long_persona,2,95,224,0.621797861797075,settle,14
long_persona,2,96,224,0.6239240386671234,settle,14
long_persona,2,97,224,0.6172626120948955,settle,14
long_persona,2,98,224,0.4321899698803827,settle,15
long_persona,2,99,224,0.6184105329366637,settle,13
long_persona,2,100,224,0.4003459490266057,settle,14
long_persona,2,101,224,0.44345115018604137,settle,15
long_persona,2,102,224,0.4142297113227127,settle,15
long_persona,2,103,224,0.5968247275471209,settle,14
long_persona,2,104,224,0.6143136863301037,settle,14
long_persona,2,105,224,0.38649588896878967,settle,15
long_persona,2,106,224,0.5496123461595163,settle,14
long_persona,2,107,224,1.506841761529826,settle,15
long_persona,2,108,224,0.5964480570046967,settle,14
long_persona,2,109,224,0.5924920094705691,settle,14
long_persona,2,110,224,0.5736464593553566,settle,14
long_persona,2,111,224,0.5942972906187238,settle,13
long_persona,2,112,224,1.5046199985311137,settle,16
long_persona,2,113,224,0.6314075201839086,settle,16
long_persona,2,114,224,2.560979381187781,settle,26
long_persona,2,115,224,0.4062113132100667,settle,16
long_persona,2,116,224,0.5179331160901205,settle,17
long_persona,2,117,224,0.4506103684521996,settle,21
long_persona,2,118,224,2.4800667243193573,settle,16
long_persona,2,119,224,2.464805194609029,settle,21
long_persona,2,120,224,1.4621509396461128,settle,22
long_persona,2,121,224,0.40782311254518583,settle,16
long_persona,2,122,224,1.480036452700155,settle,16
long_persona,2,123,224,0.6200390352495465,settle,17
long_persona,2,124,224,0.5098991206095834,settle,17
long_persona,2,125,224,0.4935849353481148,settle,16
long_persona,2,126,224,0.4107116772879366,settle,21
long_persona,2,127,224,0.5180987561270184,settle,20
long_persona,2,128,224,1.4805987312085076,settle,20
long_persona,2,129,224,0.482510903847047,settle,15
long_persona,2,130,224,0.38386597670226436,settle,14
long_persona,2,131,224,0.3986791094591082,settle,16
long_persona,2,132,224,0.6576204128205025,settle,17
long_persona,2,133,224,1.4429426098850455,settle,17
long_persona,2,134,224,1.4484453030555033,settle,17
long_persona,2,135,224,0.4730944782654859,settle,21
long_persona,2,136,224,0.4476722170963248,settle,17
long_persona,2,137,224,0.620697582119696,settle,14
long_persona,2,138,224,0.6173969912299341,settle,16
long_persona,2,139,224,1.579084242464799,settle,17
long_persona,2,140,224,0.5194701594757114,settle,15
long_persona,2,141,224,0.45039187520512136,settle,16
long_persona,2,142,224,0.49623806506542995,settle,15
long_persona,2,143,224,0.5281572260638396,settle,14
long_persona,2,144,224,0.4985039158624779,settle,16
long_persona,2,145,224,0.4765507668541219,settle,17
long_persona,2,146,224,1.472584354950062,settle,17
long_persona,2,147,224,0.39776570350663804,settle,16
long_persona,2,148,224,0.49794456980062163,settle,16
long_persona,2,149,224,0.49094768217771173,settle,21
long_persona,2,150,224,0.5629380731866169,settle,17
long_persona,2,151,224,1.4816095285880546,settle,24
long_persona,2,152,224,1.472914620804702,settle,25
long_persona,2,153,224,1.48900590541211,settle,22
long_persona,2,154,224,2.5253074002555733,settle,22
long_persona,2,155,224,1.5297692316633518,settle,20
long_persona,2,156,224,1.5243919088393492,settle,21
long_persona,2,157,224,0.6178592816296777,settle,17
long_persona,2,158,224,0.6165469697702372,settle,11
long_persona,2,159,224,0.6401993841695467,settle,9
long_persona,2,160,224,0.6118719518471286,settle,10
long_persona,2,161,224,0.6344633356782746,settle,8
long_persona,2,162,224,0.6252420666018618,settle,16
long_persona,2,163,224,0.617471883534237,settle,14
long_persona,2,164,224,0.6687744811634985,settle,13
long_persona,2,165,224,0.6192250428532126,settle,13
long_persona,2,166,224,0.5381812923546508,settle,15
long_persona,2,167,224,0.6016151772858455,settle,12
long_persona,2,168,224,0.6313541308378487,settle,11
long_persona,2,169,224,0.6231063486397603,settle,12
long_persona,2,170,224,0.6232205785225803,settle,12
long_persona,2,171,224,0.6116616272781612,settle,15
long_persona,2,172,224,0.6021143537395899,settle,16
long_persona,2,173,224,0.5995955711122424,settle,16
long_persona,2,174,224,0.5949395424180945,settle,17
long_persona,2,175,224,0.6188865411677404,settle,15
long_persona,2,176,224,0.6207166085089224,settle,18
long_persona,2,177,224,0.6226651042694187,settle,15
long_persona,2,178,224,0.6254024792816539,settle,14
long_persona,2,179,224,0.624291647803835,settle,15
long_persona,2,180,224,0.610448638804363,settle,15
long_persona,2,181,224,0.6152718724371145,settle,14
long_persona,2,182,224,0.6184269411613948,settle,14
long_persona,2,183,224,0.610955034834647,settle,17
long_persona,2,184,224,0.6327379873861698,settle,16
long_persona,2,185,224,0.6188412510206018,settle,16
long_persona,2,186,224,0.6426824806777155,settle,15
long_persona,2,187,224,0.6694702731811777,settle,17
long_persona,2,188,224,0.6508437348123608,settle,19
long_persona,2,189,224,0.6445894489414524,settle,18
long_persona,2,190,224,0.64794063769718,settle,17
long_persona,2,191,224,0.6444761423467797,settle,16
long_persona,2,192,224,0.6404855855182772,settle,15
long_persona,2,193,224,0.6173834517562051,settle,16
long_persona,2,194,224,0.6726732939534853,settle,16
long_persona,2,195,224,0.6364418771757009,settle,16
long_persona,2,196,224,0.6077281823434006,settle,17
long_persona,2,197,224,0.5949651123377795,settle,18
long_persona,2,198,224,0.6059041454024957,settle,16
long_persona,2,199,224,0.5937746095152099,settle,16
long_persona,2,200,224,0.6126800259841513,settle,18
long_persona,2,201,224,0.5470352088020971,settle,16
long_persona,2,202,224,0.6161778098017255,settle,17
long_persona,2,203,224,0.6227721458193669,settle,16
long_persona,2,204,224,0.6081402927267647,settle,16
long_persona,2,205,224,0.6222081015816461,settle,17
long_persona,2,206,224,0.6180289186003002,settle,19
long_persona,2,207,224,0.6239836114010316,settle,18
long_persona,2,208,224,0.6769506514929453,settle,20
long_persona,2,209,224,0.5935003345481603,settle,17
long_persona,2,210,224,0.5908969540675588,settle,17
long_persona,2,211,224,0.615772372439492,settle,17
long_persona,2,212,224,0.6264141731456352,settle,17
long_persona,2,213,224,0.6227475079813829,settle,17
long_persona,2,214,224,0.607345284474046,settle,16
long_persona,2,215,224,0.6341171241066555,settle,18
long_persona,2,216,224,0.593725108243811,settle,19
long_persona,2,217,224,0.639289162088516,settle,14
long_persona,2,218,224,0.6570882475389576,settle,12
long_persona,2,219,224,0.6586876005084451,settle,11
long_persona,2,220,224,0.6871579536200124,settle,7
long_persona,2,221,224,0.6562858121869152,settle,8
long_persona,2,222,224,0.60825714738504,settle,14
long_persona,2,223,224,0.605448438471323,settle,14
long_persona,3,0,200,4.203017842079646,settle,1
long_persona,3,1,200,2.994866381913522,settle,2
long_persona,3,2,200,0.20883884313323892,settle,3
long_persona,3,3,200,0.5613056363151284,settle,5
long_persona,3,4,200,0.5369041951315912,settle,4
long_persona,3,5,200,0.6304262393129655,settle,7
long_persona,3,6,200,0.6141876138090177,settle,7
long_persona,3,7,200,0.6065997121112779,settle,7
long_persona,3,8,200,0.6088209775545892,settle,11
long_persona,3,9,200,0.6248611964670475,settle,11
long_persona,3,10,200,0.627796874578702,settle,13
long_persona,3,11,200,0.6093247055567853,settle,12
long_persona,3,12,200,0.639534583015505,settle,11
long_persona,3,13,200,0.615220088356652,settle,10
long_persona,3,14,200,0.5832181429067679,settle,11
long_persona,3,15,200,0.604991116016282,settle,11
long_persona,3,16,200,0.5989576162596534,settle,11
long_persona,3,17,200,0.6036440001635346,settle,12
long_persona,3,18,200,0.6267686869592421,settle,11
long_persona,3,19,200,0.6004957615118113,settle,11
long_persona,3,20,200,0.5997893490245346,settle,10
long_persona,3,21,200,0.6157342139573082,settle,12
long_persona,3,22,200,0.6174279138447245,settle,13
long_persona,3,23,200,0.6010747450493997,settle,11
long_persona,3,24,200,0.6077866328777481,settle,12
long_persona,3,25,200,0.605608323272192,settle,12
long_persona,3,26,200,0.6827632117098188,settle,27
long_persona,3,27,200,0.6199941108058573,settle,14
long_persona,3,28,200,0.4357344839649897,settle,17
long_persona,3,29,200,0.6200147186380265,settle,13
long_persona,3,30,200,1.5936076496914584,settle,14
long_persona,3,31,200,0.6338473577867642,settle,16
long_persona,3,32,200,0.6058197063217826,settle,11
long_persona,3,33,200,0.6065497138178693,settle,11
long_persona,3,34,200,0.6068952306067047,settle,12
long_persona,3,35,200,0.6106227086105669,settle,12
long_persona,3,36,200,0.6077101121779062,settle,12
long_persona,3,37,200,0.39344349114934163,settle,13
long_persona,3,38,200,0.6005531428245224,settle,14
long_persona,3,39,200,0.5709564700077999,settle,13
long_persona,3,40,200,0.595158096702837,settle,16
long_persona,3,41,200,0.5981323105092279,settle,15
long_persona,3,42,200,0.6241067945166814,settle,15
long_persona,3,43,200,0.38196778734542464,settle,12
long_persona,3,44,200,0.6323685464842936,settle,15
long_persona,3,45,200,1.6438118215064683,settle,16
long_persona,3,46,200,0.418285355469661,settle,15
long_persona,3,47,200,0.45978979908501366,settle,15
long_persona,3,48,200,0.4189032992512787,settle,16
long_persona,3,49,200,0.48472330618949233,settle,17
long_persona,3,50,200,0.5175354467334415,settle,16
long_persona,3,51,200,1.4928520685048217,settle,16
long_persona,3,52,200,1.4808631642908985,settle,21
long_persona,3,53,200,0.6175006358818086,settle,15
long_persona,3,54,200,0.6124825995843975,settle,14
long_persona,3,55,200,0.608427454963824,settle,14
long_persona,3,56,200,0.3858424937481515,settle,17
long_persona,3,57,200,0.43069802001538615,settle,16
long_persona,3,58,200,0.54138111506759,settle,15
long_persona,3,59,200,0.46346771874395837,settle,14
long_persona,3,60,200,0.5851542460775719,settle,17
long_persona,3,61,200,0.5696250031426526,settle,13
long_persona,3,62,200,0.5899887368767742,settle,14
long_persona,3,63,200,0.5816827566537031,settle,14
long_persona,3,64,200,0.5452476363013475,settle,14
long_persona,3,65,200,0.5815362408919412,settle,14
long_persona,3,66,200,0.598194548254087,settle,15
long_persona,3,67,200,0.5908471464369819,settle,15
long_persona,3,68,200,0.6918981921760534,settle,16
long_persona,3,69,200,0.6299031275063783,settle,15
long_persona,3,70,200,0.6610727999238747,settle,16
long_persona,3,71,200,0.5854409961088359,settle,17
long_persona,3,72,200,0.5707337955302405,settle,17
long_persona,3,73,200,0.6040430313891495,settle,19
long_persona,3,74,200,0.5460426601876459,settle,16
long_persona,3,75,200,0.4744685435797339,settle,16
long_persona,3,76,200,0.5966405503717626,settle,17
long_persona,3,77,200,1.599060806273773,settle,15
long_persona,3,78,200,0.4832384664065071,settle,19
long_persona,3,79,200,0.5585462926593909,settle,14
long_persona,3,80,200,1.5928392807330773,settle,15
long_persona,3,81,200,0.46478380473990644,settle,14
long_persona,3,82,200,0.6132650725179307,settle,15
long_persona,3,83,200,0.6046689366305857,settle,18
long_persona,3,84,200,0.5707238006691546,settle,15
long_persona,3,85,200,0.606943484520254,settle,15
long_persona,3,86,200,0.6157337911381131,settle,15
long_persona,3,87,200,0.6097872912345316,settle,14
long_persona,3,88,200,0.6280647768582682,settle,14
long_persona,3,89,200,0.6126425836875823,settle,14
long_persona,3,90,200,0.6280416988090133,settle,16
long_persona,3,91,200,0.6031755667941561,settle,17
long_persona,3,92,200,0.6075467103878502,settle,16
long_persona,3,93,200,0.6351648333477063,settle,14
long_persona,3,94,200,0.6606305144418405,settle,13
long_persona,3,95,200,0.6221109296780623,settle,14
long_persona,3,96,200,0.6236584639369612,settle,14
long_persona,3,97,200,0.6193913244479625,settle,14
long_persona,3,98,200,0.43398498493736565,settle,15
long_persona,3,99,200,0.6201316160881951,settle,13
long_persona,3,100,200,0.6114066163950004,settle,13
long_persona,3,101,200,0.47596005278620823,settle,15
long_persona,3,102,200,0.6082043026733894,settle,15
long_persona,3,103,200,0.5968779401686294,settle,14
long_persona,3,104,200,0.616112649263663,settle,14
long_persona,3,105,200,0.3892333003247079,settle,14
long_persona,3,106,200,0.5913203759079456,settle,13
long_persona,3,107,200,0.5226975253116992,settle,14
long_persona,3,108,200,0.5918797748135187,settle,13
long_persona,3,109,200,0.6035030640757368,settle,13
long_persona,3,110,200,0.5922806514093277,settle,14
long_persona,3,111,200,0.604219039186727,settle,13
long_persona,3,112,200,1.5661446016700653,settle,15
long_persona,3,113,200,0.6376184843974725,settle,15
long_persona,3,114,200,1.5793671016966366,settle,26
long_persona,3,115,200,0.5991989462821977,settle,14
long_persona,3,116,200,0.5778667840627142,settle,14
long_persona,3,117,200,0.4720410796512474,settle,17
long_persona,3,118,200,0.5374766047791103,settle,15
long_persona,3,119,200,1.4737993320209113,settle,17
long_persona,3,120,200,0.5655944524804561,settle,16
long_persona,3,121,200,0.4184541198840672,settle,14
long_persona,3,122,200,1.4992420000052635,settle,15
long_persona,3,123,200,0.6231057462655955,settle,16
long_persona,3,124,200,0.5608913149597081,settle,17
long_persona,3,125,200,0.5660306005441732,settle,16
long_persona,3,126,200,0.5823860907309457,settle,18
long_persona,3,127,200,0.5723436908059644,settle,17
long_persona,3,128,200,0.5062128845494741,settle,17
long_persona,3,129,200,0.48535424709735564,settle,14
long_persona,3,130,200,0.38547823684919225,settle,14
long_persona,3,131,200,0.38787533747320363,settle,15
long_persona,3,132,200,0.6571363040665309,settle,16
long_persona,3,133,200,0.4132296823532207,settle,16
long_persona,3,134,200,0.45475273050114196,settle,17
long_persona,3,135,200,0.4725144836113526,settle,17
long_persona,3,136,200,0.462843773287533,settle,15
long_persona,3,137,200,0.6320112909715103,settle,14
long_persona,3,138,200,0.6242027245431564,settle,16
long_persona,3,139,200,1.586623334081741,settle,16
long_persona,3,140,200,0.5607234955987728,settle,14
long_persona,3,141,200,0.49051657976285057,settle,15
long_persona,3,142,200,0.5120839702149126,settle,14
long_persona,3,143,200,0.5446160924977382,settle,12
long_persona,3,144,200,0.5122677028364921,settle,14
long_persona,3,145,200,0.4891050813107116,settle,16
long_persona,3,146,200,0.4529618397656797,settle,16
long_persona,3,147,200,0.3989552837244821,settle,15
long_persona,3,148,200,0.5286584224598458,settle,15
long_persona,3,149,200,0.5016505063370393,settle,17
long_persona,3,150,200,0.561214006778315,settle,16
long_persona,3,151,200,0.4938285042544679,settle,21
long_persona,3,152,200,1.4907884455665157,settle,22
long_persona,3,153,200,1.5138338624825731,settle,18
long_persona,3,154,200,2.5411347352748948,settle,21
long_persona,3,155,200,0.5387140331891797,settle,17
long_persona,3,156,200,0.567684129729524,settle,17
long_persona,3,157,200,0.6271472611329791,settle,16
long_persona,3,158,200,0.618507227841123,settle,11
long_persona,3,159,200,0.6445773758023872,settle,9
long_persona,3,160,200,0.6162733343340635,settle,9
long_persona,3,161,200,0.6255356372103059,settle,8
long_persona,3,162,200,0.6291519370795992,settle,16
long_persona,3,163,200,0.6206043920873616,settle,14
long_persona,3,164,200,0.6367464665423058,settle,12
long_persona,3,165,200,0.4435807307045235,settle,15
long_persona,3,166,200,0.6568733701717867,settle,12
long_persona,3,167,200,0.6353275626840362,settle,13
long_persona,3,168,200,0.6140017024293095,settle,11
long_persona,3,169,200,0.6243239368368217,settle,13
long_persona,3,170,200,0.6119001127533396,settle,13
long_persona,3,171,200,0.6271547234904837,settle,12
long_persona,3,172,200,0.6073682614223027,settle,12
long_persona,3,173,200,0.6058155660818155,settle,12
long_persona,3,174,200,0.6047996750933944,settle,14
long_persona,3,175,200,0.6106642583864993,settle,14
long_persona,3,176,200,0.6177561949838531,settle,13
long_persona,3,177,200,0.6198422312028128,settle,13
long_persona,3,178,200,0.6204566610695912,settle,13
long_persona,3,179,200,0.6314114634032905,settle,13
long_persona,3,180,200,0.6282357926596991,settle,16
long_persona,3,181,200,0.609729631286667,settle,16
long_persona,3,182,200,0.5978113205097091,settle,15
long_persona,3,183,200,0.6047114359667405,settle,15
long_persona,3,184,200,0.6298375480206619,settle,15
long_persona,3,185,200,0.6386476706311935,settle,14
long_persona,3,186,200,0.6322685310601098,settle,16
long_persona,3,187,200,0.6223192041329031,settle,15
long_persona,3,188,200,0.6412177834470404,settle,17
long_persona,3,189,200,0.3809891678196816,settle,15
long_persona,3,190,200,0.3686978252683884,settle,18
long_persona,3,191,200,0.6420973873057501,settle,16
long_persona,3,192,200,0.6126669454661814,settle,16
long_persona,3,193,200,0.6341073181703213,settle,14
long_persona,3,194,200,0.6443600096129555,settle,13
long_persona,3,195,200,0.635060543771561,settle,11
long_persona,3,196,200,0.6529457490451149,settle,8
long_persona,3,197,200,1.628396701085915,settle,9
long_persona,3,198,200,0.6039939991348556,settle,14
long_persona,3,199,200,0.6103168071316277,settle,14
long_persona,4,0,274,0.16410773840900197,settle,2
long_persona,4,1,274,2.029518060095236,settle,1
long_persona,4,2,274,2.239654285379073,settle,3
long_persona,4,3,274,0.5784603335900885,settle,4
long_persona,4,4,274,0.5612913535275404,settle,4
long_persona,4,5,274,0.6284900446545406,settle,7
long_persona,4,6,274,0.6138988181340573,settle,7
long_persona,4,7,274,0.6066606752723008,settle,7
long_persona,4,8,274,0.6059482502296845,settle,12
long_persona,4,9,274,0.6231375808586089,settle,12
long_persona,4,10,274,0.6159308604990024,settle,12
long_persona,4,11,274,0.607121084098539,settle,11
long_persona,4,12,274,0.6391296003586168,settle,11
long_persona,4,13,274,0.6106886416022662,settle,10
long_persona,4,14,274,0.5860352059663066,settle,11
long_persona,4,15,274,0.610966268094067,settle,10
long_persona,4,16,274,0.5989402200182417,settle,10
long_persona,4,17,274,0.6057601982861994,settle,11
long_persona,4,18,274,0.6135552423841854,settle,10
long_persona,4,19,274,0.5985938957108754,settle,11
long_persona,4,20,274,0.6018458870491755,settle,10
long_persona,4,21,274,0.3874630682666774,settle,12
long_persona,4,22,274,0.618656911049897,settle,13
long_persona,4,23,274,0.5974059731785338,settle,12
long_persona,4,24,274,0.6088565021619776,settle,12
long_persona,4,25,274,0.6080407097301446,settle,12
long_persona,4,26,274,0.6643122882077657,settle,16
long_persona,4,27,274,0.6201077334631419,settle,13
long_persona,4,28,274,0.4460493545059405,settle,18
long_persona,4,29,274,0.6413772846392631,settle,13
long_persona,4,30,274,1.5987531218883768,settle,14
long_persona,4,31,274,0.6395136013317567,settle,15
long_persona,4,32,274,0.6092789387712377,settle,11
long_persona,4,33,274,0.6096231006174758,settle,11
long_persona,4,34,274,0.6142849898112048,settle,12
long_persona,4,35,274,0.6185593943109148,settle,13
long_persona,4,36,274,0.6090085960702946,settle,12
long_persona,4,37,274,0.4184973974985827,settle,15
long_persona,4,38,274,0.6023597220879481,settle,15
long_persona,4,39,274,0.6010236155650395,settle,14
long_persona,4,40,274,0.5714113998890299,settle,15
long_persona,4,41,274,0.6050039003682214,settle,15
long_persona,4,42,274,0.40133305222684484,settle,13
long_persona,4,43,274,0.3845698705973234,settle,12
long_persona,4,44,274,0.6104134773357551,settle,16
long_persona,4,45,274,1.6361308436347561,settle,15
long_persona,4,46,274,0.5798005838379715,settle,15
long_persona,4,47,274,0.4529506421797966,settle,15
long_persona,4,48,274,0.44643201336191013,settle,16
long_persona,4,49,274,0.4544635092484848,settle,17
long_persona,4,50,274,0.4656132580607943,settle,16
long_persona,4,51,274,0.48923819379705613,settle,16
long_persona,4,52,274,0.4876459718862912,settle,21
long_persona,4,53,274,0.4936246690724949,settle,15
long_persona,4,54,274,0.6098322601815024,settle,14
long_persona,4,55,274,0.6049390316250326,settle,14
long_persona,4,56,274,0.4211663082189329,settle,20
long_persona,4,57,274,0.40314433743166767,settle,16
long_persona,4,58,274,0.49174215363594087,settle,15
long_persona,4,59,274,0.4238580779791847,settle,14
long_persona,4,60,274,0.5661116085505734,settle,17
long_persona,4,61,274,0.5818309438783065,settle,13
long_persona,4,62,274,0.5858396539545914,settle,14
long_persona,4,63,274,0.5939618983713931,settle,13
long_persona,4,64,274,0.5665587261761242,settle,14
long_persona,4,65,274,0.6000942334969436,settle,14
long_persona,4,66,274,0.6028523121292263,settle,15
long_persona,4,67,274,0.40257014551555587,settle,15
long_persona,4,68,274,0.6893071176053118,settle,16
long_persona,4,69,274,0.6319890767991025,settle,15
long_persona,4,70,274,0.673389436563595,settle,16
long_persona,4,71,274,0.5886129214962124,settle,17
long_persona,4,72,274,0.5524018157933638,settle,20
long_persona,4,73,274,0.6139069846687267,settle,19
long_persona,4,74,274,0.5282413208166914,settle,19
long_persona,4,75,274,0.47930660419315585,settle,17
long_persona,4,76,274,0.5882292841863925,settle,17
long_persona,4,77,274,1.6005627021982303,settle,16
long_persona,4,78,274,0.4507776968270327,settle,21
long_persona,4,79,274,0.5986250097344138,settle,14
long_persona,4,80,274,0.6050164258035159,settle,16
long_persona,4,81,274,0.4404719405140888,settle,15
long_persona,4,82,274,0.620114534825041,settle,15
long_persona,4,83,274,0.5974813634675664,settle,19
long_persona,4,84,274,0.5885971908554656,settle,16
long_persona,4,85,274,0.6083983390274647,settle,15
long_persona,4,86,274,0.611974812057512,settle,15
long_persona,4,87,274,0.6086346232456447,settle,14
long_persona,4,88,274,0.6245599939542713,settle,14
long_persona,4,89,274,0.6093493894999353,settle,14
long_persona,4,90,274,0.6406730622774456,settle,15
long_persona,4,91,274,0.5980252480227639,settle,17
long_persona,4,92,274,0.6094197946574312,settle,16
long_persona,4,93,274,0.6369223408367387,settle,13
long_persona,4,94,274,0.6619117350993715,settle,13
long_persona,4,95,274,0.6169764255869413,settle,14
long_persona,4,96,274,0.6204464303564033,settle,15
long_persona,4,97,274,0.6174168468176637,settle,14
long_persona,4,98,274,0.4415997363329437,settle,14
long_persona,4,99,274,0.6233711916405524,settle,13
long_persona,4,100,274,0.6091588788317864,settle,13
long_persona,4,101,274,0.44163879413013934,settle,15
long_persona,4,102,274,0.6090544445519155,settle,14
long_persona,4,103,274,0.6021337369218674,settle,14
long_persona,4,104,274,0.6083862968653624,settle,14
long_persona,4,105,274,0.39087489290830163,settle,14
long_persona,4,106,274,0.6024166079116966,settle,13
long_persona,4,107,274,0.5547821775221597,settle,14
long_persona,4,108,274,0.6130085568695651,settle,13
long_persona,4,109,274,0.6280217385184309,settle,13
long_persona,4,110,274,0.5996988734318669,settle,14
long_persona,4,111,274,0.60691798294669,settle,12
long_persona,4,112,274,0.565308231580139,settle,15
long_persona,4,113,274,0.635640203108115,settle,16
long_persona,4,114,274,1.608600502787659,settle,26
long_persona,4,115,274,0.6087257249555552,settle,14
long_persona,4,116,274,1.586236131640294,settle,14
long_persona,4,117,274,0.501593780756004,settle,17
long_persona,4,118,274,1.5509535770948102,settle,15
long_persona,4,119,274,1.5075637628802443,settle,18
long_persona,4,120,274,0.5391185508737915,settle,17
long_persona,4,121,274,0.4318766664103176,settle,14
long_persona,4,122,274,1.5010183989634542,settle,14
long_persona,4,123,274,0.6246447105098177,settle,17
long_persona,4,124,274,0.5865369242208113,settle,17
long_persona,4,125,274,0.5918129954643591,settle,15
long_persona,4,126,274,0.5674651544502384,settle,17
long_persona,4,127,274,1.596270001027631,settle,17
long_persona,4,128,274,1.5439451943823304,settle,17
long_persona,4,129,274,0.5549864299680708,settle,14
long_persona,4,130,274,0.37992125965102785,settle,14
long_persona,4,131,274,0.38787577016977665,settle,16
long_persona,4,132,274,0.6535973025846357,settle,16
long_persona,4,133,274,0.3853631845479081,settle,14
long_persona,4,134,274,0.4806366935590585,settle,16
long_persona,4,135,274,0.5294631691220767,settle,18
long_persona,4,136,274,0.49570656356613013,settle,14
long_persona,4,137,274,0.6249636306416366,settle,13
long_persona,4,138,274,0.6228239870270956,settle,17
long_persona,4,139,274,1.6063516125910453,settle,16
long_persona,4,140,274,0.5966414342083058,settle,14
long_persona,4,141,274,0.5216864558490757,settle,14
long_persona,4,142,274,0.5610301127085097,settle,14
long_persona,4,143,274,0.5699082604671535,settle,13
long_persona,4,144,274,0.5420384415640572,settle,15
long_persona,4,145,274,0.5383025692024415,settle,17
long_persona,4,146,274,1.5360341300828357,settle,16
long_persona,4,147,274,0.6198364033224959,settle,15
long_persona,4,148,274,0.55740974597729,settle,15
long_persona,4,149,274,0.5261322763863019,settle,17
long_persona,4,150,274,0.5946867170047225,settle,17
long_persona,4,151,274,0.5333107321881176,settle,21
long_persona,4,152,274,1.530147737121433,settle,22
long_persona,4,153,274,2.5499944955549703,settle,18
long_persona,4,154,274,2.569567394528567,settle,22
long_persona,4,155,274,1.568684004237757,settle,18
long_persona,4,156,274,0.5740957829558972,settle,17
long_persona,4,157,274,0.6266390464309741,settle,17
long_persona,4,158,274,0.6195195950476017,settle,11
long_persona,4,159,274,0.6465824449394296,settle,9
long_persona,4,160,274,0.6153149579324513,settle,9
long_persona,4,161,274,0.6442011095870026,settle,8
long_persona,4,162,274,0.6256295679153304,settle,16
long_persona,4,163,274,0.6198150605443095,settle,14
long_persona,4,164,274,0.6600628197063745,settle,11
long_persona,4,165,274,0.6589159093791515,settle,13
long_persona,4,166,274,0.6442320687013245,settle,9
long_persona,4,167,274,0.6199730192491775,settle,14
long_persona,4,168,274,0.619985475871799,settle,12
long_persona,4,169,274,0.6650974069300402,settle,13
long_persona,4,170,274,0.6860584397459276,settle,13
long_persona,4,171,274,0.6649589250221349,settle,13
long_persona,4,172,274,0.6050410087445749,settle,13
long_persona,4,173,274,0.5940847054282187,settle,14
long_persona,4,174,274,0.4061507640895421,settle,15
long_persona,4,175,274,0.557385070192127,settle,14
long_persona,4,176,274,0.56052308968923,settle,12
long_persona,4,177,274,0.6079409554267688,settle,12
long_persona,4,178,274,0.6227059135456752,settle,13
long_persona,4,179,274,0.6619916296571599,settle,16
long_persona,4,180,274,0.639150218585229,settle,14
long_persona,4,181,274,0.648707433333018,settle,14
long_persona,4,182,274,0.6197283726193606,settle,13
long_persona,4,183,274,0.6232414556345273,settle,13
long_persona,4,184,274,0.6418273746417852,settle,11
long_persona,4,185,274,0.6406304784032371,settle,15
long_persona,4,186,274,0.6229035257105868,settle,13
long_persona,4,187,274,0.6203860957456921,settle,13
long_persona,4,188,274,0.37286437495510566,settle,13
long_persona,4,189,274,0.6319988412563903,settle,11
long_persona,4,190,274,0.372737235588945,settle,12
long_persona,4,191,274,0.6240009648455607,settle,11
long_persona,4,192,274,0.6256216748536845,settle,12
long_persona,4,193,274,0.6461459970749209,settle,14
long_persona,4,194,274,0.664170577147639,settle,13
long_persona,4,195,274,0.6683459846999988,settle,14
long_persona,4,196,274,0.672695563978802,settle,17
long_persona,4,197,274,0.6915903675595356,settle,13
long_persona,4,198,274,0.6731592921089443,settle,15
long_persona,4,199,274,0.6293979431897149,settle,14
long_persona,4,200,274,0.6623724420165691,settle,14
long_persona,4,201,274,0.6558969958996923,settle,13
long_persona,4,202,274,0.6243835361130178,settle,12
long_persona,4,203,274,0.6475563266365433,settle,12
long_persona,4,204,274,0.6781038788575404,settle,14
long_persona,4,205,274,0.7089401467734405,settle,14
long_persona,4,206,274,0.6869070434688154,settle,12
long_persona,4,207,274,0.6707521340152559,settle,12
long_persona,4,208,274,0.6886631015199457,settle,15
long_persona,4,209,274,0.678929556695392,settle,13
long_persona,4,210,274,0.7102436687724338,settle,13
long_persona,4,211,274,0.6999116742739662,settle,15
long_persona,4,212,274,0.7098132615875016,settle,13
long_persona,4,213,274,0.6563728612375781,settle,16
long_persona,4,214,274,0.7251007565552584,settle,15
long_persona,4,215,274,0.6687175602792502,settle,15
long_persona,4,216,274,0.6747037339633347,settle,16
long_persona,4,217,274,0.6595272504427201,settle,15
long_persona,4,218,274,0.6842216442161757,settle,15
long_persona,4,219,274,0.7016369584152997,settle,14
long_persona,4,220,274,0.6827579747151303,settle,15
long_persona,4,221,274,0.6810218757319944,settle,13
long_persona,4,222,274,0.6982642056509335,settle,14
long_persona,4,223,274,0.6682984613180045,settle,13
long_persona,4,224,274,0.6871231934250366,settle,16
long_persona,4,225,274,0.6892626784650677,settle,14
long_persona,4,226,274,0.6925609621140412,settle,14
long_persona,4,227,274,0.6579093938435134,settle,14
long_persona,4,228,274,0.6995075285505497,settle,15
long_persona,4,229,274,0.6973426040857487,settle,14
long_persona,4,230,274,0.6430670230501312,settle,16
long_persona,4,231,274,0.6628832807755745,settle,15
long_persona,4,232,274,0.689331104957885,settle,15
long_persona,4,233,274,0.7060511257196067,settle,14
long_persona,4,234,274,0.6983827411574907,settle,15
long_persona,4,235,274,0.6691368459675484,settle,18
long_persona,4,236,274,0.6816290435121484,settle,17
long_persona,4,237,274,0.7064541485259282,settle,16
long_persona,4,238,274,0.7211043078514767,settle,13
long_persona,4,239,274,0.7172400027130231,settle,15
long_persona,4,240,274,0.7052777986212506,settle,13
long_persona,4,241,274,0.7088726957964406,settle,14
long_persona,4,242,274,0.7239789646360316,settle,13
long_persona,4,243,274,0.7513891202194761,settle,13
long_persona,4,244,274,0.7621589858290644,settle,14
long_persona,4,245,274,0.7225856881159798,settle,14
long_persona,4,246,274,0.6848936889416707,settle,14
long_persona,4,247,274,0.6873586257831173,settle,13
long_persona,4,248,274,0.7083613019487373,settle,15
long_persona,4,249,274,0.6930549318448374,settle,14
long_persona,4,250,274,0.6306821160363596,settle,14
long_persona,4,251,274,0.648576433849006,settle,14
long_persona,4,252,274,0.6434295770223463,settle,15
long_persona,4,253,274,0.678290675688865,settle,15
long_persona,4,254,274,0.666167525005779,settle,15
long_persona,4,255,274,0.6905294338911437,settle,16
long_persona,4,256,274,0.6800452994273817,settle,14
long_persona,4,257,274,0.6782306561394089,settle,13
long_persona,4,258,274,0.6976420391150677,settle,14
long_persona,4,259,274,0.6530800162849554,settle,11
long_persona,4,260,274,0.6584439896301425,settle,14
long_persona,4,261,274,0.6904462594081265,settle,15
long_persona,4,262,274,0.7227106106660215,settle,16
long_persona,4,263,274,0.7157166085547046,settle,16
long_persona,4,264,274,0.712098827605753,settle,15
long_persona,4,265,274,0.7016861383294282,settle,15
long_persona,4,266,274,0.6464900959470766,settle,15
long_persona,4,267,274,0.6867220253686952,settle,11
long_persona,4,268,274,0.7263416472000602,settle,10
long_persona,4,269,274,0.7027771213159242,settle,9
long_persona,4,270,274,0.7387406827540531,settle,8
long_persona,4,271,274,0.67474765731883,settle,8
long_persona,4,272,274,0.6618136759001868,settle,11
long_persona,4,273,274,0.6718396924486324,settle,13
long_persona,5,0,224,0.851421523274527,settle,2
long_persona,5,1,224,1.1177584769958202,settle,1
long_persona,5,2,224,4.514617915253799,settle,3
long_persona,5,3,224,0.6023715912501366,settle,4
long_persona,5,4,224,0.5973044408402781,settle,4
long_persona,5,5,224,0.6358011765699018,settle,7
long_persona,5,6,224,0.6021680079402307,settle,7
long_persona,5,7,224,0.6055418872707249,settle,7
long_persona,5,8,224,0.6081551154769724,settle,11
long_persona,5,9,224,0.6384216908234835,settle,11
long_persona,5,10,224,0.6373651340298064,settle,12
long_persona,5,11,224,0.6100533293241627,settle,11
long_persona,5,12,224,0.648850123707026,settle,11
long_persona,5,13,224,0.6100608130410018,settle,10
long_persona,5,14,224,0.5894433836601036,settle,11
long_persona,5,15,224,0.6077548441411452,settle,10
long_persona,5,16,224,0.6102366588358408,settle,10
long_persona,5,17,224,0.608094742999395,settle,10
long_persona,5,18,224,0.6210145294524588,settle,11
long_persona,5,19,224,0.6018680789026588,settle,10
long_persona,5,20,224,0.6062548587455365,settle,10
long_persona,5,21,224,0.3874501502256715,settle,13
long_persona,5,22,224,0.6203117261324556,settle,12
long_persona,5,23,224,0.5933013733029767,settle,11
long_persona,5,24,224,0.6105297080678043,settle,12
long_persona,5,25,224,0.6051034970016723,settle,12
long_persona,5,26,224,0.6854861869015948,settle,27
long_persona,5,27,224,0.6234763791631852,settle,14
long_persona,5,28,224,0.47686717954079555,settle,18
long_persona,5,29,224,0.6140448672811802,settle,14
long_persona,5,30,224,1.5924190344852611,settle,15
long_persona,5,31,224,0.628027012561356,settle,16
long_persona,5,32,224,0.6008176241741119,settle,11
long_persona,5,33,224,0.5992347255431962,settle,11
long_persona,5,34,224,0.6107918668838758,settle,12
long_persona,5,35,224,0.6175801463621411,settle,11
long_persona,5,36,224,0.6154934457833949,settle,12
long_persona,5,37,224,0.40136984836971434,settle,13
long_persona,5,38,224,0.6033057093961168,settle,14
long_persona,5,39,224,0.598721884306789,settle,13
long_persona,5,40,224,0.5819257484337321,settle,15
long_persona,5,41,224,0.5964052250267065,settle,16
long_persona,5,42,224,0.40352915346309925,settle,15
long_persona,5,43,224,0.3885464313957412,settle,12
long_persona,5,44,224,0.6210585992157189,settle,16
long_persona,5,45,224,1.6308008013161008,settle,16
long_persona,5,46,224,0.43038739162506495,settle,16
long_persona,5,47,224,0.4250366999561564,settle,15
long_persona,5,48,224,0.4410258902154077,settle,17
long_persona,5,49,224,0.4455156103955761,settle,19
long_persona,5,50,224,0.4381194199666413,settle,19
long_persona,5,51,224,1.4590644626085834,settle,18
long_persona,5,52,224,1.4665817170286473,settle,22
long_persona,5,53,224,0.5801223400680934,settle,16
long_persona,5,54,224,0.6065720988782275,settle,14
long_persona,5,55,224,0.6058301133708709,settle,14
long_persona,5,56,224,0.37990291087146333,settle,16
long_persona,5,57,224,0.4180228208058885,settle,18
long_persona,5,58,224,0.4892180621325172,settle,15
long_persona,5,59,224,0.4196465016940048,settle,14
long_persona,5,60,224,0.4810493118255939,settle,20
long_persona,5,61,224,0.5147564913154514,settle,13
long_persona,5,62,224,0.5476278920899027,settle,14
long_persona,5,63,224,0.5838017800424997,settle,14
long_persona,5,64,224,0.5066232176892544,settle,14
long_persona,5,65,224,0.5943189844951366,settle,15
long_persona,5,66,224,0.5956429746673685,settle,15
long_persona,5,67,224,0.5731356995151434,settle,16
long_persona,5,68,224,0.679971202352224,settle,17
long_persona,5,69,224,0.6136385481339429,settle,15
long_persona,5,70,224,0.6671147445540863,settle,16
long_persona,5,71,224,1.5995963596918414,settle,18
long_persona,5,72,224,0.5608542507015027,settle,20
long_persona,5,73,224,0.5997134534997147,settle,20
long_persona,5,74,224,0.5286529229626985,settle,19
long_persona,5,75,224,0.45406110183003634,settle,16
long_persona,5,76,224,0.5968067699585315,settle,18
long_persona,5,77,224,1.592739629623948,settle,16
long_persona,5,78,224,0.48094264189231684,settle,17
long_persona,5,79,224,1.5816901386578623,settle,14
long_persona,5,80,224,1.597612617253599,settle,16
long_persona,5,81,224,0.43790094229561327,settle,15
long_persona,5,82,224,0.6119360286514527,settle,15
long_persona,5,83,224,0.5889566341955108,settle,19
long_persona,5,84,224,0.5454478529563491,settle,15
long_persona,5,85,224,0.6128195944427506,settle,15
long_persona,5,86,224,0.6157994577444366,settle,14
long_persona,5,87,224,0.6096064472484721,settle,14
long_persona,5,88,224,0.6277306046039737,settle,14
long_persona,5,89,224,0.608774379383173,settle,14
long_persona,5,90,224,0.6355992626351873,settle,15
long_persona,5,91,224,0.60086231519817,settle,17
long_persona,5,92,224,0.6055751899510337,settle,16
long_persona,5,93,224,0.6296858338105041,settle,14
long_persona,5,94,224,0.6688458487978494,settle,13
long_persona,5,95,224,0.621797878308722,settle,14
long_persona,5,96,224,0.62392418851602,settle,14
long_persona,5,97,224,0.6172626714937518,settle,14
long_persona,5,98,224,0.43218991856903916,settle,15
long_persona,5,99,224,0.6184104885287631,settle,13
long_persona,5,100,224,0.4003459331931081,settle,14
long_persona,5,101,224,0.4434512104081761,settle,15
long_persona,5,102,224,0.4142296038047525,settle,15
long_persona,5,103,224,0.5968246116260891,settle,14
long_persona,5,104,224,0.6143136778062949,settle,14
long_persona,5,105,224,0.38649587331693797,settle,15
long_persona,5,106,224,0.549612244917921,settle,14
long_persona,5,107,224,1.506841882194787,settle,15
long_persona,5,108,224,0.5964480160881779,settle,14
long_persona,5,109,224,0.5924919983591181,settle,14
long_persona,5,110,224,0.5736465173082234,settle,14
long_persona,5,111,224,0.5942973064965738,settle,13
long_persona,5,112,224,1.504619813585653,settle,16
long_persona,5,113,224,0.6314075072748099,settle,16
long_persona,5,114,224,2.5609794460288104,settle,26
long_persona,5,115,224,0.4062112714310229,settle,16
long_persona,5,116,224,0.5179331295715803,settle,17
long_persona,5,117,224,0.45061038776731727,settle,21
long_persona,5,118,224,2.4800667602559963,settle,16
long_persona,5,119,224,2.464805191631769,settle,21
long_persona,5,120,224,1.4621508878355838,settle,22
long_persona,5,121,224,0.407823180773601,settle,16
long_persona,5,122,224,1.4800364591688175,settle,16
long_persona,5,123,224,0.6200390195526999,settle,17
long_persona,5,124,224,0.5099004952896912,settle,17
long_persona,5,125,224,0.49358634097707965,settle,16
long_persona,5,126,224,0.4107116381785945,settle,21
long_persona,5,127,224,0.5180988760747525,settle,20
long_persona,5,128,224,1.480598737191248,settle,20
long_persona,5,129,224,0.4825108593711689,settle,15
long_persona,5,130,224,0.38386589308199276,settle,14
long_persona,5,131,224,0.3986792346807086,settle,16
long_persona,5,132,224,0.6576203090467649,settle,17
long_persona,5,133,224,1.442942685365209,settle,17
long_persona,5,134,224,1.4484453086156723,settle,17
long_persona,5,135,224,0.4730945246662049,settle,21
long_persona,5,136,224,0.44767220596434015,settle,17
long_persona,5,137,224,0.6206975448879124,settle,14
long_persona,5,138,224,0.6173969261974762,settle,16
long_persona,5,139,224,1.5790842605242388,settle,17
long_persona,5,140,224,0.5194699334496751,settle,15
long_persona,5,141,224,0.45039191825050395,settle,16
long_persona,5,142,224,0.4962380866386764,settle,15
long_persona,5,143,224,0.5281571981422819,settle,14
long_persona,5,144,224,0.4985039519340975,settle,16
long_persona,5,145,224,0.4765508348986899,settle,17
long_persona,5,146,224,1.4725843454434975,settle,17
long_persona,5,147,224,0.3977656752837368,settle,16
long_persona,5,148,224,0.49794452865623146,settle,16
long_persona,5,149,224,0.4909476894582013,settle,21
long_persona,5,150,224,0.5629380343087663,settle,17
long_persona,5,151,224,1.4816094479866804,settle,24
long_persona,5,152,224,1.4729147164694023,settle,25
long_persona,5,153,224,1.4890059358644374,settle,22
long_persona,5,154,224,2.5253074389146466,settle,22
long_persona,5,155,224,1.5297692038487571,settle,20
long_persona,5,156,224,1.5243919364359269,settle,21
long_persona,5,157,224,0.6178592487485726,settle,17
long_persona,5,158,224,0.6165469850044055,settle,11
long_persona,5,159,224,0.6401992369232592,settle,9
long_persona,5,160,224,0.6118719920097796,settle,10
long_persona,5,161,224,0.6344633317503379,settle,8
long_persona,5,162,224,0.6252420398069741,settle,16
long_persona,5,163,224,0.6238273984883919,settle,14
long_persona,5,164,224,0.6258065274331519,settle,12
long_persona,5,165,224,0.6173965857715992,settle,15
long_persona,5,166,224,0.6402417219249168,settle,12
long_persona,5,167,224,0.6005931133549691,settle,13
long_persona,5,168,224,0.5751311775717879,settle,12
long_persona,5,169,224,0.6081044698550669,settle,13
long_persona,5,170,224,0.3970294250494466,settle,13
long_persona,5,171,224,0.5992363344579698,settle,13
long_persona,5,172,224,0.6780736781760992,settle,13
long_persona,5,173,224,0.6816503374969883,settle,13
long_persona,5,174,224,0.7050416024213217,settle,15
long_persona,5,175,224,0.6989529553950561,settle,14
long_persona,5,176,224,0.6758519515381716,settle,13
long_persona,5,177,224,0.6206279298019873,settle,14
long_persona,5,178,224,0.6528424672508498,settle,13
long_persona,5,179,224,0.6784587650978947,settle,13
long_persona,5,180,224,0.662238225098855,settle,13
long_persona,5,181,224,0.6233571334048874,settle,14
long_persona,5,182,224,0.698382279911129,settle,14
long_persona,5,183,224,0.7023073696085735,settle,14
long_persona,5,184,224,0.6629277526006879,settle,14
long_persona,5,185,224,0.6959928811049588,settle,12
long_persona,5,186,224,0.6592165390127478,settle,14
long_persona,5,187,224,0.6650288209941408,settle,14
long_persona,5,188,224,0.6817864253308339,settle,14
long_persona,5,189,224,0.6488311671364606,settle,13
long_persona,5,190,224,0.6381617340650745,settle,13
long_persona,5,191,224,0.6170414456006883,settle,14
long_persona,5,192,224,0.6449343280352572,settle,15
long_persona,5,193,224,0.6652323980480415,settle,15
long_persona,5,194,224,0.6776443825465946,settle,15
long_persona,5,195,224,0.6777355665909871,settle,16
long_persona,5,196,224,0.6296704659924766,settle,15
long_persona,5,197,224,0.6294982936269007,settle,12
long_persona,5,198,224,0.617247345077101,settle,12
long_persona,5,199,224,0.6206030760852698,settle,13
long_persona,5,200,224,0.6366250393903816,settle,13
long_persona,5,201,224,0.6472292290814722,settle,15
long_persona,5,202,224,0.6440258060975856,settle,14
long_persona,5,203,224,0.6199444827606556,settle,14
long_persona,5,204,224,0.6485936007547269,settle,14
long_persona,5,205,224,0.6743140630117364,settle,14
long_persona,5,206,224,0.6149720149240514,settle,15
long_persona,5,207,224,0.6263414890523745,settle,17
long_persona,5,208,224,0.620237864313796,settle,15
long_persona,5,209,224,0.6306255220904062,settle,17
long_persona,5,210,224,0.6362737403962087,settle,15
long_persona,5,211,224,0.6354798700668589,settle,15
long_persona,5,212,224,0.6247071424742079,settle,15
long_persona,5,213,224,0.6237986845165335,settle,16
long_persona,5,214,224,0.6373636681219729,settle,16
long_persona,5,215,224,0.635225116161093,settle,18
long_persona,5,216,224,0.6291997977408688,settle,15
long_persona,5,217,224,0.6421472134763948,settle,14
long_persona,5,218,224,0.6877157729024603,settle,12
long_persona,5,219,224,0.6771087337613193,settle,10
long_persona,5,220,224,0.7117645640482598,settle,7
long_persona,5,221,224,0.6690187271973538,settle,8
long_persona,5,222,224,0.6200291945685332,settle,14
long_persona,5,223,224,0.6348235040449399,settle,13
long_persona,6,0,218,0.8514686137209364,settle,2
long_persona,6,1,218,1.1177576031788992,settle,1
long_persona,6,2,218,4.5152772800569965,settle,3
long_persona,6,3,218,0.6023715507693714,settle,4
long_persona,6,4,218,0.597304341518906,settle,4
long_persona,6,5,218,0.6358011503651041,settle,7
long_persona,6,6,218,0.6021679923379385,settle,7
long_persona,6,7,218,0.6055419295454467,settle,7
long_persona,6,8,218,0.6081551098541051,settle,11
long_persona,6,9,218,0.6384216095173514,settle,11
long_persona,6,10,218,0.6373651792954947,settle,12
long_persona,6,11,218,0.6100533049943532,settle,11
long_persona,6,12,218,0.648850107547756,settle,11
long_persona,6,13,218,0.6100607689816243,settle,10
long_persona,6,14,218,0.5894433625012186,settle,11
long_persona,6,15,218,0.6077549062391541,settle,10
long_persona,6,16,218,0.6102366711372929,settle,10
long_persona,6,17,218,0.6080947675233211,settle,10
long_persona,6,18,218,0.6210144605690937,settle,11
long_persona,6,19,218,0.6018680761886345,settle,10
long_persona,6,20,218,0.6062549330272823,settle,10
long_persona,6,21,218,0.3874501140767024,settle,13
long_persona,6,22,218,0.6203117959846495,settle,12
long_persona,6,23,218,0.5933013738249057,settle,11
long_persona,6,24,218,0.6105296441776564,settle,12
long_persona,6,25,218,0.6051035175255327,settle,12
long_persona,6,26,218,0.6854860695439777,settle,27
long_persona,6,27,218,0.6234762658770585,settle,14
long_persona,6,28,218,0.47686716277575364,settle,18
long_persona,6,29,218,0.6140448888386104,settle,14
long_persona,6,30,218,1.5924190440404231,settle,15
long_persona,6,31,218,0.6280269869901766,settle,16
long_persona,6,32,218,0.6008176658133598,settle,11
long_persona,6,33,218,0.5992347499866457,settle,11
long_persona,6,34,218,0.6107917709296375,settle,12
long_persona,6,35,218,0.6175802219943594,settle,11
long_persona,6,36,218,0.615493492034255,settle,12
long_persona,6,37,218,0.4013698736036391,settle,13
long_persona,6,38,218,0.6033057348914006,settle,14
long_persona,6,39,218,0.5987219154167882,settle,13
long_persona,6,40,218,0.5819258211497151,settle,15
long_persona,6,41,218,0.5964052888778555,settle,16
long_persona,6,42,218,0.40352919359623407,settle,15
long_persona,6,43,218,0.3885463432726807,settle,12
long_persona,6,44,218,0.6210585649348812,settle,16
long_persona,6,45,218,1.6308007195442746,settle,16
long_persona,6,46,218,0.4303873439444226,settle,16
long_persona,6,47,218,0.42503661386841274,settle,15
long_persona,6,48,218,0.4410257144272792,settle,17
long_persona,6,49,218,0.44551564873631744,settle,19
long_persona,6,50,218,0.43811943424220406,settle,19
long_persona,6,51,218,1.4590644419940626,settle,18
long_persona,6,52,218,1.4665817168706017,settle,22
long_persona,6,53,218,0.5801211005778273,settle,16
long_persona,6,54,218,0.6065720429131597,settle,14
long_persona,6,55,218,0.6058302390094137,settle,14
long_persona,6,56,218,0.37990301347994243,settle,16
long_persona,6,57,218,0.4180229368882232,settle,18
long_persona,6,58,218,0.4892179730334444,settle,15
long_persona,6,59,218,0.4196464236709358,settle,14
long_persona,6,60,218,0.48104934950078,settle,20
long_persona,6,61,218,0.5147564192304317,settle,13
long_persona,6,62,218,0.547627922972887,settle,14
long_persona,6,63,218,0.5838018284450184,settle,14
long_persona,6,64,218,0.5066232936187596,settle,14
long_persona,6,65,218,0.5943189394234818,settle,15
long_persona,6,66,218,0.5956429539935199,settle,15
long_persona,6,67,218,0.5731358969114974,settle,16
long_persona,6,68,218,0.6799711712216421,settle,17
long_persona,6,69,218,0.6136385249163244,settle,15
long_persona,6,70,218,0.6671147522915523,settle,16
long_persona,6,71,218,1.5995964904502682,settle,18
long_persona,6,72,218,0.5608542382193336,settle,20
long_persona,6,73,218,0.5997135114534851,settle,20
long_persona,6,74,218,0.5286530519873412,settle,19
long_persona,6,75,218,0.4540591786146614,settle,16
long_persona,6,76,218,0.5968065791813854,settle,18
long_persona,6,77,218,1.5927396266744305,settle,16
long_persona,6,78,218,0.4809427194090623,settle,17
long_persona,6,79,218,1.5816901464473325,settle,14
long_persona,6,80,218,1.5976126211361037,settle,16
long_persona,6,81,218,0.43790074068038315,settle,15
long_persona,6,82,218,0.6119359866973089,settle,15
long_persona,6,83,218,0.5889565867945907,settle,19
long_persona,6,84,218,0.5454477874294613,settle,15
long_persona,6,85,218,0.6128196073044256,settle,15
long_persona,6,86,218,0.615799498880976,settle,14
long_persona,6,87,218,0.6096064976961898,settle,14
long_persona,6,88,218,0.6277305699469009,settle,14
long_persona,6,89,218,0.6087742595176455,settle,14
long_persona,6,90,218,0.6355993518335287,settle,15
long_persona,6,91,218,0.6008623007027327,settle,17
long_persona,6,92,218,0.6055751560360322,settle,16
long_persona,6,93,218,0.6296858551210276,settle,14
long_persona,6,94,218,0.6688458488714959,settle,13
long_persona,6,95,218,0.6217978529931171,settle,14
long_persona,6,96,218,0.6239240694458124,settle,14
long_persona,6,97,218,0.6172627147923975,settle,14
long_persona,6,98,218,0.43219001093705917,settle,15
long_persona,6,99,218,0.6184105472147212,settle,13
long_persona,6,100,218,0.40034598449487646,settle,14
long_persona,6,101,218,0.4434512290495234,settle,15
long_persona,6,102,218,0.41422979655840025,settle,15
long_persona,6,103,218,0.5968246176146585,settle,14
long_persona,6,104,218,0.6143136616897094,settle,14
long_persona,6,105,218,0.3864958304802582,settle,15
long_persona,6,106,218,0.5496124555236591,settle,14
long_persona,6,107,218,1.5068418296196802,settle,15
long_persona,6,108,218,0.5964480231618623,settle,14
long_persona,6,109,218,0.5924920921457546,settle,14
long_persona,6,110,218,0.5736463589956634,settle,14
long_persona,6,111,218,0.5942972546373629,settle,13
long_persona,6,112,218,1.5046196606242375,settle,16
long_persona,6,113,218,0.6314074506885657,settle,16
long_persona,6,114,218,2.5609793952715774,settle,26
long_persona,6,115,218,0.4062114155461373,settle,16
long_persona,6,116,218,0.5179331060504979,settle,17
long_persona,6,117,218,0.4506103838961706,settle,21
long_persona,6,118,218,2.4800667537429053,settle,16
long_persona,6,119,218,2.4648052053403404,settle,21
long_persona,6,120,218,1.4621508099128824,settle,22
long_persona,6,121,218,0.40782304277082637,settle,16
long_persona,6,122,218,1.4800364244565567,settle,16
long_persona,6,123,218,0.6200390789081294,settle,17
long_persona,6,124,218,0.5098985602922421,settle,17
long_persona,6,125,218,0.4935855356578738,settle,16
long_persona,6,126,218,0.41071169034089366,settle,21
long_persona,6,127,218,0.5180988874489588,settle,20
long_persona,6,128,218,1.480598708731686,settle,20
long_persona,6,129,218,0.4825107667955531,settle,15
long_persona,6,130,218,0.3838659232471254,settle,14
long_persona,6,131,218,0.3986789278857546,settle,16
long_persona,6,132,218,0.6576203172587157,settle,17
long_persona,6,133,218,1.4429427003411264,settle,17
long_persona,6,134,218,1.4484453071265664,settle,17
long_persona,6,135,218,0.4730944689017024,settle,21
long_persona,6,136,218,0.44767209442411876,settle,17
long_persona,6,137,218,0.6206975779218232,settle,14
long_persona,6,138,218,0.6173969308267289,settle,16
long_persona,6,139,218,1.5790842645892273,settle,17
long_persona,6,140,218,0.5194703418581291,settle,15
long_persona,6,141,218,0.45039203466429883,settle,16
long_persona,6,142,218,0.4962381076281809,settle,15
long_persona,6,143,218,0.5281572146689523,settle,14
long_persona,6,144,218,0.4985039545951377,settle,16
long_persona,6,145,218,0.47655076721558315,settle,17
long_persona,6,146,218,1.4725843165786152,settle,17
long_persona,6,147,218,0.39776571249540277,settle,16
long_persona,6,148,218,0.4979444233666942,settle,16
long_persona,6,149,218,0.49094768961180935,settle,21
long_persona,6,150,218,0.5629380357641783,settle,17
long_persona,6,151,218,1.481609250680476,settle,24
long_persona,6,152,218,1.4729146800904809,settle,25
long_persona,6,153,218,1.4890059353622687,settle,22
long_persona,6,154,218,2.525307385462898,settle,22
long_persona,6,155,218,1.5297691913901592,settle,20
long_persona,6,156,218,1.5243919333122455,settle,21
long_persona,6,157,218,0.6178592387921096,settle,17
long_persona,6,158,218,0.6165470209031837,settle,11
long_persona,6,159,218,0.6401992911492185,settle,9
long_persona,6,160,218,0.6118720101514213,settle,10
long_persona,6,161,218,0.63446330642267,settle,8
long_persona,6,162,218,0.6252420422347968,settle,16
long_persona,6,163,218,0.633004051930106,settle,15
long_persona,6,164,218,0.6299717092829722,settle,12
long_persona,6,165,218,0.6329494308520819,settle,14
long_persona,6,166,218,0.600882725747941,settle,15
long_persona,6,167,218,0.5964244561902722,settle,15
long_persona,6,168,218,0.595952633144921,settle,14
long_persona,6,169,218,0.5746250104989168,settle,14
long_persona,6,170,218,0.5848143628643653,settle,13
long_persona,6,171,218,0.6102073280450797,settle,17
long_persona,6,172,218,0.5978787880140468,settle,13
long_persona,6,173,218,0.6085104832841063,settle,12
long_persona,6,174,218,0.6062992168500362,settle,15
long_persona,6,175,218,0.6233754217962052,settle,16
long_persona,6,176,218,0.6290711084536799,settle,14
long_persona,6,177,218,0.6167814459233781,settle,15
long_persona,6,178,218,0.6477549345982053,settle,14
long_persona,6,179,218,0.6384688183309087,settle,15
long_persona,6,180,218,0.6207876708763506,settle,16
long_persona,6,181,218,0.6212291004234191,settle,13
long_persona,6,182,218,0.3713144759686252,settle,14
long_persona,6,183,218,0.3701674531715024,settle,16
long_persona,6,184,218,0.6245708015075982,settle,13
long_persona,6,185,218,0.6173168706126634,settle,18
long_persona,6,186,218,0.6305931700305958,settle,15
long_persona,6,187,218,0.6413652793938557,settle,15
long_persona,6,188,218,0.6415244522351287,settle,14
long_persona,6,189,218,0.6214145386878952,settle,14
long_persona,6,190,218,0.6146386588910314,settle,13
long_persona,6,191,218,0.6256852010684602,settle,15
long_persona,6,192,218,0.6332434834887932,settle,14
long_persona,6,193,218,0.6241804129112951,settle,15
long_persona,6,194,218,0.6243159582949842,settle,14
long_persona,6,195,218,0.6160640686111749,settle,16
long_persona,6,196,218,0.6342600103609897,settle,14
long_persona,6,197,218,0.6404487318159111,settle,13
long_persona,6,198,218,0.6273370916257447,settle,14
long_persona,6,199,218,0.6180865844257291,settle,15
long_persona,6,200,218,0.6212393426673334,settle,16
long_persona,6,201,218,0.6432595718520947,settle,13
long_persona,6,202,218,0.644698507120908,settle,15
long_persona,6,203,218,0.6375100489518912,settle,14
long_persona,6,204,218,0.6292384037165407,settle,16
long_persona,6,205,218,0.6403225982378076,settle,14
long_persona,6,206,218,0.3684328531984521,settle,17
long_persona,6,207,218,0.6221167401620376,settle,16
long_persona,6,208,218,0.6246358405519051,settle,16
long_persona,6,209,218,0.6313896745458704,settle,14
long_persona,6,210,218,0.6164282759845792,settle,15
long_persona,6,211,218,0.6475622139510472,settle,11
long_persona,6,212,218,0.6977746667870448,settle,10
long_persona,6,213,218,0.6877638338912333,settle,9
long_persona,6,214,218,0.7312692726582817,settle,7
long_persona,6,215,218,0.6628231841529093,settle,8
long_persona,6,216,218,0.6386290163188663,settle,11
long_persona,6,217,218,0.645915421549921,settle,13
long_persona,7,0,235,0.8519807724619388,settle,2
long_persona,7,1,235,1.1177579360499186,settle,1
long_persona,7,2,235,4.514742414863991,settle,3
long_persona,7,3,235,0.602371592544746,settle,4
long_persona,7,4,235,0.597304391753786,settle,4
long_persona,7,5,235,0.6358011561721603,settle,7
long_persona,7,6,235,0.6021679688336852,settle,7
long_persona,7,7,235,0.6055419814054352,settle,7
long_persona,7,8,235,0.6081551380146901,settle,11
long_persona,7,9,235,0.6384217448681735,settle,11
long_persona,7,10,235,0.6373651512874083,settle,12
long_persona,7,11,235,0.6100532498627914,settle,11
long_persona,7,12,235,0.6488501334167108,settle,11
long_persona,7,13,235,0.6100607791972164,settle,10
long_persona,7,14,235,0.5894433487613004,settle,11
long_persona,7,15,235,0.6077548174865529,settle,10
long_persona,7,16,235,0.6102366059953319,settle,10
long_persona,7,17,235,0.6080947381670211,settle,10
long_persona,7,18,235,0.6210145669230155,settle,11
long_persona,7,19,235,0.6018680461434355,settle,10
long_persona,7,20,235,0.6062548854944578,settle,10
long_persona,7,21,235,0.3874501748770204,settle,13
long_persona,7,22,235,0.620311733676626,settle,12
long_persona,7,23,235,0.5933014062157974,settle,11
long_persona,7,24,235,0.6105296780562993,settle,12
long_persona,7,25,235,0.6051035237880144,settle,12
long_persona,7,26,235,0.6854861581593147,settle,27
long_persona,7,27,235,0.6234762657952824,settle,14
long_persona,7,28,235,0.4768670961980478,settle,18
long_persona,7,29,235,0.6140448852989239,settle,14
long_persona,7,30,235,1.5924190090324892,settle,15
long_persona,7,31,235,0.6280270572270553,settle,16
long_persona,7,32,235,0.6008176708061478,settle,11
long_persona,7,33,235,0.599234703041502,settle,11
long_persona,7,34,235,0.6107917313135749,settle,12
long_persona,7,35,235,0.6175802242400201,settle,11
long_persona,7,36,235,0.6154934911289295,settle,12
long_persona,7,37,235,0.4013699553199151,settle,13
long_persona,7,38,235,0.6033057221945908,settle,14
long_persona,7,39,235,0.5987219485625657,settle,13
long_persona,7,40,235,0.5819258296354013,settle,15
long_persona,7,41,235,0.5964052249528415,settle,16
long_persona,7,42,235,0.4035291829244582,settle,15
long_persona,7,43,235,0.38854640968823784,settle,12
long_persona,7,44,235,0.6210585267005374,settle,16
long_persona,7,45,235,1.6308007018285247,settle,16
long_persona,7,46,235,0.43038731411450265,settle,16
long_persona,7,47,235,0.425036694964127,settle,15
long_persona,7,48,235,0.4410256996397687,settle,17
long_persona,7,49,235,0.44551547834737487,settle,19
long_persona,7,50,235,0.43811944701032135,settle,19
long_persona,7,51,235,1.459064458662294,settle,18
long_persona,7,52,235,1.4665816705759163,settle,22
long_persona,7,53,235,0.5801217306882791,settle,16
long_persona,7,54,235,0.606572089483021,settle,14
long_persona,7,55,235,0.6058301920802117,settle,14
long_persona,7,56,235,0.37990300920895925,settle,16
long_persona,7,57,235,0.4180228882447034,settle,18
long_persona,7,58,235,0.48921800079879924,settle,15
long_persona,7,59,235,0.41964643666468476,settle,14
long_persona,7,60,235,0.48104923231029273,settle,20
long_persona,7,61,235,0.5147565270806588,settle,13
long_persona,7,62,235,0.5476279254076459,settle,14
long_persona,7,63,235,0.5838018319772285,settle,14
long_persona,7,64,235,0.5066233232026722,settle,14
long_persona,7,65,235,0.594318963576352,settle,15
long_persona,7,66,235,0.5956429197377535,settle,15
long_persona,7,67,235,0.5731358371788533,settle,16
long_persona,7,68,235,0.6799711125294196,settle,17
long_persona,7,69,235,0.6136385701301683,settle,15
long_persona,7,70,235,0.6671147338575854,settle,16
long_persona,7,71,235,1.5995964466002708,settle,18
long_persona,7,72,235,0.5608544395683989,settle,20
long_persona,7,73,235,0.5997134093199538,settle,20
long_persona,7,74,235,0.52865301935992,settle,19
long_persona,7,75,235,0.45406013726422634,settle,16
long_persona,7,76,235,0.5968065495180896,settle,18
long_persona,7,77,235,1.592739654091394,settle,16
long_persona,7,78,235,0.4809426424092464,settle,17
long_persona,7,79,235,1.5816900593169134,settle,14
long_persona,7,80,235,1.597612563311529,settle,16
long_persona,7,81,235,0.43790071698394356,settle,15
long_persona,7,82,235,0.6119359853898177,settle,15
long_persona,7,83,235,0.5889566057967713,settle,19
long_persona,7,84,235,0.5454479615937055,settle,15
long_persona,7,85,235,0.6128196183720462,settle,15
long_persona,7,86,235,0.6157994628038228,settle,14
long_persona,7,87,235,0.6096064735009633,settle,14
long_persona,7,88,235,0.6277306765247123,settle,14
long_persona,7,89,235,0.6087743102592038,settle,14
long_persona,7,90,235,0.6355992916930828,settle,15
long_persona,7,91,235,0.6008622651800464,settle,17
long_persona,7,92,235,0.6055751649895508,settle,16
long_persona,7,93,235,0.629685868658919,settle,14
long_persona,7,94,235,0.6688458280650712,settle,13
long_persona,7,95,235,0.6217978568698859,settle,14
long_persona,7,96,235,0.623924065563807,settle,14
long_persona,7,97,235,0.6172626601090105,settle,14
long_persona,7,98,235,0.43218994187585286,settle,15
long_persona,7,99,235,0.618410466122993,settle,13
long_persona,7,100,235,0.40034594196571544,settle,14
long_persona,7,101,235,0.44345136912132804,settle,15
long_persona,7,102,235,0.4142297140582637,settle,15
long_persona,7,103,235,0.5968246544294064,settle,14
long_persona,7,104,235,0.6143136232919182,settle,14
long_persona,7,105,235,0.3864957543581677,settle,15
long_persona,7,106,235,0.5496124006888052,settle,14
long_persona,7,107,235,1.5068418788995936,settle,15
long_persona,7,108,235,0.5964479649746809,settle,14
long_persona,7,109,235,0.5924920251728946,settle,14
long_persona,7,110,235,0.5736465578761683,settle,14
long_persona,7,111,235,0.5942972607073028,settle,13
long_persona,7,112,235,1.5046198220474278,settle,16
long_persona,7,113,235,0.6314075834588699,settle,16
long_persona,7,114,235,2.560979498005871,settle,26
long_persona,7,115,235,0.4062112636238854,settle,16
long_persona,7,116,235,0.5179331690500327,settle,17
long_persona,7,117,235,0.4506103940022059,settle,21
long_persona,7,118,235,2.4800667375238965,settle,16
long_persona,7,119,235,2.464805193463347,settle,21
long_persona,7,120,235,1.4621508451299923,settle,22
long_persona,7,121,235,0.4078232271220293,settle,16
long_persona,7,122,235,1.4800363705408455,settle,16
long_persona,7,123,235,0.620039028291083,settle,17
long_persona,7,124,235,0.5098995392179476,settle,17
long_persona,7,125,235,0.4935853389532066,settle,16
long_persona,7,126,235,0.410711610111887,settle,21
long_persona,7,127,235,0.518098895973062,settle,20
long_persona,7,128,235,1.4805987612852398,settle,20
long_persona,7,129,235,0.4825109065779758,settle,15
long_persona,7,130,235,0.38386588521501563,settle,14
long_persona,7,131,235,0.3986790835566529,settle,16
long_persona,7,132,235,0.6576201982122919,settle,17
long_persona,7,133,235,1.4429426081496102,settle,17
long_persona,7,134,235,1.4484452933267706,settle,17
long_persona,7,135,235,0.47309443453409966,settle,21
long_persona,7,136,235,0.4476721894157918,settle,17
long_persona,7,137,235,0.6206976128344003,settle,14
long_persona,7,138,235,0.6173969268782376,settle,16
long_persona,7,139,235,1.5790843352353316,settle,17
long_persona,7,140,235,0.5194701433010352,settle,15
long_persona,7,141,235,0.45039186951296933,settle,16
long_persona,7,142,235,0.496238109439316,settle,15
long_persona,7,143,235,0.5281571987901162,settle,14
long_persona,7,144,235,0.49850393716073144,settle,16
long_persona,7,145,235,0.4765507698402448,settle,17
long_persona,7,146,235,1.4725843089040846,settle,17
long_persona,7,147,235,0.39776576921964285,settle,16
long_persona,7,148,235,0.4979443410943384,settle,16
long_persona,7,149,235,0.49094763660071467,settle,21
long_persona,7,150,235,0.5629380724856369,settle,17
long_persona,7,151,235,1.4816094345428172,settle,24
long_persona,7,152,235,1.4729147016044264,settle,25
long_persona,7,153,235,1.489005921644508,settle,22
long_persona,7,154,235,2.525307466440667,settle,22
long_persona,7,155,235,1.5297692266812908,settle,20
long_persona,7,156,235,1.5243919763799294,settle,21
long_persona,7,157,235,0.6178591529956424,settle,17
long_persona,7,158,235,0.6165469812527024,settle,11
long_persona,7,159,235,0.6401992781635818,settle,9
long_persona,7,160,235,0.6118719681323341,settle,10
long_persona,7,161,235,0.6344633596775491,settle,8
long_persona,7,162,235,0.6252420959374551,settle,16
long_persona,7,163,235,0.3850216192278044,settle,14
long_persona,7,164,235,0.6611140612749229,settle,14
long_persona,7,165,235,0.6274187623488957,settle,14
long_persona,7,166,235,0.6329296567988323,settle,13
long_persona,7,167,235,0.6165345176725601,settle,14
long_persona,7,168,235,0.6222143934098164,settle,13
long_persona,7,169,235,0.6203402019982649,settle,13
long_persona,7,170,235,0.6130554490641469,settle,13
long_persona,7,171,235,0.6422009541844821,settle,11
long_persona,7,172,235,0.6092845375319887,settle,16
long_persona,7,173,235,0.6144277915515189,settle,13
long_persona,7,174,235,0.6077156983932859,settle,14
long_persona,7,175,235,0.6256097555285621,settle,15
long_persona,7,176,235,0.6151792286401182,settle,14
long_persona,7,177,235,0.6204449322444993,settle,16
long_persona,7,178,235,0.6141024766405153,settle,16
long_persona,7,179,235,0.5952233720562248,settle,13
long_persona,7,180,235,0.5806285295018565,settle,15
long_persona,7,181,235,0.5963778639197004,settle,17
long_persona,7,182,235,0.5951931449241286,settle,15
long_persona,7,183,235,0.6066083793568438,settle,15
long_persona,7,184,235,0.6076959184359378,settle,15
long_persona,7,185,235,0.6017890808690703,settle,13
long_persona,7,186,235,0.6126002009717496,settle,16
long_persona,7,187,235,0.6133975971443365,settle,16
long_persona,7,188,235,0.608397020424053,settle,15
long_persona,7,189,235,0.6017362963408933,settle,14
long_persona,7,190,235,0.5955060091665999,settle,14
long_persona,7,191,235,0.6081590037775537,settle,12
long_persona,7,192,235,0.6051142795043564,settle,14
long_persona,7,193,235,0.6202762908593299,settle,12
long_persona,7,194,235,0.6219028000903176,settle,12
long_persona,7,195,235,0.613321473641486,settle,14
long_persona,7,196,235,0.6441189587206694,settle,15
long_persona,7,197,235,0.6241194241817786,settle,16
long_persona,7,198,235,0.5950046991423988,settle,14
long_persona,7,199,235,0.6119934936417345,settle,13
long_persona,7,200,235,0.6328669299830194,settle,14
long_persona,7,201,235,0.6223806515990318,settle,13
long_persona,7,202,235,0.6341737239196782,settle,14
long_persona,7,203,235,0.6437483567901378,settle,13
long_persona,7,204,235,0.6334369462697789,settle,14
long_persona,7,205,235,0.6332694408718768,settle,13
long_persona,7,206,235,0.611654204406022,settle,15
long_persona,7,207,235,0.6075633609173561,settle,15
long_persona,7,208,235,0.6170292604441076,settle,14
long_persona,7,209,235,0.6235401694246178,settle,17
long_persona,7,210,235,0.6140898946846781,settle,16
long_persona,7,211,235,0.6556744669430052,settle,15
long_persona,7,212,235,0.7004484619242801,settle,15
long_persona,7,213,235,0.6433020443109635,settle,15
long_persona,7,214,235,0.6121481156426952,settle,14
long_persona,7,215,235,0.6213534762518941,settle,13
long_persona,7,216,235,0.6311733393088552,settle,14
long_persona,7,217,235,0.6110767851220126,settle,15
long_persona,7,218,235,0.613229446221988,settle,16
long_persona,7,219,235,0.6114019007123908,settle,15
long_persona,7,220,235,0.627107445342115,settle,16
long_persona,7,221,235,0.6376566468211106,settle,17
long_persona,7,222,235,0.6161518885771988,settle,14
long_persona,7,223,235,0.6114884839628334,settle,15
long_persona,7,224,235,0.6099686726021181,settle,15
long_persona,7,225,235,0.6113096252286165,settle,14
long_persona,7,226,235,0.6082047747735282,settle,16
long_persona,7,227,235,0.6143495562535907,settle,16
long_persona,7,228,235,0.6287125262776704,settle,15
long_persona,7,229,235,0.6502353080753766,settle,13
long_persona,7,230,235,0.6506638126393719,settle,10
long_persona,7,231,235,0.6849780763069114,settle,7
long_persona,7,232,235,0.6539902278652249,settle,8
long_persona,7,233,235,0.6078480396819812,settle,14
long_persona,7,234,235,0.6184857129491983,settle,14
long_persona,8,0,264,0.16410773940089923,settle,2
long_persona,8,1,264,2.029542148871939,settle,1
long_persona,8,2,264,2.2398261439917007,settle,3
long_persona,8,3,264,0.5784603888301768,settle,4
long_persona,8,4,264,0.5612913914069787,settle,4
long_persona,8,5,264,0.628490029755381,settle,7
long_persona,8,6,264,0.6138988005289954,settle,7
long_persona,8,7,264,0.6066606676239212,settle,7
long_persona,8,8,264,0.6059483028431878,settle,12
long_persona,8,9,264,0.6231375887458488,settle,12
long_persona,8,10,264,0.6159309149688432,settle,12
long_persona,8,11,264,0.6071210950892924,settle,11
long_persona,8,12,264,0.6391295789269562,settle,11
long_persona,8,13,264,0.6106886018419185,settle,10
long_persona,8,14,264,0.5860352065324815,settle,11
long_persona,8,15,264,0.6109662483404754,settle,10
long_persona,8,16,264,0.5989401977909636,settle,10
long_persona,8,17,264,0.6057601762636068,settle,11
long_persona,8,18,264,0.6135551880842276,settle,10
long_persona,8,19,264,0.5985939036177798,settle,11
long_persona,8,20,264,0.6018458935674094,settle,10
long_persona,8,21,264,0.38746302886416,settle,12
long_persona,8,22,264,0.6186567754555351,settle,13
long_persona,8,23,264,0.5974060016717978,settle,12
long_persona,8,24,264,0.6088565522041484,settle,12
long_persona,8,25,264,0.6080407381040218,settle,12
long_persona,8,26,264,0.6643122949350592,settle,16
long_persona,8,27,264,0.6201076741018846,settle,13
long_persona,8,28,264,0.4460493989687472,settle,18
long_persona,8,29,264,0.6413772480591816,settle,13
long_persona,8,30,264,1.5987532097745922,settle,14
long_persona,8,31,264,0.6395136408980131,settle,15
long_persona,8,32,264,0.609278930255129,settle,11
long_persona,8,33,264,0.6096231558520603,settle,11
long_persona,8,34,264,0.6142849314979337,settle,12
long_persona,8,35,264,0.6185593329558827,settle,13
long_persona,8,36,264,0.6090086481310073,settle,12
long_persona,8,37,264,0.4184973387485424,settle,15
long_persona,8,38,264,0.6023597270393776,settle,15
long_persona,8,39,264,0.6010236119315866,settle,14
long_persona,8,40,264,0.5714116315730331,settle,15
long_persona,8,41,264,0.6050038742953027,settle,15
long_persona,8,42,264,0.40133306933600366,settle,13
long_persona,8,43,264,0.38456992008354757,settle,12
long_persona,8,44,264,0.6104134729454457,settle,16
long_persona,8,45,264,1.6361307780812364,settle,15
long_persona,8,46,264,0.5798006390539424,settle,15
long_persona,8,47,264,0.4529507372975139,settle,15
long_persona,8,48,264,0.44643209945762674,settle,16
long_persona,8,49,264,0.4544634214735214,settle,17
long_persona,8,50,264,0.46561323893022594,settle,16
long_persona,8,51,264,0.4892381813870807,settle,16
long_persona,8,52,264,0.4876459144806053,settle,21
long_persona,8,53,264,0.4936228891283327,settle,15
long_persona,8,54,264,0.6098322410573639,settle,14
long_persona,8,55,264,0.6049389657146547,settle,14
long_persona,8,56,264,0.42116633720761554,settle,20
long_persona,8,57,264,0.4031443316887962,settle,16
long_persona,8,58,264,0.4917420227091691,settle,15
long_persona,8,59,264,0.4238581266277088,settle,14
long_persona,8,60,264,0.566111504251847,settle,17
long_persona,8,61,264,0.5818308164597024,settle,13
long_persona,8,62,264,0.5858396382315392,settle,14
long_persona,8,63,264,0.5939618801548441,settle,13
long_persona,8,64,264,0.5665587740917245,settle,14
long_persona,8,65,264,0.6000941174478186,settle,14
long_persona,8,66,264,0.6028522278592745,settle,15
long_persona,8,67,264,0.4025700793594744,settle,15
long_persona,8,68,264,0.6893070045197212,settle,16
long_persona,8,69,264,0.6319890616689746,settle,15
long_persona,8,70,264,0.6733894345662771,settle,16
long_persona,8,71,264,0.5886127744057522,settle,17
long_persona,8,72,264,0.5524018300669287,settle,20
long_persona,8,73,264,0.6139070792177008,settle,19
long_persona,8,74,264,0.5282407479815078,settle,19
long_persona,8,75,264,0.4793066167240471,settle,17
long_persona,8,76,264,0.5882292525509601,settle,17
long_persona,8,77,264,1.6005626109848885,settle,16
long_persona,8,78,264,0.4507777759982678,settle,21
long_persona,8,79,264,0.5986250905477215,settle,14
long_persona,8,80,264,0.6050164266441483,settle,16
long_persona,8,81,264,0.4404720380247259,settle,15
long_persona,8,82,264,0.6201146340860195,settle,15
long_persona,8,83,264,0.5974813762247163,settle,19
long_persona,8,84,264,0.5885969574201194,settle,16
long_persona,8,85,264,0.6083984758949611,settle,15
long_persona,8,86,264,0.6119747885595455,settle,15
long_persona,8,87,264,0.608634625377786,settle,14
long_persona,8,88,264,0.6245601326814061,settle,14
long_persona,8,89,264,0.6093493426611453,settle,14
long_persona,8,90,264,0.6406731087712575,settle,15
long_persona,8,91,264,0.5980252469720998,settle,17
long_persona,8,92,264,0.6094198802147787,settle,16
long_persona,8,93,264,0.6369224230881798,settle,13
long_persona,8,94,264,0.661911657722186,settle,13
long_persona,8,95,264,0.616976435011727,settle,14
long_persona,8,96,264,0.6204464007442454,settle,15
long_persona,8,97,264,0.617416914533159,settle,14
long_persona,8,98,264,0.44159976049076055,settle,14
long_persona,8,99,264,0.623371169828257,settle,13
long_persona,8,100,264,0.6091588796516823,settle,13
long_persona,8,101,264,0.44163874598011726,settle,15
long_persona,8,102,264,0.6090544112830398,settle,14
long_persona,8,103,264,0.6021337581240195,settle,14
long_persona,8,104,264,0.6083864027269262,settle,14
long_persona,8,105,264,0.3908749590209742,settle,14
long_persona,8,106,264,0.6024165044633765,settle,13
long_persona,8,107,264,0.5547821312979946,settle,14
long_persona,8,108,264,0.6130085023799123,settle,13
long_persona,8,109,264,0.6280217248187628,settle,13
long_persona,8,110,264,0.5996987919595584,settle,14
long_persona,8,111,264,0.606918008589342,settle,12
long_persona,8,112,264,0.5653080281505702,settle,15
long_persona,8,113,264,0.6356401747202383,settle,16
long_persona,8,114,264,1.6086004770678253,settle,26
long_persona,8,115,264,0.6087257647857544,settle,14
long_persona,8,116,264,1.58623606783779,settle,14
long_persona,8,117,264,0.5015937480832591,settle,17
long_persona,8,118,264,1.550953560159134,settle,15
long_persona,8,119,264,1.5075638711734471,settle,18
long_persona,8,120,264,0.5391187357833568,settle,17
long_persona,8,121,264,0.43187658194376516,settle,14
long_persona,8,122,264,1.5010183884611048,settle,14
long_persona,8,123,264,0.6246446549270713,settle,17
long_persona,8,124,264,0.5865367471378249,settle,17
long_persona,8,125,264,0.5918130680436693,settle,15
long_persona,8,126,264,0.5674651654278187,settle,17
long_persona,8,127,264,1.59627000204195,settle,17
long_persona,8,128,264,1.543945189970325,settle,17
long_persona,8,129,264,0.5549857099203094,settle,14
long_persona,8,130,264,0.37992124345431394,settle,14
long_persona,8,131,264,0.3878756808455635,settle,16
long_persona,8,132,264,0.6535974945598301,settle,16
long_persona,8,133,264,0.3853631486775657,settle,14
long_persona,8,134,264,0.48063691236753614,settle,16
long_persona,8,135,264,0.5294631349813594,settle,18
long_persona,8,136,264,0.49570643550530935,settle,14
long_persona,8,137,264,0.6249636447150482,settle,13
long_persona,8,138,264,0.6228239351274981,settle,17
long_persona,8,139,264,1.606351604811149,settle,16
long_persona,8,140,264,0.5966414719333046,settle,14
long_persona,8,141,264,0.5216864182724045,settle,14
long_persona,8,142,264,0.5610301336927227,settle,14
long_persona,8,143,264,0.5699083542012342,settle,13
long_persona,8,144,264,0.5420384730762574,settle,15
long_persona,8,145,264,0.5383025047419949,settle,17
long_persona,8,146,264,1.536034152989338,settle,16
long_persona,8,147,264,0.6198363578351233,settle,15
long_persona,8,148,264,0.5574097016398436,settle,15
long_persona,8,149,264,0.5261323042583567,settle,17
long_persona,8,150,264,0.5946865486415996,settle,17
long_persona,8,151,264,0.5333091393241183,settle,21
long_persona,8,152,264,1.5301477567259318,settle,22
long_persona,8,153,264,2.549994411922629,settle,18
long_persona,8,154,264,2.569567344149519,settle,22
long_persona,8,155,264,1.5686839428649735,settle,18
long_persona,8,156,264,0.5740958115070015,settle,17
long_persona,8,157,264,0.6266389942471979,settle,17
long_persona,8,158,264,0.6195196566505,settle,11
long_persona,8,159,264,0.646582391842097,settle,9
long_persona,8,160,264,0.6153147823868785,settle,9
long_persona,8,161,264,0.6442011307118427,settle,8
long_persona,8,162,264,0.6256295682009756,settle,16
long_persona,8,163,264,0.6442682148224219,settle,13
long_persona,8,164,264,0.6289178147507609,settle,15
long_persona,8,165,264,0.6299690596640424,settle,19
long_persona,8,166,264,0.6628458378278882,settle,18
long_persona,8,167,264,0.650446332540335,settle,15
long_persona,8,168,264,0.6370897895502182,settle,17
long_persona,8,169,264,0.6179177929854194,settle,19
long_persona,8,170,264,0.6393241788440007,settle,16
long_persona,8,171,264,0.6466204225622865,settle,21
long_persona,8,172,264,0.6524594096183691,settle,19
long_persona,8,173,264,0.6634627950948012,settle,18
long_persona,8,174,264,0.3422049513394946,settle,19
long_persona,8,175,264,0.6583625908133857,settle,21
long_persona,8,176,264,0.6576820272350261,settle,20
long_persona,8,177,264,0.6411997584535929,settle,16
long_persona,8,178,264,0.6401778627035624,settle,17
long_persona,8,179,264,0.6276018856609127,settle,16
long_persona,8,180,264,0.38138940951610567,settle,16
long_persona,8,181,264,0.6044517907685014,settle,15
long_persona,8,182,264,0.40788210664675534,settle,15
long_persona,8,183,264,0.5993657992465293,settle,15
long_persona,8,184,264,0.610767644451006,settle,15
long_persona,8,185,264,0.6026644163124918,settle,12
long_persona,8,186,264,0.6042831129946834,settle,15
long_persona,8,187,264,0.6057103128742384,settle,17
long_persona,8,188,264,0.6301966164283557,settle,17
long_persona,8,189,264,1.597793671661816,settle,20
long_persona,8,190,264,0.3712643697995369,settle,19
long_persona,8,191,264,1.6092748792220422,settle,18
long_persona,8,192,264,0.607627404488253,settle,21
long_persona,8,193,264,0.6254416952594455,settle,21
long_persona,8,194,264,1.630496730568328,settle,22
long_persona,8,195,264,1.636104533062647,settle,22
long_persona,8,196,264,0.6435551167502482,settle,18
long_persona,8,197,264,0.6437807406813029,settle,16
long_persona,8,198,264,0.6404925166710697,settle,19
long_persona,8,199,264,0.653659159587463,settle,17
long_persona,8,200,264,0.6274021573050471,settle,18
long_persona,8,201,264,1.6295788172645758,settle,18
long_persona,8,202,264,0.6355156218499496,settle,17
long_persona,8,203,264,0.6422396416122548,settle,19
long_persona,8,204,264,0.6271856949712359,settle,17
long_persona,8,205,264,0.6115753309885988,settle,13
long_persona,8,206,264,0.5713409976878981,settle,16
long_persona,8,207,264,2.5743109461473903,settle,20
long_persona,8,208,264,0.6110556773380871,settle,21
long_persona,8,209,264,0.3787059791596895,settle,20
long_persona,8,210,264,1.4131704285891178,settle,20
long_persona,8,211,264,1.6096581302497877,settle,20
long_persona,8,212,264,1.6189003872789045,settle,19
long_persona,8,213,264,1.6112806711019434,settle,18
long_persona,8,214,264,0.6270524486712397,settle,18
long_persona,8,215,264,0.37475248369831465,settle,20
long_persona,8,216,264,0.680382055090052,settle,20
long_persona,8,217,264,0.3687795340977487,settle,20
long_persona,8,218,264,0.6159362467579113,settle,19
long_persona,8,219,264,1.6222236312466434,settle,18
long_persona,8,220,264,1.6253688971384412,settle,21
long_persona,8,221,264,0.6226504214823586,settle,19
long_persona,8,222,264,0.6093811849277734,settle,19
long_persona,8,223,264,0.607402365452351,settle,19
long_persona,8,224,264,0.5997055890912051,settle,21
long_persona,8,225,264,0.6146057179614782,settle,18
long_persona,8,226,264,0.6168599542286507,settle,14
long_persona,8,227,264,0.6278304901892149,settle,17
long_persona,8,228,264,0.6341348892476735,settle,18
long_persona,8,229,264,0.6032028343789391,settle,17
long_persona,8,230,264,0.6053874814023655,settle,17
long_persona,8,231,264,0.6283653448512033,settle,17
long_persona,8,232,264,0.6267360564261031,settle,18
long_persona,8,233,264,0.6307710916762113,settle,17
long_persona,8,234,264,0.6383085242711337,settle,17
long_persona,8,235,264,0.3659061594985458,settle,17
long_persona,8,236,264,0.6336952087845242,settle,18
long_persona,8,237,264,0.6040186129395396,settle,18
long_persona,8,238,264,0.6239725843207072,settle,19
long_persona,8,239,264,0.6263535009020068,settle,17
long_persona,8,240,264,0.6132959389785809,settle,18
long_persona,8,241,264,0.6195738767631057,settle,18
long_persona,8,242,264,0.6055441210540297,settle,18
long_persona,8,243,264,0.625643928332507,settle,18
long_persona,8,244,264,0.6367785545905116,settle,16
long_persona,8,245,264,0.6491354312344498,settle,17
long_persona,8,246,264,0.6279563753016805,settle,15
long_persona,8,247,264,0.6314077264116796,settle,15
long_persona,8,248,264,0.64078453860259,settle,17
long_persona,8,249,264,0.6178575889423852,settle,14
long_persona,8,250,264,0.6187682758746196,settle,15
long_persona,8,251,264,0.639246136881985,settle,15
long_persona,8,252,264,0.6447672574707997,settle,17
long_persona,8,253,264,0.6409863139019283,settle,17
long_persona,8,254,264,0.6174727253922363,settle,15
long_persona,8,255,264,0.6295092698007816,settle,17
long_persona,8,256,264,0.3897254508997413,settle,17
long_persona,8,257,264,0.6557268103602455,settle,13
long_persona,8,258,264,0.6940115757725153,settle,12
long_persona,8,259,264,0.6696176359155304,settle,11
long_persona,8,260,264,0.6904350864664067,settle,8
long_persona,8,261,264,0.6806967331355405,settle,9
long_persona,8,262,264,0.633136983344259,settle,13
long_persona,8,263,264,0.6240167105901919,settle,14
long_persona,9,0,227,0.8517149264189898,settle,2
long_persona,9,1,227,1.1177587912149372,settle,1
long_persona,9,2,227,4.515113160096501,settle,3
long_persona,9,3,227,0.60237156739771,settle,4
long_persona,9,4,227,0.5973044565276793,settle,4
long_persona,9,5,227,0.6358011247820715,settle,7
long_persona,9,6,227,0.6021679941433182,settle,7
long_persona,9,7,227,0.6055419021555102,settle,7
long_persona,9,8,227,0.6081551003183762,settle,11
long_persona,9,9,227,0.638421671633138,settle,11
long_persona,9,10,227,0.6373651143274385,settle,12
long_persona,9,11,227,0.6100533788717246,settle,11
long_persona,9,12,227,0.6488500990243009,settle,11
long_persona,9,13,227,0.6100607587323081,settle,10
long_persona,9,14,227,0.5894433630578981,settle,11
long_persona,9,15,227,0.6077548142357272,settle,10
long_persona,9,16,227,0.6102365890009779,settle,10
long_persona,9,17,227,0.6080947371928797,settle,10
long_persona,9,18,227,0.6210145250570518,settle,11
long_persona,9,19,227,0.6018680501201006,settle,10
long_persona,9,20,227,0.6062548832820637,settle,10
long_persona,9,21,227,0.38745019380428075,settle,13
long_persona,9,22,227,0.6203117426077247,settle,12
long_persona,9,23,227,0.593301406718555,settle,11
long_persona,9,24,227,0.6105296415851591,settle,12
long_persona,9,25,227,0.6051035382757167,settle,12
long_persona,9,26,227,0.6854861358698127,settle,27
long_persona,9,27,227,0.6234762721155451,settle,14
long_persona,9,28,227,0.4768670851951299,settle,18
long_persona,9,29,227,0.6140449383283966,settle,14
long_persona,9,30,227,1.5924190125096616,settle,15
long_persona,9,31,227,0.6280269885627766,settle,16
long_persona,9,32,227,0.6008176666120311,settle,11
long_persona,9,33,227,0.5992347888488889,settle,11
long_persona,9,34,227,0.6107918528757397,settle,12
long_persona,9,35,227,0.6175801764308139,settle,11
long_persona,9,36,227,0.6154934595993639,settle,12
long_persona,9,37,227,0.4013699200427405,settle,13
long_persona,9,38,227,0.6033057311054271,settle,14
long_persona,9,39,227,0.5987218879855278,settle,13
long_persona,9,40,227,0.5819257833969039,settle,15
long_persona,9,41,227,0.596405233113176,settle,16
long_persona,9,42,227,0.4035291530382443,settle,15
long_persona,9,43,227,0.388546410343495,settle,12
long_persona,9,44,227,0.6210585296351268,settle,16
long_persona,9,45,227,1.6308007080109381,settle,16
long_persona,9,46,227,0.43038736649607884,settle,16
long_persona,9,47,227,0.42503666518226224,settle,15
long_persona,9,48,227,0.44102577115812075,settle,17
long_persona,9,49,227,0.4455155835258787,settle,19
long_persona,9,50,227,0.43811939250917664,settle,19
long_persona,9,51,227,1.4590644318161832,settle,18
long_persona,9,52,227,1.4665817098635623,settle,22
long_persona,9,53,227,0.5801215649359076,settle,16
long_persona,9,54,227,0.6065721171381722,settle,14
long_persona,9,55,227,0.6058301555863284,settle,14
long_persona,9,56,227,0.3799029780663268,settle,16
long_persona,9,57,227,0.41802283956868713,settle,18
long_persona,9,58,227,0.4892180156402783,settle,15
long_persona,9,59,227,0.4196464229124109,settle,14
long_persona,9,60,227,0.4810493438938837,settle,20
long_persona,9,61,227,0.5147564685317593,settle,13
long_persona,9,62,227,0.5476278236918695,settle,14
long_persona,9,63,227,0.5838017785910474,settle,14
long_persona,9,64,227,0.5066231762927514,settle,14
long_persona,9,65,227,0.5943189464249587,settle,15
long_persona,9,66,227,0.5956429743022866,settle,15
long_persona,9,67,227,0.5731358349402319,settle,16
long_persona,9,68,227,0.6799711140524332,settle,17
long_persona,9,69,227,0.6136385037288522,settle,15
long_persona,9,70,227,0.6671146998466134,settle,16
long_persona,9,71,227,1.5995963060967355,settle,18
long_persona,9,72,227,0.5608542161041096,settle,20
long_persona,9,73,227,0.5997135246766178,settle,20
long_persona,9,74,227,0.5286527465156403,settle,19
long_persona,9,75,227,0.4540584015311921,settle,16
long_persona,9,76,227,0.5968065733885147,settle,18
long_persona,9,77,227,1.5927396305515422,settle,16
long_persona,9,78,227,0.48094265270452974,settle,17
long_persona,9,79,227,1.5816901473969076,settle,14
long_persona,9,80,227,1.597612682449123,settle,16
long_persona,9,81,227,0.4379008081078983,settle,15
long_persona,9,82,227,0.6119359382892264,settle,15
long_persona,9,83,227,0.5889565470736146,settle,19
long_persona,9,84,227,0.5454478659232949,settle,15
long_persona,9,85,227,0.6128196174792319,settle,15
long_persona,9,86,227,0.6157994930887225,settle,14
long_persona,9,87,227,0.6096064454602916,settle,14
long_persona,9,88,227,0.6277306975547413,settle,14
long_persona,9,89,227,0.6087743330812667,settle,14
long_persona,9,90,227,0.6355993028471365,settle,15
long_persona,9,91,227,0.6008623366988532,settle,17
long_persona,9,92,227,0.6055750644785906,settle,16
long_persona,9,93,227,0.6296857577022824,settle,14
long_persona,9,94,227,0.6688458152803161,settle,13
long_persona,9,95,227,0.6217978999758208,settle,14
long_persona,9,96,227,0.623924089721311,settle,14
long_persona,9,97,227,0.6172626976003135,settle,14
long_persona,9,98,227,0.4321900098569786,settle,15
long_persona,9,99,227,0.6184105301694601,settle,13
long_persona,9,100,227,0.4003459234693998,settle,14
long_persona,9,101,227,0.44345128725499894,settle,15
long_persona,9,102,227,0.41422979057218373,settle,15
long_persona,9,103,227,0.5968247030781989,settle,14
long_persona,9,104,227,0.6143136153330624,settle,14
long_persona,9,105,227,0.38649581793509186,settle,15
long_persona,9,106,227,0.5496123044989881,settle,14
long_persona,9,107,227,1.5068418499612561,settle,15
long_persona,9,108,227,0.596447900860338,settle,14
long_persona,9,109,227,0.5924920563594708,settle,14
long_persona,9,110,227,0.5736465984228801,settle,14
long_persona,9,111,227,0.5942972539857829,settle,13
long_persona,9,112,227,1.5046198532350277,settle,16
long_persona,9,113,227,0.6314075440735094,settle,16
long_persona,9,114,227,2.5609793949092947,settle,26
long_persona,9,115,227,0.40621081835751255,settle,16
long_persona,9,116,227,0.5179330914685286,settle,17
long_persona,9,117,227,0.45061039758724347,settle,21
long_persona,9,118,227,2.480066791377625,settle,16
long_persona,9,119,227,2.4648051600092686,settle,21
long_persona,9,120,227,1.4621508361684592,settle,22
long_persona,9,121,227,0.40782314466253733,settle,16
long_persona,9,122,227,1.4800363957836484,settle,16
long_persona,9,123,227,0.620038985393064,settle,17
long_persona,9,124,227,0.5098993104018243,settle,17
long_persona,9,125,227,0.49358558672422626,settle,16
long_persona,9,126,227,0.4107116644118309,settle,21
long_persona,9,127,227,0.5180989883882892,settle,20
long_persona,9,128,227,1.480598726849063,settle,20
long_persona,9,129,227,0.48251090483190234,settle,15
long_persona,9,130,227,0.38386597108223314,settle,14
long_persona,9,131,227,0.3986793216040553,settle,16
long_persona,9,132,227,0.657620304568158,settle,17
long_persona,9,133,227,1.4429427937576926,settle,17
long_persona,9,134,227,1.4484452863777384,settle,17
long_persona,9,135,227,0.47309440056993113,settle,21
long_persona,9,136,227,0.44767218325160707,settle,17
long_persona,9,137,227,0.6206975821991644,settle,14
long_persona,9,138,227,0.6173968815023674,settle,16
long_persona,9,139,227,1.5790842660097046,settle,17
long_persona,9,140,227,0.5194701548617294,settle,15
long_persona,9,141,227,0.4503918392611629,settle,16
long_persona,9,142,227,0.4962380964756807,settle,15
long_persona,9,143,227,0.528157125268437,settle,14
long_persona,9,144,227,0.49850393448860986,settle,16
long_persona,9,145,227,0.4765507913585341,settle,17
long_persona,9,146,227,1.4725843064178326,settle,17
long_persona,9,147,227,0.397765654790568,settle,16
long_persona,9,148,227,0.497944608383634,settle,16
long_persona,9,149,227,0.4909476735864488,settle,21
long_persona,9,150,227,0.5629380579689326,settle,17
long_persona,9,151,227,1.4816094850684585,settle,24
long_persona,9,152,227,1.4729147058514247,settle,25
long_persona,9,153,227,1.4890059205195096,settle,22
long_persona,9,154,227,2.525307446311163,settle,22
long_persona,9,155,227,1.5297692835017973,settle,20
long_persona,9,156,227,1.524391946720293,settle,21
long_persona,9,157,227,0.6178592233422208,settle,17
long_persona,9,158,227,0.616547038786174,settle,11
long_persona,9,159,227,0.6401993333632194,settle,9
long_persona,9,160,227,0.6118719715149644,settle,10
long_persona,9,161,227,0.634463379950752,settle,8
long_persona,9,162,227,0.6252419492570613,settle,16
long_persona,9,163,227,0.39261707105858595,settle,13
long_persona,9,164,227,0.6233894479579963,settle,11
long_persona,9,165,227,0.6375481815072599,settle,15
long_persona,9,166,227,0.6096094352615711,settle,17
long_persona,9,167,227,0.6494323983879136,settle,12
long_persona,9,168,227,0.6516947305534019,settle,15
long_persona,9,169,227,0.6399495650715613,settle,15
long_persona,9,170,227,0.6475736202858423,settle,13
long_persona,9,171,227,0.6309989546258137,settle,13
long_persona,9,172,227,0.6466463024992661,settle,12
long_persona,9,173,227,0.6551314382377154,settle,13
long_persona,9,174,227,0.6551239629966158,settle,12
long_persona,9,175,227,0.6624533331481258,settle,12
long_persona,9,176,227,0.6508899414710211,settle,11
long_persona,9,177,227,0.647545121447964,settle,12
long_persona,9,178,227,0.6890274304638522,settle,15
long_persona,9,179,227,0.6615441669454872,settle,14
long_persona,9,180,227,0.6395081379948321,settle,13
long_persona,9,181,227,0.662175073521459,settle,15
long_persona,9,182,227,0.6484901159137927,settle,15
long_persona,9,183,227,0.5714970235362364,settle,17
long_persona,9,184,227,0.6418270808378806,settle,14
long_persona,9,185,227,0.6615458318931096,settle,12
long_persona,9,186,227,0.6628931057527404,settle,14
long_persona,9,187,227,0.6477300350003617,settle,13
long_persona,9,188,227,0.6156432008945402,settle,12
long_persona,9,189,227,1.6381484495764564,settle,13
long_persona,9,190,227,0.6274376323956646,settle,14
long_persona,9,191,227,0.6236412738971205,settle,15
long_persona,9,192,227,0.6218405261617355,settle,16
long_persona,9,193,227,0.6385277076531253,settle,14
long_persona,9,194,227,0.38653309096089294,settle,13
long_persona,9,195,227,0.38736472832527274,settle,14
long_persona,9,196,227,0.6156922597311115,settle,14
long_persona,9,197,227,1.6407916754600083,settle,13
long_persona,9,198,227,0.6165722172016626,settle,19
long_persona,9,199,227,0.6209856511412565,settle,16
long_persona,9,200,227,0.6082949251365898,settle,13
long_persona,9,201,227,0.6305036504160084,settle,11
long_persona,9,202,227,0.6185674253187567,settle,13
long_persona,9,203,227,0.6155023243941455,settle,12
long_persona,9,204,227,0.6173197547885676,settle,14
long_persona,9,205,227,0.6283600150153398,settle,14
long_persona,9,206,227,0.6185464624211006,settle,13
long_persona,9,207,227,0.6209034262937531,settle,12
long_persona,9,208,227,0.6244666256819567,settle,13
long_persona,9,209,227,0.6318910935989394,settle,16
long_persona,9,210,227,0.6423296704464908,settle,14
long_persona,9,211,227,0.6150850693444355,settle,12
long_persona,9,212,227,0.6204769738850845,settle,14
long_persona,9,213,227,0.6215429907741818,settle,13
long_persona,9,214,227,0.6155069108266483,settle,12
long_persona,9,215,227,0.6282606484234768,settle,14
long_persona,9,216,227,0.6111138335238033,settle,13
long_persona,9,217,227,0.3859774191816319,settle,14
long_persona,9,218,227,0.6225890385713532,settle,13
long_persona,9,219,227,0.4017369722572728,settle,16
long_persona,9,220,227,0.6297926678196306,settle,12
long_persona,9,221,227,0.6798231196778448,settle,11
long_persona,9,222,227,0.6670391648480275,settle,10
long_persona,9,223,227,0.7260287407338938,settle,7
long_persona,9,224,227,0.66889321723793,settle,8
long_persona,9,225,227,0.6279565067817782,settle,12
long_persona,9,226,227,0.6625334137030329,settle,13
long_persona,10,0,228,0.8517136500875412,settle,2
long_persona,10,1,228,1.1177578948286768,settle,1
long_persona,10,2,228,4.5141292365688335,settle,3
long_persona,10,3,228,0.6023715965798345,settle,4
long_persona,10,4,228,0.5973043979137521,settle,4
long_persona,10,5,228,0.6358010946504263,settle,7
long_persona,10,6,228,0.6021679805306961,settle,7
long_persona,10,7,228,0.6055419065641465,settle,7
long_persona,10,8,228,0.608155058775697,settle,11
long_persona,10,9,228,0.6384216990850919,settle,11
long_persona,10,10,228,0.6373651327431229,settle,12
long_persona,10,11,228,0.6100533487159975,settle,11
long_persona,10,12,228,0.6488501606904309,settle,11
long_persona,10,13,228,0.6100607333505049,settle,10
long_persona,10,14,228,0.5894434018204433,settle,11
long_persona,10,15,228,0.6077548284741688,settle,10
long_persona,10,16,228,0.6102366585407224,settle,10
long_persona,10,17,228,0.6080947789993708,settle,10
long_persona,10,18,228,0.6210144626926075,settle,11
long_persona,10,19,228,0.6018680932272287,settle,10
long_persona,10,20,228,0.6062548772895269,settle,10
long_persona,10,21,228,0.3874501751180261,settle,13
long_persona,10,22,228,0.6203117481300069,settle,12
long_persona,10,23,228,0.5933013688034559,settle,11
long_persona,10,24,228,0.610529640520685,settle,12
long_persona,10,25,228,0.6051035936073947,settle,12
long_persona,10,26,228,0.6854861605938246,settle,27
long_persona,10,27,228,0.6234763220029595,settle,14
long_persona,10,28,228,0.4768671262546428,settle,18
long_persona,10,29,228,0.6140448867156989,settle,14
long_persona,10,30,228,1.592418996771528,settle,15
long_persona,10,31,228,0.6280269953974671,settle,16
long_persona,10,32,228,0.6008176507425627,settle,11
long_persona,10,33,228,0.5992347445085253,settle,11
long_persona,10,34,228,0.610791834680455,settle,12
long_persona,10,35,228,0.6175802547676433,settle,11
long_persona,10,36,228,0.6154934722388464,settle,12
long_persona,10,37,228,0.4013699541738592,settle,13
long_persona,10,38,228,0.6033056706901002,settle,14
long_persona,10,39,228,0.5987218689788776,settle,13
long_persona,10,40,228,0.5819258835030435,settle,15
long_persona,10,41,228,0.5964053003682297,settle,16
long_persona,10,42,228,0.40352914428430087,settle,15
long_persona,10,43,228,0.3885464065385265,settle,12
long_persona,10,44,228,0.6210585109121753,settle,16
long_persona,10,45,228,1.6308007716771298,settle,16
long_persona,10,46,228,0.430387384877933,settle,16
long_persona,10,47,228,0.42503658223593255,settle,15
long_persona,10,48,228,0.4410256304207751,settle,17
long_persona,10,49,228,0.445515561998597,settle,19
long_persona,10,50,228,0.4381193681505184,settle,19
long_persona,10,51,228,1.459064506110499,settle,18
long_persona,10,52,228,1.466581729060278,settle,22
long_persona,10,53,228,0.5801212756269565,settle,16
long_persona,10,54,228,0.6065720928747264,settle,14
long_persona,10,55,228,0.6058301553759098,settle,14
long_persona,10,56,228,0.3799029549819103,settle,16
long_persona,10,57,228,0.41802286328283456,settle,18
long_persona,10,58,228,0.48921797037066644,settle,15
long_persona,10,59,228,0.41964642707274724,settle,14
long_persona,10,60,228,0.4810494091511546,settle,20
long_persona,10,61,228,0.5147567192488081,settle,13
long_persona,10,62,228,0.5476278423014075,settle,14
long_persona,10,63,228,0.583801832900478,settle,14
long_persona,10,64,228,0.506623401870159,settle,14
long_persona,10,65,228,0.5943189422651162,settle,15
long_persona,10,66,228,0.5956429931422803,settle,15
long_persona,10,67,228,0.5731358226055606,settle,16
long_persona,10,68,228,0.6799711515675093,settle,17
long_persona,10,69,228,0.6136385983802101,settle,15
long_persona,10,70,228,0.6671147966161979,settle,16
long_persona,10,71,228,1.5995963954519152,settle,18
long_persona,10,72,228,0.5608543357067909,settle,20
long_persona,10,73,228,0.5997134638860607,settle,20
long_persona,10,74,228,0.5286529439677344,settle,19
long_persona,10,75,228,0.4540589239265973,settle,16
long_persona,10,76,228,0.596806532458254,settle,18
long_persona,10,77,228,1.5927395400896738,settle,16
long_persona,10,78,228,0.4809425762019758,settle,17
long_persona,10,79,228,1.5816900946531234,settle,14
long_persona,10,80,228,1.597612603917078,settle,16
long_persona,10,81,228,0.4379007729505505,settle,15
long_persona,10,82,228,0.6119359963256009,settle,15
long_persona,10,83,228,0.58895672234457,settle,19
long_persona,10,84,228,0.5454478834013061,settle,15
long_persona,10,85,228,0.6128195464688642,settle,15
long_persona,10,86,228,0.6157995644461273,settle,14
long_persona,10,87,228,0.6096064889779359,settle,14
long_persona,10,88,228,0.6277306579883941,settle,14
long_persona,10,89,228,0.6087743440902366,settle,14
long_persona,10,90,228,0.6355992516342065,settle,15
long_persona,10,91,228,0.6008623191601639,settle,17
long_persona,10,92,228,0.6055751673691047,settle,16
long_persona,10,93,228,0.6296858855340277,settle,14
long_persona,10,94,228,0.6688457262786552,settle,13
long_persona,10,95,228,0.6217978203501681,settle,14
long_persona,10,96,228,0.6239240748775856,settle,14
long_persona,10,97,228,0.6172626792378956,settle,14
long_persona,10,98,228,0.43219001410269997,settle,15
long_persona,10,99,228,0.6184104855022097,settle,13
long_persona,10,100,228,0.4003460520585337,settle,14
long_persona,10,101,228,0.44345127531908896,settle,15
long_persona,10,102,228,0.4142299005900261,settle,15
long_persona,10,103,228,0.5968246807809159,settle,14
long_persona,10,104,228,0.6143136653905469,settle,14
long_persona,10,105,228,0.3864958884372433,settle,15
long_persona,10,106,228,0.5496122651294306,settle,14
long_persona,10,107,228,1.5068418728103699,settle,15
long_persona,10,108,228,0.5964480120499344,settle,14
long_persona,10,109,228,0.5924920449815478,settle,14
long_persona,10,110,228,0.573646611164042,settle,14
long_persona,10,111,228,0.5942972579929547,settle,13
long_persona,10,112,228,1.5046198411793448,settle,16
long_persona,10,113,228,0.6314075944690023,settle,16
long_persona,10,114,228,2.560979461198457,settle,26
long_persona,10,115,228,0.406211212284648,settle,16
long_persona,10,116,228,0.5179329391418157,settle,17
long_persona,10,117,228,0.45061034135328426,settle,21
long_persona,10,118,228,2.4800667495406064,settle,16
long_persona,10,119,228,2.4648052032584418,settle,21
long_persona,10,120,228,1.4621507594474965,settle,22
long_persona,10,121,228,0.40782315121351403,settle,16
long_persona,10,122,228,1.4800364399357455,settle,16
long_persona,10,123,228,0.6200389874986123,settle,17
long_persona,10,124,228,0.5099006892305181,settle,17
long_persona,10,125,228,0.4935856496531014,settle,16
long_persona,10,126,228,0.4107116610700008,settle,21
long_persona,10,127,228,0.5180988432934053,settle,20
long_persona,10,128,228,1.4805987038760537,settle,20
long_persona,10,129,228,0.4825108768261915,settle,15
long_persona,10,130,228,0.3838659337328882,settle,14
long_persona,10,131,228,0.3986790647362,settle,16
long_persona,10,132,228,0.6576202705353498,settle,17
long_persona,10,133,228,1.4429428756808622,settle,17
long_persona,10,134,228,1.4484453144173668,settle,17
long_persona,10,135,228,0.4730944380235658,settle,21
long_persona,10,136,228,0.44767219844118716,settle,17
long_persona,10,137,228,0.6206976560150373,settle,14
long_persona,10,138,228,0.6173970149454111,settle,16
long_persona,10,139,228,1.5790843463242776,settle,17
long_persona,10,140,228,0.5194701327492558,settle,15
long_persona,10,141,228,0.45039188139860037,settle,16
long_persona,10,142,228,0.49623809153350584,settle,15
long_persona,10,143,228,0.5281572283568854,settle,14
long_persona,10,144,228,0.4985039498661402,settle,16
long_persona,10,145,228,0.47655079968396363,settle,17
long_persona,10,146,228,1.472584349438797,settle,17
long_persona,10,147,228,0.3977656352192742,settle,16
long_persona,10,148,228,0.4979444222171273,settle,16
long_persona,10,149,228,0.4909476757786005,settle,21
long_persona,10,150,228,0.5629379843540351,settle,17
long_persona,10,151,228,1.481609335724799,settle,24
long_persona,10,152,228,1.4729146527842434,settle,25
long_persona,10,153,228,1.4890059119148278,settle,22
long_persona,10,154,228,2.5253074351485334,settle,22
long_persona,10,155,228,1.529769231204821,settle,20
long_persona,10,156,228,1.5243919671146104,settle,21
long_persona,10,157,228,0.6178592184729848,settle,17
long_persona,10,158,228,0.6165469981076377,settle,11
long_persona,10,159,228,0.6401993122290522,settle,9
long_persona,10,160,228,0.6118719673577954,settle,10
long_persona,10,161,228,0.6344633179601733,settle,8
long_persona,10,162,228,0.6252420004225944,settle,16
long_persona,10,163,228,0.6099216525661657,settle,15
long_persona,10,164,228,0.634356566032531,settle,13
long_persona,10,165,228,0.6535774519167807,settle,12
long_persona,10,166,228,0.5963358497311814,settle,13
long_persona,10,167,228,0.6239431814008867,settle,12
long_persona,10,168,228,0.38682564699704747,settle,11
long_persona,10,169,228,0.6022448671032515,settle,11
long_persona,10,170,228,0.6050593525802394,settle,13
long_persona,10,171,228,0.6064699430563638,settle,12
long_persona,10,172,228,0.6054637372152254,settle,12
long_persona,10,173,228,0.6167257307940714,settle,12
long_persona,10,174,228,0.39352335839081376,settle,16
long_persona,10,175,228,0.39455257461526655,settle,15
long_persona,10,176,228,0.6027366785933993,settle,16
long_persona,10,177,228,0.38775071029643243,settle,15
long_persona,10,178,228,0.3994499428142361,settle,15
long_persona,10,179,228,0.6317466598894692,settle,16
long_persona,10,180,228,0.38069462736471193,settle,15
long_persona,10,181,228,0.3899508053411325,settle,14
long_persona,10,182,228,0.4069749320098635,settle,16
long_persona,10,183,228,0.3956337562613506,settle,15
long_persona,10,184,228,0.3953921435843092,settle,15
long_persona,10,185,228,0.3974364003860515,settle,15
long_persona,10,186,228,0.386364147995186,settle,15
long_persona,10,187,228,0.6167672708735631,settle,17
long_persona,10,188,228,0.3781681448094167,settle,16
long_persona,10,189,228,0.4009906131495799,settle,18
long_persona,10,190,228,0.623863914546844,settle,17
long_persona,10,191,228,0.37467387547567954,settle,15
long_persona,10,192,228,0.37990785284748163,settle,15
long_persona,10,193,228,0.375808543387291,settle,15
long_persona,10,194,228,0.40864169958819135,settle,16
long_persona,10,195,228,0.38934612795816564,settle,17
long_persona,10,196,228,0.3910924002343074,settle,16
long_persona,10,197,228,0.6166013881886286,settle,16
long_persona,10,198,228,0.6174120337343794,settle,14
long_persona,10,199,228,0.4097142356155497,settle,18
long_persona,10,200,228,0.3726728848477967,settle,16
long_persona,10,201,228,0.6269541007076765,settle,17
long_persona,10,202,228,0.36701776947879733,settle,16
long_persona,10,203,228,0.6126659043256631,settle,15
long_persona,10,204,228,0.6176572610750841,settle,14
long_persona,10,205,228,0.6096937803176837,settle,14
long_persona,10,206,228,0.3880121239751487,settle,15
long_persona,10,207,228,0.373123632201478,settle,17
long_persona,10,208,228,0.3768115728422764,settle,16
long_persona,10,209,228,0.37732006036241933,settle,15
long_persona,10,210,228,0.3944593109446529,settle,14
long_persona,10,211,228,0.39328594155100416,settle,17
long_persona,10,212,228,0.5916247467884985,settle,17
long_persona,10,213,228,0.6326083505297333,settle,15
long_persona,10,214,228,0.6463677042638484,settle,15
long_persona,10,215,228,0.6162856678717697,settle,15
long_persona,10,216,228,0.6220469879879901,settle,14
long_persona,10,217,228,0.3834698169942753,settle,15
long_persona,10,218,228,0.37352665167185306,settle,13
long_persona,10,219,228,0.3709463379464792,settle,14
long_persona,10,220,228,0.6072452785118858,settle,17
long_persona,10,221,228,0.6373347575315067,settle,15
long_persona,10,222,228,0.6718686711645576,settle,13
long_persona,10,223,228,0.6630283680973744,settle,12
long_persona,10,224,228,0.7057356899384919,settle,8
long_persona,10,225,228,0.6563199437013307,settle,9
long_persona,10,226,228,0.6194096231784982,settle,14
long_persona,10,227,228,0.6227218235958217,settle,15
long_persona,11,0,229,0.8516264412385766,settle,2
long_persona,11,1,229,1.1177587385127803,settle,1
long_persona,11,2,229,4.514405693900223,settle,3
long_persona,11,3,229,0.6023715531392866,settle,4
long_persona,11,4,229,0.5973043862846998,settle,4
long_persona,11,5,229,0.635801145866613,settle,7
long_persona,11,6,229,0.6021679585489902,settle,7
long_persona,11,7,229,0.6055419244428836,settle,7
long_persona,11,8,229,0.6081551041627554,settle,11
long_persona,11,9,229,0.6384216540821543,settle,11
long_persona,11,10,229,0.6373651125183957,settle,12
long_persona,11,11,229,0.6100533202912752,settle,11
long_persona,11,12,229,0.6488501135613711,settle,11
long_persona,11,13,229,0.6100607719695235,settle,10
long_persona,11,14,229,0.5894434096832586,settle,11
long_persona,11,15,229,0.6077548084419059,settle,10
long_persona,11,16,229,0.61023657230468,settle,10
long_persona,11,17,229,0.6080947946222377,settle,10
long_persona,11,18,229,0.6210144737044991,settle,11
long_persona,11,19,229,0.6018680710914138,settle,10
long_persona,11,20,229,0.6062548884713842,settle,10
long_persona,11,21,229,0.38745011563279663,settle,13
long_persona,11,22,229,0.620311785399216,settle,12
long_persona,11,23,229,0.5933013596131842,settle,11
long_persona,11,24,229,0.6105296858026431,settle,12
long_persona,11,25,229,0.6051035372831725,settle,12
long_persona,11,26,229,0.6854860527000076,settle,27
long_persona,11,27,229,0.6234762888756451,settle,14
long_persona,11,28,229,0.47686717337781526,settle,18
long_persona,11,29,229,0.6140448606308362,settle,14
long_persona,11,30,229,1.592419008928565,settle,15
long_persona,11,31,229,0.6280270312660109,settle,16
long_persona,11,32,229,0.6008176883133354,settle,11
long_persona,11,33,229,0.5992347159380413,settle,11
long_persona,11,34,229,0.6107918588753132,settle,12
long_persona,11,35,229,0.617580233271854,settle,11
long_persona,11,36,229,0.6154934741093958,settle,12
long_persona,11,37,229,0.40136996070196007,settle,13
long_persona,11,38,229,0.603305623967774,settle,14
long_persona,11,39,229,0.5987219234844129,settle,13
long_persona,11,40,229,0.5819257858784841,settle,15
long_persona,11,41,229,0.5964052738416401,settle,16
long_persona,11,42,229,0.4035292455196019,settle,15
long_persona,11,43,229,0.38854631980770854,settle,12
long_persona,11,44,229,0.621058590085127,settle,16
long_persona,11,45,229,1.6308007885416913,settle,16
long_persona,11,46,229,0.4303873364001479,settle,16
long_persona,11,47,229,0.42503665856378725,settle,15
long_persona,11,48,229,0.44102571414717,settle,17
long_persona,11,49,229,0.4455156332736205,settle,19
long_persona,11,50,229,0.43811948937555945,settle,19
long_persona,11,51,229,1.4590644526403946,settle,18
long_persona,11,52,229,1.4665816801233065,settle,22
long_persona,11,53,229,0.5801216265862068,settle,16
long_persona,11,54,229,0.6065720794190448,settle,14
long_persona,11,55,229,0.6058301995578119,settle,14
long_persona,11,56,229,0.37990289244957703,settle,16
long_persona,11,57,229,0.41802286297454694,settle,18
long_persona,11,58,229,0.4892180092271761,settle,15
long_persona,11,59,229,0.4196464822954772,settle,14
long_persona,11,60,229,0.4810494247520206,settle,20
long_persona,11,61,229,0.5147566785115854,settle,13
long_persona,11,62,229,0.5476279048783727,settle,14
long_persona,11,63,229,0.5838017602890212,settle,14
long_persona,11,64,229,0.5066232874493164,settle,14
long_persona,11,65,229,0.5943189628652419,settle,15
long_persona,11,66,229,0.5956430411855657,settle,15
long_persona,11,67,229,0.5731357596310077,settle,16
long_persona,11,68,229,0.6799711126622978,settle,17
long_persona,11,69,229,0.6136386070269038,settle,15
long_persona,11,70,229,0.6671147758060488,settle,16
long_persona,11,71,229,1.5995964740345339,settle,18
long_persona,11,72,229,0.5608541899200505,settle,20
long_persona,11,73,229,0.599713509280197,settle,20
long_persona,11,74,229,0.5286532306484314,settle,19
long_persona,11,75,229,0.454059023984078,settle,16
long_persona,11,76,229,0.596806578592133,settle,18
long_persona,11,77,229,1.5927396058062473,settle,16
long_persona,11,78,229,0.48094269701244424,settle,17
long_persona,11,79,229,1.5816901805961616,settle,14
long_persona,11,80,229,1.5976125520782667,settle,16
long_persona,11,81,229,0.437900782303204,settle,15
long_persona,11,82,229,0.6119359758886701,settle,15
long_persona,11,83,229,0.5889566439219417,settle,19
long_persona,11,84,229,0.5454478338991732,settle,15
long_persona,11,85,229,0.6128196159553455,settle,15
long_persona,11,86,229,0.6157994196364762,settle,14
long_persona,11,87,229,0.6096064865163561,settle,14
long_persona,11,88,229,0.6277306739060983,settle,14
long_persona,11,89,229,0.6087743648146412,settle,14
long_persona,11,90,229,0.635599357064063,settle,15
long_persona,11,91,229,0.6008622696316366,settle,17
long_persona,11,92,229,0.6055751294179513,settle,16
long_persona,11,93,229,0.6296857650463995,settle,14
long_persona,11,94,229,0.6688457989988131,settle,13
long_persona,11,95,229,0.621797908077834,settle,14
long_persona,11,96,229,0.6239240202309793,settle,14
long_persona,11,97,229,0.6172627501294252,settle,14
long_persona,11,98,229,0.43219001003349405,settle,15
long_persona,11,99,229,0.6184105440631351,settle,13
long_persona,11,100,229,0.4003459655445824,settle,14
long_persona,11,101,229,0.4434512482624325,settle,15
long_persona,11,102,229,0.4142297995488558,settle,15
long_persona,11,103,229,0.596824700388307,settle,14
long_persona,11,104,229,0.6143135973121592,settle,14
long_persona,11,105,229,0.38649586682384274,settle,15
long_persona,11,106,229,0.5496123449604426,settle,14
long_persona,11,107,229,1.5068418744741037,settle,15
long_persona,11,108,229,0.5964480298897417,settle,14
long_persona,11,109,229,0.5924920443524253,settle,14
long_persona,11,110,229,0.5736465581006414,settle,14
long_persona,11,111,229,0.5942971769261709,settle,13
long_persona,11,112,229,1.5046198801838755,settle,16
long_persona,11,113,229,0.6314075615834195,settle,16
long_persona,11,114,229,2.5609794523850153,settle,26
long_persona,11,115,229,0.40621132842085067,settle,16
long_persona,11,116,229,0.5179331027800896,settle,17
long_persona,11,117,229,0.45061036638235247,settle,21
long_persona,11,118,229,2.480066782858999,settle,16
long_persona,11,119,229,2.4648051627923597,settle,21
long_persona,11,120,229,1.462150940967772,settle,22
long_persona,11,121,229,0.4078231196151556,settle,16
long_persona,11,122,229,1.4800364165243503,settle,16
long_persona,11,123,229,0.6200390474802664,settle,17
long_persona,11,124,229,0.5098998498700762,settle,17
long_persona,11,125,229,0.4935862142913937,settle,16
long_persona,11,126,229,0.41071163902942687,settle,21
long_persona,11,127,229,0.5180987903439465,settle,20
long_persona,11,128,229,1.4805987666300227,settle,20
long_persona,11,129,229,0.48251099296089517,settle,15
long_persona,11,130,229,0.3838659358926777,settle,14
long_persona,11,131,229,0.39867920971993576,settle,16
long_persona,11,132,229,0.6576202393201256,settle,17
long_persona,11,133,229,1.4429426814775812,settle,17
long_persona,11,134,229,1.4484453594124833,settle,17
long_persona,11,135,229,0.4730942706232261,settle,21
long_persona,11,136,229,0.4476721763199433,settle,17
long_persona,11,137,229,0.6206976270598836,settle,14
long_persona,11,138,229,0.6173969585177885,settle,16
long_persona,11,139,229,1.5790843857752104,settle,17
long_persona,11,140,229,0.5194701101649487,settle,15
long_persona,11,141,229,0.4503918813571314,settle,16
long_persona,11,142,229,0.49623811667700224,settle,15
long_persona,11,143,229,0.5281572480530935,settle,14
long_persona,11,144,229,0.498503949923656,settle,16
long_persona,11,145,229,0.4765507654624098,settle,17
long_persona,11,146,229,1.4725843254057527,settle,17
long_persona,11,147,229,0.39776562856567216,settle,16
long_persona,11,148,229,0.4979444960027017,settle,16
long_persona,11,149,229,0.4909476550815398,settle,21
long_persona,11,150,229,0.5629380018923889,settle,17
long_persona,11,151,229,1.4816094392566244,settle,24
long_persona,11,152,229,1.4729146733268927,settle,25
long_persona,11,153,229,1.489005920060973,settle,22
long_persona,11,154,229,2.5253074348907867,settle,22
long_persona,11,155,229,1.5297692153367255,settle,20
long_persona,11,156,229,1.5243919429121853,settle,21
long_persona,11,157,229,0.617859180025561,settle,17
long_persona,11,158,229,0.6165470023346269,settle,11
long_persona,11,159,229,0.6401993014825512,settle,9
long_persona,11,160,229,0.6118720604934158,settle,10
long_persona,11,161,229,0.634463362774285,settle,8
long_persona,11,162,229,0.6252420055771599,settle,16
long_persona,11,163,229,0.6330041939491826,settle,15
long_persona,11,164,229,0.630556771074505,settle,11
long_persona,11,165,229,0.6274242740352795,settle,13
long_persona,11,166,229,0.6149887805256812,settle,13
long_persona,11,167,229,1.6062137924658826,settle,12
long_persona,11,168,229,0.6152658527495686,settle,12
long_persona,11,169,229,0.6366392711445455,settle,14
long_persona,11,170,229,0.614875554732858,settle,13
long_persona,11,171,229,0.6332489176641501,settle,14
long_persona,11,172,229,0.6252156844017196,settle,13
long_persona,11,173,229,0.6155053244374645,settle,13
long_persona,11,174,229,0.6126563236705995,settle,16
long_persona,11,175,229,0.6231574918851258,settle,12
long_persona,11,176,229,0.6302178774153044,settle,12
long_persona,11,177,229,0.6250889960596806,settle,11
long_persona,11,178,229,0.36294811511459796,settle,13
long_persona,11,179,229,0.623561560398425,settle,12
long_persona,11,180,229,0.620152873353376,settle,14
long_persona,11,181,229,0.3744903163193071,settle,15
long_persona,11,182,229,0.6310478207757558,settle,15
long_persona,11,183,229,0.6375205930752683,settle,13
long_persona,11,184,229,0.6434637745989515,settle,13
long_persona,11,185,229,0.6381560343985121,settle,14
long_persona,11,186,229,0.6262594169336188,settle,15
long_persona,11,187,229,0.6441400443319095,settle,14
long_persona,11,188,229,0.6181931521118484,settle,14
long_persona,11,189,229,0.3762483773890337,settle,16
long_persona,11,190,229,0.5925077587000317,settle,15
long_persona,11,191,229,0.3847897029886595,settle,14
long_persona,11,192,229,0.6130981560935505,settle,14
long_persona,11,193,229,0.6208204695478101,settle,15
long_persona,11,194,229,0.6334681610149123,settle,16
long_persona,11,195,229,0.6254090749007907,settle,15
long_persona,11,196,229,0.5995355693642239,settle,15
long_persona,11,197,229,0.6265057973309154,settle,15
long_persona,11,198,229,0.5700597203819832,settle,16
long_persona,11,199,229,0.6375328514059598,settle,14
long_persona,11,200,229,0.3718807450796911,settle,14
long_persona,11,201,229,0.5676231084985545,settle,17
long_persona,11,202,229,0.5683891013747192,settle,16
long_persona,11,203,229,0.6012848418692504,settle,15
long_persona,11,204,229,0.6184931209618248,settle,13
long_persona,11,205,229,0.6252818399148623,settle,13
long_persona,11,206,229,0.6281163937083521,settle,11
long_persona,11,207,229,0.6248668691845212,settle,16
long_persona,11,208,229,0.6144684934513047,settle,15
long_persona,11,209,229,0.6115872118892021,settle,15
long_persona,11,210,229,0.6170602914531739,settle,16
long_persona,11,211,229,0.6264098753005743,settle,16
long_persona,11,212,229,0.6374897050405919,settle,14
long_persona,11,213,229,0.6237771231886661,settle,14
long_persona,11,214,229,0.6204710109422564,settle,15
long_persona,11,215,229,0.6121605800807594,settle,16
long_persona,11,216,229,0.6248743875224786,settle,14
long_persona,11,217,229,0.6266005037280235,settle,14
long_persona,11,218,229,0.6234222952485243,settle,14
long_persona,11,219,229,0.633692836242923,settle,13
long_persona,11,220,229,0.6100248269226807,settle,14
long_persona,11,221,229,0.6069813208108797,settle,16
long_persona,11,222,229,0.6420060893214624,settle,14
long_persona,11,223,229,0.6825496599913057,settle,12
long_persona,11,224,229,0.6819491961202228,settle,11
long_persona,11,225,229,0.711205744361186,settle,7
long_persona,11,226,229,0.6596945403051085,settle,8
long_persona,11,227,229,0.6202752956830533,settle,13
long_persona,11,228,229,0.6395666035090712,settle,14
long_persona,12,0,236,0.8514143705931737,settle,2
long_persona,12,1,236,1.1177581010230235,settle,1
long_persona,12,2,236,4.514588041730836,settle,3
long_persona,12,3,236,0.6023715537046542,settle,4
long_persona,12,4,236,0.5973043878169944,settle,4
long_persona,12,5,236,0.6358011737783669,settle,7
long_persona,12,6,236,0.602168047438583,settle,7
long_persona,12,7,236,0.6055419786515008,settle,7
long_persona,12,8,236,0.6081551537719507,settle,11
long_persona,12,9,236,0.6384217041363519,settle,11
long_persona,12,10,236,0.6373650881924129,settle,12
long_persona,12,11,236,0.6100533417375531,settle,11
long_persona,12,12,236,0.6488501455602487,settle,11
long_persona,12,13,236,0.6100607958156177,settle,10
long_persona,12,14,236,0.5894433748283382,settle,11
long_persona,12,15,236,0.6077548482644073,settle,10
long_persona,12,16,236,0.6102366637590408,settle,10
long_persona,12,17,236,0.608094768842693,settle,10
long_persona,12,18,236,0.6210145113384131,settle,11
long_persona,12,19,236,0.6018681147388416,settle,10
long_persona,12,20,236,0.6062549225383249,settle,10
long_persona,12,21,236,0.38745015520003934,settle,13
long_persona,12,22,236,0.6203116876491989,settle,12
long_persona,12,23,236,0.5933014125580508,settle,11
long_persona,12,24,236,0.6105296430256065,settle,12
long_persona,12,25,236,0.6051035436225906,settle,12
long_persona,12,26,236,0.6854861574955634,settle,27
long_persona,12,27,236,0.6234762568423512,settle,14
long_persona,12,28,236,0.4768671846126402,settle,18
long_persona,12,29,236,0.6140449232620979,settle,14
long_persona,12,30,236,1.5924190248111834,settle,15
long_persona,12,31,236,0.6280269663581224,settle,16
long_persona,12,32,236,0.6008177242114431,settle,11
long_persona,12,33,236,0.5992347396615602,settle,11
long_persona,12,34,236,0.6107918527750316,settle,12
long_persona,12,35,236,0.6175802083694646,settle,11
long_persona,12,36,236,0.6154934913194731,settle,12
long_persona,12,37,236,0.4013698926011717,settle,13
long_persona,12,38,236,0.6033057068208868,settle,14
long_persona,12,39,236,0.5987218599195057,settle,13
long_persona,12,40,236,0.5819257519121376,settle,15
long_persona,12,41,236,0.5964052416662434,settle,16
long_persona,12,42,236,0.4035291812557828,settle,15
long_persona,12,43,236,0.3885464436160648,settle,12
long_persona,12,44,236,0.6210585276510944,settle,16
long_persona,12,45,236,1.6308006755156128,settle,16
long_persona,12,46,236,0.4303874175841865,settle,16
long_persona,12,47,236,0.4250366375623106,settle,15
long_persona,12,48,236,0.44102571321624057,settle,17
long_persona,12,49,236,0.44551558125557245,settle,19
long_persona,12,50,236,0.438119406102722,settle,19
long_persona,12,51,236,1.4590644707022604,settle,18
long_persona,12,52,236,1.46658170544015,settle,22
long_persona,12,53,236,0.5801222902787088,settle,16
long_persona,12,54,236,0.6065720902794671,settle,14
long_persona,12,55,236,0.6058301639920883,settle,14
long_persona,12,56,236,0.37990299529288857,settle,16
long_persona,12,57,236,0.4180228283622094,settle,18
long_persona,12,58,236,0.4892179824708388,settle,15
long_persona,12,59,236,0.41964649618422023,settle,14
long_persona,12,60,236,0.4810493470556496,settle,20
long_persona,12,61,236,0.5147565209778199,settle,13
long_persona,12,62,236,0.5476277631594684,settle,14
long_persona,12,63,236,0.5838018819241084,settle,14
long_persona,12,64,236,0.5066230340831342,settle,14
long_persona,12,65,236,0.5943190364769508,settle,15
long_persona,12,66,236,0.5956429440461943,settle,15
long_persona,12,67,236,0.5731358364417302,settle,16
long_persona,12,68,236,0.6799711516585886,settle,17
long_persona,12,69,236,0.6136385142800275,settle,15
long_persona,12,70,236,0.6671147593288037,settle,16
long_persona,12,71,236,1.5995964830251084,settle,18
long_persona,12,72,236,0.5608542011104382,settle,20
long_persona,12,73,236,0.5997135389058535,settle,20
long_persona,12,74,236,0.5286528804775774,settle,19
long_persona,12,75,236,0.45405975229990525,settle,16
long_persona,12,76,236,0.5968064797772357,settle,18
long_persona,12,77,236,1.5927396199570871,settle,16
long_persona,12,78,236,0.4809425458888088,settle,17
long_persona,12,79,236,1.581690065929641,settle,14
long_persona,12,80,236,1.5976125649942408,settle,16
long_persona,12,81,236,0.4379008504749101,settle,15
long_persona,12,82,236,0.6119360583483622,settle,15
long_persona,12,83,236,0.5889566571480102,settle,19
long_persona,12,84,236,0.545447706996618,settle,15
long_persona,12,85,236,0.6128196274122019,settle,15
long_persona,12,86,236,0.6157994841904123,settle,14
long_persona,12,87,236,0.6096064205059637,settle,14
long_persona,12,88,236,0.6277306251838441,settle,14
long_persona,12,89,236,0.6087742838222313,settle,14
long_persona,12,90,236,0.6355991797260371,settle,15
long_persona,12,91,236,0.6008622997246782,settle,17
long_persona,12,92,236,0.6055751624898957,settle,16
long_persona,12,93,236,0.6296858396080341,settle,14
long_persona,12,94,236,0.668845829208609,settle,13
long_persona,12,95,236,0.6217978837902522,settle,14
long_persona,12,96,236,0.6239240651484729,settle,14
long_persona,12,97,236,0.6172626947309297,settle,14
long_persona,12,98,236,0.4321899847010656,settle,15
long_persona,12,99,236,0.6184104892254196,settle,13
long_persona,12,100,236,0.40034600419529137,settle,14
long_persona,12,101,236,0.4434512023286242,settle,15
long_persona,12,102,236,0.41422981769657313,settle,15
long_persona,12,103,236,0.5968246195664849,settle,14
long_persona,12,104,236,0.6143136739158325,settle,14
long_persona,12,105,236,0.38649590971123926,settle,15
long_persona,12,106,236,0.5496122170497248,settle,14
long_persona,12,107,236,1.5068418635416,settle,15
long_persona,12,108,236,0.5964479113000581,settle,14
long_persona,12,109,236,0.5924920001845142,settle,14
long_persona,12,110,236,0.573646448373088,settle,14
long_persona,12,111,236,0.5942972701412236,settle,13
long_persona,12,112,236,1.5046198499882695,settle,16
long_persona,12,113,236,0.6314074808260667,settle,16
long_persona,12,114,236,2.560979319954036,settle,26
long_persona,12,115,236,0.40621110336578775,settle,16
long_persona,12,116,236,0.5179331543018297,settle,17
long_persona,12,117,236,0.4506103577288914,settle,21
long_persona,12,118,236,2.4800667716851095,settle,16
long_persona,12,119,236,2.464805185848325,settle,21
long_persona,12,120,236,1.4621508534373011,settle,22
long_persona,12,121,236,0.4078232308103093,settle,16
long_persona,12,122,236,1.4800364666760768,settle,16
long_persona,12,123,236,0.6200390027372868,settle,17
long_persona,12,124,236,0.5098984557892117,settle,17
long_persona,12,125,236,0.4935869911257418,settle,16
long_persona,12,126,236,0.41071167170344275,settle,21
long_persona,12,127,236,0.5180988038777048,settle,20
long_persona,12,128,236,1.4805987226363404,settle,20
long_persona,12,129,236,0.4825108855433458,settle,15
long_persona,12,130,236,0.38386604933257995,settle,14
long_persona,12,131,236,0.3986794533304739,settle,16
long_persona,12,132,236,0.6576203480935539,settle,17
long_persona,12,133,236,1.4429428755355087,settle,17
long_persona,12,134,236,1.448445309391902,settle,17
long_persona,12,135,236,0.47309444279050966,settle,21
long_persona,12,136,236,0.44767218594572467,settle,17
long_persona,12,137,236,0.6206976224878831,settle,14
long_persona,12,138,236,0.6173969424570783,settle,16
long_persona,12,139,236,1.5790843256421212,settle,17
long_persona,12,140,236,0.5194701565519347,settle,15
long_persona,12,141,236,0.45039186511139184,settle,16
long_persona,12,142,236,0.49623807454900815,settle,15
long_persona,12,143,236,0.528157218169236,settle,14
long_persona,12,144,236,0.4985039845906416,settle,16
long_persona,12,145,236,0.47655083250874436,settle,17
long_persona,12,146,236,1.472584311202333,settle,17
long_persona,12,147,236,0.397765780192739,settle,16
long_persona,12,148,236,0.49794446376759954,settle,16
long_persona,12,149,236,0.4909476697138893,settle,21
long_persona,12,150,236,0.5629380129497574,settle,17
long_persona,12,151,236,1.4816097228013443,settle,24
long_persona,12,152,236,1.4729146738583767,settle,25
long_persona,12,153,236,1.4890058965346256,settle,22
long_persona,12,154,236,2.5253074643632805,settle,22
long_persona,12,155,236,1.5297692202109323,settle,20
long_persona,12,156,236,1.524391931642452,settle,21
long_persona,12,157,236,0.6178591456092385,settle,17
long_persona,12,158,236,0.6165469651882991,settle,11
long_persona,12,159,236,0.6401992751081452,settle,9
long_persona,12,160,236,0.6118718896232602,settle,10
long_persona,12,161,236,0.6344633277950749,settle,8
long_persona,12,162,236,0.6252420619645922,settle,16
long_persona,12,163,236,0.3850216169373293,settle,14
long_persona,12,164,236,0.6573798376922905,settle,15
long_persona,12,165,236,0.6366600335032437,settle,14
long_persona,12,166,236,1.612371762744754,settle,15
long_persona,12,167,236,0.7407594533747106,settle,19
long_persona,12,168,236,1.6318089702604097,settle,12
long_persona,12,169,236,0.6206100414566673,settle,14
long_persona,12,170,236,0.6089021264066444,settle,15
long_persona,12,171,236,0.5427511085609126,settle,15
long_persona,12,172,236,0.3944795821369141,settle,13
long_persona,12,173,236,0.6127963277750276,settle,14
long_persona,12,174,236,0.5862573640752848,settle,15
long_persona,12,175,236,0.575743185930798,settle,16
long_persona,12,176,236,0.6175712756613182,settle,15
long_persona,12,177,236,0.5961467173751375,settle,16
long_persona,12,178,236,0.6091724418423777,settle,15
long_persona,12,179,236,0.6084977221991362,settle,16
long_persona,12,180,236,0.6393592593390626,settle,16
long_persona,12,181,236,0.6334119346029778,settle,17
long_persona,12,182,236,0.3890838817601956,settle,17
long_persona,12,183,236,0.34909806418987055,settle,21
long_persona,12,184,236,0.4429231290182158,settle,18
long_persona,12,185,236,0.6131567228662885,settle,15
long_persona,12,186,236,0.6541922654387382,settle,16
long_persona,12,187,236,1.6388012058944676,settle,19
long_persona,12,188,236,1.6078789349759202,settle,19
long_persona,12,189,236,1.5881852401079082,settle,18
long_persona,12,190,236,0.40168934817619506,settle,19
long_persona,12,191,236,0.6061451556783503,settle,19
long_persona,12,192,236,1.6279961847740474,settle,17
long_persona,12,193,236,1.6185119358190176,settle,16
long_persona,12,194,236,0.6245741952444938,settle,17
long_persona,12,195,236,0.6221284418349485,settle,17
long_persona,12,196,236,0.624399111139406,settle,17
long_persona,12,197,236,0.6336787538886127,settle,15
long_persona,12,198,236,0.6289532512888878,settle,18
long_persona,12,199,236,1.6065594274380934,settle,20
long_persona,12,200,236,1.632191947901811,settle,18
long_persona,12,201,236,1.6042300392272988,settle,17
long_persona,12,202,236,0.6143482943141143,settle,17
long_persona,12,203,236,0.6203634223333854,settle,18
long_persona,12,204,236,0.6289093792057944,settle,16
long_persona,12,205,236,0.6168823953312258,settle,16
long_persona,12,206,236,0.6134004508846069,settle,16
long_persona,12,207,236,1.610762697939594,settle,15
long_persona,12,208,236,0.6172705358697977,settle,16
long_persona,12,209,236,0.6058926970136166,settle,15
long_persona,12,210,236,0.6060061603376249,settle,14
long_persona,12,211,236,0.6162484949952618,settle,15
long_persona,12,212,236,0.6032496409429865,settle,20
long_persona,12,213,236,0.6053760217212159,settle,18
long_persona,12,214,236,0.6411777138470187,settle,17
long_persona,12,215,236,0.6333143301088143,settle,17
long_persona,12,216,236,0.6446170691857919,settle,18
long_persona,12,217,236,0.6436561056940402,settle,15
long_persona,12,218,236,0.6316391322602847,settle,15
long_persona,12,219,236,0.6307006704148409,settle,17
long_persona,12,220,236,0.6414068837081331,settle,17
long_persona,12,221,236,0.6500775783392446,settle,14
long_persona,12,222,236,0.6578445450849821,settle,17
long_persona,12,223,236,0.6606186127105919,settle,18
long_persona,12,224,236,0.6411959112110017,settle,18
long_persona,12,225,236,0.6282587412546142,settle,17
long_persona,12,226,236,0.6207828623356256,settle,16
long_persona,12,227,236,0.6456461683572141,settle,18
long_persona,12,228,236,0.6444476502783845,settle,17
long_persona,12,229,236,0.6570230284764487,settle,13
long_persona,12,230,236,0.6999922524350709,settle,11
long_persona,12,231,236,0.6828850940827491,settle,10
long_persona,12,232,236,0.7163275975941318,settle,7
long_persona,12,233,236,0.6843286881753945,settle,8
long_persona,12,234,236,0.6318268957726758,settle,13
long_persona,12,235,236,0.6507717081027875,settle,13
long_persona,13,0,231,0.8515906618896959,settle,2
long_persona,13,1,231,1.1177571438872156,settle,1
long_persona,13,2,231,4.514818417678197,settle,3
long_persona,13,3,231,0.6023715934491347,settle,4
long_persona,13,4,231,0.5973044207804262,settle,4
long_persona,13,5,231,0.6358010684532752,settle,7
long_persona,13,6,231,0.6021679876170437,settle,7
long_persona,13,7,231,0.6055419003489175,settle,7
long_persona,13,8,231,0.6081551064921733,settle,11
long_persona,13,9,231,0.6384216964290335,settle,11
long_persona,13,10,231,0.6373651461393597,settle,12
long_persona,13,11,231,0.610053309649077,settle,11
long_persona,13,12,231,0.6488501521916766,settle,11
long_persona,13,13,231,0.61006079513259,settle,10
long_persona,13,14,231,0.5894433632508713,settle,11
long_persona,13,15,231,0.6077548243297366,settle,10
long_persona,13,16,231,0.6102366351022421,settle,10
long_persona,13,17,231,0.6080947884162375,settle,10
long_persona,13,18,231,0.6210145084037015,settle,11
long_persona,13,19,231,0.6018681149621934,settle,10
long_persona,13,20,231,0.6062549288893126,settle,10
long_persona,13,21,231,0.3874501543179595,settle,13
long_persona,13,22,231,0.6203117226937797,settle,12
long_persona,13,23,231,0.5933013923230359,settle,11
long_persona,13,24,231,0.6105296843184878,settle,12
long_persona,13,25,231,0.6051035606033361,settle,12
long_persona,13,26,231,0.685486134474723,settle,27
long_persona,13,27,231,0.6234762662684716,settle,14
long_persona,13,28,231,0.4768671798854126,settle,18
long_persona,13,29,231,0.6140448615297707,settle,14
long_persona,13,30,231,1.5924190018018607,settle,15
long_persona,13,31,231,0.6280270263132468,settle,16
long_persona,13,32,231,0.6008176618746762,settle,11
long_persona,13,33,231,0.5992347570536737,settle,11
long_persona,13,34,231,0.6107917505684315,settle,12
long_persona,13,35,231,0.6175802252652162,settle,11
long_persona,13,36,231,0.6154934747509164,settle,12
long_persona,13,37,231,0.4013699378769157,settle,13
long_persona,13,38,231,0.6033055966588587,settle,14
long_persona,13,39,231,0.5987219358056844,settle,13
long_persona,13,40,231,0.5819258508606818,settle,15
long_persona,13,41,231,0.5964052396083351,settle,16
long_persona,13,42,231,0.40352919525504594,settle,15
long_persona,13,43,231,0.38854633150857604,settle,12
long_persona,13,44,231,0.6210586656523179,settle,16
long_persona,13,45,231,1.6308007489017584,settle,16
long_persona,13,46,231,0.43038737386133247,settle,16
long_persona,13,47,231,0.4250366128178306,settle,15
long_persona,13,48,231,0.44102574400756694,settle,17
long_persona,13,49,231,0.44551561761513075,settle,19
long_persona,13,50,231,0.438119433819994,settle,19
long_persona,13,51,231,1.4590645173096324,settle,18
long_persona,13,52,231,1.4665817070804776,settle,22
long_persona,13,53,231,0.5801217287113166,settle,16
long_persona,13,54,231,0.6065721409373532,settle,14
long_persona,13,55,231,0.6058301956298124,settle,14
long_persona,13,56,231,0.37990292151667593,settle,16
long_persona,13,57,231,0.41802290812736703,settle,18
long_persona,13,58,231,0.48921795038272975,settle,15
long_persona,13,59,231,0.4196464485668319,settle,14
long_persona,13,60,231,0.4810492612487639,settle,20
long_persona,13,61,231,0.5147566025257098,settle,13
long_persona,13,62,231,0.5476279569324637,settle,14
long_persona,13,63,231,0.5838017926537639,settle,14
long_persona,13,64,231,0.506623247638232,settle,14
long_persona,13,65,231,0.5943188928358423,settle,15
long_persona,13,66,231,0.5956429425011935,settle,15
long_persona,13,67,231,0.5731357876471186,settle,16
long_persona,13,68,231,0.6799710826019617,settle,17
long_persona,13,69,231,0.6136384962835064,settle,15
long_persona,13,70,231,0.6671148488937209,settle,16
long_persona,13,71,231,1.5995964904605755,settle,18
long_persona,13,72,231,0.5608543301434111,settle,20
long_persona,13,73,231,0.599713525200063,settle,20
long_persona,13,74,231,0.5286530301287532,settle,19
long_persona,13,75,231,0.45406006813700805,settle,16
long_persona,13,76,231,0.5968065775360267,settle,18
long_persona,13,77,231,1.5927395522872172,settle,16
long_persona,13,78,231,0.4809426335266711,settle,17
long_persona,13,79,231,1.5816901460405162,settle,14
long_persona,13,80,231,1.5976125844655764,settle,16
long_persona,13,81,231,0.4379009039023869,settle,15
long_persona,13,82,231,0.6119359846548755,settle,15
long_persona,13,83,231,0.588956627481787,settle,19
long_persona,13,84,231,0.5454477260338496,settle,15
long_persona,13,85,231,0.6128196496520218,settle,15
long_persona,13,86,231,0.61579950294118,settle,14
long_persona,13,87,231,0.6096065185326425,settle,14
long_persona,13,88,231,0.6277306089372118,settle,14
long_persona,13,89,231,0.6087743359113824,settle,14
long_persona,13,90,231,0.6355992378369549,settle,15
long_persona,13,91,231,0.6008622991688057,settle,17
long_persona,13,92,231,0.6055751015992178,settle,16
long_persona,13,93,231,0.629685864477202,settle,14
long_persona,13,94,231,0.6688457814796299,settle,13
long_persona,13,95,231,0.6217979076648286,settle,14
long_persona,13,96,231,0.6239240675075466,settle,14
long_persona,13,97,231,0.617262619505321,settle,14
long_persona,13,98,231,0.4321899526486618,settle,15
long_persona,13,99,231,0.6184105536950985,settle,13
long_persona,13,100,231,0.4003460404498012,settle,14
long_persona,13,101,231,0.44345121460855763,settle,15
long_persona,13,102,231,0.4142297505635323,settle,15
long_persona,13,103,231,0.5968246807260206,settle,14
long_persona,13,104,231,0.6143136105552776,settle,14
long_persona,13,105,231,0.38649587868991514,settle,15
long_persona,13,106,231,0.5496123255738621,settle,14
long_persona,13,107,231,1.5068418918709785,settle,15
long_persona,13,108,231,0.5964480601444897,settle,14
long_persona,13,109,231,0.5924919299185911,settle,14
long_persona,13,110,231,0.5736464085813064,settle,14
long_persona,13,111,231,0.5942972031622287,settle,13
long_persona,13,112,231,1.504619903174189,settle,16
long_persona,13,113,231,0.6314074213365833,settle,16
long_persona,13,114,231,2.5609794571388624,settle,26
long_persona,13,115,231,0.4062112201135975,settle,16
long_persona,13,116,231,0.5179330596792008,settle,17
long_persona,13,117,231,0.4506103781996829,settle,21
long_persona,13,118,231,2.4800667622496593,settle,16
long_persona,13,119,231,2.4648051652767475,settle,21
long_persona,13,120,231,1.4621509630490208,settle,22
long_persona,13,121,231,0.4078231308943124,settle,16
long_persona,13,122,231,1.480036417715408,settle,16
long_persona,13,123,231,0.6200390391770876,settle,17
long_persona,13,124,231,0.5098994677991733,settle,17
long_persona,13,125,231,0.49358616111457404,settle,16
long_persona,13,126,231,0.4107116454536046,settle,21
long_persona,13,127,231,0.5180988689197306,settle,20
long_persona,13,128,231,1.4805987494160966,settle,20
long_persona,13,129,231,0.48251085893668744,settle,15
long_persona,13,130,231,0.38386607495602887,settle,14
long_persona,13,131,231,0.39867937584922636,settle,16
long_persona,13,132,231,0.6576204529062227,settle,17
long_persona,13,133,231,1.4429426755649686,settle,17
long_persona,13,134,231,1.44844526689513,settle,17
long_persona,13,135,231,0.47309441148355835,settle,21
long_persona,13,136,231,0.4476722265515491,settle,17
long_persona,13,137,231,0.620697587887069,settle,14
long_persona,13,138,231,0.6173969405442071,settle,16
long_persona,13,139,231,1.5790843196503446,settle,17
long_persona,13,140,231,0.5194700903492977,settle,15
long_persona,13,141,231,0.4503918650139077,settle,16
long_persona,13,142,231,0.4962380939315733,settle,15
long_persona,13,143,231,0.5281571472980704,settle,14
long_persona,13,144,231,0.4985039496923679,settle,16
long_persona,13,145,231,0.47655080944767075,settle,17
long_persona,13,146,231,1.4725843450951988,settle,17
long_persona,13,147,231,0.39776569764164893,settle,16
long_persona,13,148,231,0.4979444344582794,settle,16
long_persona,13,149,231,0.4909476862943891,settle,21
long_persona,13,150,231,0.5629379836607418,settle,17
long_persona,13,151,231,1.4816098859254956,settle,24
long_persona,13,152,231,1.4729146763474508,settle,25
long_persona,13,153,231,1.4890059208231297,settle,22
long_persona,13,154,231,2.5253074204648587,settle,22
long_persona,13,155,231,1.52976925659318,settle,20
long_persona,13,156,231,1.5243919623754463,settle,21
long_persona,13,157,231,0.6178591866026224,settle,17
long_persona,13,158,231,0.6165469956767491,settle,11
long_persona,13,159,231,0.6401992227450767,settle,9
long_persona,13,160,231,0.6118719626480672,settle,10
long_persona,13,161,231,0.6344633244334317,settle,8
long_persona,13,162,231,0.625242023131037,settle,16
long_persona,13,163,231,0.6235223862219933,settle,12
long_persona,13,164,231,0.626387318869785,settle,14
long_persona,13,165,231,0.6273210380561803,settle,14
long_persona,13,166,231,0.6182646409876521,settle,13
long_persona,13,167,231,1.6238490696681158,settle,11
long_persona,13,168,231,0.6222446969164109,settle,11
long_persona,13,169,231,0.6319891475814656,settle,11
long_persona,13,170,231,0.6390704200825724,settle,11
long_persona,13,171,231,0.6096108390858989,settle,12
long_persona,13,172,231,0.61109562933819,settle,11
long_persona,13,173,231,0.6280925630804262,settle,15
long_persona,13,174,231,0.6003669286624044,settle,15
long_persona,13,175,231,0.5271829237154493,settle,17
long_persona,13,176,231,0.6315665523021589,settle,16
long_persona,13,177,231,0.6264468456495634,settle,19
long_persona,13,178,231,1.6024222373592492,settle,13
long_persona,13,179,231,1.6348498704279348,settle,16
long_persona,13,180,231,0.6256602103289017,settle,15
long_persona,13,181,231,0.6268374974643904,settle,12
long_persona,13,182,231,0.6179140440264205,settle,15
long_persona,13,183,231,0.5951568229066416,settle,19
long_persona,13,184,231,0.6123382034893539,settle,19
long_persona,13,185,231,0.6116972710555907,settle,17
long_persona,13,186,231,0.3936693024482011,settle,14
long_persona,13,187,231,0.5949266483276733,settle,17
long_persona,13,188,231,0.3766178302578649,settle,19
long_persona,13,189,231,1.6275684292571189,settle,18
long_persona,13,190,231,0.6291718516445042,settle,17
long_persona,13,191,231,0.3775785916630333,settle,20
long_persona,13,192,231,0.6259228293549646,settle,21
long_persona,13,193,231,0.6063952131784579,settle,15
long_persona,13,194,231,0.6411949890976536,settle,18
long_persona,13,195,231,0.39708329742686027,settle,18
long_persona,13,196,231,0.6207252010649387,settle,18
long_persona,13,197,231,1.6007814466363783,settle,18
long_persona,13,198,231,0.5998279888259354,settle,20
long_persona,13,199,231,0.604352630931898,settle,17
long_persona,13,200,231,0.6525148439440474,settle,18
long_persona,13,201,231,1.6118010883799079,settle,21
long_persona,13,202,231,0.6135395348163801,settle,26
long_persona,13,203,231,0.6104909590453138,settle,18
long_persona,13,204,231,0.3854974585972677,settle,15
long_persona,13,205,231,0.622099447831156,settle,20
long_persona,13,206,231,0.6119498860672954,settle,17
long_persona,13,207,231,0.6128703249597722,settle,19
long_persona,13,208,231,0.6278242361005894,settle,13
long_persona,13,209,231,0.4009034687729436,settle,16
long_persona,13,210,231,0.6228628803340347,settle,18
long_persona,13,211,231,1.643439644269457,settle,15
long_persona,13,212,231,0.5815248383620994,settle,17
long_persona,13,213,231,3.583814151432149,settle,31
long_persona,13,214,231,0.3738872921402238,settle,17
long_persona,13,215,231,0.6328240471032013,settle,16
long_persona,13,216,231,0.6170491880618525,settle,17
long_persona,13,217,231,0.5972753560930409,settle,19
long_persona,13,218,231,0.6198632006231919,settle,14
long_persona,13,219,231,0.3965411550796524,settle,17
long_persona,13,220,231,0.37757004965266416,settle,15
long_persona,13,221,231,0.6360632803654757,settle,14
long_persona,13,222,231,0.6147407524740879,settle,15
long_persona,13,223,231,0.6037579271991903,settle,16
long_persona,13,224,231,0.6378318140359945,settle,13
long_persona,13,225,231,0.6927193720087306,settle,11
long_persona,13,226,231,0.6761511162293187,settle,9
long_persona,13,227,231,0.7102291475320651,settle,7
long_persona,13,228,231,0.6772231964220979,settle,8
long_persona,13,229,231,0.6466142619865446,settle,12
long_persona,13,230,231,0.6688478138822335,settle,13
long_persona,14,0,221,0.8517696097498468,settle,2
long_persona,14,1,221,1.11775958883377,settle,1
long_persona,14,2,221,4.515285998080757,settle,3
long_persona,14,3,221,0.6023716109803507,settle,4
long_persona,14,4,221,0.5973044660738634,settle,4
long_persona,14,5,221,0.6358011927264845,settle,7
long_persona,14,6,221,0.6021679589053063,settle,7
long_persona,14,7,221,0.6055419598129195,settle,7
long_persona,14,8,221,0.6081551233310304,settle,11
long_persona,14,9,221,0.6384216728358895,settle,11
long_persona,14,10,221,0.6373651016983368,settle,12
long_persona,14,11,221,0.610053311274137,settle,11
long_persona,14,12,221,0.6488501669821676,settle,11
long_persona,14,13,221,0.6100607555591491,settle,10
long_persona,14,14,221,0.5894433610079357,settle,11
long_persona,14,15,221,0.6077548296356795,settle,10
long_persona,14,16,221,0.6102365831814768,settle,10
long_persona,14,17,221,0.6080947591396462,settle,10
long_persona,14,18,221,0.6210145221107866,settle,11
long_persona,14,19,221,0.6018680947635842,settle,10
long_persona,14,20,221,0.6062549001427678,settle,10
long_persona,14,21,221,0.3874501807550144,settle,13
long_persona,14,22,221,0.6203117801951336,settle,12
long_persona,14,23,221,0.5933013892438488,settle,11
long_persona,14,24,221,0.6105296664701474,settle,12
long_persona,14,25,221,0.6051035081290227,settle,12
long_persona,14,26,221,0.6854862067534573,settle,27
long_persona,14,27,221,0.6234763291532621,settle,14
long_persona,14,28,221,0.47686720114932296,settle,18
long_persona,14,29,221,0.6140448793100161,settle,14
long_persona,14,30,221,1.5924190315476612,settle,15
long_persona,14,31,221,0.6280269938450106,settle,16
long_persona,14,32,221,0.600817718245856,settle,11
long_persona,14,33,221,0.5992347395075219,settle,11
long_persona,14,34,221,0.6107917714938051,settle,12
long_persona,14,35,221,0.617580180909232,settle,11
long_persona,14,36,221,0.6154934443582976,settle,12
long_persona,14,37,221,0.40136992404203015,settle,13
long_persona,14,38,221,0.6033057381168422,settle,14
long_persona,14,39,221,0.5987218846337419,settle,13
long_persona,14,40,221,0.5819257515970719,settle,15
long_persona,14,41,221,0.5964051951354448,settle,16
long_persona,14,42,221,0.4035292635826835,settle,15
long_persona,14,43,221,0.3885463931445307,settle,12
long_persona,14,44,221,0.6210585451093745,settle,16
long_persona,14,45,221,1.6308007659071246,settle,16
long_persona,14,46,221,0.4303872556169863,settle,16
long_persona,14,47,221,0.4250366987365,settle,15
long_persona,14,48,221,0.44102567277124044,settle,17
long_persona,14,49,221,0.44551566648875013,settle,19
long_persona,14,50,221,0.43811941380598957,settle,19
long_persona,14,51,221,1.4590643733455002,settle,18
long_persona,14,52,221,1.4665817167349642,settle,22
long_persona,14,53,221,0.5801225159794772,settle,16
long_persona,14,54,221,0.6065721733280957,settle,14
long_persona,14,55,221,0.6058301161538391,settle,14
long_persona,14,56,221,0.3799029667097075,settle,16
long_persona,14,57,221,0.4180228842775563,settle,18
long_persona,14,58,221,0.4892179751208753,settle,15
long_persona,14,59,221,0.4196464651328115,settle,14
long_persona,14,60,221,0.48104919337182944,settle,20
long_persona,14,61,221,0.5147566357251188,settle,13
long_persona,14,62,221,0.5476279175487397,settle,14
long_persona,14,63,221,0.5838017918242726,settle,14
long_persona,14,64,221,0.5066232489004381,settle,14
long_persona,14,65,221,0.5943189751369855,settle,15
long_persona,14,66,221,0.5956429570564022,settle,15
long_persona,14,67,221,0.573135781345953,settle,16
long_persona,14,68,221,0.6799710942473727,settle,17
long_persona,14,69,221,0.6136384937789829,settle,15
long_persona,14,70,221,0.6671148266264593,settle,16
long_persona,14,71,221,1.5995964469930473,settle,18
long_persona,14,72,221,0.5608541960819073,settle,20
long_persona,14,73,221,0.5997134376155395,settle,20
long_persona,14,74,221,0.5286528563247624,settle,19
long_persona,14,75,221,0.45405937514111827,settle,16
long_persona,14,76,221,0.5968065599112531,settle,18
long_persona,14,77,221,1.5927396130442772,settle,16
long_persona,14,78,221,0.48094255499502486,settle,17
long_persona,14,79,221,1.58169014201536,settle,14
long_persona,14,80,221,1.5976125878295353,settle,16
long_persona,14,81,221,0.4379008294423168,settle,15
long_persona,14,82,221,0.6119360022113075,settle,15
long_persona,14,83,221,0.5889566049825485,settle,19
long_persona,14,84,221,0.5454475433174145,settle,15
long_persona,14,85,221,0.6128195491836717,settle,15
long_persona,14,86,221,0.6157994409043229,settle,14
long_persona,14,87,221,0.6096064502273404,settle,14
long_persona,14,88,221,0.6277306590461732,settle,14
long_persona,14,89,221,0.6087743930530565,settle,14
long_persona,14,90,221,0.6355993190134838,settle,15
long_persona,14,91,221,0.600862345527091,settle,17
long_persona,14,92,221,0.6055751058406298,settle,16
long_persona,14,93,221,0.6296858163182665,settle,14
long_persona,14,94,221,0.6688457908270748,settle,13
long_persona,14,95,221,0.6217979358846781,settle,14
long_persona,14,96,221,0.6239241086821312,settle,14
long_persona,14,97,221,0.6172626466008838,settle,14
long_persona,14,98,221,0.4321899784121007,settle,15
long_persona,14,99,221,0.6184104868270464,settle,13
long_persona,14,100,221,0.4003460422280723,settle,14
long_persona,14,101,221,0.44345142952234723,settle,15
long_persona,14,102,221,0.41422976172146914,settle,15
long_persona,14,103,221,0.5968246069941368,settle,14
long_persona,14,104,221,0.61431368145136,settle,14
long_persona,14,105,221,0.38649584184663505,settle,15
long_persona,14,106,221,0.5496123648559892,settle,14
long_persona,14,107,221,1.5068419352394573,settle,15
long_persona,14,108,221,0.5964478313000923,settle,14
long_persona,14,109,221,0.5924919048456664,settle,14
long_persona,14,110,221,0.573646503963091,settle,14
long_persona,14,111,221,0.5942971991757185,settle,13
long_persona,14,112,221,1.5046198321060542,settle,16
long_persona,14,113,221,0.6314075012789173,settle,16
long_persona,14,114,221,2.5609794959469117,settle,26
long_persona,14,115,221,0.40621126388999357,settle,16
long_persona,14,116,221,0.5179331108657161,settle,17
long_persona,14,117,221,0.45061040531413465,settle,21
long_persona,14,118,221,2.4800667609285054,settle,16
long_persona,14,119,221,2.464805272309733,settle,21
long_persona,14,120,221,1.4621508126842,settle,22
long_persona,14,121,221,0.40782323956426336,settle,16
long_persona,14,122,221,1.4800363905611251,settle,16
long_persona,14,123,221,0.6200389958714047,settle,17
long_persona,14,124,221,0.5098989302742762,settle,17
long_persona,14,125,221,0.4935859890193932,settle,16
long_persona,14,126,221,0.41071160196809087,settle,21
long_persona,14,127,221,0.5180989053805855,settle,20
long_persona,14,128,221,1.4805987443161153,settle,20
long_persona,14,129,221,0.4825108235964903,settle,15
long_persona,14,130,221,0.3838659497580887,settle,14
long_persona,14,131,221,0.39867949302488104,settle,16
long_persona,14,132,221,0.6576203056921713,settle,17
long_persona,14,133,221,1.4429425833717349,settle,17
long_persona,14,134,221,1.448445393305952,settle,17
long_persona,14,135,221,0.4730944846413405,settle,21
long_persona,14,136,221,0.4476721880912175,settle,17
long_persona,14,137,221,0.620697562469889,settle,14
long_persona,14,138,221,0.6173969049793085,settle,16
long_persona,14,139,221,1.5790843463348339,settle,17
long_persona,14,140,221,0.5194701283828159,settle,15
long_persona,14,141,221,0.4503918827197425,settle,16
long_persona,14,142,221,0.49623810038610816,settle,15
long_persona,14,143,221,0.528157168378273,settle,14
long_persona,14,144,221,0.4985039238672955,settle,16
long_persona,14,145,221,0.4765507733250805,settle,17
long_persona,14,146,221,1.4725843362705953,settle,17
long_persona,14,147,221,0.39776571908611313,settle,16
long_persona,14,148,221,0.4979444645811103,settle,16
long_persona,14,149,221,0.4909476829523512,settle,21
long_persona,14,150,221,0.5629380412468789,settle,17
long_persona,14,151,221,1.4816095671279936,settle,24
long_persona,14,152,221,1.4729146919011629,settle,25
long_persona,14,153,221,1.489005924794613,settle,22
long_persona,14,154,221,2.5253074074659443,settle,22
long_persona,14,155,221,1.5297692077802865,settle,20
long_persona,14,156,221,1.5243919282467862,settle,21
long_persona,14,157,221,0.6178592895022604,settle,17
long_persona,14,158,221,0.6165469877495807,settle,11
long_persona,14,159,221,0.6401993144225834,settle,9
long_persona,14,160,221,0.611871986292477,settle,10
long_persona,14,161,221,0.6344633175957489,settle,8
long_persona,14,162,221,0.6252420981258754,settle,16
long_persona,14,163,221,0.6125587051073839,settle,15
long_persona,14,164,221,0.602547745940775,settle,14
long_persona,14,165,221,0.6331817843018388,settle,12
long_persona,14,166,221,0.6366576842373032,settle,12
long_persona,14,167,221,0.617163619526549,settle,12
long_persona,14,168,221,0.6349411341994629,settle,12
long_persona,14,169,221,0.6265107551986848,settle,12
long_persona,14,170,221,0.6422391033926713,settle,12
long_persona,14,171,221,0.627638511369608,settle,13
long_persona,14,172,221,0.6420159250284077,settle,12
long_persona,14,173,221,0.6226191576293654,settle,12
long_persona,14,174,221,0.6486036628122704,settle,11
long_persona,14,175,221,0.6264578924480358,settle,13
long_persona,14,176,221,0.6379849129155558,settle,14
long_persona,14,177,221,0.6161641342024331,settle,17
long_persona,14,178,221,0.601731960866672,settle,15
long_persona,14,179,221,0.6364966605117767,settle,14
long_persona,14,180,221,0.6361507860688823,settle,13
long_persona,14,181,221,0.6283329825755967,settle,13
long_persona,14,182,221,0.6373982587395601,settle,14
long_persona,14,183,221,0.6428677841782356,settle,14
long_persona,14,184,221,0.6564295892509646,settle,14
long_persona,14,185,221,0.6291442801661198,settle,11
long_persona,14,186,221,0.6167804547011594,settle,18
long_persona,14,187,221,0.6466233151156201,loop,63
long_persona,14,188,221,0.6772695120749422,settle,14
long_persona,14,189,221,1.4814935483371678,settle,17
long_persona,14,190,221,0.6220708810151595,settle,15
long_persona,14,191,221,0.6297717537618541,settle,13
long_persona,14,192,221,0.6434051333327779,settle,12
long_persona,14,193,221,0.6403229988369332,settle,14
long_persona,14,194,221,0.632817211973175,settle,16
long_persona,14,195,221,0.6182052588664989,settle,14
long_persona,14,196,221,0.6336376013882177,settle,14
long_persona,14,197,221,0.6534412377435888,settle,11
long_persona,14,198,221,1.6308620521161152,settle,17
long_persona,14,199,221,0.6183556501289994,settle,14
long_persona,14,200,221,0.6393584645344047,settle,15
long_persona,14,201,221,0.641625632798254,settle,15
long_persona,14,202,221,0.629864055446763,settle,12
long_persona,14,203,221,0.6361019802441339,settle,14
long_persona,14,204,221,0.6453681569550839,settle,13
long_persona,14,205,221,0.6402832658966608,settle,13
long_persona,14,206,221,0.6388755006777348,settle,14
long_persona,14,207,221,0.609464127101373,settle,14
long_persona,14,208,221,0.6351638811544904,settle,15
long_persona,14,209,221,0.6361483106988864,settle,15
long_persona,14,210,221,0.6255417695027126,settle,14
long_persona,14,211,221,0.6260091853512073,settle,15
long_persona,14,212,221,0.6145833998913252,settle,15
long_persona,14,213,221,0.6225935461725458,settle,16
long_persona,14,214,221,0.6554493012559067,settle,12
long_persona,14,215,221,0.6933937051477748,settle,11
long_persona,14,216,221,0.6794816252995345,settle,10
long_persona,14,217,221,0.7076192571191097,settle,7
long_persona,14,218,221,0.6711686028603255,settle,8
long_persona,14,219,221,0.6416074113103989,settle,12
long_persona,14,220,221,0.653545966104296,settle,13
long_persona,15,0,261,0.1641101750355642,settle,2
long_persona,15,1,261,2.0295735867227074,settle,1
long_persona,15,2,261,2.239694396387699,settle,3
long_persona,15,3,261,0.5784603730990229,settle,4
long_persona,15,4,261,0.5612913826401867,settle,4
long_persona,15,5,261,0.628490049763858,settle,7
long_persona,15,6,261,0.6138987726470433,settle,7
long_persona,15,7,261,0.6066607124447567,settle,7
long_persona,15,8,261,0.6059482587296545,settle,12
long_persona,15,9,261,0.6231375816183058,settle,12
long_persona,15,10,261,0.6159308996836912,settle,12
long_persona,15,11,261,0.6071210111039429,settle,11
long_persona,15,12,261,0.6391295717651254,settle,11
long_persona,15,13,261,0.610688564510672,settle,10
long_persona,15,14,261,0.5860352046903734,settle,11
long_persona,15,15,261,0.6109662745929223,settle,10
long_persona,15,16,261,0.5989401937133322,settle,10
long_persona,15,17,261,0.6057601989064132,settle,11
long_persona,15,18,261,0.613555228336919,settle,10
long_persona,15,19,261,0.5985938804677657,settle,11
long_persona,15,20,261,0.6018459086385511,settle,10
long_persona,15,21,261,0.38746310456797345,settle,12
long_persona,15,22,261,0.6186568358616052,settle,13
long_persona,15,23,261,0.597405968413517,settle,12
long_persona,15,24,261,0.6088565918862112,settle,12
long_persona,15,25,261,0.6080407058551532,settle,12
long_persona,15,26,261,0.6643123384153636,settle,16
long_persona,15,27,261,0.6201076883953152,settle,13
long_persona,15,28,261,0.4460494117936914,settle,18
long_persona,15,29,261,0.6413772428268901,settle,13
long_persona,15,30,261,1.5987531900598912,settle,14
long_persona,15,31,261,0.6395135693964265,settle,15
long_persona,15,32,261,0.6092789500484125,settle,11
long_persona,15,33,261,0.6096230838458349,settle,11
long_persona,15,34,261,0.6142848727746122,settle,12
long_persona,15,35,261,0.618559375706089,settle,13
long_persona,15,36,261,0.6090086262785274,settle,12
long_persona,15,37,261,0.4184975072426997,settle,15
long_persona,15,38,261,0.6023596999326741,settle,15
long_persona,15,39,261,0.6010235527879408,settle,14
long_persona,15,40,261,0.5714116161525697,settle,15
long_persona,15,41,261,0.6050039406017245,settle,15
long_persona,15,42,261,0.40133302233589097,settle,13
long_persona,15,43,261,0.3845698190357911,settle,12
long_persona,15,44,261,0.6104134725292905,settle,16
long_persona,15,45,261,1.636130763466157,settle,15
long_persona,15,46,261,0.5798005830146187,settle,15
long_persona,15,47,261,0.45295066322601524,settle,15
long_persona,15,48,261,0.4464318548388849,settle,16
long_persona,15,49,261,0.45446341225973846,settle,17
long_persona,15,50,261,0.4656132205993971,settle,16
long_persona,15,51,261,0.4892381973405623,settle,16
long_persona,15,52,261,0.48764592980256544,settle,21
long_persona,15,53,261,0.49362383753431166,settle,15
long_persona,15,54,261,0.6098323356054395,settle,14
long_persona,15,55,261,0.6049391104340738,settle,14
long_persona,15,56,261,0.42116634912074447,settle,20
long_persona,15,57,261,0.4031444444739129,settle,16
long_persona,15,58,261,0.49174207900411426,settle,15
long_persona,15,59,261,0.42385809085819337,settle,14
long_persona,15,60,261,0.5661115705259955,settle,17
long_persona,15,61,261,0.581830825770694,settle,13
long_persona,15,62,261,0.5858396496190108,settle,14
long_persona,15,63,261,0.5939618830529787,settle,13
long_persona,15,64,261,0.5665589481119143,settle,14
long_persona,15,65,261,0.6000941761252973,settle,14
long_persona,15,66,261,0.6028523069514142,settle,15
long_persona,15,67,261,0.4025701740829286,settle,15
long_persona,15,68,261,0.6893070885371688,settle,16
long_persona,15,69,261,0.6319891416030997,settle,15
long_persona,15,70,261,0.6733894482638859,settle,16
long_persona,15,71,261,0.5886128660546167,settle,17
long_persona,15,72,261,0.5524017629529414,settle,20
long_persona,15,73,261,0.6139070192276642,settle,19
long_persona,15,74,261,0.5282423849157111,settle,19
long_persona,15,75,261,0.4793069280148712,settle,17
long_persona,15,76,261,0.5882293337464238,settle,17
long_persona,15,77,261,1.6005626924583,settle,16
long_persona,15,78,261,0.45077766869403646,settle,21
long_persona,15,79,261,0.5986250774726052,settle,14
long_persona,15,80,261,0.6050165624324736,settle,16
long_persona,15,81,261,0.44047202170601246,settle,15
long_persona,15,82,261,0.6201145760616579,settle,15
long_persona,15,83,261,0.5974812519019433,settle,19
long_persona,15,84,261,0.5885967677336273,settle,16
long_persona,15,85,261,0.6083984553888659,settle,15
long_persona,15,86,261,0.6119747582869813,settle,15
long_persona,15,87,261,0.6086346472312311,settle,14
long_persona,15,88,261,0.6245601154382935,settle,14
long_persona,15,89,261,0.6093494185867653,settle,14
long_persona,15,90,261,0.6406730768640523,settle,15
long_persona,15,91,261,0.5980252605810042,settle,17
long_persona,15,92,261,0.609419772363458,settle,16
long_persona,15,93,261,0.6369223082406567,settle,13
long_persona,15,94,261,0.6619117003498733,settle,13
long_persona,15,95,261,0.6169763769752425,settle,14
long_persona,15,96,261,0.6204464918082079,settle,15
long_persona,15,97,261,0.6174168863605688,settle,14
long_persona,15,98,261,0.4415997803195377,settle,14
long_persona,15,99,261,0.6233712082749843,settle,13
long_persona,15,100,261,0.6091588331036624,settle,13
long_persona,15,101,261,0.44163865719344836,settle,15
long_persona,15,102,261,0.6090545072650496,settle,14
long_persona,15,103,261,0.6021337026209848,settle,14
long_persona,15,104,261,0.6083862865764074,settle,14
long_persona,15,105,261,0.39087499526820163,settle,14
long_persona,15,106,261,0.6024165999952329,settle,13
long_persona,15,107,261,0.5547821201243082,settle,14
long_persona,15,108,261,0.6130084623455415,settle,13
long_persona,15,109,261,0.6280218167712734,settle,13
long_persona,15,110,261,0.5996986753350974,settle,14
long_persona,15,111,261,0.6069180231448467,settle,12
long_persona,15,112,261,0.5653081598905974,settle,15
long_persona,15,113,261,0.6356402813129564,settle,16
long_persona,15,114,261,1.608600428606456,settle,26
long_persona,15,115,261,0.6087257399333811,settle,14
long_persona,15,116,261,1.5862361396772695,settle,14
long_persona,15,117,261,0.5015937937766125,settle,17
long_persona,15,118,261,1.5509535672541073,settle,15
long_persona,15,119,261,1.5075638493912098,settle,18
long_persona,15,120,261,0.5391185407163658,settle,17
long_persona,15,121,261,0.4318765652574283,settle,14
long_persona,15,122,261,1.5010184052968831,settle,14
long_persona,15,123,261,0.6246447508899372,settle,17
long_persona,15,124,261,0.5865369602471405,settle,17
long_persona,15,125,261,0.5918130377754736,settle,15
long_persona,15,126,261,0.5674652252097848,settle,17
long_persona,15,127,261,1.596269890736212,settle,17
long_persona,15,128,261,1.5439451601108733,settle,17
long_persona,15,129,261,0.5549863493487956,settle,14
long_persona,15,130,261,0.3799211345246292,settle,14
long_persona,15,131,261,0.3878757689455333,settle,16
long_persona,15,132,261,0.6535973012148361,settle,16
long_persona,15,133,261,0.3853630855853519,settle,14
long_persona,15,134,261,0.48063692531137986,settle,16
long_persona,15,135,261,0.5294633188389077,settle,18
long_persona,15,136,261,0.4957063768083077,settle,14
long_persona,15,137,261,0.6249636607302297,settle,13
long_persona,15,138,261,0.6228239608561148,settle,17
long_persona,15,139,261,1.606351586028265,settle,16
long_persona,15,140,261,0.5966414728056628,settle,14
long_persona,15,141,261,0.5216864831347989,settle,14
long_persona,15,142,261,0.5610300905985304,settle,14
long_persona,15,143,261,0.5699082717675792,settle,13
long_persona,15,144,261,0.5420384376555528,settle,15
long_persona,15,145,261,0.5383025134647093,settle,17
long_persona,15,146,261,1.5360341597053448,settle,16
long_persona,15,147,261,0.6198363707677763,settle,15
long_persona,15,148,261,0.5574096728895069,settle,15
long_persona,15,149,261,0.5261323601256832,settle,17
long_persona,15,150,261,0.5946865920262325,settle,17
long_persona,15,151,261,0.5333095027409348,settle,21
long_persona,15,152,261,1.5301477760181488,settle,22
long_persona,15,153,261,2.549994415203613,settle,18
long_persona,15,154,261,2.569567381576387,settle,22
long_persona,15,155,261,1.568683948579611,settle,18
long_persona,15,156,261,0.5740958191120538,settle,17
long_persona,15,157,261,0.6266389757821893,settle,17
long_persona,15,158,261,0.6195195499511675,settle,11
long_persona,15,159,261,0.6465824313866263,settle,9
long_persona,15,160,261,0.615314861971362,settle,9
long_persona,15,161,261,0.6442011409242081,settle,8
long_persona,15,162,261,0.6256295600360667,settle,16
long_persona,15,163,261,0.6092749338498621,settle,15
long_persona,15,164,261,0.6119231082269071,settle,12
long_persona,15,165,261,0.641194169708754,settle,13
long_persona,15,166,261,0.6334188205736998,settle,12
long_persona,15,167,261,0.617803815951446,settle,12
long_persona,15,168,261,0.6300179686095821,settle,12
long_persona,15,169,261,0.6604157927698445,settle,12
long_persona,15,170,261,0.6792321298204121,settle,12
long_persona,15,171,261,0.7142965680514527,settle,11
long_persona,15,172,261,1.6347266738499455,settle,12
long_persona,15,173,261,0.626771583423305,settle,12
long_persona,15,174,261,0.627667979134309,settle,13
long_persona,15,175,261,1.47617888172151,settle,18
long_persona,15,176,261,0.6307631874802349,settle,13
long_persona,15,177,261,0.6155576055789452,settle,12
long_persona,15,178,261,0.6399576045080864,settle,12
long_persona,15,179,261,0.6183611510262288,settle,13
long_persona,15,180,261,0.6471245023063766,settle,12
long_persona,15,181,261,0.7081669651122857,settle,14
long_persona,15,182,261,0.5995653174737935,settle,12
long_persona,15,183,261,0.6187653255976718,settle,13
long_persona,15,184,261,0.6342164593767722,settle,13
long_persona,15,185,261,0.6076699392661936,settle,12
long_persona,15,186,261,0.6173761096027118,settle,11
long_persona,15,187,261,1.621505360773539,settle,12
long_persona,15,188,261,0.6577482775022943,settle,15
long_persona,15,189,261,0.6229183127911032,settle,14
long_persona,15,190,261,0.6288938225291382,settle,16
long_persona,15,191,261,0.6303098535741957,settle,14
long_persona,15,192,261,0.628220103181197,settle,12
long_persona,15,193,261,0.6239195972616446,settle,15
long_persona,15,194,261,0.6197495197154728,settle,15
long_persona,15,195,261,0.6228901772672034,settle,14
long_persona,15,196,261,0.6565288919814015,settle,13
long_persona,15,197,261,0.6661034046741199,settle,11
long_persona,15,198,261,0.6363500862353306,settle,11
long_persona,15,199,261,0.6223853214667924,settle,8
long_persona,15,200,261,0.6475570197016552,settle,11
long_persona,15,201,261,0.6283959195520307,settle,11
long_persona,15,202,261,0.646486795426956,settle,12
long_persona,15,203,261,0.6244426541495562,settle,13
long_persona,15,204,261,0.6203385821264618,settle,12
long_persona,15,205,261,0.6242524806824687,settle,13
long_persona,15,206,261,0.5998758515636075,settle,13
long_persona,15,207,261,1.5956809707480253,settle,16
long_persona,15,208,261,1.6162749739600113,settle,15
long_persona,15,209,261,0.38416951894623264,settle,16
long_persona,15,210,261,1.6192740779004136,settle,15
long_persona,15,211,261,1.631215405349883,settle,17
long_persona,15,212,261,0.6165790757357178,settle,15
long_persona,15,213,261,0.48595361689814964,loop,63
long_persona,15,214,261,0.3057427229915417,settle,32
long_persona,15,215,261,0.6302003124951772,settle,18
long_persona,15,216,261,0.6139312812078135,settle,16
long_persona,15,217,261,0.6297314392273382,settle,14
long_persona,15,218,261,0.6228954437221209,settle,14
long_persona,15,219,261,0.6152123114055369,settle,15
long_persona,15,220,261,0.6299152925134708,settle,15
long_persona,15,221,261,0.6259474003922252,settle,13
long_persona,15,222,261,0.3884129157763351,settle,13
long_persona,15,223,261,0.6225275380463994,settle,13
long_persona,15,224,261,0.6202661266084529,settle,11
long_persona,15,225,261,0.6088929267578752,settle,13
long_persona,15,226,261,0.6148723097426896,settle,15
long_persona,15,227,261,0.6158675982968721,settle,14
long_persona,15,228,261,0.6179889286911021,settle,14
long_persona,15,229,261,0.3781651922755506,settle,15
long_persona,15,230,261,0.6377144559859916,settle,12
long_persona,15,231,261,0.6391513730117148,settle,13
long_persona,15,232,261,0.6609274592497082,settle,12
long_persona,15,233,261,0.6700403933354939,settle,13
long_persona,15,234,261,0.6341481964524711,settle,13
long_persona,15,235,261,0.6274936023229374,settle,12
long_persona,15,236,261,0.62502383027868,settle,13
long_persona,15,237,261,0.6123260176370664,settle,12
long_persona,15,238,261,0.6105585341808227,settle,11
long_persona,15,239,261,0.6169628748923216,settle,12
long_persona,15,240,261,0.6168221690442975,settle,12
long_persona,15,241,261,0.6213413007767057,settle,13
long_persona,15,242,261,0.6184281409206636,settle,13
long_persona,15,243,261,1.6140744911816498,settle,12
long_persona,15,244,261,0.6027640683003416,settle,12
long_persona,15,245,261,0.38009806972002097,settle,12
long_persona,15,246,261,0.6083285059742892,settle,13
long_persona,15,247,261,0.6186399534021907,settle,13
long_persona,15,248,261,0.6102831191606507,settle,12
long_persona,15,249,261,0.619568093693358,settle,14
long_persona,15,250,261,0.616976972991494,settle,15
long_persona,15,251,261,0.6075003275997952,settle,12
long_persona,15,252,261,0.624659816632015,settle,15
long_persona,15,253,261,0.6158306724001225,settle,16
long_persona,15,254,261,0.7086593361767425,settle,11
long_persona,15,255,261,0.7517685961956859,settle,10
long_persona,15,256,261,0.7195274842014922,settle,10
long_persona,15,257,261,0.7476355000238712,settle,7
long_persona,15,258,261,0.698288712328597,settle,8
long_persona,15,259,261,0.6926235676617906,settle,10
long_persona,15,260,261,0.7713036465482802,settle,12
long_persona,16,0,222,0.8516341799411539,settle,2
long_persona,16,1,222,1.1177560769573505,settle,1
long_persona,16,2,222,4.514529056487024,settle,3
long_persona,16,3,222,0.6023716313997535,settle,4
long_persona,16,4,222,0.5973044308450918,settle,4
long_persona,16,5,222,0.6358011470889244,settle,7
long_persona,16,6,222,0.6021679191098046,settle,7
long_persona,16,7,222,0.6055419546502729,settle,7
long_persona,16,8,222,0.6081551632075022,settle,11
long_persona,16,9,222,0.6384217106378242,settle,11
long_persona,16,10,222,0.6373651656104008,settle,12
long_persona,16,11,222,0.6100534148994754,settle,11
long_persona,16,12,222,0.6488501071431563,settle,11
long_persona,16,13,222,0.6100607392598751,settle,10
long_persona,16,14,222,0.589443454421017,settle,11
long_persona,16,15,222,0.6077548458164863,settle,10
long_persona,16,16,222,0.6102366177452938,settle,10
long_persona,16,17,222,0.6080947720334313,settle,10
long_persona,16,18,222,0.6210145219321139,settle,11
long_persona,16,19,222,0.6018680596416012,settle,10
long_persona,16,20,222,0.6062549193327615,settle,10
long_persona,16,21,222,0.3874501252098024,settle,13
long_persona,16,22,222,0.6203117884884928,settle,12
long_persona,16,23,222,0.5933014481220382,settle,11
long_persona,16,24,222,0.6105296865461894,settle,12
long_persona,16,25,222,0.6051035060490665,settle,12
long_persona,16,26,222,0.685486143392439,settle,27
long_persona,16,27,222,0.6234762922992644,settle,14
long_persona,16,28,222,0.4768672043889174,settle,18
long_persona,16,29,222,0.6140448672133183,settle,14
long_persona,16,30,222,1.592419039307717,settle,15
long_persona,16,31,222,0.62802694488268,settle,16
long_persona,16,32,222,0.6008176336927122,settle,11
long_persona,16,33,222,0.5992347146249216,settle,11
long_persona,16,34,222,0.6107918174555034,settle,12
long_persona,16,35,222,0.6175802148760814,settle,11
long_persona,16,36,222,0.6154934657094647,settle,12
long_persona,16,37,222,0.40136989746842333,settle,13
long_persona,16,38,222,0.6033057056260951,settle,14
long_persona,16,39,222,0.5987218752820507,settle,13
long_persona,16,40,222,0.581925676614779,settle,15
long_persona,16,41,222,0.59640525787213,settle,16
long_persona,16,42,222,0.40352918959002965,settle,15
long_persona,16,43,222,0.3885463543162168,settle,12
long_persona,16,44,222,0.6210585174994853,settle,16
long_persona,16,45,222,1.6308007726463958,settle,16
long_persona,16,46,222,0.4303873556570071,settle,16
long_persona,16,47,222,0.4250367914065524,settle,15
long_persona,16,48,222,0.4410257753869262,settle,17
long_persona,16,49,222,0.44551553905804914,settle,19
long_persona,16,50,222,0.43811943842960127,settle,19
long_persona,16,51,222,1.459064455826169,settle,18
long_persona,16,52,222,1.4665816599275407,settle,22
long_persona,16,53,222,0.5801217995207995,settle,16
long_persona,16,54,222,0.6065721596367987,settle,14
long_persona,16,55,222,0.6058301547408721,settle,14
long_persona,16,56,222,0.3799030347143713,settle,16
long_persona,16,57,222,0.4180229394461043,settle,18
long_persona,16,58,222,0.4892179832251712,settle,15
long_persona,16,59,222,0.4196464561280461,settle,14
long_persona,16,60,222,0.48104923421015583,settle,20
long_persona,16,61,222,0.5147566252948668,settle,13
long_persona,16,62,222,0.5476278937119765,settle,14
long_persona,16,63,222,0.5838017916314977,settle,14
long_persona,16,64,222,0.5066233375117065,settle,14
long_persona,16,65,222,0.5943189132590421,settle,15
long_persona,16,66,222,0.5956429261800278,settle,15
long_persona,16,67,222,0.5731357093902059,settle,16
long_persona,16,68,222,0.6799711600649191,settle,17
long_persona,16,69,222,0.6136385130256473,settle,15
long_persona,16,70,222,0.6671149069053558,settle,16
long_persona,16,71,222,1.5995965313787115,settle,18
long_persona,16,72,222,0.5608542693424017,settle,20
long_persona,16,73,222,0.599713462371674,settle,20
long_persona,16,74,222,0.5286530889833222,settle,19
long_persona,16,75,222,0.45405915294368954,settle,16
long_persona,16,76,222,0.5968065259934872,settle,18
long_persona,16,77,222,1.592739668973333,settle,16
long_persona,16,78,222,0.4809426120185371,settle,17
long_persona,16,79,222,1.5816901697855532,settle,14
long_persona,16,80,222,1.597612682947165,settle,16
long_persona,16,81,222,0.43790079550640676,settle,15
long_persona,16,82,222,0.6119360425310961,settle,15
long_persona,16,83,222,0.5889565843081046,settle,19
long_persona,16,84,222,0.5454477466180196,settle,15
long_persona,16,85,222,0.612819633126174,settle,15
long_persona,16,86,222,0.6157994485530462,settle,14
long_persona,16,87,222,0.6096064850036514,settle,14
long_persona,16,88,222,0.6277306083997495,settle,14
long_persona,16,89,222,0.6087743120513303,settle,14
long_persona,16,90,222,0.6355992979353199,settle,15
long_persona,16,91,222,0.6008623571683559,settle,17
long_persona,16,92,222,0.605575115085574,settle,16
long_persona,16,93,222,0.6296858860898554,settle,14
long_persona,16,94,222,0.668845795816596,settle,13
long_persona,16,95,222,0.6217978397397139,settle,14
long_persona,16,96,222,0.6239240911042789,settle,14
long_persona,16,97,222,0.6172626474627819,settle,14
long_persona,16,98,222,0.43218995554065703,settle,15
long_persona,16,99,222,0.6184103937236635,settle,13
long_persona,16,100,222,0.4003459822107218,settle,14
long_persona,16,101,222,0.44345128558244007,settle,15
long_persona,16,102,222,0.41422966587840193,settle,15
long_persona,16,103,222,0.5968246903864388,settle,14
long_persona,16,104,222,0.6143136102158573,settle,14
long_persona,16,105,222,0.3864959063951002,settle,15
long_persona,16,106,222,0.5496123422841295,settle,14
long_persona,16,107,222,1.5068418721369943,settle,15
long_persona,16,108,222,0.5964478289092568,settle,14
long_persona,16,109,222,0.592492020018012,settle,14
long_persona,16,110,222,0.5736464770876943,settle,14
long_persona,16,111,222,0.5942972391893548,settle,13
long_persona,16,112,222,1.5046198964265982,settle,16
long_persona,16,113,222,0.631407615190365,settle,16
long_persona,16,114,222,2.5609793757150974,settle,26
long_persona,16,115,222,0.4062113708906188,settle,16
long_persona,16,116,222,0.517933102605394,settle,17
long_persona,16,117,222,0.4506103731586385,settle,21
long_persona,16,118,222,2.480066729549008,settle,16
long_persona,16,119,222,2.464805176612273,settle,21
long_persona,16,120,222,1.4621508815611692,settle,22
long_persona,16,121,222,0.40782318776601745,settle,16
long_persona,16,122,222,1.4800364152056416,settle,16
long_persona,16,123,222,0.6200389577742339,settle,17
long_persona,16,124,222,0.5099003515250157,settle,17
long_persona,16,125,222,0.49358684134777275,settle,16
long_persona,16,126,222,0.41071160184703676,settle,21
long_persona,16,127,222,0.5180989209125014,settle,20
long_persona,16,128,222,1.4805986904109625,settle,20
long_persona,16,129,222,0.48251089335669184,settle,15
long_persona,16,130,222,0.3838658888763394,settle,14
long_persona,16,131,222,0.398679143492945,settle,16
long_persona,16,132,222,0.6576203985798097,settle,17
long_persona,16,133,222,1.442942553418785,settle,17
long_persona,16,134,222,1.4484453023862156,settle,17
long_persona,16,135,222,0.4730944590727204,settle,21
long_persona,16,136,222,0.4476722048762413,settle,17
long_persona,16,137,222,0.6206975960610993,settle,14
long_persona,16,138,222,0.6173968569802311,settle,16
long_persona,16,139,222,1.5790843549287175,settle,17
long_persona,16,140,222,0.5194701755642956,settle,15
long_persona,16,141,222,0.45039188618800924,settle,16
long_persona,16,142,222,0.49623803709917214,settle,15
long_persona,16,143,222,0.5281572173836917,settle,14
long_persona,16,144,222,0.4985039251986003,settle,16
long_persona,16,145,222,0.47655077100545196,settle,17
long_persona,16,146,222,1.4725843662014275,settle,17
long_persona,16,147,222,0.3977656140130628,settle,16
long_persona,16,148,222,0.4979444329022096,settle,16
long_persona,16,149,222,0.49094767630167185,settle,21
long_persona,16,150,222,0.5629379827434977,settle,17
long_persona,16,151,222,1.4816094690971295,settle,24
long_persona,16,152,222,1.4729147130423488,settle,25
long_persona,16,153,222,1.489005938720563,settle,22
long_persona,16,154,222,2.525307416261957,settle,22
long_persona,16,155,222,1.529769228697283,settle,20
long_persona,16,156,222,1.524391938640931,settle,21
long_persona,16,157,222,0.6178592304525643,settle,17
long_persona,16,158,222,0.6165470122745585,settle,11
long_persona,16,159,222,0.6401992924031833,settle,9
long_persona,16,160,222,0.6118720383775788,settle,10
long_persona,16,161,222,0.6344633066686673,settle,8
long_persona,16,162,222,0.625242006768298,settle,16
long_persona,16,163,222,0.5975803791290977,settle,13
long_persona,16,164,222,1.6105478359869918,settle,10
long_persona,16,165,222,0.6178901935086646,settle,10
long_persona,16,166,222,0.6116229530004116,settle,11
long_persona,16,167,222,0.616036400081751,settle,9
long_persona,16,168,222,0.6163261417695642,settle,10
long_persona,16,169,222,0.6098207580015762,settle,12
long_persona,16,170,222,1.6192132772342263,settle,13
long_persona,16,171,222,0.6183981926569007,settle,14
long_persona,16,172,222,0.6228868139451449,settle,11
long_persona,16,173,222,0.6281599609670053,settle,14
long_persona,16,174,222,0.39091971758805977,settle,14
long_persona,16,175,222,0.3704054620457766,settle,15
long_persona,16,176,222,0.6414786982280242,settle,13
long_persona,16,177,222,0.6346934062397382,settle,12
long_persona,16,178,222,0.6251234710760157,settle,11
long_persona,16,179,222,0.6320927424959942,settle,13
long_persona,16,180,222,0.6331433477271097,settle,14
long_persona,16,181,222,0.6163145938154103,settle,13
long_persona,16,182,222,0.6310127651302516,settle,12
long_persona,16,183,222,0.6455260165175788,settle,14
long_persona,16,184,222,0.6390028366434194,settle,13
long_persona,16,185,222,0.6380968318149594,settle,13
long_persona,16,186,222,0.6186736649916452,settle,14
long_persona,16,187,222,0.6215312708268194,settle,13
long_persona,16,188,222,0.6343281302935913,settle,12
long_persona,16,189,222,0.6210588188609473,settle,12
long_persona,16,190,222,0.6195997932105894,settle,12
long_persona,16,191,222,0.6111206605126757,settle,14
long_persona,16,192,222,0.621101743765529,settle,14
long_persona,16,193,222,0.6195393486364651,settle,13
long_persona,16,194,222,0.6303900136749158,settle,11
long_persona,16,195,222,0.618002240332324,settle,12
long_persona,16,196,222,0.6306007625871125,settle,14
long_persona,16,197,222,0.6261994631073243,settle,13
long_persona,16,198,222,0.6159870752452038,settle,14
long_persona,16,199,222,0.37528028274030356,settle,15
long_persona,16,200,222,0.6328573927608155,settle,15
long_persona,16,201,222,0.3782323921412566,settle,14
long_persona,16,202,222,0.6554056883890487,settle,14
long_persona,16,203,222,0.6289877508405632,settle,13
long_persona,16,204,222,0.616676493756183,settle,14
long_persona,16,205,222,0.642764694150326,settle,13
long_persona,16,206,222,0.6475186427084834,settle,12
long_persona,16,207,222,0.6196877567716569,settle,13
long_persona,16,208,222,0.6096311801212844,settle,12
long_persona,16,209,222,0.5990979511496806,settle,12
long_persona,16,210,222,0.6170052853325694,settle,14
long_persona,16,211,222,0.6200336123029033,settle,13
long_persona,16,212,222,0.628064049677334,settle,13
long_persona,16,213,222,0.6465788621096945,settle,13
long_persona,16,214,222,0.6158450520766435,settle,15
long_persona,16,215,222,0.6467867458546072,settle,13
long_persona,16,216,222,0.6927917341014826,settle,11
long_persona,16,217,222,0.6811216358718859,settle,11
long_persona,16,218,222,0.7323273941029813,settle,8
long_persona,16,219,222,0.664590545101883,settle,8
long_persona,16,220,222,0.6318859661335738,settle,12
long_persona,16,221,222,0.6661375311903901,settle,13
long_persona,17,0,224,0.8515564119145349,settle,2
long_persona,17,1,224,1.1177577026753631,settle,1
long_persona,17,2,224,4.51503113410454,settle,3
long_persona,17,3,224,0.6023715641135913,settle,4
long_persona,17,4,224,0.5973044244892746,settle,4
long_persona,17,5,224,0.6358011933714413,settle,7
long_persona,17,6,224,0.6021680104650549,settle,7
long_persona,17,7,224,0.6055419324434288,settle,7
long_persona,17,8,224,0.6081550814920428,settle,11
long_persona,17,9,224,0.6384216698955228,settle,11
long_persona,17,10,224,0.6373651608222316,settle,12
long_persona,17,11,224,0.6100533455174667,settle,11
long_persona,17,12,224,0.6488501569131685,settle,11
long_persona,17,13,224,0.6100607896198714,settle,10
long_persona,17,14,224,0.5894433573513285,settle,11
long_persona,17,15,224,0.6077548663207338,settle,10
long_persona,17,16,224,0.6102366016693683,settle,10
long_persona,17,17,224,0.6080947513724322,settle,10
long_persona,17,18,224,0.6210145024201568,settle,11
long_persona,17,19,224,0.6018680779346013,settle,10
long_persona,17,20,224,0.6062549373111569,settle,10
long_persona,17,21,224,0.3874501729147121,settle,13
long_persona,17,22,224,0.6203117653207425,settle,12
long_persona,17,23,224,0.5933013894199105,settle,11
long_persona,17,24,224,0.6105297305431596,settle,12
long_persona,17,25,224,0.6051034734452047,settle,12
long_persona,17,26,224,0.6854861264500499,settle,27
long_persona,17,27,224,0.6234762856259706,settle,14
long_persona,17,28,224,0.47686718553086593,settle,18
long_persona,17,29,224,0.6140448219244357,settle,14
long_persona,17,30,224,1.592419046609795,settle,15
long_persona,17,31,224,0.6280269768178406,settle,16
long_persona,17,32,224,0.6008176798926024,settle,11
long_persona,17,33,224,0.5992347235990617,settle,11
long_persona,17,34,224,0.6107917956043997,settle,12
long_persona,17,35,224,0.6175802292249397,settle,11
long_persona,17,36,224,0.6154933718659625,settle,12
long_persona,17,37,224,0.4013698856744006,settle,13
long_persona,17,38,224,0.6033057361037832,settle,14
long_persona,17,39,224,0.5987218898059072,settle,13
long_persona,17,40,224,0.581925704917353,settle,15
long_persona,17,41,224,0.5964052942838806,settle,16
long_persona,17,42,224,0.40352917722625864,settle,15
long_persona,17,43,224,0.38854643067763905,settle,12
long_persona,17,44,224,0.6210586237409373,settle,16
long_persona,17,45,224,1.6308007747604816,settle,16
long_persona,17,46,224,0.43038735392906163,settle,16
long_persona,17,47,224,0.4250366926602746,settle,15
long_persona,17,48,224,0.44102570126232365,settle,17
long_persona,17,49,224,0.44551556227474964,settle,19
long_persona,17,50,224,0.4381193854920883,settle,19
long_persona,17,51,224,1.4590644880223431,settle,18
long_persona,17,52,224,1.4665816857218867,settle,22
long_persona,17,53,224,0.5801219839612882,settle,16
long_persona,17,54,224,0.6065721409489564,settle,14
long_persona,17,55,224,0.6058301099594319,settle,14
long_persona,17,56,224,0.37990299030525493,settle,16
long_persona,17,57,224,0.41802284790606353,settle,18
long_persona,17,58,224,0.48921800145608973,settle,15
long_persona,17,59,224,0.4196464515690903,settle,14
long_persona,17,60,224,0.4810493822233048,settle,20
long_persona,17,61,224,0.5147566286130625,settle,13
long_persona,17,62,224,0.5476278816972767,settle,14
long_persona,17,63,224,0.5838018172220563,settle,14
long_persona,17,64,224,0.5066231624692054,settle,14
long_persona,17,65,224,0.594318912895057,settle,15
long_persona,17,66,224,0.5956430009291446,settle,15
long_persona,17,67,224,0.5731358379550898,settle,16
long_persona,17,68,224,0.6799712349313654,settle,17
long_persona,17,69,224,0.6136384954664623,settle,15
long_persona,17,70,224,0.6671147900318405,settle,16
long_persona,17,71,224,1.5995964296905538,settle,18
long_persona,17,72,224,0.5608542140723307,settle,20
long_persona,17,73,224,0.5997134701982424,settle,20
long_persona,17,74,224,0.5286529236107187,settle,19
long_persona,17,75,224,0.45405994484643536,settle,16
long_persona,17,76,224,0.5968064600038876,settle,18
long_persona,17,77,224,1.592739671698469,settle,16
long_persona,17,78,224,0.48094248657413685,settle,17
long_persona,17,79,224,1.5816901128701701,settle,14
long_persona,17,80,224,1.5976125877190945,settle,16
long_persona,17,81,224,0.4379008365562927,settle,15
long_persona,17,82,224,0.6119360480531396,settle,15
long_persona,17,83,224,0.5889565371327156,settle,19
long_persona,17,84,224,0.5454478696461135,settle,15
long_persona,17,85,224,0.6128196702667029,settle,15
long_persona,17,86,224,0.6157994516980716,settle,14
long_persona,17,87,224,0.6096064000695846,settle,14
long_persona,17,88,224,0.6277307010500888,settle,14
long_persona,17,89,224,0.6087743602719868,settle,14
long_persona,17,90,224,0.6355993445063088,settle,15
long_persona,17,91,224,0.6008623422065777,settle,17
long_persona,17,92,224,0.6055751519290823,settle,16
long_persona,17,93,224,0.6296857891539234,settle,14
long_persona,17,94,224,0.6688458542585802,settle,13
long_persona,17,95,224,0.6217978599337474,settle,14
long_persona,17,96,224,0.6239241067040383,settle,14
long_persona,17,97,224,0.6172626291762576,settle,14
long_persona,17,98,224,0.4321899717221472,settle,15
long_persona,17,99,224,0.6184105555360632,settle,13
long_persona,17,100,224,0.40034595054126476,settle,14
long_persona,17,101,224,0.4434512650069175,settle,15
long_persona,17,102,224,0.41422970839194023,settle,15
long_persona,17,103,224,0.5968246963559387,settle,14
long_persona,17,104,224,0.6143136312120355,settle,14
long_persona,17,105,224,0.3864958445620924,settle,15
long_persona,17,106,224,0.5496122771718644,settle,14
long_persona,17,107,224,1.5068418799575345,settle,15
long_persona,17,108,224,0.5964480245125555,settle,14
long_persona,17,109,224,0.5924920409430225,settle,14
long_persona,17,110,224,0.5736464107440107,settle,14
long_persona,17,111,224,0.5942972490045961,settle,13
long_persona,17,112,224,1.5046199057082452,settle,16
long_persona,17,113,224,0.6314074073589534,settle,16
long_persona,17,114,224,2.5609792455693214,settle,26
long_persona,17,115,224,0.4062112597734405,settle,16
long_persona,17,116,224,0.5179331463368081,settle,17
long_persona,17,117,224,0.45061042312302463,settle,21
long_persona,17,118,224,2.4800667819151148,settle,16
long_persona,17,119,224,2.4648051708417795,settle,21
long_persona,17,120,224,1.4621508561001122,settle,22
long_persona,17,121,224,0.40782310946573314,settle,16
long_persona,17,122,224,1.4800365501354296,settle,16
long_persona,17,123,224,0.6200390517603103,settle,17
long_persona,17,124,224,0.5098992623161231,settle,17
long_persona,17,125,224,0.4935851310580636,settle,16
long_persona,17,126,224,0.4107115987023947,settle,21
long_persona,17,127,224,0.5180987450306571,settle,20
long_persona,17,128,224,1.4805986910771414,settle,20
long_persona,17,129,224,0.482510868663279,settle,15
long_persona,17,130,224,0.383865987691045,settle,14
long_persona,17,131,224,0.3986793889230225,settle,16
long_persona,17,132,224,0.6576203354190683,settle,17
long_persona,17,133,224,1.4429427726435025,settle,17
long_persona,17,134,224,1.4484453278250586,settle,17
long_persona,17,135,224,0.4730944062207091,settle,21
long_persona,17,136,224,0.4476722286002672,settle,17
long_persona,17,137,224,0.6206975412922208,settle,14
long_persona,17,138,224,0.6173968781090736,settle,16
long_persona,17,139,224,1.5790843030707493,settle,17
long_persona,17,140,224,0.5194702257593478,settle,15
long_persona,17,141,224,0.4503918975025137,settle,16
long_persona,17,142,224,0.4962380756056571,settle,15
long_persona,17,143,224,0.5281572070621071,settle,14
long_persona,17,144,224,0.49850394681278715,settle,16
long_persona,17,145,224,0.4765508086689668,settle,17
long_persona,17,146,224,1.4725843314231535,settle,17
long_persona,17,147,224,0.3977657328268325,settle,16
long_persona,17,148,224,0.4979444996897542,settle,16
long_persona,17,149,224,0.4909476996223816,settle,21
long_persona,17,150,224,0.5629381567189373,settle,17
long_persona,17,151,224,1.4816094457054294,settle,24
long_persona,17,152,224,1.4729147214651388,settle,25
long_persona,17,153,224,1.489005920368359,settle,22
long_persona,17,154,224,2.52530742797167,settle,22
long_persona,17,155,224,1.5297692158071143,settle,20
long_persona,17,156,224,1.5243919743737528,settle,21
long_persona,17,157,224,0.617859236334419,settle,17
long_persona,17,158,224,0.6165470597535497,settle,11
long_persona,17,159,224,0.6401992650998692,settle,9
long_persona,17,160,224,0.6118719948338219,settle,10
long_persona,17,161,224,0.6344633983861728,settle,8
long_persona,17,162,224,0.6252420242178034,settle,16
long_persona,17,163,224,0.6174718704905496,settle,14
long_persona,17,164,224,0.6272108090051881,settle,14
long_persona,17,165,224,1.636596850011593,settle,15
long_persona,17,166,224,0.6177142580729273,settle,13
long_persona,17,167,224,0.6233876587347621,settle,15
long_persona,17,168,224,0.6244411113288255,settle,16
long_persona,17,169,224,0.3761355467816324,settle,15
long_persona,17,170,224,0.6121636127827501,settle,12
long_persona,17,171,224,0.6260325082644588,settle,14
long_persona,17,172,224,0.6708799938807214,settle,16
long_persona,17,173,224,0.609134886627929,settle,17
long_persona,17,174,224,0.689470754156154,settle,18
long_persona,17,175,224,0.6714419526120483,settle,18
long_persona,17,176,224,0.6785265484309055,settle,17
long_persona,17,177,224,0.6785484121989908,settle,18
long_persona,17,178,224,0.6552362983485854,settle,19
long_persona,17,179,224,0.6153537989226345,settle,17
long_persona,17,180,224,0.6628604373747276,settle,15
long_persona,17,181,224,0.6138558848042889,settle,12
long_persona,17,182,224,0.6160230808909821,settle,14
long_persona,17,183,224,0.6215639243661207,settle,16
long_persona,17,184,224,0.6309272271317304,settle,16
long_persona,17,185,224,0.6395936323632495,settle,18
long_persona,17,186,224,0.639753374238997,settle,16
long_persona,17,187,224,0.647111041913759,settle,14
long_persona,17,188,224,0.6343010490860438,settle,14
long_persona,17,189,224,0.6295104583609996,settle,14
long_persona,17,190,224,0.6381123877895304,settle,14
long_persona,17,191,224,0.635468554727072,settle,13
long_persona,17,192,224,0.6487941951069193,settle,14
long_persona,17,193,224,0.6253014139171502,settle,16
long_persona,17,194,224,0.6193633767042015,settle,16
long_persona,17,195,224,0.6174991436435213,settle,15
long_persona,17,196,224,0.6312717119507362,settle,14
long_persona,17,197,224,0.631618088161494,settle,13
long_persona,17,198,224,0.6275487075857883,settle,14
long_persona,17,199,224,0.6449411481012003,settle,16
long_persona,17,200,224,0.6296099975047689,settle,17
long_persona,17,201,224,0.6105442422966356,settle,16
long_persona,17,202,224,0.6213887883010463,settle,17
long_persona,17,203,224,0.6238993379145163,settle,16
long_persona,17,204,224,0.6301249191173511,settle,15
long_persona,17,205,224,0.6235872123732201,settle,17
long_persona,17,206,224,0.6404777389678149,settle,15
long_persona,17,207,224,0.6105344226106855,settle,17
long_persona,17,208,224,0.6307248363127367,settle,16
long_persona,17,209,224,0.6211779376409293,settle,16
long_persona,17,210,224,0.3705177291864226,settle,16
long_persona,17,211,224,0.6403286582972644,settle,15
long_persona,17,212,224,0.5776930047562329,settle,19
long_persona,17,213,224,0.3952214282401464,settle,18
long_persona,17,214,224,0.5947938640456766,settle,16
long_persona,17,215,224,0.39489383032162717,settle,19
long_persona,17,216,224,0.39367038411753197,settle,17
long_persona,17,217,224,0.6487058627315483,settle,14
long_persona,17,218,224,0.6854641317105745,settle,12
long_persona,17,219,224,0.6772350640014316,settle,10
long_persona,17,220,224,0.7098599717379365,settle,7
long_persona,17,221,224,0.6630823061871136,settle,9
long_persona,17,222,224,0.6300432018778557,settle,14
long_persona,17,223,224,0.6430933685254986,settle,14
long_persona,18,0,195,4.20354666684022,settle,1
long_persona,18,1,195,2.9951034906140066,settle,2
long_persona,18,2,195,0.20873513124726864,settle,3
long_persona,18,3,195,0.5613056054390269,settle,5
long_persona,18,4,195,0.5369041613529413,settle,4
long_persona,18,5,195,0.6304262273041032,settle,7
long_persona,18,6,195,0.6141876024017735,settle,7
long_persona,18,7,195,0.6065996951031531,settle,7
long_persona,18,8,195,0.608820936837628,settle,11
long_persona,18,9,195,0.6248611958827794,settle,11
long_persona,18,10,195,0.6277969627872273,settle,13
long_persona,18,11,195,0.6093247720268663,settle,12
long_persona,18,12,195,0.6395345873729803,settle,11
long_persona,18,13,195,0.6152201006325815,settle,10
long_persona,18,14,195,0.5832181514336838,settle,11
long_persona,18,15,195,0.6049910532284585,settle,11
long_persona,18,16,195,0.5989576308350103,settle,11
long_persona,18,17,195,0.6036439824243468,settle,12
long_persona,18,18,195,0.6267686407687367,settle,11
long_persona,18,19,195,0.6004957477155212,settle,11
long_persona,18,20,195,0.5997893115215939,settle,10
long_persona,18,21,195,0.6157341469357126,settle,12
long_persona,18,22,195,0.6174279554387658,settle,13
long_persona,18,23,195,0.6010747615726078,settle,11
long_persona,18,24,195,0.6077866439875045,settle,12
long_persona,18,25,195,0.6056082650343478,settle,12
long_persona,18,26,195,0.6827631387503885,settle,27
long_persona,18,27,195,0.6199941029565328,settle,14
long_persona,18,28,195,0.4357345815094603,settle,17
long_persona,18,29,195,0.6200146563025729,settle,13
long_persona,18,30,195,1.5936076456943837,settle,14
long_persona,18,31,195,0.633847295553762,settle,16
long_persona,18,32,195,0.6058197041405152,settle,11
long_persona,18,33,195,0.6065496622557838,settle,11
long_persona,18,34,195,0.6068951192931968,settle,12
long_persona,18,35,195,0.6106227406208566,settle,12
long_persona,18,36,195,0.6077101791350005,settle,12
long_persona,18,37,195,0.3934434867912396,settle,13
long_persona,18,38,195,0.6005531904789774,settle,14
long_persona,18,39,195,0.5709564804763656,settle,13
long_persona,18,40,195,0.5951580900650899,settle,16
long_persona,18,41,195,0.5981323785142967,settle,15
long_persona,18,42,195,0.6241067470629684,settle,15
long_persona,18,43,195,0.38196773778937565,settle,12
long_persona,18,44,195,0.6323685946107367,settle,15
long_persona,18,45,195,1.6438117294240313,settle,16
long_persona,18,46,195,0.41828544739153267,settle,15
long_persona,18,47,195,0.4597900872031145,settle,15
long_persona,18,48,195,0.4189031408979206,settle,16
long_persona,18,49,195,0.48472311441248256,settle,17
long_persona,18,50,195,0.51753541757946,settle,16
long_persona,18,51,195,1.492852041612301,settle,16
long_persona,18,52,195,1.4808631724096855,settle,21
long_persona,18,53,195,0.6175006890320789,settle,15
long_persona,18,54,195,0.6124826214566037,settle,14
long_persona,18,55,195,0.6084274882125716,settle,14
long_persona,18,56,195,0.3858425488812935,settle,17
long_persona,18,57,195,0.4306981111740115,settle,16
long_persona,18,58,195,0.5413812044896283,settle,15
long_persona,18,59,195,0.4634676999505948,settle,14
long_persona,18,60,195,0.5851542196417088,settle,17
long_persona,18,61,195,0.5696250020760623,settle,13
long_persona,18,62,195,0.5899886849051638,settle,14
long_persona,18,63,195,0.581682648383354,settle,14
long_persona,18,64,195,0.5452473905745584,settle,14
long_persona,18,65,195,0.5815362582360489,settle,14
long_persona,18,66,195,0.598194522874216,settle,15
long_persona,18,67,195,0.5908470746510495,settle,15
long_persona,18,68,195,0.6918981099445585,settle,16
long_persona,18,69,195,0.6299031722517909,settle,15
long_persona,18,70,195,0.661072852390452,settle,16
long_persona,18,71,195,0.5854409719957114,settle,17
long_persona,18,72,195,0.570733472404527,settle,17
long_persona,18,73,195,0.6040429843759446,settle,19
long_persona,18,74,195,0.5460423404138758,settle,16
long_persona,18,75,195,0.4744684201564291,settle,16
long_persona,18,76,195,0.5966404222832126,settle,17
long_persona,18,77,195,1.599060998077433,settle,15
long_persona,18,78,195,0.4832384532835057,settle,19
long_persona,18,79,195,0.5585462936554284,settle,14
long_persona,18,80,195,1.5928392961560238,settle,15
long_persona,18,81,195,0.46478430519235575,settle,14
long_persona,18,82,195,0.6132651012392449,settle,15
long_persona,18,83,195,0.6046689574970603,settle,18
long_persona,18,84,195,0.570723788041264,settle,15
long_persona,18,85,195,0.6069434649365126,settle,15
long_persona,18,86,195,0.6157338477635151,settle,15
long_persona,18,87,195,0.6097873469107364,settle,14
long_persona,18,88,195,0.6280648689481585,settle,14
long_persona,18,89,195,0.6126425871285219,settle,14
long_persona,18,90,195,0.6280417646876945,settle,16
long_persona,18,91,195,0.6031755536278015,settle,17
long_persona,18,92,195,0.6075466978856373,settle,16
long_persona,18,93,195,0.6351648344396338,settle,14
long_persona,18,94,195,0.660630531679609,settle,13
long_persona,18,95,195,0.6221109524006282,settle,14
long_persona,18,96,195,0.6236584210508577,settle,14
long_persona,18,97,195,0.6193913847850925,settle,14
long_persona,18,98,195,0.4339851047453446,settle,15
long_persona,18,99,195,0.6201315867898402,settle,13
long_persona,18,100,195,0.6114064757498068,settle,13
long_persona,18,101,195,0.4759600515839095,settle,15
long_persona,18,102,195,0.6082044147347613,settle,15
long_persona,18,103,195,0.5968779566126694,settle,14
long_persona,18,104,195,0.6161125814650571,settle,14
long_persona,18,105,195,0.389233240634862,settle,14
long_persona,18,106,195,0.5913204078444861,settle,13
long_persona,18,107,195,0.5226975181853184,settle,14
long_persona,18,108,195,0.5918797114861353,settle,13
long_persona,18,109,195,0.6035029603609884,settle,13
long_persona,18,110,195,0.5922807048614036,settle,14
long_persona,18,111,195,0.6042190960762053,settle,13
long_persona,18,112,195,1.5661445914666707,settle,15
long_persona,18,113,195,0.6376184509783566,settle,15
long_persona,18,114,195,1.5793671862790775,settle,26
long_persona,18,115,195,0.5991989096819169,settle,14
long_persona,18,116,195,0.5778667637989433,settle,14
long_persona,18,117,195,0.47204104970530736,settle,17
long_persona,18,118,195,0.5374765756740784,settle,15
long_persona,18,119,195,1.4737992927009478,settle,17
long_persona,18,120,195,0.5655946088733861,settle,16
long_persona,18,121,195,0.41845351497379646,settle,14
long_persona,18,122,195,1.499242038180924,settle,15
long_persona,18,123,195,0.6231055979377841,settle,16
long_persona,18,124,195,0.5608915746032024,settle,17
long_persona,18,125,195,0.5660306667374465,settle,16
long_persona,18,126,195,0.582386128072523,settle,18
long_persona,18,127,195,0.5723436098817488,settle,17
long_persona,18,128,195,0.5062129314727511,settle,17
long_persona,18,129,195,0.48535407898544564,settle,14
long_persona,18,130,195,0.38547832329425497,settle,14
long_persona,18,131,195,0.38787530202489606,settle,15
long_persona,18,132,195,0.6571363317715343,settle,16
long_persona,18,133,195,0.41322825711810995,settle,16
long_persona,18,134,195,0.45475270799972045,settle,17
long_persona,18,135,195,0.47251428570916715,settle,17
long_persona,18,136,195,0.4628436180980454,settle,15
long_persona,18,137,195,0.6320113460625488,settle,14
long_persona,18,138,195,0.6242026829489461,settle,16
long_persona,18,139,195,1.5866233435253005,settle,16
long_persona,18,140,195,0.5607236095327562,settle,14
long_persona,18,141,195,0.4905165791764722,settle,15
long_persona,18,142,195,0.5120839548343185,settle,14
long_persona,18,143,195,0.5446161071810182,settle,12
long_persona,18,144,195,0.5122676835502709,settle,14
long_persona,18,145,195,0.4891050908043971,settle,16
long_persona,18,146,195,0.4529618260204675,settle,16
long_persona,18,147,195,0.3989551319945898,settle,15
long_persona,18,148,195,0.5286584692092131,settle,15
long_persona,18,149,195,0.5016503883860609,settle,17
long_persona,18,150,195,0.5612139998221786,settle,16
long_persona,18,151,195,0.4938290350346538,settle,21
long_persona,18,152,195,1.4907884552223896,settle,22
long_persona,18,153,195,1.5138338971889624,settle,18
long_persona,18,154,195,2.541134792433409,settle,21
long_persona,18,155,195,0.5387140866040303,settle,17
long_persona,18,156,195,0.5676841799500648,settle,17
long_persona,18,157,195,0.6271472896451534,settle,16
long_persona,18,158,195,0.6185072474015746,settle,11
long_persona,18,159,195,0.6445774247504129,settle,9
long_persona,18,160,195,0.6162734730131554,settle,9
long_persona,18,161,195,0.6255355975525871,settle,8
long_persona,18,162,195,0.6291519182528358,settle,16
long_persona,18,163,195,0.6247826030609755,settle,11
long_persona,18,164,195,0.6347813175775953,settle,13
long_persona,18,165,195,1.218212429570617,loop,17
long_persona,18,166,195,0.6892204658042101,settle,17
long_persona,18,167,195,0.8376008965426234,loop,21
long_persona,18,168,195,0.5791973633079998,settle,13
long_persona,18,169,195,4.136595611854443,loop,13
long_persona,18,170,195,0.7133826305669648,settle,14
long_persona,18,171,195,0.7236127234474197,loop,17
long_persona,18,172,195,0.6242332434570721,settle,13
long_persona,18,173,195,0.6588916359292585,settle,13
long_persona,18,174,195,7.177737561350781,loop,14
long_persona,18,175,195,0.6572922531008825,settle,18
long_persona,18,176,195,0.334168627994905,settle,16
long_persona,18,177,195,0.3328562212157424,settle,16
long_persona,18,178,195,0.6326180527269674,settle,15
long_persona,18,179,195,0.680654079171082,settle,19
long_persona,18,180,195,0.648752251186925,settle,16
long_persona,18,181,195,0.6823869082685391,settle,16
long_persona,18,182,195,0.6776773091306786,settle,14
long_persona,18,183,195,0.31399518411836,settle,14
long_persona,18,184,195,0.30112940214418826,settle,16
long_persona,18,185,195,0.33377898029048864,settle,15
long_persona,18,186,195,0.3084082947483056,settle,16
long_persona,18,187,195,0.36123781405053024,settle,15
long_persona,18,188,195,0.6367543311284465,settle,14
long_persona,18,189,195,0.660846503422986,settle,13
long_persona,18,190,195,0.6426672058384696,settle,12
long_persona,18,191,195,0.6649657707279715,settle,7
long_persona,18,192,195,0.612610056605769,settle,9
long_persona,18,193,195,0.6082540184765388,settle,14
long_persona,18,194,195,0.6133018711215291,settle,14
long_persona,19,0,233,0.8515776177291944,settle,2
long_persona,19,1,233,1.1177574852293046,settle,1
long_persona,19,2,233,4.514897770223949,settle,3
long_persona,19,3,233,0.6023715572783281,settle,4
long_persona,19,4,233,0.5973043391241146,settle,4
long_persona,19,5,233,0.635801123057084,settle,7
long_persona,19,6,233,0.6021679806565883,settle,7
long_persona,19,7,233,0.6055419084165123,settle,7
long_persona,19,8,233,0.6081551041372716,settle,11
long_persona,19,9,233,0.6384217367887021,settle,11
long_persona,19,10,233,0.6373651440160267,settle,12
long_persona,19,11,233,0.6100534092014837,settle,11
long_persona,19,12,233,0.6488501384642241,settle,11
long_persona,19,13,233,0.6100607685161953,settle,10
long_persona,19,14,233,0.5894433411414673,settle,11
long_persona,19,15,233,0.6077548217578825,settle,10
long_persona,19,16,233,0.6102366119085955,settle,10
long_persona,19,17,233,0.608094800692895,settle,10
long_persona,19,18,233,0.6210145472128883,settle,11
long_persona,19,19,233,0.6018680661138963,settle,10
long_persona,19,20,233,0.606254884812736,settle,10
long_persona,19,21,233,0.387450189789424,settle,13
long_persona,19,22,233,0.6203117594967894,settle,12
long_persona,19,23,233,0.5933014247796093,settle,11
long_persona,19,24,233,0.6105296501316867,settle,12
long_persona,19,25,233,0.6051035369930264,settle,12
long_persona,19,26,233,0.6854862225965912,settle,27
long_persona,19,27,233,0.6234762104560357,settle,14
long_persona,19,28,233,0.47686724139599634,settle,18
long_persona,19,29,233,0.6140448533679154,settle,14
long_persona,19,30,233,1.5924189973557767,settle,15
long_persona,19,31,233,0.6280270142957893,settle,16
long_persona,19,32,233,0.6008176416909691,settle,11
long_persona,19,33,233,0.5992346958906057,settle,11
long_persona,19,34,233,0.6107918348565934,settle,12
long_persona,19,35,233,0.617580235192236,settle,11
long_persona,19,36,233,0.6154934831518573,settle,12
long_persona,19,37,233,0.4013698674717091,settle,13
long_persona,19,38,233,0.6033056776588999,settle,14
long_persona,19,39,233,0.5987219133519611,settle,13
long_persona,19,40,233,0.581925807776289,settle,15
long_persona,19,41,233,0.5964051809077302,settle,16
long_persona,19,42,233,0.40352917921033404,settle,15
long_persona,19,43,233,0.388546310602715,settle,12
long_persona,19,44,233,0.6210585605952142,settle,16
long_persona,19,45,233,1.6308007923520256,settle,16
long_persona,19,46,233,0.43038728630344497,settle,16
long_persona,19,47,233,0.42503677043463106,settle,15
long_persona,19,48,233,0.44102575015133183,settle,17
long_persona,19,49,233,0.4455156133476421,settle,19
long_persona,19,50,233,0.4381194020991402,settle,19
long_persona,19,51,233,1.459064466716025,settle,18
long_persona,19,52,233,1.4665817294238541,settle,22
long_persona,19,53,233,0.580122062421455,settle,16
long_persona,19,54,233,0.6065721482105602,settle,14
long_persona,19,55,233,0.6058301379362148,settle,14
long_persona,19,56,233,0.3799029832785221,settle,16
long_persona,19,57,233,0.4180228917628531,settle,18
long_persona,19,58,233,0.489218041860096,settle,15
long_persona,19,59,233,0.4196463994837274,settle,14
long_persona,19,60,233,0.48104933826940227,settle,20
long_persona,19,61,233,0.5147566153732586,settle,13
long_persona,19,62,233,0.5476279555921834,settle,14
long_persona,19,63,233,0.5838018425271524,settle,14
long_persona,19,64,233,0.5066232812613214,settle,14
long_persona,19,65,233,0.5943189398847462,settle,15
long_persona,19,66,233,0.595642965485955,settle,15
long_persona,19,67,233,0.5731358120677185,settle,16
long_persona,19,68,233,0.6799711624746807,settle,17
long_persona,19,69,233,0.6136384191756568,settle,15
long_persona,19,70,233,0.6671147307192159,settle,16
long_persona,19,71,233,1.5995963846905052,settle,18
long_persona,19,72,233,0.5608544381695164,settle,20
long_persona,19,73,233,0.5997134187733651,settle,20
long_persona,19,74,233,0.5286530610196178,settle,19
long_persona,19,75,233,0.4540594843349458,settle,16
long_persona,19,76,233,0.5968065836653714,settle,18
long_persona,19,77,233,1.5927396203405917,settle,16
long_persona,19,78,233,0.4809426261560112,settle,17
long_persona,19,79,233,1.58169016211065,settle,14
long_persona,19,80,233,1.5976126203244148,settle,16
long_persona,19,81,233,0.43790080857693114,settle,15
long_persona,19,82,233,0.6119360302194483,settle,15
long_persona,19,83,233,0.5889566522039215,settle,19
long_persona,19,84,233,0.5454480819270688,settle,15
long_persona,19,85,233,0.612819653834729,settle,15
long_persona,19,86,233,0.6157994192280647,settle,14
long_persona,19,87,233,0.6096065301680894,settle,14
long_persona,19,88,233,0.6277306509911788,settle,14
long_persona,19,89,233,0.6087743230524952,settle,14
long_persona,19,90,233,0.6355993441811729,settle,15
long_persona,19,91,233,0.600862299709702,settle,17
long_persona,19,92,233,0.6055751072818576,settle,16
long_persona,19,93,233,0.6296857191568895,settle,14
long_persona,19,94,233,0.6688458103638225,settle,13
long_persona,19,95,233,0.6217979293506064,settle,14
long_persona,19,96,233,0.6239240458195435,settle,14
long_persona,19,97,233,0.6172626635783687,settle,14
long_persona,19,98,233,0.43218999447209777,settle,15
long_persona,19,99,233,0.6184105423281602,settle,13
long_persona,19,100,233,0.4003460202447837,settle,14
long_persona,19,101,233,0.4434512683016221,settle,15
long_persona,19,102,233,0.41422980561298967,settle,15
long_persona,19,103,233,0.5968246989872016,settle,14
long_persona,19,104,233,0.6143136049016937,settle,14
long_persona,19,105,233,0.38649580214208545,settle,15
long_persona,19,106,233,0.5496123449131183,settle,14
long_persona,19,107,233,1.5068419100373662,settle,15
long_persona,19,108,233,0.5964479044432651,settle,14
long_persona,19,109,233,0.5924919881524128,settle,14
long_persona,19,110,233,0.5736464637355135,settle,14
long_persona,19,111,233,0.5942972351973105,settle,13
long_persona,19,112,233,1.5046198743572525,settle,16
long_persona,19,113,233,0.631407551756745,settle,16
long_persona,19,114,233,2.56097947905752,settle,26
long_persona,19,115,233,0.4062110290820668,settle,16
long_persona,19,116,233,0.5179331104539238,settle,17
long_persona,19,117,233,0.4506103562599081,settle,21
long_persona,19,118,233,2.4800667319100205,settle,16
long_persona,19,119,233,2.464805175773049,settle,21
long_persona,19,120,233,1.4621507862820255,settle,22
long_persona,19,121,233,0.40782313823757066,settle,16
long_persona,19,122,233,1.4800364147467966,settle,16
long_persona,19,123,233,0.6200389816208228,settle,17
long_persona,19,124,233,0.5098995692118833,settle,17
long_persona,19,125,233,0.4935858847013811,settle,16
long_persona,19,126,233,0.41071162300336417,settle,21
long_persona,19,127,233,0.5180987350117473,settle,20
long_persona,19,128,233,1.480598774566849,settle,20
long_persona,19,129,233,0.4825108683548405,settle,15
long_persona,19,130,233,0.38386597032630676,settle,14
long_persona,19,131,233,0.3986792066214466,settle,16
long_persona,19,132,233,0.6576204567235489,settle,17
long_persona,19,133,233,1.4429427363353045,settle,17
long_persona,19,134,233,1.448445302075453,settle,17
long_persona,19,135,233,0.47309446850938247,settle,21
long_persona,19,136,233,0.44767223312769233,settle,17
long_persona,19,137,233,0.6206976392312005,settle,14
long_persona,19,138,233,0.6173969732352462,settle,16
long_persona,19,139,233,1.5790843054077512,settle,17
long_persona,19,140,233,0.5194703396816913,settle,15
long_persona,19,141,233,0.4503918786759605,settle,16
long_persona,19,142,233,0.4962381252410474,settle,15
long_persona,19,143,233,0.5281572244518925,settle,14
long_persona,19,144,233,0.49850395756121085,settle,16
long_persona,19,145,233,0.4765508195324851,settle,17
long_persona,19,146,233,1.472584314207956,settle,17
long_persona,19,147,233,0.3977656119757605,settle,16
long_persona,19,148,233,0.497944488434185,settle,16
long_persona,19,149,233,0.49094767189833033,settle,21
long_persona,19,150,233,0.5629380440647355,settle,17
long_persona,19,151,233,1.4816096105247523,settle,24
long_persona,19,152,233,1.472914713781489,settle,25
long_persona,19,153,233,1.489005939524684,settle,22
long_persona,19,154,233,2.5253074360055576,settle,22
long_persona,19,155,233,1.5297691328397334,settle,20
long_persona,19,156,233,1.5243919194736646,settle,21
long_persona,19,157,233,0.6178592095590949,settle,17
long_persona,19,158,233,0.6165469980173982,settle,11
long_persona,19,159,233,0.6401993513356757,settle,9
long_persona,19,160,233,0.6118719607172773,settle,10
long_persona,19,161,233,0.6344632803096761,settle,8
long_persona,19,162,233,0.6252420131750057,settle,16
long_persona,19,163,233,0.646705775637002,settle,14
long_persona,19,164,233,0.6347060524471848,settle,11
long_persona,19,165,233,0.60710627768809,settle,15
long_persona,19,166,233,0.6243377720998808,settle,14
long_persona,19,167,233,0.6156552936448704,settle,13
long_persona,19,168,233,0.6075471545082796,settle,15
long_persona,19,169,233,0.609824459074458,settle,13
long_persona,19,170,233,0.4071312570109276,settle,12
long_persona,19,171,233,0.41448754735720345,settle,12
long_persona,19,172,233,0.6189714720699785,settle,13
long_persona,19,173,233,0.4057724920294673,settle,15
long_persona,19,174,233,0.6086362396039582,settle,16
long_persona,19,175,233,0.6145709596873505,settle,15
long_persona,19,176,233,0.6426031538940887,settle,16
long_persona,19,177,233,0.6358909339937682,settle,15
long_persona,19,178,233,0.6195143806180973,settle,14
long_persona,19,179,233,0.6112530187733843,settle,15
long_persona,19,180,233,0.5977887889239858,settle,14
long_persona,19,181,233,0.6236888468158286,settle,15
long_persona,19,182,233,0.6149528190026821,settle,15
long_persona,19,183,233,0.6182824497461621,settle,15
long_persona,19,184,233,0.6133810144830731,settle,17
long_persona,19,185,233,0.6195018294874661,settle,16
long_persona,19,186,233,0.6192245208255701,settle,15
long_persona,19,187,233,0.6271206260824268,settle,15
long_persona,19,188,233,0.623305376519985,settle,17
long_persona,19,189,233,0.6203053927510577,settle,18
long_persona,19,190,233,0.6119187904942023,settle,19
long_persona,19,191,233,0.6218836308064171,settle,17
long_persona,19,192,233,0.6090958415513946,settle,14
long_persona,19,193,233,0.622349241711233,settle,15
long_persona,19,194,233,0.6280322124545145,settle,16
long_persona,19,195,233,0.6127606772416593,settle,15
long_persona,19,196,233,0.6214560268696573,settle,14
long_persona,19,197,233,0.6211147646793608,settle,13
long_persona,19,198,233,0.6269632964069926,settle,13
long_persona,19,199,233,0.6111054453286185,settle,13
long_persona,19,200,233,0.6275662601129571,settle,12
long_persona,19,201,233,0.6024820113405792,settle,15
long_persona,19,202,233,0.6099078133120731,settle,14
long_persona,19,203,233,0.6120510489530073,settle,13
long_persona,19,204,233,0.6172345662298344,settle,13
long_persona,19,205,233,0.6177426390366324,settle,12
long_persona,19,206,233,0.6199800604992687,settle,12
long_persona,19,207,233,0.6161151972720039,settle,13
long_persona,19,208,233,0.6220617477701383,settle,14
long_persona,19,209,233,0.6332864909012117,settle,15
long_persona,19,210,233,0.6111088272972968,settle,14
long_persona,19,211,233,0.6313811911118491,settle,14
long_persona,19,212,233,0.6085478058857834,settle,13
long_persona,19,213,233,0.3981779867490657,settle,13
long_persona,19,214,233,0.6001448243203459,settle,12
long_persona,19,215,233,0.6190474866636629,settle,14
long_persona,19,216,233,0.605801820705907,settle,14
long_persona,19,217,233,0.39366683904818556,settle,13
long_persona,19,218,233,0.6096521649571298,settle,14
long_persona,19,219,233,0.6177699620837844,settle,16
long_persona,19,220,233,0.3874676019205998,settle,14
long_persona,19,221,233,0.39937771941101896,settle,13
long_persona,19,222,233,0.6082679926572954,settle,13
long_persona,19,223,233,0.6106657993880944,settle,12
long_persona,19,224,233,0.6322059261771473,settle,13
long_persona,19,225,233,0.6179881471944072,settle,16
long_persona,19,226,233,0.6502855736429503,settle,12
long_persona,19,227,233,0.6945403169965183,settle,11
long_persona,19,228,233,0.6876976268780339,settle,9
long_persona,19,229,233,0.7303940964498647,settle,7
long_persona,19,230,233,0.6608117617473149,settle,8
long_persona,19,231,233,0.6281391677498117,settle,11
long_persona,19,232,233,0.6556508670970502,settle,13
long_persona,20,0,231,0.8514501179654708,settle,2
long_persona,20,1,231,1.1177574408462954,settle,1
long_persona,20,2,231,4.5149829204620975,settle,3
long_persona,20,3,231,0.6023715743992097,settle,4
long_persona,20,4,231,0.5973044321286998,settle,4
long_persona,20,5,231,0.635801124904721,settle,7
long_persona,20,6,231,0.6021679837825686,settle,7
long_persona,20,7,231,0.6055418882940025,settle,7
long_persona,20,8,231,0.608155049041386,settle,11
long_persona,20,9,231,0.6384217306401487,settle,11
long_persona,20,10,231,0.6373651373013662,settle,12
long_persona,20,11,231,0.6100533298995762,settle,11
long_persona,20,12,231,0.6488501313953654,settle,11
long_persona,20,13,231,0.6100608049107386,settle,10
long_persona,20,14,231,0.589443377583427,settle,11
long_persona,20,15,231,0.607754824954752,settle,10
long_persona,20,16,231,0.610236619938905,settle,10
long_persona,20,17,231,0.6080947918760489,settle,10
long_persona,20,18,231,0.6210145673812215,settle,11
long_persona,20,19,231,0.6018680850475662,settle,10
long_persona,20,20,231,0.6062549102922431,settle,10
long_persona,20,21,231,0.38745009770274424,settle,13
long_persona,20,22,231,0.6203117321717254,settle,12
long_persona,20,23,231,0.5933013947203546,settle,11
long_persona,20,24,231,0.6105297282348563,settle,12
long_persona,20,25,231,0.6051035544751115,settle,12
long_persona,20,26,231,0.685486142899779,settle,27
long_persona,20,27,231,0.623476243425419,settle,14
long_persona,20,28,231,0.4768671925072928,settle,18
long_persona,20,29,231,0.6140449179804216,settle,14
long_persona,20,30,231,1.592419067391528,settle,15
long_persona,20,31,231,0.6280269902277651,settle,16
long_persona,20,32,231,0.6008176998562421,settle,11
long_persona,20,33,231,0.5992347015092603,settle,11
long_persona,20,34,231,0.6107918040510852,settle,12
long_persona,20,35,231,0.6175802086560112,settle,11
long_persona,20,36,231,0.6154934752499975,settle,12
long_persona,20,37,231,0.40136990886920937,settle,13
long_persona,20,38,231,0.6033057564435143,settle,14
long_persona,20,39,231,0.5987219373049029,settle,13
long_persona,20,40,231,0.5819257614423805,settle,15
long_persona,20,41,231,0.596405249552954,settle,16
long_persona,20,42,231,0.40352912330486956,settle,15
long_persona,20,43,231,0.38854635932552917,settle,12
long_persona,20,44,231,0.6210585164364729,settle,16
long_persona,20,45,231,1.630800739010287,settle,16
long_persona,20,46,231,0.43038734507207305,settle,16
long_persona,20,47,231,0.42503658826262947,settle,15
long_persona,20,48,231,0.44102568244734097,settle,17
long_persona,20,49,231,0.44551552722071225,settle,19
long_persona,20,50,231,0.4381194473152072,settle,19
long_persona,20,51,231,1.4590644626583633,settle,18
long_persona,20,52,231,1.4665816983801585,settle,22
long_persona,20,53,231,0.5801207517470685,settle,16
long_persona,20,54,231,0.6065721399772767,settle,14
long_persona,20,55,231,0.6058302012861523,settle,14
long_persona,20,56,231,0.3799029460596183,settle,16
long_persona,20,57,231,0.4180229115476198,settle,18
long_persona,20,58,231,0.4892180248328239,settle,15
long_persona,20,59,231,0.41964640726529223,settle,14
long_persona,20,60,231,0.48104928566645705,settle,20
long_persona,20,61,231,0.5147566194363333,settle,13
long_persona,20,62,231,0.5476278474205013,settle,14
long_persona,20,63,231,0.5838017821930062,settle,14
long_persona,20,64,231,0.5066231391778598,settle,14
long_persona,20,65,231,0.5943189556628455,settle,15
long_persona,20,66,231,0.5956430329525763,settle,15
long_persona,20,67,231,0.5731358275905324,settle,16
long_persona,20,68,231,0.6799711128972536,settle,17
long_persona,20,69,231,0.6136385341659086,settle,15
long_persona,20,70,231,0.667114841120262,settle,16
long_persona,20,71,231,1.5995964848872173,settle,18
long_persona,20,72,231,0.5608545281809344,settle,20
long_persona,20,73,231,0.5997134705327156,settle,20
long_persona,20,74,231,0.5286532646460179,settle,19
long_persona,20,75,231,0.45405802776013626,settle,16
long_persona,20,76,231,0.5968066326575647,settle,18
long_persona,20,77,231,1.5927396201423345,settle,16
long_persona,20,78,231,0.48094254430094624,settle,17
long_persona,20,79,231,1.581690151976886,settle,14
long_persona,20,80,231,1.5976126108248707,settle,16
long_persona,20,81,231,0.43790078264815824,settle,15
long_persona,20,82,231,0.6119360675215549,settle,15
long_persona,20,83,231,0.5889566032375276,settle,19
long_persona,20,84,231,0.5454479951605306,settle,15
long_persona,20,85,231,0.6128196403747715,settle,15
long_persona,20,86,231,0.615799433956828,settle,14
long_persona,20,87,231,0.6096065037027465,settle,14
long_persona,20,88,231,0.6277306408828004,settle,14
long_persona,20,89,231,0.608774346347334,settle,14
long_persona,20,90,231,0.6355992822496491,settle,15
long_persona,20,91,231,0.6008623212626639,settle,17
long_persona,20,92,231,0.6055751698224807,settle,16
long_persona,20,93,231,0.6296858780421011,settle,14
long_persona,20,94,231,0.6688458462376277,settle,13
long_persona,20,95,231,0.6217978392677981,settle,14
long_persona,20,96,231,0.6239240592398244,settle,14
long_persona,20,97,231,0.6172626474209792,settle,14
long_persona,20,98,231,0.43218995898152585,settle,15
long_persona,20,99,231,0.61841052139772,settle,13
long_persona,20,100,231,0.4003459589345224,settle,14
long_persona,20,101,231,0.44345125374819083,settle,15
long_persona,20,102,231,0.4142297812967748,settle,15
long_persona,20,103,231,0.5968246608951879,settle,14
long_persona,20,104,231,0.6143135992699051,settle,14
long_persona,20,105,231,0.3864958424552428,settle,15
long_persona,20,106,231,0.5496122695755981,settle,14
long_persona,20,107,231,1.5068418545841566,settle,15
long_persona,20,108,231,0.5964478096703615,settle,14
long_persona,20,109,231,0.5924919921177425,settle,14
long_persona,20,110,231,0.573646524348465,settle,14
long_persona,20,111,231,0.594297204351357,settle,13
long_persona,20,112,231,1.5046198988094974,settle,16
long_persona,20,113,231,0.6314075104375289,settle,16
long_persona,20,114,231,2.5609793906649823,settle,26
long_persona,20,115,231,0.40621140139497336,settle,16
long_persona,20,116,231,0.517933171189522,settle,17
long_persona,20,117,231,0.4506104184590026,settle,21
long_persona,20,118,231,2.4800667314866685,settle,16
long_persona,20,119,231,2.464805160233174,settle,21
long_persona,20,120,231,1.462150842692587,settle,22
long_persona,20,121,231,0.4078232716892878,settle,16
long_persona,20,122,231,1.4800364468399565,settle,16
long_persona,20,123,231,0.6200391153426379,settle,17
long_persona,20,124,231,0.5099008711937707,settle,17
long_persona,20,125,231,0.49358651024115585,settle,16
long_persona,20,126,231,0.41071164403258625,settle,21
long_persona,20,127,231,0.5180989134753838,settle,20
long_persona,20,128,231,1.4805988018436453,settle,20
long_persona,20,129,231,0.4825108272617413,settle,15
long_persona,20,130,231,0.38386599216862805,settle,14
long_persona,20,131,231,0.3986792718022563,settle,16
long_persona,20,132,231,0.6576203309794558,settle,17
long_persona,20,133,231,1.442942746137708,settle,17
long_persona,20,134,231,1.4484453444447998,settle,17
long_persona,20,135,231,0.47309445274621914,settle,21
long_persona,20,136,231,0.44767224550164214,settle,17
long_persona,20,137,231,0.6206976111705291,settle,14
long_persona,20,138,231,0.6173969287586656,settle,16
long_persona,20,139,231,1.5790843131225687,settle,17
long_persona,20,140,231,0.5194698666590124,settle,15
long_persona,20,141,231,0.45039190228208303,settle,16
long_persona,20,142,231,0.49623810651409445,settle,15
long_persona,20,143,231,0.5281572075603135,settle,14
long_persona,20,144,231,0.49850391656654736,settle,16
long_persona,20,145,231,0.47655081717604086,settle,17
long_persona,20,146,231,1.4725843348422134,settle,17
long_persona,20,147,231,0.39776578193033335,settle,16
long_persona,20,148,231,0.49794450121604633,settle,16
long_persona,20,149,231,0.4909476895948821,settle,21
long_persona,20,150,231,0.5629380290453214,settle,17
long_persona,20,151,231,1.4816094246943756,settle,24
long_persona,20,152,231,1.4729147328685759,settle,25
long_persona,20,153,231,1.4890059399647246,settle,22
long_persona,20,154,231,2.525307458372811,settle,22
long_persona,20,155,231,1.5297692113955574,settle,20
long_persona,20,156,231,1.5243919825530883,settle,21
long_persona,20,157,231,0.6178591735831304,settle,17
long_persona,20,158,231,0.6165470208803466,settle,11
long_persona,20,159,231,0.6401992770124302,settle,9
long_persona,20,160,231,0.6118719443766815,settle,10
long_persona,20,161,231,0.6344633646016684,settle,8
long_persona,20,162,231,0.625241998651222,settle,16
long_persona,20,163,231,0.6193387048971869,settle,16
long_persona,20,164,231,0.3826549683850737,settle,14
long_persona,20,165,231,0.6090868383682013,settle,12
long_persona,20,166,231,0.6064390033853982,settle,13
long_persona,20,167,231,0.3827903982292563,settle,11
long_persona,20,168,231,0.6080605329949226,settle,12
long_persona,20,169,231,0.6205087749960366,settle,11
long_persona,20,170,231,0.6273910849836344,settle,13
long_persona,20,171,231,0.6204319242917242,settle,14
long_persona,20,172,231,0.6463156857244939,settle,13
long_persona,20,173,231,0.6536731507814796,settle,13
long_persona,20,174,231,0.6453549652876798,settle,12
long_persona,20,175,231,0.6645109753921945,settle,11
long_persona,20,176,231,0.6192075737936877,settle,14
long_persona,20,177,231,0.608335623301354,settle,12
long_persona,20,178,231,0.6410966044741555,settle,14
long_persona,20,179,231,0.6171431478202016,settle,13
long_persona,20,180,231,0.6062050520629376,settle,13
long_persona,20,181,231,0.6198576353934815,settle,11
long_persona,20,182,231,0.6111781667552411,settle,16
long_persona,20,183,231,0.6073787817417653,settle,14
long_persona,20,184,231,0.6075307166312514,settle,15
long_persona,20,185,231,0.6205868495937042,settle,18
long_persona,20,186,231,0.6208394070917035,settle,16
long_persona,20,187,231,0.6229876588759246,settle,17
long_persona,20,188,231,0.6134304389610028,settle,11
long_persona,20,189,231,0.6178446524477671,settle,17
long_persona,20,190,231,0.6145763887023266,settle,16
long_persona,20,191,231,0.6160501323473756,settle,19
long_persona,20,192,231,0.6186473785291133,settle,15
long_persona,20,193,231,0.6124306442478131,settle,13
long_persona,20,194,231,0.6187285732189227,settle,11
long_persona,20,195,231,0.6339179186940125,settle,16
long_persona,20,196,231,0.6156248722690018,settle,15
long_persona,20,197,231,0.5597888439069573,settle,60
long_persona,20,198,231,0.5530579765098955,settle,36
long_persona,20,199,231,0.6283052582328366,settle,13
long_persona,20,200,231,0.6422240028400308,settle,12
long_persona,20,201,231,0.6198957770474287,settle,11
long_persona,20,202,231,0.40155347114947604,settle,14
long_persona,20,203,231,0.6243704106132911,settle,13
long_persona,20,204,231,0.6365584345968944,settle,11
long_persona,20,205,231,0.6050151843699254,settle,11
long_persona,20,206,231,0.6176858375125124,settle,12
long_persona,20,207,231,0.6213049323546386,settle,12
long_persona,20,208,231,0.6299560508087794,settle,13
long_persona,20,209,231,0.6361036909095699,settle,12
long_persona,20,210,231,0.635472121930536,settle,13
long_persona,20,211,231,0.6314576171769896,settle,12
long_persona,20,212,231,0.6044721595336113,settle,16
long_persona,20,213,231,1.6044690373661956,settle,16
long_persona,20,214,231,1.6280282770322154,settle,14
long_persona,20,215,231,0.633444951906891,settle,14
long_persona,20,216,231,0.6154575131302994,settle,14
long_persona,20,217,231,0.6101475617767921,settle,15
long_persona,20,218,231,0.634035608580467,settle,15
long_persona,20,219,231,0.6239549164427076,settle,12
long_persona,20,220,231,0.6218613643224727,settle,16
long_persona,20,221,231,0.6180889796941209,settle,18
long_persona,20,222,231,0.3602234864381846,settle,14
long_persona,20,223,231,0.6064930341392432,settle,16
long_persona,20,224,231,0.6335057318348816,settle,15
long_persona,20,225,231,0.6629792380380779,settle,12
long_persona,20,226,231,0.6564721439290353,settle,11
long_persona,20,227,231,0.6920105784390606,settle,7
long_persona,20,228,231,0.671974963707723,settle,8
long_persona,20,229,231,0.6260660481159408,settle,13
long_persona,20,230,231,0.6417453936658633,settle,14
long_persona,21,0,216,4.20209318616792,settle,1
long_persona,21,1,216,2.994963304044908,settle,2
long_persona,21,2,216,0.20819567259478614,settle,3
long_persona,21,3,216,0.5613056121348551,settle,5
long_persona,21,4,216,0.5369042339288135,settle,4
long_persona,21,5,216,0.6304262301332152,settle,7
long_persona,21,6,216,0.6141875964227989,settle,7
long_persona,21,7,216,0.606599717670807,settle,7
long_persona,21,8,216,0.6088209996979899,settle,11
long_persona,21,9,216,0.6248611870581999,settle,11
long_persona,21,10,216,0.6277969232236857,settle,13
long_persona,21,11,216,0.6093246959951504,settle,12
long_persona,21,12,216,0.6395345770141077,settle,11
long_persona,21,13,216,0.6152200792097243,settle,10
long_persona,21,14,216,0.5832181393695881,settle,11
long_persona,21,15,216,0.6049911332683587,settle,11
long_persona,21,16,216,0.5989575898734728,settle,11
long_persona,21,17,216,0.6036439560181036,settle,12
long_persona,21,18,216,0.6267687109238138,settle,11
long_persona,21,19,216,0.6004957763789905,settle,11
long_persona,21,20,216,0.5997893116148139,settle,10
long_persona,21,21,216,0.6157341284984974,settle,12
long_persona,21,22,216,0.6174279582589999,settle,13
long_persona,21,23,216,0.6010747886437996,settle,11
long_persona,21,24,216,0.6077866848722215,settle,12
long_persona,21,25,216,0.6056082512346254,settle,12
long_persona,21,26,216,0.6827631652597743,settle,27
long_persona,21,27,216,0.619994185329432,settle,14
long_persona,21,28,216,0.4357345319489591,settle,17
long_persona,21,29,216,0.6200147769831436,settle,13
long_persona,21,30,216,1.5936076212433856,settle,14
long_persona,21,31,216,0.633847247902616,settle,16
long_persona,21,32,216,0.6058197485055301,settle,11
long_persona,21,33,216,0.6065497851447131,settle,11
long_persona,21,34,216,0.6068951382607536,settle,12
long_persona,21,35,216,0.6106227436326022,settle,12
long_persona,21,36,216,0.6077100821743814,settle,12
long_persona,21,37,216,0.3934434528079649,settle,13
long_persona,21,38,216,0.6005531617459815,settle,14
long_persona,21,39,216,0.5709565064329124,settle,13
long_persona,21,40,216,0.5951580498695119,settle,16
long_persona,21,41,216,0.5981323633817208,settle,15
long_persona,21,42,216,0.6241067786510529,settle,15
long_persona,21,43,216,0.3819678069176517,settle,12
long_persona,21,44,216,0.6323684944452858,settle,15
long_persona,21,45,216,1.6438117431463999,settle,16
long_persona,21,46,216,0.41828539151746724,settle,15
long_persona,21,47,216,0.45978971463118334,settle,15
long_persona,21,48,216,0.4189019119035386,settle,16
long_persona,21,49,216,0.4847231343232492,settle,17
long_persona,21,50,216,0.5175355366289008,settle,16
long_persona,21,51,216,1.4928520588234089,settle,16
long_persona,21,52,216,1.4808631511509838,settle,21
long_persona,21,53,216,0.6175006579314558,settle,15
long_persona,21,54,216,0.6124826392657647,settle,14
long_persona,21,55,216,0.6084274934551276,settle,14
long_persona,21,56,216,0.3858425946672668,settle,17
long_persona,21,57,216,0.4306980211419238,settle,16
long_persona,21,58,216,0.5413811148208025,settle,15
long_persona,21,59,216,0.46346768229641244,settle,14
long_persona,21,60,216,0.5851542862970733,settle,17
long_persona,21,61,216,0.5696250803646697,settle,13
long_persona,21,62,216,0.5899887703692811,settle,14
long_persona,21,63,216,0.5816826422770967,settle,14
long_persona,21,64,216,0.5452474750368372,settle,14
long_persona,21,65,216,0.5815362087943896,settle,14
long_persona,21,66,216,0.5981945003080732,settle,15
long_persona,21,67,216,0.5908470014179359,settle,15
long_persona,21,68,216,0.6918982233827576,settle,16
long_persona,21,69,216,0.629903182282274,settle,15
long_persona,21,70,216,0.6610729779036235,settle,16
long_persona,21,71,216,0.5854409248195159,settle,17
long_persona,21,72,216,0.5707340835317174,settle,17
long_persona,21,73,216,0.6040430081730381,settle,19
long_persona,21,74,216,0.5460425095179137,settle,16
long_persona,21,75,216,0.4744686360223145,settle,16
long_persona,21,76,216,0.5966405681659653,settle,17
long_persona,21,77,216,1.5990608947112468,settle,15
long_persona,21,78,216,0.48323838231288435,settle,19
long_persona,21,79,216,0.5585462828089337,settle,14
long_persona,21,80,216,1.592839331489329,settle,15
long_persona,21,81,216,0.4647842081796966,settle,14
long_persona,21,82,216,0.6132651257651213,settle,15
long_persona,21,83,216,0.6046690003709239,settle,18
long_persona,21,84,216,0.5707239105130425,settle,15
long_persona,21,85,216,0.6069434503537673,settle,15
long_persona,21,86,216,0.6157338140838337,settle,15
long_persona,21,87,216,0.6097872816552675,settle,14
long_persona,21,88,216,0.6280648080114796,settle,14
long_persona,21,89,216,0.6126426256785363,settle,14
long_persona,21,90,216,0.6280417836266324,settle,16
long_persona,21,91,216,0.6031755020985401,settle,17
long_persona,21,92,216,0.607546630028685,settle,16
long_persona,21,93,216,0.6351648503223917,settle,14
long_persona,21,94,216,0.660630625038965,settle,13
long_persona,21,95,216,0.622110855349149,settle,14
long_persona,21,96,216,0.6236584411287733,settle,14
long_persona,21,97,216,0.6193913203067998,settle,14
long_persona,21,98,216,0.4339849288370569,settle,15
long_persona,21,99,216,0.6201315630001226,settle,13
long_persona,21,100,216,0.6114065184714803,settle,13
long_persona,21,101,216,0.4759601053232469,settle,15
long_persona,21,102,216,0.6082043785999159,settle,15
long_persona,21,103,216,0.5968780207945997,settle,14
long_persona,21,104,216,0.6161126025167571,settle,14
long_persona,21,105,216,0.38923334784387364,settle,14
long_persona,21,106,216,0.5913204196103301,settle,13
long_persona,21,107,216,0.5226975251159323,settle,14
long_persona,21,108,216,0.5918797053363493,settle,13
long_persona,21,109,216,0.6035030980319694,settle,13
long_persona,21,110,216,0.5922806662563236,settle,14
long_persona,21,111,216,0.604219035130863,settle,13
long_persona,21,112,216,1.566144608854382,settle,15
long_persona,21,113,216,0.6376183761908032,settle,15
long_persona,21,114,216,1.5793671962882314,settle,26
long_persona,21,115,216,0.5991989578850673,settle,14
long_persona,21,116,216,0.5778667422793506,settle,14
long_persona,21,117,216,0.47204114923125146,settle,17
long_persona,21,118,216,0.5374765688268595,settle,15
long_persona,21,119,216,1.473799269885344,settle,17
long_persona,21,120,216,0.5655943814302902,settle,16
long_persona,21,121,216,0.41845448415484393,settle,14
long_persona,21,122,216,1.4992420582146504,settle,15
long_persona,21,123,216,0.6231056867121997,settle,16
long_persona,21,124,216,0.5608914721680741,settle,17
long_persona,21,125,216,0.5660305896900047,settle,16
long_persona,21,126,216,0.5823860800190173,settle,18
long_persona,21,127,216,0.5723435812345035,settle,17
long_persona,21,128,216,0.5062129048936297,settle,17
long_persona,21,129,216,0.4853538999202958,settle,14
long_persona,21,130,216,0.38547825242503797,settle,14
long_persona,21,131,216,0.38787541303353307,settle,15
long_persona,21,132,216,0.6571362973451864,settle,16
long_persona,21,133,216,0.41322823361775407,settle,16
long_persona,21,134,216,0.4547527564866111,settle,17
long_persona,21,135,216,0.472514501642601,settle,17
long_persona,21,136,216,0.4628436590556318,settle,15
long_persona,21,137,216,0.6320112430572046,settle,14
long_persona,21,138,216,0.6242027358579217,settle,16
long_persona,21,139,216,1.5866233224985935,settle,16
long_persona,21,140,216,0.5607234850952679,settle,14
long_persona,21,141,216,0.4905165434329526,settle,15
long_persona,21,142,216,0.5120839952313021,settle,14
long_persona,21,143,216,0.5446160767258089,settle,12
long_persona,21,144,216,0.5122676499518263,settle,14
long_persona,21,145,216,0.48910508600087943,settle,16
long_persona,21,146,216,0.45296183743382196,settle,16
long_persona,21,147,216,0.3989552735012839,settle,15
long_persona,21,148,216,0.5286584528602829,settle,15
long_persona,21,149,216,0.5016504065368232,settle,17
long_persona,21,150,216,0.5612140696133887,settle,16
long_persona,21,151,216,0.49382828061591305,settle,21
long_persona,21,152,216,1.490788387854487,settle,22
long_persona,21,153,216,1.5138338830407199,settle,18
long_persona,21,154,216,2.5411347963565127,settle,21
long_persona,21,155,216,0.5387140275658239,settle,17
long_persona,21,156,216,0.5676841646197343,settle,17
long_persona,21,157,216,0.6271472597322904,settle,16
long_persona,21,158,216,0.6185072088621416,settle,11
long_persona,21,159,216,0.6445773463886327,settle,9
long_persona,21,160,216,0.6162734235059671,settle,9
long_persona,21,161,216,0.625535567298629,settle,8
long_persona,21,162,216,0.6291519215361144,settle,16
long_persona,21,163,216,0.6403084404496752,settle,11
long_persona,21,164,216,0.6186943485508501,settle,12
long_persona,21,165,216,0.6230946702100137,settle,15
long_persona,21,166,216,0.6226998518464557,settle,11
long_persona,21,167,216,0.6307934939319038,settle,15
long_persona,21,168,216,0.6307965720105563,settle,11
long_persona,21,169,216,0.6232327946586214,settle,14
long_persona,21,170,216,0.6332157703877951,settle,12
long_persona,21,171,216,0.6299626088379942,settle,11
long_persona,21,172,216,0.6441212420151515,settle,13
long_persona,21,173,216,0.6387662123199798,settle,13
long_persona,21,174,216,0.6415799896529037,settle,15
long_persona,21,175,216,0.6367449926020506,settle,13
long_persona,21,176,216,1.6126775041097572,settle,17
long_persona,21,177,216,0.631233797452879,settle,13
long_persona,21,178,216,0.6361030483999031,settle,14
long_persona,21,179,216,0.6254658648120086,settle,14
long_persona,21,180,216,0.624795571800951,settle,12
long_persona,21,181,216,0.638201627264914,settle,14
long_persona,21,182,216,0.6309930163728116,settle,13
long_persona,21,183,216,0.6313257264297153,settle,12
long_persona,21,184,216,0.6154904671606832,settle,13
long_persona,21,185,216,0.617460109344083,settle,12
long_persona,21,186,216,0.6251731454298798,settle,12
long_persona,21,187,216,0.6322773958278419,settle,13
long_persona,21,188,216,0.6301916093593476,settle,14
long_persona,21,189,216,0.6240308203458313,settle,14
long_persona,21,190,216,0.6342152353757575,settle,14
long_persona,21,191,216,0.629824659011393,settle,13
long_persona,21,192,216,0.6269059077830186,settle,12
long_persona,21,193,216,0.6336140376893036,settle,13
long_persona,21,194,216,0.6340155705372101,settle,13
long_persona,21,195,216,0.6324585440173552,settle,13
long_persona,21,196,216,0.6255511348381805,settle,13
long_persona,21,197,216,0.6211671389998611,settle,14
long_persona,21,198,216,0.6208406141042816,settle,12
long_persona,21,199,216,0.6297841615615303,settle,13
long_persona,21,200,216,0.6330855819739453,settle,13
long_persona,21,201,216,0.6216439522805342,settle,13
long_persona,21,202,216,0.6167061190028814,settle,13
long_persona,21,203,216,0.6452197208172451,settle,12
long_persona,21,204,216,0.6179528380828561,settle,11
long_persona,21,205,216,0.6193113199475284,settle,14
long_persona,21,206,216,0.6168430220496921,settle,12
long_persona,21,207,216,0.37534613806528816,settle,13
long_persona,21,208,216,0.6244075444384085,settle,16
long_persona,21,209,216,0.6427265521418761,settle,11
long_persona,21,210,216,0.7102706574156606,settle,10
long_persona,21,211,216,0.6917820696710821,settle,9
long_persona,21,212,216,0.722755425599599,settle,7
long_persona,21,213,216,0.6695035342256392,settle,9
long_persona,21,214,216,0.6591075036585068,settle,11
long_persona,21,215,216,0.6839032109795814,settle,13
long_persona,22,0,218,0.8517978101206457,settle,2
long_persona,22,1,218,1.117757749470041,settle,1
long_persona,22,2,218,4.5148848433085735,settle,3
long_persona,22,3,218,0.6023715005866529,settle,4
long_persona,22,4,218,0.5973044176693072,settle,4
long_persona,22,5,218,0.6358011354510266,settle,7
long_persona,22,6,218,0.602167996803462,settle,7
long_persona,22,7,218,0.6055419155673518,settle,7
long_persona,22,8,218,0.6081550288168267,settle,11
long_persona,22,9,218,0.638421650484418,settle,11
long_persona,22,10,218,0.6373651624632811,settle,12
long_persona,22,11,218,0.6100533876697434,settle,11
long_persona,22,12,218,0.6488501021519653,settle,11
long_persona,22,13,218,0.6100607649646654,settle,10
long_persona,22,14,218,0.5894433503179051,settle,11
long_persona,22,15,218,0.6077548110154134,settle,10
long_persona,22,16,218,0.6102366272309251,settle,10
long_persona,22,17,218,0.6080947566360653,settle,10
long_persona,22,18,218,0.6210145425577809,settle,11
long_persona,22,19,218,0.6018680299589205,settle,10
long_persona,22,20,218,0.6062549554911478,settle,10
long_persona,22,21,218,0.38745020364693156,settle,13
long_persona,22,22,218,0.6203117293624251,settle,12
long_persona,22,23,218,0.5933013503760142,settle,11
long_persona,22,24,218,0.610529708703375,settle,12
long_persona,22,25,218,0.6051035489413717,settle,12
long_persona,22,26,218,0.6854861756538156,settle,27
long_persona,22,27,218,0.6234762420593811,settle,14
long_persona,22,28,218,0.47686699095331325,settle,18
long_persona,22,29,218,0.614044896462252,settle,14
long_persona,22,30,218,1.5924190829369125,settle,15
long_persona,22,31,218,0.628026915550166,settle,16
long_persona,22,32,218,0.6008176619980086,settle,11
long_persona,22,33,218,0.5992347101949564,settle,11
long_persona,22,34,218,0.6107917560296239,settle,12
long_persona,22,35,218,0.6175802719081003,settle,11
long_persona,22,36,218,0.6154934372227217,settle,12
long_persona,22,37,218,0.401369951270419,settle,13
long_persona,22,38,218,0.6033056940792276,settle,14
long_persona,22,39,218,0.5987219065819083,settle,13
long_persona,22,40,218,0.5819257941921543,settle,15
long_persona,22,41,218,0.5964052425750691,settle,16
long_persona,22,42,218,0.4035291695139746,settle,15
long_persona,22,43,218,0.3885463449012003,settle,12
long_persona,22,44,218,0.6210584905498544,settle,16
long_persona,22,45,218,1.6308007040533286,settle,16
long_persona,22,46,218,0.43038735029201947,settle,16
long_persona,22,47,218,0.42503684504757494,settle,15
long_persona,22,48,218,0.4410257297409177,settle,17
long_persona,22,49,218,0.44551557537468356,settle,19
long_persona,22,50,218,0.4381193998276382,settle,19
long_persona,22,51,218,1.459064395591331,settle,18
long_persona,22,52,218,1.4665817286514797,settle,22
long_persona,22,53,218,0.5801222685482178,settle,16
long_persona,22,54,218,0.6065721385774904,settle,14
long_persona,22,55,218,0.605830134128782,settle,14
long_persona,22,56,218,0.3799029833576095,settle,16
long_persona,22,57,218,0.41802282117076406,settle,18
long_persona,22,58,218,0.48921795295914416,settle,15
long_persona,22,59,218,0.41964648222156814,settle,14
long_persona,22,60,218,0.48104926066928305,settle,20
long_persona,22,61,218,0.514756470086914,settle,13
long_persona,22,62,218,0.5476279700582324,settle,14
long_persona,22,63,218,0.5838018235961953,settle,14
long_persona,22,64,218,0.5066230572640165,settle,14
long_persona,22,65,218,0.5943189726403584,settle,15
long_persona,22,66,218,0.5956429239985562,settle,15
long_persona,22,67,218,0.5731358372243388,settle,16
long_persona,22,68,218,0.6799711439823991,settle,17
long_persona,22,69,218,0.6136384824893202,settle,15
long_persona,22,70,218,0.6671148370562603,settle,16
long_persona,22,71,218,1.5995964091882307,settle,18
long_persona,22,72,218,0.5608544084915461,settle,20
long_persona,22,73,218,0.5997134488642302,settle,20
long_persona,22,74,218,0.5286530852727086,settle,19
long_persona,22,75,218,0.45405985488767686,settle,16
long_persona,22,76,218,0.5968065981147681,settle,18
long_persona,22,77,218,1.5927396351781307,settle,16
long_persona,22,78,218,0.4809426187368751,settle,17
long_persona,22,79,218,1.5816899319107858,settle,14
long_persona,22,80,218,1.597612627599024,settle,16
long_persona,22,81,218,0.43790083838183136,settle,15
long_persona,22,82,218,0.6119359959781049,settle,15
long_persona,22,83,218,0.5889565983335627,settle,19
long_persona,22,84,218,0.5454475547887785,settle,15
long_persona,22,85,218,0.6128196452724424,settle,15
long_persona,22,86,218,0.6157994575883531,settle,14
long_persona,22,87,218,0.6096064887967381,settle,14
long_persona,22,88,218,0.6277306698111433,settle,14
long_persona,22,89,218,0.60877433238417,settle,14
long_persona,22,90,218,0.6355993182581361,settle,15
long_persona,22,91,218,0.6008623488377656,settle,17
long_persona,22,92,218,0.6055751504658808,settle,16
long_persona,22,93,218,0.6296859224386572,settle,14
long_persona,22,94,218,0.6688458303237579,settle,13
long_persona,22,95,218,0.6217979145146849,settle,14
long_persona,22,96,218,0.6239241288857109,settle,14
long_persona,22,97,218,0.6172625556148649,settle,14
long_persona,22,98,218,0.4321899687775224,settle,15
long_persona,22,99,218,0.6184105756092827,settle,13
long_persona,22,100,218,0.40034598363165125,settle,14
long_persona,22,101,218,0.44345124956925347,settle,15
long_persona,22,102,218,0.4142297889355154,settle,15
long_persona,22,103,218,0.59682469189188,settle,14
long_persona,22,104,218,0.614313600226748,settle,14
long_persona,22,105,218,0.38649579195361194,settle,15
long_persona,22,106,218,0.549612180126544,settle,14
long_persona,22,107,218,1.5068419082117546,settle,15
long_persona,22,108,218,0.5964479010252913,settle,14
long_persona,22,109,218,0.5924919926262792,settle,14
long_persona,22,110,218,0.5736463123053102,settle,14
long_persona,22,111,218,0.5942972740074245,settle,13
long_persona,22,112,218,1.504619882569273,settle,16
long_persona,22,113,218,0.6314075042994323,settle,16
long_persona,22,114,218,2.5609793976291018,settle,26
long_persona,22,115,218,0.4062113804829742,settle,16
long_persona,22,116,218,0.5179331362878381,settle,17
long_persona,22,117,218,0.4506104270076707,settle,21
long_persona,22,118,218,2.480066736438424,settle,16
long_persona,22,119,218,2.4648051900889,settle,21
long_persona,22,120,218,1.462151085914386,settle,22
long_persona,22,121,218,0.4078230362877818,settle,16
long_persona,22,122,218,1.480036423405354,settle,16
long_persona,22,123,218,0.6200389981045772,settle,17
long_persona,22,124,218,0.5098992840394369,settle,17
long_persona,22,125,218,0.4935850583295263,settle,16
long_persona,22,126,218,0.4107116036552248,settle,21
long_persona,22,127,218,0.5180989118657332,settle,20
long_persona,22,128,218,1.480598711055546,settle,20
long_persona,22,129,218,0.4825108980950135,settle,15
long_persona,22,130,218,0.3838659258454262,settle,14
long_persona,22,131,218,0.3986788396450201,settle,16
long_persona,22,132,218,0.6576203629580223,settle,17
long_persona,22,133,218,1.4429426697323926,settle,17
long_persona,22,134,218,1.4484453004997204,settle,17
long_persona,22,135,218,0.4730947056973013,settle,21
long_persona,22,136,218,0.44767217509346385,settle,17
long_persona,22,137,218,0.6206976808798701,settle,14
long_persona,22,138,218,0.6173969527834601,settle,16
long_persona,22,139,218,1.579084269323383,settle,17
long_persona,22,140,218,0.5194701595894273,settle,15
long_persona,22,141,218,0.45039191596626466,settle,16
long_persona,22,142,218,0.4962380618425036,settle,15
long_persona,22,143,218,0.5281571969245846,settle,14
long_persona,22,144,218,0.4985039255270805,settle,16
long_persona,22,145,218,0.47655078953722474,settle,17
long_persona,22,146,218,1.4725843239938694,settle,17
long_persona,22,147,218,0.39776572763339507,settle,16
long_persona,22,148,218,0.4979444640968815,settle,16
long_persona,22,149,218,0.49094763887685344,settle,21
long_persona,22,150,218,0.5629380854218675,settle,17
long_persona,22,151,218,1.4816094553762211,settle,24
long_persona,22,152,218,1.4729146685835381,settle,25
long_persona,22,153,218,1.489005941557334,settle,22
long_persona,22,154,218,2.525307438899391,settle,22
long_persona,22,155,218,1.5297691524996921,settle,20
long_persona,22,156,218,1.5243920003108449,settle,21
long_persona,22,157,218,0.6178591515004009,settle,17
long_persona,22,158,218,0.6165469837297026,settle,11
long_persona,22,159,218,0.6401993172180231,settle,9
long_persona,22,160,218,0.6118719470537516,settle,10
long_persona,22,161,218,0.6344633208473033,settle,8
long_persona,22,162,218,0.6252421114608688,settle,16
long_persona,22,163,218,0.6418180661071505,settle,15
long_persona,22,164,218,0.6266992986243025,settle,14
long_persona,22,165,218,1.5992668672194936,settle,18
long_persona,22,166,218,1.621788031632447,settle,21
long_persona,22,167,218,0.6221357748372807,settle,21
long_persona,22,168,218,0.6561797322652415,settle,18
long_persona,22,169,218,0.6886883503581814,settle,20
long_persona,22,170,218,0.6550722185665159,settle,15
long_persona,22,171,218,0.6653528831851221,settle,17
long_persona,22,172,218,0.7443298435591229,settle,15
long_persona,22,173,218,0.6912341326055148,settle,16
long_persona,22,174,218,0.6693480845592524,settle,16
long_persona,22,175,218,0.6534868713583168,settle,16
long_persona,22,176,218,0.6747445602188721,settle,15
long_persona,22,177,218,0.6540882872108403,settle,14
long_persona,22,178,218,0.6579503213623248,settle,14
long_persona,22,179,218,0.6311320617832513,settle,18
long_persona,22,180,218,0.630199122354383,settle,15
long_persona,22,181,218,0.6432590812698099,settle,15
long_persona,22,182,218,0.623515592602329,settle,17
long_persona,22,183,218,0.6083618149032941,settle,16
long_persona,22,184,218,0.6103651283993597,settle,14
long_persona,22,185,218,0.606331999062988,settle,14
long_persona,22,186,218,0.6276827786413972,settle,15
long_persona,22,187,218,0.637676685719761,settle,15
long_persona,22,188,218,0.6247763707640319,settle,17
long_persona,22,189,218,0.6212645279482609,settle,17
long_persona,22,190,218,0.6388858444183477,settle,17
long_persona,22,191,218,0.6186279767201492,settle,18
long_persona,22,192,218,0.6061492973068289,settle,16
long_persona,22,193,218,0.599476841394554,settle,16
long_persona,22,194,218,0.6068074608250772,settle,14
long_persona,22,195,218,0.6180178748061659,settle,15
long_persona,22,196,218,0.6135599742244447,settle,15
long_persona,22,197,218,0.6239961340118075,settle,15
long_persona,22,198,218,0.628653918200576,settle,17
long_persona,22,199,218,0.6295396609355989,settle,15
long_persona,22,200,218,0.6303992758007823,settle,17
long_persona,22,201,218,0.6042214135537463,settle,18
long_persona,22,202,218,0.6166919663673344,settle,17
long_persona,22,203,218,0.6372752652706561,settle,15
long_persona,22,204,218,0.6336975087057416,settle,15
long_persona,22,205,218,0.6321044334222601,settle,15
long_persona,22,206,218,0.6340463845794222,settle,13
long_persona,22,207,218,0.640206729291629,settle,17
long_persona,22,208,218,0.6220831839787957,settle,17
long_persona,22,209,218,0.6242404777000443,settle,15
long_persona,22,210,218,0.6140882439646307,settle,15
long_persona,22,211,218,0.637908111277673,settle,13
long_persona,22,212,218,0.6967022478102876,settle,10
long_persona,22,213,218,0.684701825979118,settle,9
long_persona,22,214,218,0.724558085369937,settle,7
long_persona,22,215,218,0.6630532536528274,settle,8
long_persona,22,216,218,0.6331779438820614,settle,12
long_persona,22,217,218,0.652196677093,settle,14
long_persona,23,0,206,4.202860169941827,settle,1
long_persona,23,1,206,2.994847602297739,settle,2
long_persona,23,2,206,0.20824562852774445,settle,3
long_persona,23,3,206,0.5613056180571253,settle,5
long_persona,23,4,206,0.5369041577173209,settle,4
long_persona,23,5,206,0.630426231974129,settle,7
long_persona,23,6,206,0.6141876307002321,settle,7
long_persona,23,7,206,0.6065997655097323,settle,7
long_persona,23,8,206,0.6088209882214263,settle,11
long_persona,23,9,206,0.624861257688529,settle,11
long_persona,23,10,206,0.6277968827785697,settle,13
long_persona,23,11,206,0.609324685738825,settle,12
long_persona,23,12,206,0.6395345000946686,settle,11
long_persona,23,13,206,0.6152200936036732,settle,10
long_persona,23,14,206,0.583218083786943,settle,11
long_persona,23,15,206,0.6049911286510228,settle,11
long_persona,23,16,206,0.5989576774517414,settle,11
long_persona,23,17,206,0.6036439487408775,settle,12
long_persona,23,18,206,0.6267686560982423,settle,11
long_persona,23,19,206,0.6004957970814169,settle,11
long_persona,23,20,206,0.5997893319067775,settle,10
long_persona,23,21,206,0.6157341225666922,settle,12
long_persona,23,22,206,0.6174279943319421,settle,13
long_persona,23,23,206,0.6010747653579412,settle,11
long_persona,23,24,206,0.6077865927165654,settle,12
long_persona,23,25,206,0.60560820196312,settle,12
long_persona,23,26,206,0.6827631940436865,settle,27
long_persona,23,27,206,0.6199941450189649,settle,14
long_persona,23,28,206,0.4357345105622309,settle,17
long_persona,23,29,206,0.6200147143777892,settle,13
long_persona,23,30,206,1.5936076814340765,settle,14
long_persona,23,31,206,0.6338472503391616,settle,16
long_persona,23,32,206,0.6058197479139632,settle,11
long_persona,23,33,206,0.6065497224372733,settle,11
long_persona,23,34,206,0.6068951256646987,settle,12
long_persona,23,35,206,0.6106227138236007,settle,12
long_persona,23,36,206,0.6077101283747866,settle,12
long_persona,23,37,206,0.3934433857921,settle,13
long_persona,23,38,206,0.6005531651892102,settle,14
long_persona,23,39,206,0.570956372495058,settle,13
long_persona,23,40,206,0.5951580400837129,settle,16
long_persona,23,41,206,0.598132434256582,settle,15
long_persona,23,42,206,0.6241067702816175,settle,15
long_persona,23,43,206,0.3819677899783584,settle,12
long_persona,23,44,206,0.6323684761887258,settle,15
long_persona,23,45,206,1.6438117589990693,settle,16
long_persona,23,46,206,0.418285572122779,settle,15
long_persona,23,47,206,0.4597898442037881,settle,15
long_persona,23,48,206,0.41890312802040164,settle,16
long_persona,23,49,206,0.48472313857918997,settle,17
long_persona,23,50,206,0.5175352802520462,settle,16
long_persona,23,51,206,1.492852074962042,settle,16
long_persona,23,52,206,1.4808631735790792,settle,21
long_persona,23,53,206,0.6175007735385021,settle,15
long_persona,23,54,206,0.612482607561986,settle,14
long_persona,23,55,206,0.6084274966719788,settle,14
long_persona,23,56,206,0.385842655097774,settle,17
long_persona,23,57,206,0.43069799551289845,settle,16
long_persona,23,58,206,0.5413811942169051,settle,15
long_persona,23,59,206,0.4634677086368445,settle,14
long_persona,23,60,206,0.5851541451718237,settle,17
long_persona,23,61,206,0.5696250404865053,settle,13
long_persona,23,62,206,0.5899886708327983,settle,14
long_persona,23,63,206,0.58168264808214,settle,14
long_persona,23,64,206,0.5452474717844816,settle,14
long_persona,23,65,206,0.5815362208061626,settle,14
long_persona,23,66,206,0.5981945928998215,settle,15
long_persona,23,67,206,0.5908471523196188,settle,15
long_persona,23,68,206,0.6918981768700183,settle,16
long_persona,23,69,206,0.6299031165502198,settle,15
long_persona,23,70,206,0.6610729217565736,settle,16
long_persona,23,71,206,0.5854408888044139,settle,17
long_persona,23,72,206,0.5707340103951538,settle,17
long_persona,23,73,206,0.6040429708721446,settle,19
long_persona,23,74,206,0.5460426239991493,settle,16
long_persona,23,75,206,0.47446872952320457,settle,16
long_persona,23,76,206,0.5966404064691303,settle,17
long_persona,23,77,206,1.599060894982024,settle,15
long_persona,23,78,206,0.48323842489838864,settle,19
long_persona,23,79,206,0.5585462278154211,settle,14
long_persona,23,80,206,1.5928393351524954,settle,15
long_persona,23,81,206,0.4647839365545885,settle,14
long_persona,23,82,206,0.6132651669632031,settle,15
long_persona,23,83,206,0.604668977725655,settle,18
long_persona,23,84,206,0.5707238121363306,settle,15
long_persona,23,85,206,0.6069434263852429,settle,15
long_persona,23,86,206,0.6157338163972604,settle,15
long_persona,23,87,206,0.609787315246279,settle,14
long_persona,23,88,206,0.6280647143643235,settle,14
long_persona,23,89,206,0.6126425881125961,settle,14
long_persona,23,90,206,0.6280417380789062,settle,16
long_persona,23,91,206,0.6031756631101216,settle,17
long_persona,23,92,206,0.6075466372592244,settle,16
long_persona,23,93,206,0.6351648441575226,settle,14
long_persona,23,94,206,0.6606305905772277,settle,13
long_persona,23,95,206,0.6221109038741344,settle,14
long_persona,23,96,206,0.6236585308015895,settle,14
long_persona,23,97,206,0.6193914058283753,settle,14
long_persona,23,98,206,0.43398487716982653,settle,15
long_persona,23,99,206,0.6201315678162344,settle,13
long_persona,23,100,206,0.6114065052979932,settle,13
long_persona,23,101,206,0.47596004797304253,settle,15
long_persona,23,102,206,0.6082044190351072,settle,15
long_persona,23,103,206,0.5968779671919131,settle,14
long_persona,23,104,206,0.6161125608732979,settle,14
long_persona,23,105,206,0.3892333682568933,settle,14
long_persona,23,106,206,0.5913203881889135,settle,13
long_persona,23,107,206,0.522697538261937,settle,14
long_persona,23,108,206,0.5918796768594998,settle,13
long_persona,23,109,206,0.6035029716915769,settle,13
long_persona,23,110,206,0.592280664913407,settle,14
long_persona,23,111,206,0.6042191184526136,settle,13
long_persona,23,112,206,1.5661446574652114,settle,15
long_persona,23,113,206,0.637618394305814,settle,15
long_persona,23,114,206,1.5793671588522837,settle,26
long_persona,23,115,206,0.5991989386964068,settle,14
long_persona,23,116,206,0.5778667844983636,settle,14
long_persona,23,117,206,0.4720410973597289,settle,17
long_persona,23,118,206,0.5374765712078924,settle,15
long_persona,23,119,206,1.4737993100742888,settle,17
long_persona,23,120,206,0.5655944752783069,settle,16
long_persona,23,121,206,0.41845399207616807,settle,14
long_persona,23,122,206,1.4992419749889405,settle,15
long_persona,23,123,206,0.6231056632297522,settle,16
long_persona,23,124,206,0.5608915641286802,settle,17
long_persona,23,125,206,0.5660305890983314,settle,16
long_persona,23,126,206,0.5823861221239195,settle,18
long_persona,23,127,206,0.5723436636592109,settle,17
long_persona,23,128,206,0.506212857488122,settle,17
long_persona,23,129,206,0.48535415391594905,settle,14
long_persona,23,130,206,0.38547830382113973,settle,14
long_persona,23,131,206,0.38787535480647406,settle,15
long_persona,23,132,206,0.6571363024809154,settle,16
long_persona,23,133,206,0.413228027964393,settle,16
long_persona,23,134,206,0.45475268875289043,settle,17
long_persona,23,135,206,0.47251443023163964,settle,17
long_persona,23,136,206,0.4628437433490733,settle,15
long_persona,23,137,206,0.6320113000130666,settle,14
long_persona,23,138,206,0.6242027256317959,settle,16
long_persona,23,139,206,1.5866233582951357,settle,16
long_persona,23,140,206,0.5607234438688953,settle,14
long_persona,23,141,206,0.490516540683414,settle,15
long_persona,23,142,206,0.5120839983084619,settle,14
long_persona,23,143,206,0.5446161002709676,settle,12
long_persona,23,144,206,0.5122676791733634,settle,14
long_persona,23,145,206,0.4891050720200773,settle,16
long_persona,23,146,206,0.4529618090686144,settle,16
long_persona,23,147,206,0.3989551566957269,settle,15
long_persona,23,148,206,0.528658457693769,settle,15
long_persona,23,149,206,0.5016504049875737,settle,17
long_persona,23,150,206,0.5612140548093997,settle,16
long_persona,23,151,206,0.4938284955703551,settle,21
long_persona,23,152,206,1.4907884214436373,settle,22
long_persona,23,153,206,1.5138339251868747,settle,18
long_persona,23,154,206,2.5411347460961355,settle,21
long_persona,23,155,206,0.5387140512612871,settle,17
long_persona,23,156,206,0.5676840793869827,settle,17
long_persona,23,157,206,0.6271473118437129,settle,16
long_persona,23,158,206,0.618507158315894,settle,11
long_persona,23,159,206,0.6445773715740992,settle,9
long_persona,23,160,206,0.6162734679634329,settle,9
long_persona,23,161,206,0.6255356149291208,settle,8
long_persona,23,162,206,0.6291518614738615,settle,16
long_persona,23,163,206,0.6133592529468641,settle,14
long_persona,23,164,206,0.6011629065151514,settle,12
long_persona,23,165,206,0.610433497267239,settle,10
long_persona,23,166,206,0.620296149467118,settle,12
long_persona,23,167,206,0.6221961245738598,settle,13
long_persona,23,168,206,0.621322610045259,settle,13
long_persona,23,169,206,0.6194259733172757,settle,11
long_persona,23,170,206,0.6260850243333375,settle,12
long_persona,23,171,206,0.6248185387972073,settle,15
long_persona,23,172,206,0.6146815031742567,settle,14
long_persona,23,173,206,0.6136461641242623,settle,13
long_persona,23,174,206,0.6268482145747207,settle,13
long_persona,23,175,206,0.6289864484765442,settle,15
long_persona,23,176,206,0.6236923040874283,settle,14
long_persona,23,177,206,0.6333669034810431,settle,14
long_persona,23,178,206,0.6241633868439465,settle,14
long_persona,23,179,206,0.616649614089721,settle,12
long_persona,23,180,206,0.6157693800174537,settle,16
long_persona,23,181,206,0.6180651309087524,settle,14
long_persona,23,182,206,0.6340584286682696,settle,13
long_persona,23,183,206,0.627265593352479,settle,13
long_persona,23,184,206,0.6229373863072225,settle,14
long_persona,23,185,206,0.6070980463083985,settle,13
long_persona,23,186,206,0.612790291453622,settle,16
long_persona,23,187,206,0.5812600988319894,settle,17
long_persona,23,188,206,0.604687133468988,settle,15
long_persona,23,189,206,0.6159646737097212,settle,14
long_persona,23,190,206,0.6165484166321404,settle,14
long_persona,23,191,206,0.6154426707123908,settle,12
long_persona,23,192,206,0.6301943046992952,settle,15
long_persona,23,193,206,0.6376880712554583,settle,14
long_persona,23,194,206,0.6542793804032305,settle,14
long_persona,23,195,206,0.6420843650006653,settle,13
long_persona,23,196,206,0.6455543466319265,settle,14
long_persona,23,197,206,0.38030866074811004,settle,14
long_persona,23,198,206,0.6290300088196297,settle,14
long_persona,23,199,206,0.6476711831785131,settle,15
long_persona,23,200,206,0.6868464596077357,settle,12
long_persona,23,201,206,0.671134285425455,settle,11
long_persona,23,202,206,0.7044379360034804,settle,7
long_persona,23,203,206,0.6465720474360969,settle,8
long_persona,23,204,206,0.625011134677782,settle,15
long_persona,23,205,206,0.6356237453001832,settle,14
no_system_prompt,0,0,76,1.9714184405085666,settle,1
no_system_prompt,0,1,76,1.224293855266847,settle,1
no_system_prompt,0,2,76,3.4252692800181057,settle,3
no_system_prompt,0,3,76,0.5516298216613583,settle,8
no_system_prompt,0,4,76,0.5850812641182976,settle,3
no_system_prompt,0,5,76,0.5809090734976757,settle,5
no_system_prompt,0,6,76,0.5940833202083238,settle,5
no_system_prompt,0,7,76,0.6010060856955562,settle,8
no_system_prompt,0,8,76,0.6288187484031884,settle,11
no_system_prompt,0,9,76,0.6220856039256112,settle,9
no_system_prompt,0,10,76,0.6048233853849757,settle,10
no_system_prompt,0,11,76,0.6321590090399063,settle,12
no_system_prompt,0,12,76,0.6283704272388287,settle,11
no_system_prompt,0,13,76,0.6343344647850604,settle,10
no_system_prompt,0,14,76,0.630661179665557,settle,10
no_system_prompt,0,15,76,0.6353421655627443,settle,10
no_system_prompt,0,16,76,0.6291217736504207,settle,12
no_system_prompt,0,17,76,0.6292418120301158,settle,12
no_system_prompt,0,18,76,0.6210097181933483,settle,12
no_system_prompt,0,19,76,0.622076297543497,settle,12
no_system_prompt,0,20,76,0.6178239341304801,settle,14
no_system_prompt,0,21,76,0.6178425741337512,settle,10
no_system_prompt,0,22,76,0.6302038559340642,settle,12
no_system_prompt,0,23,76,0.374585416725644,settle,13
no_system_prompt,0,24,76,0.6420191599212713,settle,13
no_system_prompt,0,25,76,0.615124823842243,settle,9
no_system_prompt,0,26,76,0.6288243483681398,settle,11
no_system_prompt,0,27,76,0.6440244952491356,settle,11
no_system_prompt,0,28,76,0.6533858046636293,settle,13
no_system_prompt,0,29,76,0.634981022872036,settle,14
no_system_prompt,0,30,76,0.6217103871920437,settle,13
no_system_prompt,0,31,76,0.6362161620649872,settle,12
no_system_prompt,0,32,76,0.6391893205547661,settle,13
no_system_prompt,0,33,76,0.6204658446062765,settle,15
no_system_prompt,0,34,76,0.6138958089569698,settle,12
no_system_prompt,0,35,76,0.6393011922039821,settle,13
no_system_prompt,0,36,76,0.6355922451513014,settle,12
no_system_prompt,0,37,76,0.6517494306898904,settle,13
no_system_prompt,0,38,76,0.6253308753418911,settle,13
no_system_prompt,0,39,76,0.6453519826329205,settle,10
no_system_prompt,0,40,76,0.6383748924317602,settle,12
no_system_prompt,0,41,76,0.363504758271276,settle,12
no_system_prompt,0,42,76,0.6614332214749077,settle,9
no_system_prompt,0,43,76,0.6299045834361242,settle,11
no_system_prompt,0,44,76,0.6344352946244483,settle,10
no_system_prompt,0,45,76,0.6456287532405289,settle,12
no_system_prompt,0,46,76,0.6272526354075598,settle,12
no_system_prompt,0,47,76,0.39578377827998074,settle,12
no_system_prompt,0,48,76,0.628867751021924,settle,13
no_system_prompt,0,49,76,0.6308649917010257,settle,12
no_system_prompt,0,50,76,0.634511772560641,settle,11
no_system_prompt,0,51,76,0.6288893593011312,settle,10
no_system_prompt,0,52,76,0.6285707938098684,settle,12
no_system_prompt,0,53,76,0.6088023590132458,settle,14
no_system_prompt,0,54,76,0.6241943045216523,settle,10
no_system_prompt,0,55,76,0.6337189970831144,settle,12
no_system_prompt,0,56,76,0.6324321378111558,settle,12
no_system_prompt,0,57,76,0.6284391733784259,settle,11
no_system_prompt,0,58,76,0.6255587182256537,settle,12
no_system_prompt,0,59,76,0.6263558442161988,settle,12
no_system_prompt,0,60,76,1.627987208939094,settle,14
no_system_prompt,0,61,76,0.635941742322148,settle,11
no_system_prompt,0,62,76,0.6354007591145308,settle,12
no_system_prompt,0,63,76,0.6171661604318649,settle,13
no_system_prompt,0,64,76,0.6289246611077368,settle,13
no_system_prompt,0,65,76,0.6377740981218911,settle,11
no_system_prompt,0,66,76,0.6239020347345507,settle,12
no_system_prompt,0,67,76,0.6587470224489197,settle,12
no_system_prompt,0,68,76,0.6081899402480253,settle,12
no_system_prompt,0,69,76,0.6119657186557343,settle,13
no_system_prompt,0,70,76,0.5946931433478742,settle,12
no_system_prompt,0,71,76,0.6079572162045013,settle,14
no_system_prompt,0,72,76,0.6480798505034684,settle,8
no_system_prompt,0,73,76,0.6648483820423962,settle,8
no_system_prompt,0,74,76,0.6081926007697043,settle,11
no_system_prompt,0,75,76,0.6278487901790071,settle,12
no_system_prompt,1,0,38,0.2119294158140352,settle,2
no_system_prompt,1,1,38,0.06902254246763673,settle,1
no_system_prompt,1,2,38,5.30268486093829,settle,3
no_system_prompt,1,3,38,0.5513814935808247,settle,8
no_system_prompt,1,4,38,0.5810454397959383,settle,3
no_system_prompt,1,5,38,0.5889769696759263,settle,4
no_system_prompt,1,6,38,0.5958512352831397,settle,5
no_system_prompt,1,7,38,0.6181423595982264,settle,7
no_system_prompt,1,8,38,0.5945047542019729,settle,11
no_system_prompt,1,9,38,0.621839793841387,settle,12
no_system_prompt,1,10,38,0.635747702419091,settle,11
no_system_prompt,1,11,38,0.6270536100401208,settle,11
no_system_prompt,1,12,38,0.677794285017557,settle,12
no_system_prompt,1,13,38,0.6585453293138855,settle,11
no_system_prompt,1,14,38,0.6173818222566125,settle,15
no_system_prompt,1,15,38,0.6501160041857927,settle,14
no_system_prompt,1,16,38,0.6557691416545995,settle,12
no_system_prompt,1,17,38,0.6366584153476864,settle,13
no_system_prompt,1,18,38,0.6355311131705083,settle,14
no_system_prompt,1,19,38,0.6382295337166229,settle,13
no_system_prompt,1,20,38,0.651852634576132,settle,13
no_system_prompt,1,21,38,0.6401592810762351,settle,15
no_system_prompt,1,22,38,0.641908625085679,settle,12
no_system_prompt,1,23,38,0.6563010514997878,settle,13
no_system_prompt,1,24,38,0.6348630456301078,settle,12
no_system_prompt,1,25,38,0.6445034504008434,settle,13
no_system_prompt,1,26,38,0.6322275010392526,settle,14
no_system_prompt,1,27,38,0.635332029994515,settle,13
no_system_prompt,1,28,38,0.6357681433862835,settle,13
no_system_prompt,1,29,38,0.6272052418829419,settle,13
no_system_prompt,1,30,38,0.6152032713592096,settle,13
no_system_prompt,1,31,38,0.600564369365076,settle,15
no_system_prompt,1,32,38,0.6227773973081335,settle,13
no_system_prompt,1,33,38,0.6455920381389271,settle,16
no_system_prompt,1,34,38,0.6261365632097208,settle,7
no_system_prompt,1,35,38,0.6249427463320097,settle,7
no_system_prompt,1,36,38,0.608743743728223,settle,8
no_system_prompt,1,37,38,0.635984909563619,settle,13
no_system_prompt,2,0,67,1.9716231594224292,settle,1
no_system_prompt,2,1,67,1.2244279380014704,settle,1
no_system_prompt,2,2,67,3.4253377108573453,settle,3
no_system_prompt,2,3,67,0.5516298068245621,settle,8
no_system_prompt,2,4,67,0.5850813072359182,settle,3
no_system_prompt,2,5,67,0.5809091053988633,settle,5
no_system_prompt,2,6,67,0.6071647469168092,settle,6
no_system_prompt,2,7,67,0.6009555942325121,settle,8
no_system_prompt,2,8,67,0.6054848885235934,settle,7
no_system_prompt,2,9,67,0.6353892561814553,settle,11
no_system_prompt,2,10,67,0.6379379713017478,settle,9
no_system_prompt,2,11,67,0.64482160152013,settle,10
no_system_prompt,2,12,67,0.6479890854187335,settle,12
no_system_prompt,2,13,67,0.6526025453949287,settle,11
no_system_prompt,2,14,67,0.620570659001206,settle,15
no_system_prompt,2,15,67,0.6712542386951624,settle,12
no_system_prompt,2,16,67,0.6567549544240437,settle,12
no_system_prompt,2,17,67,0.6579253465372911,settle,16
no_system_prompt,2,18,67,0.6497710663291827,settle,12
no_system_prompt,2,19,67,0.6729528617867421,settle,12
no_system_prompt,2,20,67,0.6495258303673691,settle,12
no_system_prompt,2,21,67,0.6528361701103003,settle,12
no_system_prompt,2,22,67,0.6532649500882785,settle,12
no_system_prompt,2,23,67,0.629638626291047,settle,15
no_system_prompt,2,24,67,0.6678364323302756,settle,11
no_system_prompt,2,25,67,0.6523409607004025,settle,13
no_system_prompt,2,26,67,0.6559913933683578,settle,12
no_system_prompt,2,27,67,0.6563828124421947,settle,13
no_system_prompt,2,28,67,0.6585034991958257,settle,13
no_system_prompt,2,29,67,0.6768304195498687,settle,11
no_system_prompt,2,30,67,0.6456238953103601,settle,12
no_system_prompt,2,31,67,0.6548068358194653,settle,12
no_system_prompt,2,32,67,0.6667925573613586,settle,13
no_system_prompt,2,33,67,0.64628420913814,settle,13
no_system_prompt,2,34,67,0.6627554248034121,settle,12
no_system_prompt,2,35,67,0.6736489198530397,settle,12
no_system_prompt,2,36,67,0.6546985237360493,settle,12
no_system_prompt,2,37,67,0.6548511510244798,settle,11
no_system_prompt,2,38,67,0.6558406654077779,settle,13
no_system_prompt,2,39,67,0.6662582685197759,settle,9
no_system_prompt,2,40,67,0.657669633518826,settle,12
no_system_prompt,2,41,67,0.6583295908886206,settle,11
no_system_prompt,2,42,67,0.681007496578565,settle,10
no_system_prompt,2,43,67,0.6583834708027528,settle,11
no_system_prompt,2,44,67,0.6708668436432081,settle,10
no_system_prompt,2,45,67,0.6695512247985753,settle,12
no_system_prompt,2,46,67,0.6713021247214815,settle,13
no_system_prompt,2,47,67,0.6521449503750997,settle,11
no_system_prompt,2,48,67,0.6655563386884994,settle,11
no_system_prompt,2,49,67,0.681251558140581,settle,13
no_system_prompt,2,50,67,0.6730691796124267,settle,12
no_system_prompt,2,51,67,0.6683861454557807,settle,14
no_system_prompt,2,52,67,0.6849455606801489,settle,11
no_system_prompt,2,53,67,0.6840064729055042,settle,10
no_system_prompt,2,54,67,0.6784816521982963,settle,11
no_system_prompt,2,55,67,0.6921032568904747,settle,9
no_system_prompt,2,56,67,0.6884438230560517,settle,11
no_system_prompt,2,57,67,0.6765557501740954,settle,11
no_system_prompt,2,58,67,0.68680609718901,settle,11
no_system_prompt,2,59,67,0.6429087541713646,settle,14
no_system_prompt,2,60,67,0.6262905255018333,settle,11
no_system_prompt,2,61,67,0.6542723910837551,settle,8
no_system_prompt,2,62,67,0.7019270500596024,settle,9
no_system_prompt,2,63,67,0.7084684979797458,settle,8
no_system_prompt,2,64,67,0.6585854048367361,settle,8
no_system_prompt,2,65,67,0.6484997005376468,settle,8
no_system_prompt,2,66,67,0.6910196387020564,settle,11
no_system_prompt,3,0,43,0.21177223059418152,settle,2
no_system_prompt,3,1,43,0.069019251294,settle,1
no_system_prompt,3,2,43,5.3027308748163895,settle,3
no_system_prompt,3,3,43,0.5513814926843202,settle,8
no_system_prompt,3,4,43,0.581045400247231,settle,3
no_system_prompt,3,5,43,0.588976974617196,settle,4
no_system_prompt,3,6,43,0.5961545673819627,settle,5
no_system_prompt,3,7,43,0.6070461604521692,settle,6
no_system_prompt,3,8,43,0.6195481829729201,settle,10
no_system_prompt,3,9,43,0.6326394423812894,settle,9
no_system_prompt,3,10,43,0.6245691292835633,settle,12
no_system_prompt,3,11,43,0.6127962086294384,settle,8
no_system_prompt,3,12,43,0.6328193750391962,settle,13
no_system_prompt,3,13,43,0.6459348153512013,settle,12
no_system_prompt,3,14,43,0.637890269954782,settle,10
no_system_prompt,3,15,43,0.6205586675202539,settle,11
no_system_prompt,3,16,43,0.6274830056627695,settle,10
no_system_prompt,3,17,43,0.621416887989322,settle,13
no_system_prompt,3,18,43,0.6309069248626332,settle,10
no_system_prompt,3,19,43,0.6272098675796927,settle,9
no_system_prompt,3,20,43,0.638121789788329,settle,11
no_system_prompt,3,21,43,0.6673962440582977,settle,12
no_system_prompt,3,22,43,0.6428172718785945,settle,9
no_system_prompt,3,23,43,0.6397857483330507,settle,11
no_system_prompt,3,24,43,0.6249027729114073,settle,10
no_system_prompt,3,25,43,0.632388724796118,settle,12
no_system_prompt,3,26,43,0.627371858757974,settle,9
no_system_prompt,3,27,43,0.6354452910737975,settle,10
no_system_prompt,3,28,43,0.623255163523207,settle,9
no_system_prompt,3,29,43,0.6391997092383628,settle,11
no_system_prompt,3,30,43,0.627439562708382,settle,10
no_system_prompt,3,31,43,0.6372244965006368,settle,11
no_system_prompt,3,32,43,0.6246218780388557,settle,9
no_system_prompt,3,33,43,0.6266008571388669,settle,10
no_system_prompt,3,34,43,0.6298419646164891,settle,11
no_system_prompt,3,35,43,0.6115529386975602,settle,11
no_system_prompt,3,36,43,0.623267478332886,settle,10
no_system_prompt,3,37,43,0.6302786854303857,settle,8
no_system_prompt,3,38,43,0.7083222161035115,settle,9
no_system_prompt,3,39,43,0.6344058404958106,settle,9
no_system_prompt,3,40,43,0.591759587161356,settle,8
no_system_prompt,3,41,43,0.6223544740453394,settle,8
no_system_prompt,3,42,43,0.6453996495768574,settle,9
no_system_prompt,4,0,117,1.0614367643091633,settle,1
no_system_prompt,4,1,117,1.1864821895485407,settle,1
no_system_prompt,4,2,117,2.900079202229255,settle,3
no_system_prompt,4,3,117,0.5535348029363766,settle,8
no_system_prompt,4,4,117,0.5831310836172032,settle,3
no_system_prompt,4,5,117,0.5783971106445027,settle,4
no_system_prompt,4,6,117,0.616837399962957,settle,6
no_system_prompt,4,7,117,0.6216177929693871,settle,8
no_system_prompt,4,8,117,0.6352361464571002,settle,11
no_system_prompt,4,9,117,0.6314983065167004,settle,7
no_system_prompt,4,10,117,0.6439048537960469,settle,11
no_system_prompt,4,11,117,0.6554165348629344,settle,9
no_system_prompt,4,12,117,0.6363106772673371,settle,13
no_system_prompt,4,13,117,0.641456925310488,settle,14
no_system_prompt,4,14,117,0.6632458232762282,settle,14
no_system_prompt,4,15,117,0.6373862844604927,settle,12
no_system_prompt,4,16,117,0.6163350801334718,settle,12
no_system_prompt,4,17,117,0.6227289052035397,settle,11
no_system_prompt,4,18,117,0.6496780828203601,settle,12
no_system_prompt,4,19,117,0.626180847356497,settle,12
no_system_prompt,4,20,117,0.6039816497294719,settle,12
no_system_prompt,4,21,117,0.6516361533191025,settle,12
no_system_prompt,4,22,117,0.6580670401589039,settle,15
no_system_prompt,4,23,117,0.6081663420838844,settle,13
no_system_prompt,4,24,117,0.60399623854295,settle,14
no_system_prompt,4,25,117,0.6057010144701304,settle,14
no_system_prompt,4,26,117,0.6227140457184775,settle,13
no_system_prompt,4,27,117,0.6310324536187021,settle,12
no_system_prompt,4,28,117,0.6328617596038154,settle,15
no_system_prompt,4,29,117,0.6238989718426535,settle,15
no_system_prompt,4,30,117,0.618005947265154,settle,15
no_system_prompt,4,31,117,0.6305960750843919,settle,14
no_system_prompt,4,32,117,0.370403878157344,settle,13
no_system_prompt,4,33,117,0.3745134183243744,settle,13
no_system_prompt,4,34,117,0.6175608295362357,settle,12
no_system_prompt,4,35,117,0.5954271448154657,settle,15
no_system_prompt,4,36,117,0.6278241865902616,settle,13
no_system_prompt,4,37,117,0.621991518625871,settle,13
no_system_prompt,4,38,117,0.6336412232995734,settle,13
no_system_prompt,4,39,117,0.3563636213099437,settle,14
no_system_prompt,4,40,117,0.38574111500026814,settle,13
no_system_prompt,4,41,117,0.6358149367500975,settle,15
no_system_prompt,4,42,117,0.6344883966169867,settle,13
no_system_prompt,4,43,117,0.6403137118565553,settle,15
no_system_prompt,4,44,117,0.6133125853119813,settle,14
no_system_prompt,4,45,117,1.6276413815694604,settle,14
no_system_prompt,4,46,117,0.609796819398971,settle,15
no_system_prompt,4,47,117,0.3792646101821381,settle,14
no_system_prompt,4,48,117,0.6290213666385925,settle,14
no_system_prompt,4,49,117,0.6428966635614163,settle,14
no_system_prompt,4,50,117,0.6165852812956529,settle,13
no_system_prompt,4,51,117,0.6462877785458696,settle,15
no_system_prompt,4,52,117,0.621455992287087,settle,13
no_system_prompt,4,53,117,0.6265370875412674,settle,13
no_system_prompt,4,54,117,0.6768303857815816,settle,15
no_system_prompt,4,55,117,0.6297760526193122,settle,13
no_system_prompt,4,56,117,0.3766976501295598,settle,16
no_system_prompt,4,57,117,1.6247889194138845,settle,15
no_system_prompt,4,58,117,0.6333906769911355,settle,15
no_system_prompt,4,59,117,1.6331649152713283,settle,16
no_system_prompt,4,60,117,0.631433447946505,settle,14
no_system_prompt,4,61,117,0.6198663430177938,settle,14
no_system_prompt,4,62,117,0.6158788993323044,settle,14
no_system_prompt,4,63,117,0.6483416705807813,settle,14
no_system_prompt,4,64,117,0.661749032947707,settle,13
no_system_prompt,4,65,117,0.6335737088203788,settle,13
no_system_prompt,4,66,117,0.3833068896429244,settle,12
no_system_prompt,4,67,117,0.6254453559027766,settle,14
no_system_prompt,4,68,117,0.6251256612835802,settle,13
no_system_prompt,4,69,117,0.3577524723754996,settle,13
no_system_prompt,4,70,117,0.6068869293132403,settle,15
no_system_prompt,4,71,117,0.6335810304828269,settle,14
no_system_prompt,4,72,117,0.6339891855299743,settle,15
no_system_prompt,4,73,117,0.6268852195820721,settle,16
no_system_prompt,4,74,117,0.6326651607116486,settle,15
no_system_prompt,4,75,117,0.6349291811995227,settle,14
no_system_prompt,4,76,117,0.6247984343550719,settle,14
no_system_prompt,4,77,117,0.662199610246258,settle,14
no_system_prompt,4,78,117,0.6345106454924255,settle,16
no_system_prompt,4,79,117,0.6255460002406451,settle,13
no_system_prompt,4,80,117,0.6278507015529451,settle,14
no_system_prompt,4,81,117,0.6288538141002826,settle,12
no_system_prompt,4,82,117,0.6218310379000853,settle,14
no_system_prompt,4,83,117,0.6289317492019061,settle,12
no_system_prompt,4,84,117,0.6336744916564027,settle,14
no_system_prompt,4,85,117,0.6354099312371561,settle,14
no_system_prompt,4,86,117,0.6162294670222372,settle,12
no_system_prompt,4,87,117,0.6215500161226148,settle,14
no_system_prompt,4,88,117,0.6398777375394897,settle,13
no_system_prompt,4,89,117,0.6181870340208993,settle,14
no_system_prompt,4,90,117,0.6160009019931629,settle,13
no_system_prompt,4,91,117,0.6361689954533449,settle,14
no_system_prompt,4,92,117,0.614664517083694,settle,14
no_system_prompt,4,93,117,0.6298324139347654,settle,14
no_system_prompt,4,94,117,0.3809562473533554,settle,14
no_system_prompt,4,95,117,0.6126531211280245,settle,17
no_system_prompt,4,96,117,0.6234734446647507,settle,17
no_system_prompt,4,97,117,0.6344104187365008,settle,14
no_system_prompt,4,98,117,0.6415944065682183,settle,14
no_system_prompt,4,99,117,0.640623465451239,settle,15
no_system_prompt,4,100,117,0.6504493709075103,settle,14
no_system_prompt,4,101,117,0.6537593321082269,settle,13
no_system_prompt,4,102,117,0.6325067661821988,settle,10
no_system_prompt,4,103,117,0.6265842961393054,settle,12
no_system_prompt,4,104,117,0.6070019572384208,settle,13
no_system_prompt,4,105,117,0.6182770736035069,settle,14
no_system_prompt,4,106,117,0.616212725906245,settle,15
no_system_prompt,4,107,117,1.609847778018591,settle,14
no_system_prompt,4,108,117,0.3914424898476418,settle,14
no_system_prompt,4,109,117,0.6275208030428719,settle,14
no_system_prompt,4,110,117,0.6224056964900182,settle,15
no_system_prompt,4,111,117,0.641392842078306,settle,12
no_system_prompt,4,112,117,0.6356938290720158,settle,11
no_system_prompt,4,113,117,0.6198265489564845,settle,8
no_system_prompt,4,114,117,0.6245501719323454,settle,8
no_system_prompt,4,115,117,0.6265472457834216,settle,9
no_system_prompt,4,116,117,0.6329766389925156,settle,11
no_system_prompt,5,0,67,1.9717662519526789,settle,1
no_system_prompt,5,1,67,1.2246265573371793,settle,1
no_system_prompt,5,2,67,3.425263648312137,settle,3
no_system_prompt,5,3,67,0.551629796405412,settle,8
no_system_prompt,5,4,67,0.5850812557931655,settle,3
no_system_prompt,5,5,67,0.5809091207826345,settle,5
no_system_prompt,5,6,67,0.6167672201204758,settle,6
no_system_prompt,5,7,67,0.6117974168632602,settle,9
no_system_prompt,5,8,67,0.6338312478945067,settle,12
no_system_prompt,5,9,67,0.6144655952081771,settle,11
no_system_prompt,5,10,67,0.6482745328951293,settle,11
no_system_prompt,5,11,67,0.35860556288012213,settle,13
no_system_prompt,5,12,67,0.6424111235158697,settle,10
no_system_prompt,5,13,67,0.6501904885253549,settle,12
no_system_prompt,5,14,67,0.6608027217452895,settle,11
no_system_prompt,5,15,67,0.6424751200383887,settle,11
no_system_prompt,5,16,67,0.6445651768398876,settle,14
no_system_prompt,5,17,67,0.6184796369511467,settle,14
no_system_prompt,5,18,67,1.5372746371013364,settle,17
no_system_prompt,5,19,67,0.46425297031232493,settle,14
no_system_prompt,5,20,67,0.6273220039107794,settle,14
no_system_prompt,5,21,67,0.6197174858890937,settle,12
no_system_prompt,5,22,67,0.6200653122649584,settle,12
no_system_prompt,5,23,67,0.6178510794499077,settle,11
no_system_prompt,5,24,67,0.6377010479905774,settle,12
no_system_prompt,5,25,67,0.6151656306601591,settle,13
no_system_prompt,5,26,67,0.6044735660791369,settle,12
no_system_prompt,5,27,67,0.5973867903480631,settle,12
no_system_prompt,5,28,67,0.6228665242309036,settle,11
no_system_prompt,5,29,67,0.6334591870980841,settle,13
no_system_prompt,5,30,67,0.6322763714358266,settle,12
no_system_prompt,5,31,67,0.6310003667453001,settle,12
no_system_prompt,5,32,67,0.6165581429566508,settle,13
no_system_prompt,5,33,67,0.6058263553121528,settle,13
no_system_prompt,5,34,67,0.6117686626397024,settle,13
no_system_prompt,5,35,67,0.6279483073326468,settle,12
no_system_prompt,5,36,67,0.6440670890859738,settle,13
no_system_prompt,5,37,67,0.6450271253107213,settle,14
no_system_prompt,5,38,67,0.6419248670539157,settle,12
no_system_prompt,5,39,67,0.6141897178298271,settle,16
no_system_prompt,5,40,67,0.6363091731249086,settle,13
no_system_prompt,5,41,67,0.622545161619329,settle,14
no_system_prompt,5,42,67,0.616666281720386,settle,14
no_system_prompt,5,43,67,0.6215322987148816,settle,15
no_system_prompt,5,44,67,0.6348685101502652,settle,15
no_system_prompt,5,45,67,0.6184867262482442,settle,14
no_system_prompt,5,46,67,0.6137833710302135,settle,16
no_system_prompt,5,47,67,0.6242465758584516,settle,14
no_system_prompt,5,48,67,0.6291091576704336,settle,13
no_system_prompt,5,49,67,0.6033466397146482,settle,17
no_system_prompt,5,50,67,0.6151954160916273,settle,16
no_system_prompt,5,51,67,0.6348494576256191,settle,16
no_system_prompt,5,52,67,0.6472047745060392,settle,18
no_system_prompt,5,53,67,0.6289230840429565,settle,16
no_system_prompt,5,54,67,0.6448825544726133,settle,17
no_system_prompt,5,55,67,0.6406503698312666,settle,17
no_system_prompt,5,56,67,0.655297587035317,settle,17
no_system_prompt,5,57,67,0.6423542453672796,settle,17
no_system_prompt,5,58,67,0.6363137384134173,settle,18
no_system_prompt,5,59,67,0.6029496812885209,settle,17
no_system_prompt,5,60,67,0.5925927571309101,settle,17
no_system_prompt,5,61,67,0.5747353003945757,settle,17
no_system_prompt,5,62,67,0.595849440376968,settle,17
no_system_prompt,5,63,67,0.6510779543801053,settle,7
no_system_prompt,5,64,67,0.6705431906587755,settle,8
no_system_prompt,5,65,67,0.5996569272672466,settle,16
no_system_prompt,5,66,67,0.633048531908453,settle,18
no_system_prompt,6,0,61,0.2104237961432041,settle,2
no_system_prompt,6,1,61,0.06902292652091543,settle,1
no_system_prompt,6,2,61,5.302702443619007,settle,3
no_system_prompt,6,3,61,0.5513815017808101,settle,8
no_system_prompt,6,4,61,0.5810454512558327,settle,3
no_system_prompt,6,5,61,0.5889769253408996,settle,4
no_system_prompt,6,6,61,0.6159196085886143,settle,6
no_system_prompt,6,7,61,0.6312624527051396,settle,9
no_system_prompt,6,8,61,0.39200022270901963,settle,9
no_system_prompt,6,9,61,0.6185851932131158,settle,12
no_system_prompt,6,10,61,0.6643810737173739,settle,12
no_system_prompt,6,11,61,0.7400505590669717,settle,11
no_system_prompt,6,12,61,0.36544773349885795,settle,11
no_system_prompt,6,13,61,0.5986797642171757,settle,10
no_system_prompt,6,14,61,0.6857000178088336,settle,12
no_system_prompt,6,15,61,0.5969343996569167,settle,10
no_system_prompt,6,16,61,0.5894704396593041,settle,11
no_system_prompt,6,17,61,0.5930796242096362,settle,12
no_system_prompt,6,18,61,0.7589154738163706,settle,12
no_system_prompt,6,19,61,0.71279682897573,settle,11
no_system_prompt,6,20,61,0.6649101605663732,settle,12
no_system_prompt,6,21,61,0.7138321548954204,settle,10
no_system_prompt,6,22,61,0.7152356179817826,settle,12
no_system_prompt,6,23,61,0.747790193514982,settle,12
no_system_prompt,6,24,61,0.7088512266201878,settle,10
no_system_prompt,6,25,61,0.7160958203639204,settle,11
no_system_prompt,6,26,61,0.6785083253570144,settle,12
no_system_prompt,6,27,61,0.7018438553754781,settle,10
no_system_prompt,6,28,61,0.6326671199104298,settle,14
no_system_prompt,6,29,61,0.6693739308487527,settle,12
no_system_prompt,6,30,61,0.7022377854993928,settle,12
no_system_prompt,6,31,61,0.6891790378409408,settle,10
no_system_prompt,6,32,61,0.6829503864003306,settle,11
no_system_prompt,6,33,61,0.6719446946392901,settle,9
no_system_prompt,6,34,61,0.6461733673734092,settle,11
no_system_prompt,6,35,61,0.6218909710187642,settle,11
no_system_prompt,6,36,61,0.6199968724599892,settle,12
no_system_prompt,6,37,61,0.6190163399223164,settle,11
no_system_prompt,6,38,61,0.632533569103895,settle,13
no_system_prompt,6,39,61,0.6300378889466525,settle,11
no_system_prompt,6,40,61,0.6469139371771219,settle,12
no_system_prompt,6,41,61,0.630631438183444,settle,11
no_system_prompt,6,42,61,0.626950840683257,settle,12
no_system_prompt,6,43,61,0.6467000532878158,settle,13
no_system_prompt,6,44,61,0.6698421604385216,settle,9
no_system_prompt,6,45,61,0.6645816246232921,settle,12
no_system_prompt,6,46,61,0.6323992045063255,settle,11
no_system_prompt,6,47,61,0.6210059595008413,settle,13
no_system_prompt,6,48,61,0.6406107402577277,settle,11
no_system_prompt,6,49,61,0.6254469797184421,settle,15
no_system_prompt,6,50,61,0.6244555564462552,settle,14
no_system_prompt,6,51,61,0.6268650369050096,settle,14
no_system_prompt,6,52,61,0.5965526258721771,settle,12
no_system_prompt,6,53,61,0.6163136210260252,settle,12
no_system_prompt,6,54,61,0.625398004106574,settle,10
no_system_prompt,6,55,61,0.6306384281482011,settle,9
no_system_prompt,6,56,61,0.620202226266958,settle,10
no_system_prompt,6,57,61,0.6576166182492691,settle,8
no_system_prompt,6,58,61,0.6614593949700909,settle,8
no_system_prompt,6,59,61,0.6158548085649362,settle,8
no_system_prompt,6,60,61,0.6240331514143674,settle,12
no_system_prompt,7,0,78,1.9712490754541903,settle,1
no_system_prompt,7,1,78,1.2246818166786864,settle,1
no_system_prompt,7,2,78,3.425280060071564,settle,3
no_system_prompt,7,3,78,0.5516297863925048,settle,8
no_system_prompt,7,4,78,0.5850813288282213,settle,3
no_system_prompt,7,5,78,0.5809091082017604,settle,5
no_system_prompt,7,6,78,0.6152082180921797,settle,5
no_system_prompt,7,7,78,0.6213201879529975,settle,8
no_system_prompt,7,8,78,0.6263049640339772,settle,10
no_system_prompt,7,9,78,0.6132571003851399,settle,9
no_system_prompt,7,10,78,0.673415911983043,settle,14
no_system_prompt,7,11,78,0.6211153129256729,settle,14
no_system_prompt,7,12,78,0.6195021641784049,settle,14
no_system_prompt,7,13,78,0.6218149026676374,settle,13
no_system_prompt,7,14,78,0.6066559084650519,settle,9
no_system_prompt,7,15,78,0.6169662574355257,settle,14
no_system_prompt,7,16,78,0.6198318343069944,settle,13
no_system_prompt,7,17,78,0.6258655385557798,settle,10
no_system_prompt,7,18,78,0.6477621728378167,settle,12
no_system_prompt,7,19,78,0.6225873826440163,settle,12
no_system_prompt,7,20,78,0.6403876946863803,settle,11
no_system_prompt,7,21,78,0.6309526816294742,settle,12
no_system_prompt,7,22,78,0.6214750352981215,settle,11
no_system_prompt,7,23,78,0.6264295628322377,settle,9
no_system_prompt,7,24,78,0.6289552858446765,settle,11
no_system_prompt,7,25,78,0.6422197878622148,settle,10
no_system_prompt,7,26,78,0.6179078707424116,settle,11
no_system_prompt,7,27,78,0.6133990723620683,settle,11
no_system_prompt,7,28,78,0.6283422232558266,settle,9
no_system_prompt,7,29,78,0.6343917409474112,settle,11
no_system_prompt,7,30,78,0.6314790459655817,settle,11
no_system_prompt,7,31,78,0.6272492567502825,settle,15
no_system_prompt,7,32,78,0.6219196139785784,settle,13
no_system_prompt,7,33,78,0.609786826371011,settle,14
no_system_prompt,7,34,78,0.6177709369966168,settle,12
no_system_prompt,7,35,78,0.6347282609919781,settle,14
no_system_prompt,7,36,78,0.6145406086712013,settle,11
no_system_prompt,7,37,78,0.6103745227898126,settle,12
no_system_prompt,7,38,78,1.6220507218324578,settle,13
no_system_prompt,7,39,78,0.6002010350269706,settle,11
no_system_prompt,7,40,78,0.6112989614895522,settle,13
no_system_prompt,7,41,78,0.5957702983792607,settle,13
no_system_prompt,7,42,78,0.6065019094543049,settle,14
no_system_prompt,7,43,78,0.6094539092675922,settle,13
no_system_prompt,7,44,78,0.615697360753925,settle,11
no_system_prompt,7,45,78,0.6032211342443574,settle,11
no_system_prompt,7,46,78,0.6400834476067129,settle,12
no_system_prompt,7,47,78,0.6159597066476622,settle,13
no_system_prompt,7,48,78,0.6460108771445525,settle,11
no_system_prompt,7,49,78,0.6353718712708013,settle,13
no_system_prompt,7,50,78,0.6433171398674732,settle,11
no_system_prompt,7,51,78,0.6370844256340026,settle,11
no_system_prompt,7,52,78,0.6383816903347781,settle,14
no_system_prompt,7,53,78,0.6173091202331132,settle,13
no_system_prompt,7,54,78,0.6223593975404969,settle,11
no_system_prompt,7,55,78,0.6189263880741785,settle,13
no_system_prompt,7,56,78,0.5999379996246658,settle,12
no_system_prompt,7,57,78,0.6257906589263218,settle,11
no_system_prompt,7,58,78,0.6112992991252205,settle,12
no_system_prompt,7,59,78,0.6122265190757551,settle,13
no_system_prompt,7,60,78,0.6139926072067671,settle,13
no_system_prompt,7,61,78,0.6485071999907979,settle,12
no_system_prompt,7,62,78,0.611838215566332,settle,14
no_system_prompt,7,63,78,0.6296943415425259,settle,14
no_system_prompt,7,64,78,0.6474734491676412,settle,14
no_system_prompt,7,65,78,0.6329471421748559,settle,12
no_system_prompt,7,66,78,0.6202386632608646,settle,14
no_system_prompt,7,67,78,0.6258139999251342,settle,12
no_system_prompt,7,68,78,0.6282200152235887,settle,14
no_system_prompt,7,69,78,0.6340202567417627,settle,13
no_system_prompt,7,70,78,0.6348474917391248,settle,13
no_system_prompt,7,71,78,0.6223428691147163,settle,14
no_system_prompt,7,72,78,0.6081781763375664,settle,10
no_system_prompt,7,73,78,0.6135976130595346,settle,11
no_system_prompt,7,74,78,0.620614272417756,settle,8
no_system_prompt,7,75,78,0.6422537678763915,settle,8
no_system_prompt,7,76,78,0.6083019140275786,settle,10
no_system_prompt,7,77,78,0.6261323534045483,settle,13
no_system_prompt,8,0,107,1.0613118409670752,settle,1
no_system_prompt,8,1,107,1.1865160736582485,settle,1
no_system_prompt,8,2,107,2.8998881803726486,settle,3
no_system_prompt,8,3,107,0.5535348047600843,settle,8
no_system_prompt,8,4,107,0.5831310678329227,settle,3
no_system_prompt,8,5,107,0.5783970888397449,settle,4
no_system_prompt,8,6,107,0.6146650096885465,settle,5
no_system_prompt,8,7,107,0.6261263468713405,settle,9
no_system_prompt,8,8,107,0.6672043376723299,settle,11
no_system_prompt,8,9,107,0.674624876917718,settle,12
no_system_prompt,8,10,107,0.6537105484824312,settle,10
no_system_prompt,8,11,107,0.6274394570826706,settle,12
no_system_prompt,8,12,107,0.6288922514512477,settle,14
no_system_prompt,8,13,107,0.6219557085699138,settle,12
no_system_prompt,8,14,107,0.6202714529954494,settle,13
no_system_prompt,8,15,107,0.6215408230050282,settle,14
no_system_prompt,8,16,107,0.37833579499850195,settle,12
no_system_prompt,8,17,107,0.6204447047236228,settle,12
no_system_prompt,8,18,107,0.37711221827511937,settle,13
no_system_prompt,8,19,107,0.6335378531476529,settle,13
no_system_prompt,8,20,107,0.6011182190250436,settle,12
no_system_prompt,8,21,107,0.6142913791726341,settle,12
no_system_prompt,8,22,107,0.6152267194191433,settle,13
no_system_prompt,8,23,107,0.6136187355141884,settle,13
no_system_prompt,8,24,107,0.6107214832742828,settle,12
no_system_prompt,8,25,107,0.6133687360148193,settle,12
no_system_prompt,8,26,107,0.6185715722052078,settle,12
no_system_prompt,8,27,107,0.6176089834678411,settle,13
no_system_prompt,8,28,107,0.6104719235306603,settle,11
no_system_prompt,8,29,107,0.6051499812360037,settle,12
no_system_prompt,8,30,107,0.5952217701286243,settle,15
no_system_prompt,8,31,107,0.6106385878128102,settle,15
no_system_prompt,8,32,107,0.6182932660264555,settle,15
no_system_prompt,8,33,107,0.6184291516555934,settle,13
no_system_prompt,8,34,107,0.38994523646953466,settle,13
no_system_prompt,8,35,107,0.6103592552810334,settle,14
no_system_prompt,8,36,107,0.6085895987926359,settle,14
no_system_prompt,8,37,107,0.6342384053676927,settle,16
no_system_prompt,8,38,107,0.6234593013362532,settle,16
no_system_prompt,8,39,107,0.6316524998994333,settle,15
no_system_prompt,8,40,107,0.614896020631159,settle,13
no_system_prompt,8,41,107,0.6293010625978825,settle,13
no_system_prompt,8,42,107,0.6259955225589712,settle,11
no_system_prompt,8,43,107,0.6180096036810229,settle,12
no_system_prompt,8,44,107,0.630561111084324,settle,13
no_system_prompt,8,45,107,0.6344647014112201,settle,13
no_system_prompt,8,46,107,0.6033064268508853,settle,13
no_system_prompt,8,47,107,0.6256744604764015,settle,13
no_system_prompt,8,48,107,0.6230814790376298,settle,13
no_system_prompt,8,49,107,0.6105348431897362,settle,14
no_system_prompt,8,50,107,0.6173802500371688,settle,13
no_system_prompt,8,51,107,0.613336336682021,settle,14
no_system_prompt,8,52,107,0.6117857952548987,settle,13
no_system_prompt,8,53,107,0.6147207786733468,settle,12
no_system_prompt,8,54,107,0.6170881147895815,settle,14
no_system_prompt,8,55,107,0.37973701596724363,settle,13
no_system_prompt,8,56,107,0.6226906633145577,settle,13
no_system_prompt,8,57,107,0.624216598177774,settle,13
no_system_prompt,8,58,107,0.6023924696894329,settle,13
no_system_prompt,8,59,107,0.6408020867140213,settle,14
no_system_prompt,8,60,107,0.6149917462975357,settle,14
no_system_prompt,8,61,107,0.6153691851326252,settle,13
no_system_prompt,8,62,107,0.6120094712102786,settle,13
no_system_prompt,8,63,107,0.6208391589974682,settle,15
no_system_prompt,8,64,107,0.614575531961296,settle,14
no_system_prompt,8,65,107,0.6151338162426042,settle,14
no_system_prompt,8,66,107,0.6123819096263667,settle,13
no_system_prompt,8,67,107,0.6175718595293676,settle,14
no_system_prompt,8,68,107,0.6195142600380206,settle,12
no_system_prompt,8,69,107,0.6092175609438113,settle,12
no_system_prompt,8,70,107,0.6249901419582974,settle,13
no_system_prompt,8,71,107,0.6235741885646211,settle,13
no_system_prompt,8,72,107,0.6132003714460089,settle,13
no_system_prompt,8,73,107,0.6219894192349492,settle,12
no_system_prompt,8,74,107,0.6328740133448874,settle,11
no_system_prompt,8,75,107,0.37051642868032336,settle,14
no_system_prompt,8,76,107,0.618713380843066,settle,15
no_system_prompt,8,77,107,0.6409171969782222,settle,14
no_system_prompt,8,78,107,0.6342614256745506,settle,16
no_system_prompt,8,79,107,0.6454169622386172,settle,14
no_system_prompt,8,80,107,0.6063455833683533,settle,14
no_system_prompt,8,81,107,0.6167691907707905,settle,14
no_system_prompt,8,82,107,0.6192534948512965,settle,13
no_system_prompt,8,83,107,0.6136807385221091,settle,14
no_system_prompt,8,84,107,0.6166249733392097,settle,13
no_system_prompt,8,85,107,0.6170942968205365,settle,13
no_system_prompt,8,86,107,0.6244617062288966,settle,12
no_system_prompt,8,87,107,0.6258593929640192,settle,11
no_system_prompt,8,88,107,0.6252019971633687,settle,13
no_system_prompt,8,89,107,0.6196938414496641,settle,14
no_system_prompt,8,90,107,0.621166386777919,settle,13
no_system_prompt,8,91,107,0.647234843625608,settle,13
no_system_prompt,8,92,107,0.6114606902997304,settle,12
no_system_prompt,8,93,107,0.6160548580436628,settle,12
no_system_prompt,8,94,107,0.6234512770754348,settle,13
no_system_prompt,8,95,107,0.6268126810533815,settle,13
no_system_prompt,8,96,107,0.6233981899482991,settle,13
no_system_prompt,8,97,107,0.6237489154487944,settle,13
no_system_prompt,8,98,107,0.6246127559454016,settle,12
no_system_prompt,8,99,107,0.6222001908970626,settle,13
no_system_prompt,8,100,107,0.6177298141777353,settle,13
no_system_prompt,8,101,107,0.6035232117340721,settle,12
no_system_prompt,8,102,107,0.6080764666913231,settle,13
no_system_prompt,8,103,107,0.6238590325223086,settle,8
no_system_prompt,8,104,107,0.6297971667723753,settle,9
no_system_prompt,8,105,107,0.6051858388444467,settle,11
no_system_prompt,8,106,107,0.6120903052790087,settle,13
no_system_prompt,9,0,70,1.9719369571510124,settle,1
no_system_prompt,9,1,70,1.2248327055859747,settle,1
no_system_prompt,9,2,70,3.4250649994025046,settle,3
no_system_prompt,9,3,70,0.5516298000868747,settle,8
no_system_prompt,9,4,70,0.5850812727405292,settle,3
no_system_prompt,9,5,70,0.5809090821899511,settle,5
no_system_prompt,9,6,70,0.6078136254024825,settle,5
no_system_prompt,9,7,70,0.6133395408714917,settle,7
no_system_prompt,9,8,70,0.645453244062303,settle,9
no_system_prompt,9,9,70,0.6271530594077275,settle,10
no_system_prompt,9,10,70,0.38962796627032487,settle,11
no_system_prompt,9,11,70,0.6191868939884169,settle,11
no_system_prompt,9,12,70,0.6202048776000757,settle,12
no_system_prompt,9,13,70,0.3618193796964973,settle,13
no_system_prompt,9,14,70,0.6408035380839674,settle,12
no_system_prompt,9,15,70,0.6353253839914605,settle,12
no_system_prompt,9,16,70,0.6362001305101782,settle,13
no_system_prompt,9,17,70,0.6068982349308515,settle,11
no_system_prompt,9,18,70,0.6194933634341744,settle,12
no_system_prompt,9,19,70,0.6069508505019023,settle,11
no_system_prompt,9,20,70,0.5986405889943339,settle,13
no_system_prompt,9,21,70,0.6321337205939189,settle,12
no_system_prompt,9,22,70,0.6343280846654544,settle,13
no_system_prompt,9,23,70,0.6240730750424678,settle,11
no_system_prompt,9,24,70,0.6359837372979044,settle,12
no_system_prompt,9,25,70,0.6367236770385892,settle,11
no_system_prompt,9,26,70,0.6396422754984483,settle,13
no_system_prompt,9,27,70,0.6271271843085305,settle,12
no_system_prompt,9,28,70,0.6208040936518288,settle,12
no_system_prompt,9,29,70,0.6298425872046387,settle,12
no_system_prompt,9,30,70,0.6245574982869957,settle,10
no_system_prompt,9,31,70,0.619097445849383,settle,8
no_system_prompt,9,32,70,0.6455687653574255,settle,13
no_system_prompt,9,33,70,0.628304306088017,settle,14
no_system_prompt,9,34,70,0.6169412600590529,settle,11
no_system_prompt,9,35,70,0.6318091750871412,settle,14
no_system_prompt,9,36,70,0.6291071168085276,settle,12
no_system_prompt,9,37,70,0.6290300145166293,settle,12
no_system_prompt,9,38,70,0.6331787942654614,settle,12
no_system_prompt,9,39,70,0.6219424725426512,settle,11
no_system_prompt,9,40,70,0.6326775145795431,settle,11
no_system_prompt,9,41,70,0.6169719963003283,settle,14
no_system_prompt,9,42,70,0.6066484818313165,settle,14
no_system_prompt,9,43,70,0.6206922369182861,settle,14
no_system_prompt,9,44,70,0.6121068044322016,settle,11
no_system_prompt,9,45,70,0.6323033830178415,settle,15
no_system_prompt,9,46,70,0.620846333925685,settle,13
no_system_prompt,9,47,70,0.6235029535657437,settle,14
no_system_prompt,9,48,70,0.6210856823457628,settle,14
no_system_prompt,9,49,70,0.6135479524334313,settle,13
no_system_prompt,9,50,70,0.6334049624518122,settle,13
no_system_prompt,9,51,70,0.6329604750235551,settle,12
no_system_prompt,9,52,70,0.6255992842171759,settle,13
no_system_prompt,9,53,70,0.6193628696738879,settle,13
no_system_prompt,9,54,70,0.6325135705534599,settle,13
no_system_prompt,9,55,70,0.6451572577240869,settle,13
no_system_prompt,9,56,70,0.6466371950218955,settle,13
no_system_prompt,9,57,70,0.6322379928306753,settle,12
no_system_prompt,9,58,70,0.6198618378169052,settle,12
no_system_prompt,9,59,70,0.6130136678501036,settle,13
no_system_prompt,9,60,70,0.6300819718782853,settle,14
no_system_prompt,9,61,70,0.6301532946306991,settle,13
no_system_prompt,9,62,70,0.6130607513142466,settle,13
no_system_prompt,9,63,70,0.607496967449441,settle,14
no_system_prompt,9,64,70,0.6009718817363281,settle,14
no_system_prompt,9,65,70,0.6002644429050944,settle,14
no_system_prompt,9,66,70,0.6321632755209912,settle,7
no_system_prompt,9,67,70,0.6598824378962677,settle,8
no_system_prompt,9,68,70,0.6167044263077283,settle,12
no_system_prompt,9,69,70,0.6346644473308009,settle,14
no_system_prompt,10,0,71,1.9723278175218117,settle,1
no_system_prompt,10,1,71,1.224441157320072,settle,1
no_system_prompt,10,2,71,3.425341924802257,settle,3
no_system_prompt,10,3,71,0.5516298365338066,settle,8
no_system_prompt,10,4,71,0.5850813230549271,settle,3
no_system_prompt,10,5,71,0.5809090761371137,settle,5
no_system_prompt,10,6,71,0.5882644074679723,settle,5
no_system_prompt,10,7,71,0.6368439380987138,settle,8
no_system_prompt,10,8,71,0.659643643229531,settle,11
no_system_prompt,10,9,71,0.6957112077002461,settle,12
no_system_prompt,10,10,71,0.6986913787866378,settle,12
no_system_prompt,10,11,71,0.697500122794439,settle,13
no_system_prompt,10,12,71,0.6991195848792184,settle,10
no_system_prompt,10,13,71,0.6362070388930364,settle,13
no_system_prompt,10,14,71,0.6510122149382322,settle,12
no_system_prompt,10,15,71,0.6500353373520857,settle,11
no_system_prompt,10,16,71,0.6226033172546976,settle,9
no_system_prompt,10,17,71,0.6436829938460821,settle,11
no_system_prompt,10,18,71,0.658449004937195,settle,12
no_system_prompt,10,19,71,0.6489403657274387,settle,11
no_system_prompt,10,20,71,0.6587405433644592,settle,11
no_system_prompt,10,21,71,0.6562144833716803,settle,11
no_system_prompt,10,22,71,0.6612799364385,settle,12
no_system_prompt,10,23,71,0.6681678066368012,settle,11
no_system_prompt,10,24,71,0.6373819243000522,settle,12
no_system_prompt,10,25,71,0.6512485922340525,settle,11
no_system_prompt,10,26,71,0.6346145703902704,settle,10
no_system_prompt,10,27,71,0.6718389036674968,settle,11
no_system_prompt,10,28,71,0.6548942371848193,settle,10
no_system_prompt,10,29,71,0.6328285145381066,settle,11
no_system_prompt,10,30,71,0.6144154478088087,settle,12
no_system_prompt,10,31,71,0.626188919397842,settle,11
no_system_prompt,10,32,71,0.6466339099122358,settle,12
no_system_prompt,10,33,71,0.6234483603470145,settle,11
no_system_prompt,10,34,71,0.6438863987559651,settle,11
no_system_prompt,10,35,71,0.35710878595271917,settle,12
no_system_prompt,10,36,71,0.6396649116985174,settle,12
no_system_prompt,10,37,71,0.6120364480616309,settle,12
no_system_prompt,10,38,71,0.6339751812937301,settle,13
no_system_prompt,10,39,71,0.6475466375608685,settle,12
no_system_prompt,10,40,71,0.6445619558949104,settle,13
no_system_prompt,10,41,71,0.6329865294079041,settle,10
no_system_prompt,10,42,71,0.6120441162978248,settle,13
no_system_prompt,10,43,71,0.6253847696358998,settle,13
no_system_prompt,10,44,71,0.658442995085738,settle,14
no_system_prompt,10,45,71,0.6461815170529384,settle,12
no_system_prompt,10,46,71,0.6316587795290385,settle,12
no_system_prompt,10,47,71,0.6281091145828603,settle,12
no_system_prompt,10,48,71,0.6222750226546439,settle,11
no_system_prompt,10,49,71,0.6252240425128828,settle,13
no_system_prompt,10,50,71,0.6359891530659646,settle,12
no_system_prompt,10,51,71,0.6255925608779932,settle,12
no_system_prompt,10,52,71,0.6361620046825042,settle,12
no_system_prompt,10,53,71,0.6201532604826373,settle,10
no_system_prompt,10,54,71,0.6316824199804856,settle,12
no_system_prompt,10,55,71,0.6300852210265613,settle,14
no_system_prompt,10,56,71,0.6027248776790375,settle,10
no_system_prompt,10,57,71,0.6298347644890122,settle,12
no_system_prompt,10,58,71,0.6184966707849195,settle,12
no_system_prompt,10,59,71,0.6204054920770301,settle,12
no_system_prompt,10,60,71,0.6183367682859354,settle,12
no_system_prompt,10,61,71,0.6299980879697205,settle,11
no_system_prompt,10,62,71,0.6381369005655702,settle,11
no_system_prompt,10,63,71,0.6289400492083764,settle,11
no_system_prompt,10,64,71,0.6599424859000694,settle,12
no_system_prompt,10,65,71,0.6633102306422138,settle,9
no_system_prompt,10,66,71,0.660756847657437,settle,10
no_system_prompt,10,67,71,0.6662330043193222,settle,8
no_system_prompt,10,68,71,0.6878960087286289,settle,8
no_system_prompt,10,69,71,0.6601033675672459,settle,9
no_system_prompt,10,70,71,0.6986841921786097,settle,11
no_system_prompt,11,0,72,1.9703232797604873,settle,1
no_system_prompt,11,1,72,1.2245162304203636,settle,1
no_system_prompt,11,2,72,3.425163047123544,settle,3
no_system_prompt,11,3,72,0.5516298234319023,settle,8
no_system_prompt,11,4,72,0.5850813153444065,settle,3
no_system_prompt,11,5,72,0.5809090835997047,settle,5
no_system_prompt,11,6,72,0.6145265083838387,settle,6
no_system_prompt,11,7,72,0.6253159155213582,settle,8
no_system_prompt,11,8,72,0.6594690257992284,settle,9
no_system_prompt,11,9,72,0.6680626141925169,settle,10
no_system_prompt,11,10,72,0.6600910169714262,settle,10
no_system_prompt,11,11,72,0.6653515246460572,settle,11
no_system_prompt,11,12,72,0.6338402408275664,settle,9
no_system_prompt,11,13,72,0.6317040640050543,settle,12
no_system_prompt,11,14,72,0.6252531486765284,settle,11
no_system_prompt,11,15,72,0.6412013201501789,settle,10
no_system_prompt,11,16,72,1.6433111919071268,settle,12
no_system_prompt,11,17,72,0.6282584877384938,settle,11
no_system_prompt,11,18,72,0.6162917544272761,settle,10
no_system_prompt,11,19,72,0.6310761356097778,settle,13
no_system_prompt,11,20,72,0.6312295333909668,settle,11
no_system_prompt,11,21,72,0.6314636424045519,settle,11
no_system_prompt,11,22,72,0.6373904287336231,settle,11
no_system_prompt,11,23,72,0.6189018611635719,settle,10
no_system_prompt,11,24,72,0.3699683723718168,settle,11
no_system_prompt,11,25,72,0.6284968547959412,settle,12
no_system_prompt,11,26,72,0.6360431091020019,settle,11
no_system_prompt,11,27,72,0.6320725714141286,settle,13
no_system_prompt,11,28,72,0.6381237933007995,settle,12
no_system_prompt,11,29,72,0.622583475466525,settle,13
no_system_prompt,11,30,72,0.6253168128356105,settle,11
no_system_prompt,11,31,72,0.6144997556523258,settle,11
no_system_prompt,11,32,72,0.6374961453158994,settle,15
no_system_prompt,11,33,72,0.6305047008054403,settle,14
no_system_prompt,11,34,72,0.6219005299131368,settle,12
no_system_prompt,11,35,72,0.6320708787519194,settle,11
no_system_prompt,11,36,72,0.622342003137194,settle,11
no_system_prompt,11,37,72,0.6291953967417294,settle,13
no_system_prompt,11,38,72,0.6288853464001403,settle,12
no_system_prompt,11,39,72,0.6214621038672358,settle,13
no_system_prompt,11,40,72,0.6333226275100402,settle,14
no_system_prompt,11,41,72,0.6363199070221675,settle,14
no_system_prompt,11,42,72,0.6212683398354929,settle,12
no_system_prompt,11,43,72,0.6164223910447432,settle,13
no_system_prompt,11,44,72,0.6273136010558842,settle,14
no_system_prompt,11,45,72,0.6278602072593442,settle,14
no_system_prompt,11,46,72,0.6240206228379059,settle,14
no_system_prompt,11,47,72,0.6270153518230206,settle,11
no_system_prompt,11,48,72,0.6146021390250255,settle,11
no_system_prompt,11,49,72,0.6286453653014582,settle,10
no_system_prompt,11,50,72,0.6514280171947929,settle,14
no_system_prompt,11,51,72,0.6263389975291689,settle,13
no_system_prompt,11,52,72,0.6178277141950208,settle,14
no_system_prompt,11,53,72,0.623299420503909,settle,13
no_system_prompt,11,54,72,0.620914202776679,settle,15
no_system_prompt,11,55,72,0.6190308402761017,settle,12
no_system_prompt,11,56,72,0.6222567084502701,settle,13
no_system_prompt,11,57,72,0.6105008917563598,settle,13
no_system_prompt,11,58,72,0.632994331253455,settle,13
no_system_prompt,11,59,72,0.6378096070666027,settle,14
no_system_prompt,11,60,72,0.6431709717668745,settle,15
no_system_prompt,11,61,72,0.6382960787276754,settle,14
no_system_prompt,11,62,72,0.6395919861807359,settle,13
no_system_prompt,11,63,72,0.6415804648201572,settle,13
no_system_prompt,11,64,72,0.6148434178585758,settle,12
no_system_prompt,11,65,72,0.6073849789980772,settle,15
no_system_prompt,11,66,72,0.5908398365333741,settle,12
no_system_prompt,11,67,72,0.6004008473403001,settle,14
no_system_prompt,11,68,72,0.6351503041468332,settle,9
no_system_prompt,11,69,72,0.6578045677033909,settle,7
no_system_prompt,11,70,72,0.6163785862260825,settle,11
no_system_prompt,11,71,72,0.6395190021050591,settle,15
no_system_prompt,12,0,79,1.9713593393451379,settle,1
no_system_prompt,12,1,79,1.2239627136515971,settle,1
no_system_prompt,12,2,79,3.4253068619989357,settle,3
no_system_prompt,12,3,79,0.5516298073459024,settle,8
no_system_prompt,12,4,79,0.5850813078058688,settle,3
no_system_prompt,12,5,79,0.5809090658533815,settle,5
no_system_prompt,12,6,79,0.615208228851154,settle,5
no_system_prompt,12,7,79,0.5936049010540818,settle,8
no_system_prompt,12,8,79,0.6228492034091697,settle,9
no_system_prompt,12,9,79,0.6217584529632159,settle,9
no_system_prompt,12,10,79,0.617390287588106,settle,11
no_system_prompt,12,11,79,0.6002100824557739,settle,8
no_system_prompt,12,12,79,0.6121856417183635,settle,11
no_system_prompt,12,13,79,0.6155597637345551,settle,12
no_system_prompt,12,14,79,0.6388509242342223,settle,12
no_system_prompt,12,15,79,1.624584882729409,settle,12
no_system_prompt,12,16,79,0.6212752780093521,settle,11
no_system_prompt,12,17,79,0.6139564795509995,settle,10
no_system_prompt,12,18,79,0.3754569338427295,settle,12
no_system_prompt,12,19,79,0.37956348178920196,settle,11
no_system_prompt,12,20,79,0.609583223644137,settle,11
no_system_prompt,12,21,79,0.6233029480495963,settle,10
no_system_prompt,12,22,79,0.6390306011697978,settle,12
no_system_prompt,12,23,79,0.6220074049255179,settle,11
no_system_prompt,12,24,79,0.6271101795409492,settle,10
no_system_prompt,12,25,79,0.6198701497019076,settle,11
no_system_prompt,12,26,79,0.63499371857043,settle,12
no_system_prompt,12,27,79,0.6191352897858162,settle,13
no_system_prompt,12,28,79,0.6102685805305992,settle,13
no_system_prompt,12,29,79,0.6161238964524491,settle,12
no_system_prompt,12,30,79,0.6160358315802404,settle,12
no_system_prompt,12,31,79,0.621535802126767,settle,14
no_system_prompt,12,32,79,0.6252784216584945,settle,13
no_system_prompt,12,33,79,0.377298533584856,settle,13
no_system_prompt,12,34,79,0.6120648575517572,settle,11
no_system_prompt,12,35,79,0.6305649343065668,settle,10
no_system_prompt,12,36,79,0.6332180764427213,settle,12
no_system_prompt,12,37,79,0.6300274000263232,settle,12
no_system_prompt,12,38,79,0.6334202417819235,settle,13
no_system_prompt,12,39,79,0.6228569831764637,settle,14
no_system_prompt,12,40,79,0.640371810223739,settle,11
no_system_prompt,12,41,79,0.6245364247574745,settle,12
no_system_prompt,12,42,79,0.6298208846996101,settle,12
no_system_prompt,12,43,79,0.6231712642665878,settle,11
no_system_prompt,12,44,79,0.6333465955425233,settle,10
no_system_prompt,12,45,79,0.6295354930438126,settle,11
no_system_prompt,12,46,79,0.63453662225101,settle,12
no_system_prompt,12,47,79,0.6286374314054778,settle,10
no_system_prompt,12,48,79,0.6051903930130381,settle,15
no_system_prompt,12,49,79,0.3802707671934099,settle,14
no_system_prompt,12,50,79,0.6367537855146319,settle,11
no_system_prompt,12,51,79,0.6148132430407307,settle,14
no_system_prompt,12,52,79,0.6082353063101738,settle,14
no_system_prompt,12,53,79,0.37205013649991636,settle,14
no_system_prompt,12,54,79,0.6298486403805404,settle,14
no_system_prompt,12,55,79,0.6386114697989718,settle,12
no_system_prompt,12,56,79,0.6288686016525585,settle,11
no_system_prompt,12,57,79,0.6341788529406713,settle,11
no_system_prompt,12,58,79,0.6289700928937062,settle,12
no_system_prompt,12,59,79,0.6319479576213877,settle,12
no_system_prompt,12,60,79,0.6360211649595149,settle,11
no_system_prompt,12,61,79,0.6251642220453989,settle,11
no_system_prompt,12,62,79,0.6343097131411682,settle,12
no_system_prompt,12,63,79,0.6258121244919695,settle,12
no_system_prompt,12,64,79,0.6041490953646823,settle,11
no_system_prompt,12,65,79,0.621517126364007,settle,11
no_system_prompt,12,66,79,0.6207098728002597,settle,11
no_system_prompt,12,67,79,0.6139033308379557,settle,14
no_system_prompt,12,68,79,0.6145651364786852,settle,13
no_system_prompt,12,69,79,0.6362776483151008,settle,12
no_system_prompt,12,70,79,0.63815100135248,settle,13
no_system_prompt,12,71,79,0.6210298314130547,settle,13
no_system_prompt,12,72,79,0.6573624892375187,settle,15
no_system_prompt,12,73,79,0.655910551103653,settle,11
no_system_prompt,12,74,79,0.6231156021258196,settle,12
no_system_prompt,12,75,79,0.6663539358903601,settle,8
no_system_prompt,12,76,79,0.6894879966543856,settle,8
no_system_prompt,12,77,79,0.6553102656018348,settle,8
no_system_prompt,12,78,79,0.6454863271081069,settle,13
no_system_prompt,13,0,74,1.9716713906617975,settle,1
no_system_prompt,13,1,74,1.2247777252174905,settle,1
no_system_prompt,13,2,74,3.4253045896853007,settle,3
no_system_prompt,13,3,74,0.5516298121409574,settle,8
no_system_prompt,13,4,74,0.5850813051403911,settle,3
no_system_prompt,13,5,74,0.580909078953417,settle,5
no_system_prompt,13,6,74,0.6060057269853834,settle,5
no_system_prompt,13,7,74,0.6018154239545399,settle,7
no_system_prompt,13,8,74,0.6283529898623093,settle,9
no_system_prompt,13,9,74,0.617061687061871,settle,11
no_system_prompt,13,10,74,0.6226217521265005,settle,9
no_system_prompt,13,11,74,0.6270477201310298,settle,12
no_system_prompt,13,12,74,0.6155722277872312,settle,10
no_system_prompt,13,13,74,0.6204489313337976,settle,11
no_system_prompt,13,14,74,0.6072175166053737,settle,10
no_system_prompt,13,15,74,0.6145142115580611,settle,10
no_system_prompt,13,16,74,0.62634865733892,settle,10
no_system_prompt,13,17,74,0.6191234448595537,settle,11
no_system_prompt,13,18,74,0.6224130496428817,settle,11
no_system_prompt,13,19,74,0.636770715850782,settle,11
no_system_prompt,13,20,74,0.6251610579614073,settle,14
no_system_prompt,13,21,74,0.38266783708573693,settle,13
no_system_prompt,13,22,74,0.6287203905293616,settle,14
no_system_prompt,13,23,74,0.6288579985876392,settle,13
no_system_prompt,13,24,74,0.6444519412177645,settle,11
no_system_prompt,13,25,74,0.3925238725877847,settle,13
no_system_prompt,13,26,74,0.6076424124621577,settle,15
no_system_prompt,13,27,74,0.6263243714237936,settle,14
no_system_prompt,13,28,74,0.630265288690425,settle,15
no_system_prompt,13,29,74,0.37450445027319634,settle,11
no_system_prompt,13,30,74,0.607346054877173,settle,13
no_system_prompt,13,31,74,0.6340706377979917,settle,14
no_system_prompt,13,32,74,0.6413649290176109,settle,13
no_system_prompt,13,33,74,0.6373172172467464,settle,13
no_system_prompt,13,34,74,0.6229259563679552,settle,16
no_system_prompt,13,35,74,0.6528046880152787,settle,16
no_system_prompt,13,36,74,0.6025429177896271,settle,13
no_system_prompt,13,37,74,0.63556005501152,settle,15
no_system_prompt,13,38,74,0.6134286943858486,settle,16
no_system_prompt,13,39,74,0.6235802148961412,settle,15
no_system_prompt,13,40,74,0.6146688050937404,settle,13
no_system_prompt,13,41,74,0.6092004775119669,settle,14
no_system_prompt,13,42,74,0.6069838898834643,settle,13
no_system_prompt,13,43,74,0.6503518746667784,settle,16
no_system_prompt,13,44,74,0.6201113145277658,settle,13
no_system_prompt,13,45,74,0.625273450857221,settle,17
no_system_prompt,13,46,74,0.6183429334687427,settle,17
no_system_prompt,13,47,74,0.6180115134256952,settle,14
no_system_prompt,13,48,74,0.6331391054232043,settle,15
no_system_prompt,13,49,74,0.6243931304873651,settle,15
no_system_prompt,13,50,74,0.6342158607636437,settle,14
no_system_prompt,13,51,74,0.6229468290065344,settle,10
no_system_prompt,13,52,74,0.6255173691326971,settle,13
no_system_prompt,13,53,74,0.6386159796078917,settle,14
no_system_prompt,13,54,74,0.6407927069169566,settle,14
no_system_prompt,13,55,74,0.6093629164082491,settle,13
no_system_prompt,13,56,74,0.527136570530928,settle,29
no_system_prompt,13,57,74,0.6314847014712808,settle,14
no_system_prompt,13,58,74,0.6388735186061447,settle,13
no_system_prompt,13,59,74,0.6392897105614226,settle,14
no_system_prompt,13,60,74,0.6348697608521234,settle,12
no_system_prompt,13,61,74,0.6326655199092571,settle,13
no_system_prompt,13,62,74,0.6399295227882401,settle,13
no_system_prompt,13,63,74,0.634954731661385,settle,13
no_system_prompt,13,64,74,0.6273031718068772,settle,11
no_system_prompt,13,65,74,0.633664595375629,settle,12
no_system_prompt,13,66,74,0.6381598684709012,settle,12
no_system_prompt,13,67,74,0.618369397097753,settle,13
no_system_prompt,13,68,74,0.635277930466782,settle,10
no_system_prompt,13,69,74,0.6921407773250075,settle,11
no_system_prompt,13,70,74,0.6622282549945002,settle,8
no_system_prompt,13,71,74,0.6433457260200672,settle,8
no_system_prompt,13,72,74,0.6289057772243388,settle,8
no_system_prompt,13,73,74,0.6540989227374485,settle,12
no_system_prompt,14,0,64,1.9702845667312612,settle,1
no_system_prompt,14,1,64,1.2245336164566847,settle,1
no_system_prompt,14,2,64,3.4253076885676492,settle,3
no_system_prompt,14,3,64,0.5516297974573221,settle,8
no_system_prompt,14,4,64,0.5850813387134199,settle,3
no_system_prompt,14,5,64,0.5809090665774851,settle,5
no_system_prompt,14,6,64,0.617866540682519,settle,6
no_system_prompt,14,7,64,0.5921856916486964,settle,6
no_system_prompt,14,8,64,0.6111997901181107,settle,7
no_system_prompt,14,9,64,0.602427145122988,settle,9
no_system_prompt,14,10,64,0.5969121555362105,settle,11
no_system_prompt,14,11,64,0.6162808237309642,settle,12
no_system_prompt,14,12,64,0.6239650317029819,settle,11
no_system_prompt,14,13,64,0.6182618503302607,settle,10
no_system_prompt,14,14,64,0.6306109918927282,settle,10
no_system_prompt,14,15,64,0.6276399973209816,settle,10
no_system_prompt,14,16,64,0.6225599537958098,settle,11
no_system_prompt,14,17,64,0.6434425308259857,settle,10
no_system_prompt,14,18,64,0.6094139531303181,settle,11
no_system_prompt,14,19,64,0.39005625734182575,settle,11
no_system_prompt,14,20,64,1.6208013305410554,settle,11
no_system_prompt,14,21,64,0.596431127399988,settle,10
no_system_prompt,14,22,64,0.61105540934315,settle,12
no_system_prompt,14,23,64,0.6291125928375154,settle,12
no_system_prompt,14,24,64,0.625938028885268,settle,12
no_system_prompt,14,25,64,0.6107627191418371,settle,11
no_system_prompt,14,26,64,0.6254544445525915,settle,12
no_system_prompt,14,27,64,0.6191611401679112,settle,12
no_system_prompt,14,28,64,0.6091153193493367,settle,11
no_system_prompt,14,29,64,0.5886195933420623,settle,15
no_system_prompt,14,30,64,0.3001641507516128,loop,63
no_system_prompt,14,31,64,0.6165822633745175,settle,11
no_system_prompt,14,32,64,0.6506820586781453,settle,12
no_system_prompt,14,33,64,0.6181335309281307,settle,12
no_system_prompt,14,34,64,0.6147456994764389,settle,13
no_system_prompt,14,35,64,0.6116022920255538,settle,12
no_system_prompt,14,36,64,0.6193267396202076,settle,11
no_system_prompt,14,37,64,0.6079829653973317,settle,12
no_system_prompt,14,38,64,0.4107325423007737,settle,11
no_system_prompt,14,39,64,0.6311562599599789,settle,10
no_system_prompt,14,40,64,0.62500601746222,settle,9
no_system_prompt,14,41,64,0.5954014687373091,settle,15
no_system_prompt,14,42,64,0.607952071145967,settle,11
no_system_prompt,14,43,64,0.644951806773065,settle,12
no_system_prompt,14,44,64,0.6334873774910732,settle,11
no_system_prompt,14,45,64,0.6278014191753205,settle,10
no_system_prompt,14,46,64,0.6248585495906452,settle,13
no_system_prompt,14,47,64,0.6271793629681931,settle,13
no_system_prompt,14,48,64,0.6283700081603428,settle,11
no_system_prompt,14,49,64,0.639420216597475,settle,11
no_system_prompt,14,50,64,0.6005102359909552,settle,12
no_system_prompt,14,51,64,0.630844612645173,settle,15
no_system_prompt,14,52,64,0.6499342167807035,settle,12
no_system_prompt,14,53,64,0.6364415232381511,settle,13
no_system_prompt,14,54,64,0.6241659763031795,settle,13
no_system_prompt,14,55,64,0.6210218161366239,settle,12
no_system_prompt,14,56,64,0.6187499875425203,settle,12
no_system_prompt,14,57,64,0.6169066236865349,settle,12
no_system_prompt,14,58,64,0.6054022123024971,settle,10
no_system_prompt,14,59,64,0.6121239920592141,settle,12
no_system_prompt,14,60,64,0.6238896932196326,settle,7
no_system_prompt,14,61,64,0.6464687315554112,settle,7
no_system_prompt,14,62,64,0.6014360629168115,settle,9
no_system_prompt,14,63,64,0.6192477914302768,settle,12
no_system_prompt,15,0,104,1.0610783460192816,settle,1
no_system_prompt,15,1,104,1.1865925816353737,settle,1
no_system_prompt,15,2,104,2.9008441420496758,settle,3
no_system_prompt,15,3,104,0.5535348197826887,settle,8
no_system_prompt,15,4,104,0.5831310912308796,settle,3
no_system_prompt,15,5,104,0.5783970960065015,settle,4
no_system_prompt,15,6,104,0.5885276247501582,settle,6
no_system_prompt,15,7,104,0.6078902703924154,settle,7
no_system_prompt,15,8,104,0.628542114857215,settle,8
no_system_prompt,15,9,104,0.63747821024742,settle,8
no_system_prompt,15,10,104,0.6499315459320261,settle,10
no_system_prompt,15,11,104,0.6296999667202426,settle,11
no_system_prompt,15,12,104,0.6060509024701248,settle,10
no_system_prompt,15,13,104,0.6146731188657171,settle,10
no_system_prompt,15,14,104,0.6186684049717698,settle,10
no_system_prompt,15,15,104,0.6134237309732476,settle,10
no_system_prompt,15,16,104,0.6123239733331263,settle,11
no_system_prompt,15,17,104,0.612653889972477,settle,11
no_system_prompt,15,18,104,0.6364946193528284,settle,10
no_system_prompt,15,19,104,0.6119154884491427,settle,11
no_system_prompt,15,20,104,0.6022561849060024,settle,10
no_system_prompt,15,21,104,0.6227180739644579,settle,11
no_system_prompt,15,22,104,0.6196909102000415,settle,11
no_system_prompt,15,23,104,0.6156820511897956,settle,11
no_system_prompt,15,24,104,0.6024487134072739,settle,12
no_system_prompt,15,25,104,0.6066415540983893,settle,12
no_system_prompt,15,26,104,0.6080865800380297,settle,12
no_system_prompt,15,27,104,0.6209568397150711,settle,12
no_system_prompt,15,28,104,0.6009262552862443,settle,12
no_system_prompt,15,29,104,0.6024034466654409,settle,10
no_system_prompt,15,30,104,0.6030959262204962,settle,11
no_system_prompt,15,31,104,0.6206490461732491,settle,12
no_system_prompt,15,32,104,0.6151939166481092,settle,13
no_system_prompt,15,33,104,0.6136654630753436,settle,12
no_system_prompt,15,34,104,0.6230720876064034,settle,13
no_system_prompt,15,35,104,0.6159880788629197,settle,12
no_system_prompt,15,36,104,0.6174868453177997,settle,13
no_system_prompt,15,37,104,0.6160086018140787,settle,15
no_system_prompt,15,38,104,0.6282334111408462,settle,14
no_system_prompt,15,39,104,0.6273856203868673,settle,11
no_system_prompt,15,40,104,0.6351276269522774,settle,11
no_system_prompt,15,41,104,0.6065345694932364,settle,11
no_system_prompt,15,42,104,0.6016786985111189,settle,9
no_system_prompt,15,43,104,0.6178551440627008,settle,11
no_system_prompt,15,44,104,0.6068693528584904,settle,11
no_system_prompt,15,45,104,0.6272503104491335,settle,11
no_system_prompt,15,46,104,0.6302573639905921,settle,11
no_system_prompt,15,47,104,0.6112223426344825,settle,11
no_system_prompt,15,48,104,0.6067631777494332,settle,12
no_system_prompt,15,49,104,0.6062057946309037,settle,12
no_system_prompt,15,50,104,1.6255801909243195,settle,14
no_system_prompt,15,51,104,1.6210200495637757,settle,14
no_system_prompt,15,52,104,0.610062942017138,settle,14
no_system_prompt,15,53,104,1.6295380468704745,settle,13
no_system_prompt,15,54,104,0.617858298377765,settle,17
no_system_prompt,15,55,104,0.6159488852388629,settle,15
no_system_prompt,15,56,104,0.6129158975171648,settle,13
no_system_prompt,15,57,104,0.5893570786131235,settle,12
no_system_prompt,15,58,104,0.616695089908055,settle,13
no_system_prompt,15,59,104,0.6105258119054319,settle,12
no_system_prompt,15,60,104,0.38800524344566356,settle,13
no_system_prompt,15,61,104,0.620163644543319,settle,11
no_system_prompt,15,62,104,0.6271126010761338,settle,12
no_system_prompt,15,63,104,0.6279612898098792,settle,12
no_system_prompt,15,64,104,0.6313352355033559,settle,12
no_system_prompt,15,65,104,1.6197788256027124,settle,13
no_system_prompt,15,66,104,0.37749558213305634,settle,11
no_system_prompt,15,67,104,0.6177094028858269,settle,11
no_system_prompt,15,68,104,0.619928980965039,settle,12
no_system_prompt,15,69,104,0.6190002473011705,settle,14
no_system_prompt,15,70,104,0.6201529536691601,settle,13
no_system_prompt,15,71,104,0.6219103343820506,settle,12
no_system_prompt,15,72,104,0.6308902666083009,settle,12
no_system_prompt,15,73,104,0.619368268344495,settle,10
no_system_prompt,15,74,104,0.6352217248530246,settle,11
no_system_prompt,15,75,104,0.6512262101094064,settle,11
no_system_prompt,15,76,104,0.6397010484626369,settle,11
no_system_prompt,15,77,104,0.6487316405935136,settle,10
no_system_prompt,15,78,104,0.6337904630342129,settle,11
no_system_prompt,15,79,104,0.6183390607849307,settle,11
no_system_prompt,15,80,104,0.6126073657206507,settle,11
no_system_prompt,15,81,104,0.6047348243646966,settle,12
no_system_prompt,15,82,104,0.6076004170516481,settle,11
no_system_prompt,15,83,104,0.6212559843422402,settle,11
no_system_prompt,15,84,104,0.6226369300255865,settle,13
no_system_prompt,15,85,104,0.6207693819096038,settle,11
no_system_prompt,15,86,104,0.6047101432159614,settle,11
no_system_prompt,15,87,104,0.5996479943704716,settle,10
no_system_prompt,15,88,104,0.6204108758785003,settle,11
no_system_prompt,15,89,104,0.6203952312946085,settle,11
no_system_prompt,15,90,104,0.6087248870526293,settle,10
no_system_prompt,15,91,104,0.6097431599882397,settle,11
no_system_prompt,15,92,104,0.621100936240212,settle,11
no_system_prompt,15,93,104,0.6237128380900271,settle,12
no_system_prompt,15,94,104,0.604035188277854,settle,11
no_system_prompt,15,95,104,0.625063428016417,settle,14
no_system_prompt,15,96,104,0.6114475752729228,settle,12
no_system_prompt,15,97,104,0.6264796039811213,settle,13
no_system_prompt,15,98,104,0.6304102335849163,settle,12
no_system_prompt,15,99,104,0.6114168712971463,settle,12
no_system_prompt,15,100,104,0.6317718663646769,settle,8
no_system_prompt,15,101,104,0.6320101633309896,settle,9
no_system_prompt,15,102,104,0.6234384992515111,settle,11
no_system_prompt,15,103,104,0.6332303869662329,settle,15
no_system_prompt,16,0,65,1.9714309915715098,settle,1
no_system_prompt,16,1,65,1.224190392955434,settle,1
no_system_prompt,16,2,65,3.425311196834253,settle,3
no_system_prompt,16,3,65,0.5516297746653102,settle,8
no_system_prompt,16,4,65,0.5850813243697989,settle,3
no_system_prompt,16,5,65,0.5809091095580537,settle,5
no_system_prompt,16,6,65,0.5847444319173012,settle,6
no_system_prompt,16,7,65,0.3960344230156215,settle,7
no_system_prompt,16,8,65,0.6088878168781715,settle,8
no_system_prompt,16,9,65,0.6071567625063207,settle,8
no_system_prompt,16,10,65,0.6125730868369214,settle,8
no_system_prompt,16,11,65,0.6094279018031636,settle,8
no_system_prompt,16,12,65,0.6048336557240525,settle,9
no_system_prompt,16,13,65,0.6082538131758836,settle,12
no_system_prompt,16,14,65,0.6238894501284302,settle,12
no_system_prompt,16,15,65,0.6153448934696105,settle,10
no_system_prompt,16,16,65,0.6170084217299537,settle,11
no_system_prompt,16,17,65,0.6042127601280828,settle,13
no_system_prompt,16,18,65,0.6185498228640967,settle,12
no_system_prompt,16,19,65,0.6056812335836944,settle,11
no_system_prompt,16,20,65,0.6121243361269334,settle,10
no_system_prompt,16,21,65,0.627214752068133,settle,9
no_system_prompt,16,22,65,0.5973170693291691,settle,11
no_system_prompt,16,23,65,1.5925443755134383,settle,12
no_system_prompt,16,24,65,0.5992058063886014,settle,11
no_system_prompt,16,25,65,0.6203227905782914,settle,10
no_system_prompt,16,26,65,0.6293892901877194,settle,12
no_system_prompt,16,27,65,0.7083042082178544,settle,12
no_system_prompt,16,28,65,0.6938212541271135,settle,13
no_system_prompt,16,29,65,0.7427116043293417,settle,13
no_system_prompt,16,30,65,0.6010216492954398,settle,14
no_system_prompt,16,31,65,0.42855019188761645,settle,11
no_system_prompt,16,32,65,0.3849618950570191,settle,12
no_system_prompt,16,33,65,1.6234248096497013,settle,12
no_system_prompt,16,34,65,0.4758274951403392,settle,14
no_system_prompt,16,35,65,0.562300836874466,settle,13
no_system_prompt,16,36,65,0.36890888000987765,settle,12
no_system_prompt,16,37,65,0.5181338765914936,settle,11
no_system_prompt,16,38,65,0.3972699124362727,settle,11
no_system_prompt,16,39,65,0.559024193366715,settle,13
no_system_prompt,16,40,65,0.7046831749796488,settle,12
no_system_prompt,16,41,65,0.6951223977100371,settle,14
no_system_prompt,16,42,65,0.7140806666081572,settle,13
no_system_prompt,16,43,65,0.6757159301685888,settle,13
no_system_prompt,16,44,65,0.4609850833423421,settle,13
no_system_prompt,16,45,65,0.6290390866604011,settle,13
no_system_prompt,16,46,65,0.44587107705482126,settle,12
no_system_prompt,16,47,65,0.5437500057283535,settle,14
no_system_prompt,16,48,65,0.6062727766269679,settle,12
no_system_prompt,16,49,65,0.6484275130297894,settle,12
no_system_prompt,16,50,65,0.5994224538439007,settle,12
no_system_prompt,16,51,65,0.5960116010632788,settle,10
no_system_prompt,16,52,65,0.6075694372783935,settle,12
no_system_prompt,16,53,65,0.605859851081019,settle,13
no_system_prompt,16,54,65,0.6279003156646097,settle,12
no_system_prompt,16,55,65,0.6272138597124204,settle,12
no_system_prompt,16,56,65,0.6593897370883951,settle,12
no_system_prompt,16,57,65,0.6165214770019983,settle,12
no_system_prompt,16,58,65,0.5927828380150898,settle,13
no_system_prompt,16,59,65,0.6022765552483491,settle,13
no_system_prompt,16,60,65,0.5900111858861581,settle,13
no_system_prompt,16,61,65,0.6521674144494809,settle,8
no_system_prompt,16,62,65,0.6371130439493182,settle,8
no_system_prompt,16,63,65,0.6264232299453362,settle,12
no_system_prompt,16,64,65,0.6410388397315998,settle,14
no_system_prompt,17,0,67,1.9717828632936885,settle,1
no_system_prompt,17,1,67,1.2244833758559148,settle,1
no_system_prompt,17,2,67,3.4251559499147732,settle,3
no_system_prompt,17,3,67,0.5516298020670642,settle,8
no_system_prompt,17,4,67,0.5850813170224107,settle,3
no_system_prompt,17,5,67,0.5809090901200552,settle,5
no_system_prompt,17,6,67,0.6071647573462589,settle,6
no_system_prompt,17,7,67,0.6239598826654872,settle,8
no_system_prompt,17,8,67,0.6146909381557067,settle,10
no_system_prompt,17,9,67,0.621720587811751,settle,9
no_system_prompt,17,10,67,0.6262556324306523,settle,10
no_system_prompt,17,11,67,0.620712355115783,settle,11
no_system_prompt,17,12,67,0.6336138742006493,settle,11
no_system_prompt,17,13,67,0.6256923427194716,settle,10
no_system_prompt,17,14,67,0.6311023883636382,settle,10
no_system_prompt,17,15,67,0.6329396010308621,settle,11
no_system_prompt,17,16,67,0.621988762599226,settle,11
no_system_prompt,17,17,67,0.5617283979755381,settle,16
no_system_prompt,17,18,67,0.6208467488759664,settle,15
no_system_prompt,17,19,67,0.6391028259591416,settle,12
no_system_prompt,17,20,67,0.6338969769729859,settle,12
no_system_prompt,17,21,67,0.6358839739558817,settle,13
no_system_prompt,17,22,67,0.615058726772345,settle,13
no_system_prompt,17,23,67,0.6268568963022325,settle,14
no_system_prompt,17,24,67,0.6182388987459791,settle,10
no_system_prompt,17,25,67,0.6144981181284878,settle,11
no_system_prompt,17,26,67,0.38134883101242995,settle,12
no_system_prompt,17,27,67,0.6432443198889923,settle,16
no_system_prompt,17,28,67,0.6499363861471074,settle,11
no_system_prompt,17,29,67,0.6378912236090853,settle,12
no_system_prompt,17,30,67,0.6407235722773671,settle,11
no_system_prompt,17,31,67,0.6194980729397567,settle,12
no_system_prompt,17,32,67,0.6128298764814913,settle,13
no_system_prompt,17,33,67,0.376569458797891,settle,13
no_system_prompt,17,34,67,0.623422183796663,settle,12
no_system_prompt,17,35,67,0.6450727080596191,settle,11
no_system_prompt,17,36,67,0.6238376322370282,settle,14
no_system_prompt,17,37,67,0.6212974575983272,settle,14
no_system_prompt,17,38,67,0.6240562305038041,settle,14
no_system_prompt,17,39,67,0.6373286959302015,settle,12
no_system_prompt,17,40,67,0.6307553628415646,settle,13
no_system_prompt,17,41,67,0.6321417177558032,settle,14
no_system_prompt,17,42,67,0.6054699218656794,settle,13
no_system_prompt,17,43,67,0.5868833099707244,settle,16
no_system_prompt,17,44,67,0.6015796291629255,settle,13
no_system_prompt,17,45,67,0.6247249412751262,settle,15
no_system_prompt,17,46,67,0.6068952862265644,settle,16
no_system_prompt,17,47,67,0.6163670854742529,settle,15
no_system_prompt,17,48,67,0.6157154529601887,settle,14
no_system_prompt,17,49,67,0.6221486748729538,settle,15
no_system_prompt,17,50,67,0.6102184330657292,settle,14
no_system_prompt,17,51,67,0.6165593233090948,settle,15
no_system_prompt,17,52,67,0.6112132320182446,settle,16
no_system_prompt,17,53,67,0.6131263821737754,settle,14
no_system_prompt,17,54,67,0.6360524772850221,settle,13
no_system_prompt,17,55,67,0.6445489184917623,settle,11
no_system_prompt,17,56,67,0.6317535116781701,settle,12
no_system_prompt,17,57,67,0.6258806428392956,settle,12
no_system_prompt,17,58,67,0.6239144432998854,settle,13
no_system_prompt,17,59,67,0.6217172189056153,settle,11
no_system_prompt,17,60,67,0.6580822894771629,settle,12
no_system_prompt,17,61,67,0.6411880273962416,settle,9
no_system_prompt,17,62,67,0.6792816119917869,settle,10
no_system_prompt,17,63,67,0.6749113628778894,settle,7
no_system_prompt,17,64,67,0.6732525252318426,settle,8
no_system_prompt,17,65,67,0.6496390974337415,settle,9
no_system_prompt,17,66,67,0.6852369393442342,settle,10
no_system_prompt,18,0,38,0.21213224102553876,settle,2
no_system_prompt,18,1,38,0.0690175443678771,settle,1
no_system_prompt,18,2,38,5.302747068863311,settle,3
no_system_prompt,18,3,38,0.5513814870428888,settle,8
no_system_prompt,18,4,38,0.5810454205390585,settle,3
no_system_prompt,18,5,38,0.5889769578465142,settle,4
no_system_prompt,18,6,38,0.5960684169918095,settle,5
no_system_prompt,18,7,38,0.6028653704200307,settle,7
no_system_prompt,18,8,38,0.6205473967400453,settle,9
no_system_prompt,18,9,38,0.640318532888497,settle,15
no_system_prompt,18,10,38,0.6464016163057779,settle,15
no_system_prompt,18,11,38,0.6279039782617388,settle,11
no_system_prompt,18,12,38,0.6337036050209783,settle,9
no_system_prompt,18,13,38,0.6402185135918083,settle,12
no_system_prompt,18,14,38,0.6225069473421952,settle,14
no_system_prompt,18,15,38,0.6284121223614721,settle,13
no_system_prompt,18,16,38,0.613639114115258,settle,14
no_system_prompt,18,17,38,0.6489754094166825,settle,11
no_system_prompt,18,18,38,0.6391252673410851,settle,14
no_system_prompt,18,19,38,0.6397687329797155,settle,10
no_system_prompt,18,20,38,0.6308791209296484,settle,12
no_system_prompt,18,21,38,0.6308438156752276,settle,9
no_system_prompt,18,22,38,0.6209487453765842,settle,12
no_system_prompt,18,23,38,0.636852573986732,settle,10
no_system_prompt,18,24,38,0.6388389912810324,settle,10
no_system_prompt,18,25,38,0.634906943526156,settle,11
no_system_prompt,18,26,38,0.646739833508031,settle,10
no_system_prompt,18,27,38,0.6300856586453458,settle,12
no_system_prompt,18,28,38,0.6421877675057346,settle,12
no_system_prompt,18,29,38,0.6457505628569105,settle,11
no_system_prompt,18,30,38,0.6388014786294155,settle,11
no_system_prompt,18,31,38,0.6279639014667014,settle,13
no_system_prompt,18,32,38,0.657020093604199,settle,8
no_system_prompt,18,33,38,0.6491237158426567,settle,10
no_system_prompt,18,34,38,0.6355804873540368,settle,8
no_system_prompt,18,35,38,0.6329361595169839,settle,7
no_system_prompt,18,36,38,0.6318064308461974,settle,8
no_system_prompt,18,37,38,0.6460084142782024,settle,11
no_system_prompt,19,0,76,1.9718343054437275,settle,1
no_system_prompt,19,1,76,1.2243682940859681,settle,1
no_system_prompt,19,2,76,3.425290011939384,settle,3
no_system_prompt,19,3,76,0.5516297881721277,settle,8
no_system_prompt,19,4,76,0.5850812841787127,settle,3
no_system_prompt,19,5,76,0.5809091078734432,settle,5
no_system_prompt,19,6,76,0.6252495731089788,settle,6
no_system_prompt,19,7,76,0.6052336281898465,settle,7
no_system_prompt,19,8,76,0.6028222974700987,settle,9
no_system_prompt,19,9,76,0.6307340953559658,settle,10
no_system_prompt,19,10,76,0.6512948695644342,settle,8
no_system_prompt,19,11,76,0.6167997759820935,settle,14
no_system_prompt,19,12,76,1.6163488178286471,settle,11
no_system_prompt,19,13,76,0.6485441912806825,settle,10
no_system_prompt,19,14,76,0.6348324754481528,settle,11
no_system_prompt,19,15,76,0.6530497334387386,settle,11
no_system_prompt,19,16,76,0.6243061022303236,settle,11
no_system_prompt,19,17,76,0.6415128910999138,settle,11
no_system_prompt,19,18,76,0.6324574327576001,settle,11
no_system_prompt,19,19,76,0.6306451593715348,settle,11
no_system_prompt,19,20,76,0.6253334751421439,settle,12
no_system_prompt,19,21,76,0.6169490264049947,settle,10
no_system_prompt,19,22,76,0.6214295635298518,settle,12
no_system_prompt,19,23,76,0.38421373335500125,settle,11
no_system_prompt,19,24,76,0.6483204293671794,settle,12
no_system_prompt,19,25,76,0.6281802887231901,settle,10
no_system_prompt,19,26,76,0.6270159311735948,settle,11
no_system_prompt,19,27,76,0.6325943068325605,settle,11
no_system_prompt,19,28,76,0.6451753842510847,settle,12
no_system_prompt,19,29,76,0.6357481709321521,settle,12
no_system_prompt,19,30,76,0.6458302438635422,settle,11
no_system_prompt,19,31,76,0.6391434980144782,settle,12
no_system_prompt,19,32,76,0.6323399912399605,settle,14
no_system_prompt,19,33,76,0.629650536523776,settle,12
no_system_prompt,19,34,76,0.6475667868559195,settle,14
no_system_prompt,19,35,76,0.6325231924713286,settle,12
no_system_prompt,19,36,76,0.6318647512863886,settle,12
no_system_prompt,19,37,76,0.6392200708375582,settle,13
no_system_prompt,19,38,76,0.6357008914741499,settle,12
no_system_prompt,19,39,76,0.6449984799207534,settle,12
no_system_prompt,19,40,76,0.6378129278923675,settle,12
no_system_prompt,19,41,76,0.6397980347207016,settle,10
no_system_prompt,19,42,76,0.6185485422108061,settle,11
no_system_prompt,19,43,76,0.6268278458318699,settle,10
no_system_prompt,19,44,76,0.6288442919630896,settle,10
no_system_prompt,19,45,76,0.6046288691565589,settle,12
no_system_prompt,19,46,76,0.6318952661274648,settle,11
no_system_prompt,19,47,76,0.6254766251435674,settle,11
no_system_prompt,19,48,76,0.6331383181599555,settle,10
no_system_prompt,19,49,76,0.6600258833392567,settle,10
no_system_prompt,19,50,76,0.6272621003392311,settle,11
no_system_prompt,19,51,76,0.6225664065090246,settle,12
no_system_prompt,19,52,76,0.6383047896410639,settle,11
no_system_prompt,19,53,76,0.6073362191517836,settle,11
no_system_prompt,19,54,76,0.6275644462484856,settle,12
no_system_prompt,19,55,76,0.6171317851900491,settle,12
no_system_prompt,19,56,76,1.6351128489797266,settle,12
no_system_prompt,19,57,76,0.6183611727734386,settle,11
no_system_prompt,19,58,76,0.6138971081507288,settle,13
no_system_prompt,19,59,76,0.6282510322282574,settle,12
no_system_prompt,19,60,76,0.6282072764815173,settle,11
no_system_prompt,19,61,76,0.6284955954548469,settle,12
no_system_prompt,19,62,76,0.6232671953816101,settle,12
no_system_prompt,19,63,76,0.6271055012097768,settle,13
no_system_prompt,19,64,76,0.619457544563047,settle,11
no_system_prompt,19,65,76,0.6186159138043545,settle,12
no_system_prompt,19,66,76,0.6232633759922064,settle,10
no_system_prompt,19,67,76,0.6259450523029277,settle,11
no_system_prompt,19,68,76,0.6224105858373877,settle,12
no_system_prompt,19,69,76,0.6456397415118315,settle,14
no_system_prompt,19,70,76,0.6144833592974714,settle,11
no_system_prompt,19,71,76,0.6269310159218769,settle,12
no_system_prompt,19,72,76,0.6056821812841534,settle,8
no_system_prompt,19,73,76,0.6089894711151732,settle,8
no_system_prompt,19,74,76,0.6318220586058465,settle,10
no_system_prompt,19,75,76,0.6232638350401065,settle,11
no_system_prompt,20,0,74,1.9714764319382359,settle,1
no_system_prompt,20,1,74,1.2245577859824184,settle,1
no_system_prompt,20,2,74,3.425307810466052,settle,3
no_system_prompt,20,3,74,0.5516298012103543,settle,8
no_system_prompt,20,4,74,0.5850813154400324,settle,3
no_system_prompt,20,5,74,0.5809090587555035,settle,5
no_system_prompt,20,6,74,0.6077845682031422,settle,6
no_system_prompt,20,7,74,0.6136309047415405,settle,7
no_system_prompt,20,8,74,0.626184696727433,settle,9
no_system_prompt,20,9,74,0.627767178890422,settle,9
no_system_prompt,20,10,74,0.6489584580973808,settle,8
no_system_prompt,20,11,74,0.630646392673646,settle,11
no_system_prompt,20,12,74,0.6252757948646759,settle,9
no_system_prompt,20,13,74,0.6141863742647564,settle,11
no_system_prompt,20,14,74,0.6112897696843653,settle,11
no_system_prompt,20,15,74,0.6100603893886702,settle,11
no_system_prompt,20,16,74,0.6305298662168477,settle,12
no_system_prompt,20,17,74,0.6476324478451307,settle,13
no_system_prompt,20,18,74,0.6122716451414134,settle,11
no_system_prompt,20,19,74,0.616858139272107,settle,11
no_system_prompt,20,20,74,0.6182765160145105,settle,13
no_system_prompt,20,21,74,0.6403432043598443,settle,12
no_system_prompt,20,22,74,0.6090970778020621,settle,11
no_system_prompt,20,23,74,0.6067728177166284,settle,12
no_system_prompt,20,24,74,0.6174344991636438,settle,11
no_system_prompt,20,25,74,0.616758967624959,settle,11
no_system_prompt,20,26,74,0.6130054447894587,settle,13
no_system_prompt,20,27,74,0.6200021177999431,settle,12
no_system_prompt,20,28,74,0.6193096147702991,settle,12
no_system_prompt,20,29,74,0.6152552972962354,settle,11
no_system_prompt,20,30,74,0.6452816097428076,settle,12
no_system_prompt,20,31,74,0.6137445521117286,settle,9
no_system_prompt,20,32,74,0.6175283373858421,settle,11
no_system_prompt,20,33,74,0.615102670097185,settle,12
no_system_prompt,20,34,74,0.6190137760674924,settle,12
no_system_prompt,20,35,74,0.6292784933811661,settle,11
no_system_prompt,20,36,74,0.6139040868810945,settle,11
no_system_prompt,20,37,74,0.6177261310594714,settle,9
no_system_prompt,20,38,74,0.625130868978563,settle,11
no_system_prompt,20,39,74,0.6261533541224423,settle,11
no_system_prompt,20,40,74,0.6395601568639037,settle,14
no_system_prompt,20,41,74,0.37354504820430373,settle,12
no_system_prompt,20,42,74,0.6219096724068899,settle,12
no_system_prompt,20,43,74,0.6018394975551512,settle,11
no_system_prompt,20,44,74,0.6188581223981822,settle,10
no_system_prompt,20,45,74,0.37758263250131696,settle,12
no_system_prompt,20,46,74,0.6290182824870081,settle,11
no_system_prompt,20,47,74,0.6096993274633083,settle,10
no_system_prompt,20,48,74,0.6113154153607212,settle,10
no_system_prompt,20,49,74,0.6203422078879255,settle,10
no_system_prompt,20,50,74,0.6172358589802668,settle,9
no_system_prompt,20,51,74,0.6254818084361554,settle,12
no_system_prompt,20,52,74,0.6156008322865296,settle,12
no_system_prompt,20,53,74,0.6078114995332022,settle,12
no_system_prompt,20,54,74,0.6079160387872807,settle,11
no_system_prompt,20,55,74,0.6087733623378895,settle,11
no_system_prompt,20,56,74,0.6074142776816394,settle,11
no_system_prompt,20,57,74,0.6323244300961909,settle,12
no_system_prompt,20,58,74,0.6221782771136537,settle,12
no_system_prompt,20,59,74,0.6249199045879189,settle,12
no_system_prompt,20,60,74,0.6208609870069394,settle,14
no_system_prompt,20,61,74,0.6317197857431853,settle,13
no_system_prompt,20,62,74,0.614699189685315,settle,12
no_system_prompt,20,63,74,0.6355659823040203,settle,14
no_system_prompt,20,64,74,0.6532917147973517,settle,13
no_system_prompt,20,65,74,0.6383275232135227,settle,13
no_system_prompt,20,66,74,0.636406624817937,settle,13
no_system_prompt,20,67,74,0.6280917657508971,settle,12
no_system_prompt,20,68,74,0.5856499859342463,settle,11
no_system_prompt,20,69,74,0.5938213311623393,settle,12
no_system_prompt,20,70,74,0.6118524359036703,settle,9
no_system_prompt,20,71,74,0.637721152726209,settle,8
no_system_prompt,20,72,74,0.5958693662877302,settle,11
no_system_prompt,20,73,74,0.6145648907320098,settle,13
no_system_prompt,21,0,59,0.2121842157408217,settle,2
no_system_prompt,21,1,59,0.06902153833198961,settle,1
no_system_prompt,21,2,59,5.30272678541581,settle,3
no_system_prompt,21,3,59,0.5513814930989291,settle,8
no_system_prompt,21,4,59,0.5810454661785939,settle,3
no_system_prompt,21,5,59,0.588976946668458,settle,4
no_system_prompt,21,6,59,0.6155615909997555,settle,5
no_system_prompt,21,7,59,0.6167843217090809,settle,7
no_system_prompt,21,8,59,0.5966184309091964,settle,9
no_system_prompt,21,9,59,0.6026683684327896,settle,9
no_system_prompt,21,10,59,0.6187253566918033,settle,9
no_system_prompt,21,11,59,0.629855295664295,settle,8
no_system_prompt,21,12,59,0.6285774935047029,settle,12
no_system_prompt,21,13,59,0.6713970014891448,settle,10
no_system_prompt,21,14,59,0.6443258331134093,settle,10
no_system_prompt,21,15,59,0.6375347125104727,settle,13
no_system_prompt,21,16,59,0.6208313760769435,settle,10
no_system_prompt,21,17,59,0.6173717628329954,settle,13
no_system_prompt,21,18,59,0.6184810000712284,settle,10
no_system_prompt,21,19,59,0.6295069591067376,settle,11
no_system_prompt,21,20,59,0.6476748606755656,settle,10
no_system_prompt,21,21,59,0.6388640990890857,settle,13
no_system_prompt,21,22,59,0.6287581464220765,settle,11
no_system_prompt,21,23,59,0.6421120262674708,settle,11
no_system_prompt,21,24,59,0.6333884057243064,settle,13
no_system_prompt,21,25,59,0.6425827524686073,settle,14
no_system_prompt,21,26,59,0.6327921992827068,settle,10
no_system_prompt,21,27,59,0.6353255657384262,settle,14
no_system_prompt,21,28,59,0.628316368075872,settle,13
no_system_prompt,21,29,59,0.6237926442007192,settle,12
no_system_prompt,21,30,59,0.6214249990060514,settle,14
no_system_prompt,21,31,59,0.6346799946314805,settle,14
no_system_prompt,21,32,59,0.6331737589102655,settle,13
no_system_prompt,21,33,59,0.6171601451522176,settle,15
no_system_prompt,21,34,59,0.6221703714260935,settle,13
no_system_prompt,21,35,59,0.6359863859370061,settle,10
no_system_prompt,21,36,59,0.6599560813312121,settle,12
no_system_prompt,21,37,59,0.6549660833506061,settle,11
no_system_prompt,21,38,59,0.6394367791917343,settle,13
no_system_prompt,21,39,59,0.643680674525721,settle,12
no_system_prompt,21,40,59,0.6423610398502585,settle,12
no_system_prompt,21,41,59,0.6447056439217203,settle,11
no_system_prompt,21,42,59,0.6517008324877853,settle,12
no_system_prompt,21,43,59,0.6530626508814559,settle,12
no_system_prompt,21,44,59,0.6348362848330413,settle,14
no_system_prompt,21,45,59,0.6391060122162027,settle,13
no_system_prompt,21,46,59,0.631724791136621,settle,13
no_system_prompt,21,47,59,0.6351136897302753,settle,12
no_system_prompt,21,48,59,0.6197982897968624,settle,13
no_system_prompt,21,49,59,0.6542795237613204,settle,12
no_system_prompt,21,50,59,0.6318482692180738,settle,11
no_system_prompt,21,51,59,0.636142465589857,settle,13
no_system_prompt,21,52,59,0.6676772861304946,settle,12
no_system_prompt,21,53,59,0.6869523896610326,settle,10
no_system_prompt,21,54,59,0.7267107801006841,settle,11
no_system_prompt,21,55,59,0.651904509024717,settle,8
no_system_prompt,21,56,59,0.5990732125384014,settle,9
no_system_prompt,21,57,59,0.6782426505079172,settle,9
no_system_prompt,21,58,59,0.6412080809600718,settle,12
no_system_prompt,22,0,61,0.2117444803489364,settle,2
no_system_prompt,22,1,61,0.06902130954232234,settle,1
no_system_prompt,22,2,61,5.302741940172604,settle,3
no_system_prompt,22,3,61,0.5513815016311997,settle,8
no_system_prompt,22,4,61,0.5810455043165024,settle,3
no_system_prompt,22,5,61,0.5889769540494838,settle,4
no_system_prompt,22,6,61,0.593390039171684,settle,6
no_system_prompt,22,7,61,0.60107106724643,settle,7
no_system_prompt,22,8,61,0.6179228166545393,settle,8
no_system_prompt,22,9,61,0.6192116672514348,settle,8
no_system_prompt,22,10,61,0.6195869368621997,settle,11
no_system_prompt,22,11,61,0.6227869706386507,settle,10
no_system_prompt,22,12,61,0.6232112312190025,settle,10
no_system_prompt,22,13,61,0.6392777153983943,settle,11
no_system_prompt,22,14,61,0.6306209003590759,settle,9
no_system_prompt,22,15,61,0.6093697118902138,settle,12
no_system_prompt,22,16,61,0.625499988537342,settle,11
no_system_prompt,22,17,61,0.638723223276788,settle,13
no_system_prompt,22,18,61,0.6320322599543094,settle,11
no_system_prompt,22,19,61,0.6185294087664356,settle,11
no_system_prompt,22,20,61,0.6186717353845688,settle,11
no_system_prompt,22,21,61,0.39179002644504185,settle,11
no_system_prompt,22,22,61,0.6199404419962011,settle,12
no_system_prompt,22,23,61,0.6210476780622937,settle,12
no_system_prompt,22,24,61,0.6279656504510146,settle,12
no_system_prompt,22,25,61,0.3757362853378321,settle,13
no_system_prompt,22,26,61,0.6259612756839669,settle,13
no_system_prompt,22,27,61,0.6414923250757582,settle,10
no_system_prompt,22,28,61,0.6427586677717738,settle,13
no_system_prompt,22,29,61,0.6220712476496943,settle,12
no_system_prompt,22,30,61,0.6241280070665787,settle,11
no_system_prompt,22,31,61,0.6144502049186107,settle,12
no_system_prompt,22,32,61,0.6170124576763387,settle,13
no_system_prompt,22,33,61,0.6218796645738067,settle,12
no_system_prompt,22,34,61,0.6317015264808342,settle,12
no_system_prompt,22,35,61,0.6412913171975902,settle,13
no_system_prompt,22,36,61,0.6381429226359564,settle,11
no_system_prompt,22,37,61,0.6382236133289858,settle,11
no_system_prompt,22,38,61,0.634716298082979,settle,11
no_system_prompt,22,39,61,0.6345028643027558,settle,11
no_system_prompt,22,40,61,0.6291091329555526,settle,12
no_system_prompt,22,41,61,0.6239392478231484,settle,12
no_system_prompt,22,42,61,0.38365001418056277,settle,13
no_system_prompt,22,43,61,0.6187189230319516,settle,12
no_system_prompt,22,44,61,0.6208570499058035,settle,14
no_system_prompt,22,45,61,0.6297839284009852,settle,12
no_system_prompt,22,46,61,0.6405135480189382,settle,12
no_system_prompt,22,47,61,0.6197889730136525,settle,10
no_system_prompt,22,48,61,0.6196093362647744,settle,11
no_system_prompt,22,49,61,0.3730757523568665,settle,10
no_system_prompt,22,50,61,0.6208922589642677,settle,12
no_system_prompt,22,51,61,0.6027774951409971,settle,13
no_system_prompt,22,52,61,0.6218168501865027,settle,11
no_system_prompt,22,53,61,0.609140842559884,settle,12
no_system_prompt,22,54,61,0.6112757862878359,settle,14
no_system_prompt,22,55,61,0.620523482090859,settle,10
no_system_prompt,22,56,61,0.623235087892849,settle,15
no_system_prompt,22,57,61,0.6543849158423112,settle,7
no_system_prompt,22,58,61,0.6598314827772622,settle,7
no_system_prompt,22,59,61,0.6179845896608325,settle,8
no_system_prompt,22,60,61,0.6366132743495009,settle,12
no_system_prompt,23,0,49,0.2111613641581845,settle,2
no_system_prompt,23,1,49,0.06902420819728303,settle,1
no_system_prompt,23,2,49,5.3027377058273695,settle,3
no_system_prompt,23,3,49,0.551381496491087,settle,8
no_system_prompt,23,4,49,0.5810454672333113,settle,3
no_system_prompt,23,5,49,0.5889769153151038,settle,4
no_system_prompt,23,6,49,0.5958511526770133,settle,5
no_system_prompt,23,7,49,0.6315738199432598,settle,7
no_system_prompt,23,8,49,0.5869016398035279,settle,9
no_system_prompt,23,9,49,0.6182408742692803,settle,11
no_system_prompt,23,10,49,0.6506631264448104,settle,11
no_system_prompt,23,11,49,0.6431122793424472,settle,12
no_system_prompt,23,12,49,0.6620115336714671,settle,11
no_system_prompt,23,13,49,0.6324880195841074,settle,12
no_system_prompt,23,14,49,0.6295682693958888,settle,12
no_system_prompt,23,15,49,0.6659750921304523,settle,14
no_system_prompt,23,16,49,0.6292801822835161,settle,12
no_system_prompt,23,17,49,0.6595784220618343,settle,14
no_system_prompt,23,18,49,0.6764754058470611,settle,14
no_system_prompt,23,19,49,0.6931430871270885,settle,13
no_system_prompt,23,20,49,0.6757640957428308,settle,13
no_system_prompt,23,21,49,0.6938671964016149,settle,13
no_system_prompt,23,22,49,0.6720624120178731,settle,12
no_system_prompt,23,23,49,0.5789459315419494,settle,14
no_system_prompt,23,24,49,1.6158248417763987,settle,15
no_system_prompt,23,25,49,0.38097051802692816,settle,11
no_system_prompt,23,26,49,0.6516790607479246,settle,14
no_system_prompt,23,27,49,0.42072162123177836,settle,13
no_system_prompt,23,28,49,0.623991924445918,settle,13
no_system_prompt,23,29,49,0.6332452598023481,settle,15
no_system_prompt,23,30,49,0.6027842226061814,settle,15
no_system_prompt,23,31,49,0.628545674456091,settle,14
no_system_prompt,23,32,49,0.6344091755786377,settle,13
no_system_prompt,23,33,49,0.6367063538183563,settle,12
no_system_prompt,23,34,49,0.6310266692242503,settle,12
no_system_prompt,23,35,49,0.632488202376051,settle,15
no_system_prompt,23,36,49,0.6359223036016672,settle,12
no_system_prompt,23,37,49,0.6475238564870397,settle,11
no_system_prompt,23,38,49,0.640479574929879,settle,12
no_system_prompt,23,39,49,0.6462184648761928,settle,12
no_system_prompt,23,40,49,0.368120576783201,settle,13
no_system_prompt,23,41,49,0.6323215466658848,settle,12
no_system_prompt,23,42,49,0.630693299324695,settle,12
no_system_prompt,23,43,49,0.637301328000924,settle,10
no_system_prompt,23,44,49,0.6136092016726085,settle,12
no_system_prompt,23,45,49,0.6365007560934784,settle,8
no_system_prompt,23,46,49,0.6598461484767628,settle,7
no_system_prompt,23,47,49,0.6503997879806223,settle,9
no_system_prompt,23,48,49,0.6635942854397103,settle,13
