tag,block,family,item,gold,correct,best_rank,best_depth,n_tokens,h0_seed,state_sha,natural_window,log_rank,window_k,window,pr,cos_consecutive,contraction,settle
echo_digit_i00,main,echo_digit,0,4,True,1,2,21,,e62c0facbe7395d1,49,0.0,10.0,10,8.11938126338914,0.1726366232709122,0.8253646563926389,10.0
echo_digit_i00,main,echo_digit,0,4,True,1,2,21,,e62c0facbe7395d1,49,0.0,20.0,20,12.12227606467952,0.209783527661345,0.8514775781029262,20.0
echo_digit_i00,main,echo_digit,0,4,True,1,2,21,,e62c0facbe7395d1,49,0.0,30.0,30,11.577949102971603,0.21573778503701882,0.8551349689949086,30.0
echo_digit_i00,main,echo_digit,0,4,True,1,2,21,,e62c0facbe7395d1,49,0.0,40.0,40,11.517685246026456,0.26933437929449194,0.8583073376287873,30.0
echo_digit_i00,main,echo_digit,0,4,True,1,2,21,,e62c0facbe7395d1,49,0.0,,49,11.371494561142573,0.3249299072428682,0.8606766637588259,30.0
echo_digit_i01,main,echo_digit,1,1,True,1,3,21,,4f1ee3e5c1904662,48,0.0,10.0,10,8.20118256750459,0.10878033961820714,0.8480568204608477,10.0
echo_digit_i01,main,echo_digit,1,1,True,1,3,21,,4f1ee3e5c1904662,48,0.0,20.0,20,12.566731604159235,0.17889564953700857,0.8484322725432384,20.0
echo_digit_i01,main,echo_digit,1,1,True,1,3,21,,4f1ee3e5c1904662,48,0.0,30.0,30,12.710269574725569,0.2006806070246936,0.8516537924887929,30.0
echo_digit_i01,main,echo_digit,1,1,True,1,3,21,,4f1ee3e5c1904662,48,0.0,40.0,40,12.497302939572322,0.2613934658809468,0.8590294754594294,30.0
echo_digit_i01,main,echo_digit,1,1,True,1,3,21,,4f1ee3e5c1904662,48,0.0,,48,11.853892460129465,0.296819928572691,0.86192497362444,30.0
echo_digit_i02,main,echo_digit,2,7,True,1,2,21,,83acf180ad939956,48,0.0,10.0,10,7.832108352757441,0.102771354075256,0.8522684019240272,10.0
echo_digit_i02,main,echo_digit,2,7,True,1,2,21,,83acf180ad939956,48,0.0,20.0,20,10.169095656501263,0.06950132701498407,0.8652496725414761,20.0
echo_digit_i02,main,echo_digit,2,7,True,1,2,21,,83acf180ad939956,48,0.0,30.0,30,8.293001004610097,0.03988084735389683,0.8721616161219192,30.0
echo_digit_i02,main,echo_digit,2,7,True,1,2,21,,83acf180ad939956,48,0.0,40.0,40,7.114664850793526,0.03604288763517422,0.8708946358614008,33.0
echo_digit_i02,main,echo_digit,2,7,True,1,2,21,,83acf180ad939956,48,0.0,,48,6.714453912308078,0.05518101702562301,0.8703167013165151,33.0
echo_digit_i03,main,echo_digit,3,4,True,1,2,21,,ebc7ec237dd63797,48,0.0,10.0,10,7.581818744911456,0.056855302525479386,0.8516714504904135,10.0
echo_digit_i03,main,echo_digit,3,4,True,1,2,21,,ebc7ec237dd63797,48,0.0,20.0,20,7.607765697236794,-0.00020559910564775372,0.8689410154749443,20.0
echo_digit_i03,main,echo_digit,3,4,True,1,2,21,,ebc7ec237dd63797,48,0.0,30.0,30,6.312634725756259,-0.01890741065254849,0.8685519804343912,30.0
echo_digit_i03,main,echo_digit,3,4,True,1,2,21,,ebc7ec237dd63797,48,0.0,40.0,40,6.267481026463419,0.029357012042878265,0.865749018390408,32.0
echo_digit_i03,main,echo_digit,3,4,True,1,2,21,,ebc7ec237dd63797,48,0.0,,48,6.621174995784771,0.09150024217061173,0.8655209118071029,32.0
echo_digit_i04,main,echo_digit,4,6,True,1,4,21,,25aedf08228254c6,48,0.0,10.0,10,8.14752995574302,0.1677129550871967,0.8274481754721562,10.0
echo_digit_i04,main,echo_digit,4,6,True,1,4,21,,25aedf08228254c6,48,0.0,20.0,20,12.584550532784853,0.19730863301991197,0.8487421146145846,20.0
echo_digit_i04,main,echo_digit,4,6,True,1,4,21,,25aedf08228254c6,48,0.0,30.0,30,12.460731817512896,0.21538559527172377,0.853908588374338,30.0
echo_digit_i04,main,echo_digit,4,6,True,1,4,21,,25aedf08228254c6,48,0.0,40.0,40,12.65669838098079,0.27955565809535177,0.8582074840935847,30.0
echo_digit_i04,main,echo_digit,4,6,True,1,4,21,,25aedf08228254c6,48,0.0,,48,11.821820923610453,0.33490993591786644,0.8615588637589578,30.0
echo_digit_i05,main,echo_digit,5,3,True,1,2,21,,8283435e33111fac,48,0.0,10.0,10,8.027350127823876,0.1529877622950904,0.860527136592088,10.0
echo_digit_i05,main,echo_digit,5,3,True,1,2,21,,8283435e33111fac,48,0.0,20.0,20,10.95903716483635,0.1370929612663526,0.8649525564880687,20.0
echo_digit_i05,main,echo_digit,5,3,True,1,2,21,,8283435e33111fac,48,0.0,30.0,30,9.725064535409873,0.1473702835650419,0.8683012117332553,30.0
echo_digit_i05,main,echo_digit,5,3,True,1,2,21,,8283435e33111fac,48,0.0,40.0,40,9.461879605194863,0.1870217261772119,0.8664559077101351,32.0
echo_digit_i05,main,echo_digit,5,3,True,1,2,21,,8283435e33111fac,48,0.0,,48,9.406997601606923,0.23193314317147878,0.8661489941590876,32.0
echo_digit_i06,main,echo_digit,6,9,True,1,3,21,,67b24c2586bb642e,48,0.0,10.0,10,8.189714986466143,0.1344618329667372,0.8594591057764029,10.0
echo_digit_i06,main,echo_digit,6,9,True,1,3,21,,67b24c2586bb642e,48,0.0,20.0,20,9.807682567668806,0.08237159041944535,0.8781473850124858,20.0
echo_digit_i06,main,echo_digit,6,9,True,1,3,21,,67b24c2586bb642e,48,0.0,30.0,30,7.284013679617778,0.0289310727529061,0.8754673109343882,30.0
echo_digit_i06,main,echo_digit,6,9,True,1,3,21,,67b24c2586bb642e,48,0.0,40.0,40,5.943567858732276,0.003634381552532745,0.874195451416023,33.0
echo_digit_i06,main,echo_digit,6,9,True,1,3,21,,67b24c2586bb642e,48,0.0,,48,5.502178336966464,0.0071070516666149565,0.8744010252339962,33.0
echo_digit_i07,main,echo_digit,7,4,True,1,2,21,,8fa8ebc5cc9780d9,49,0.0,10.0,10,7.935030134828567,0.07191128540055183,0.8527200562678312,10.0
echo_digit_i07,main,echo_digit,7,4,True,1,2,21,,8fa8ebc5cc9780d9,49,0.0,20.0,20,8.619263483671777,0.0235505426419961,0.867197859952549,20.0
echo_digit_i07,main,echo_digit,7,4,True,1,2,21,,8fa8ebc5cc9780d9,49,0.0,30.0,30,7.210177737683115,0.01699086810550887,0.8625040856565216,30.0
echo_digit_i07,main,echo_digit,7,4,True,1,2,21,,8fa8ebc5cc9780d9,49,0.0,40.0,40,7.341742491085065,0.07701978200120352,0.8618253503347573,31.0
echo_digit_i07,main,echo_digit,7,4,True,1,2,21,,8fa8ebc5cc9780d9,49,0.0,,49,7.694814603959859,0.14263832610330757,0.8627856935886785,31.0
echo_digit_i08,main,echo_digit,8,5,True,1,4,21,,37c185d4cf46620f,48,0.0,10.0,10,8.041252053832,0.19174832490466265,0.841314051691568,10.0
echo_digit_i08,main,echo_digit,8,5,True,1,4,21,,37c185d4cf46620f,48,0.0,20.0,20,12.070978332044149,0.17123395045176074,0.854138412974848,20.0
echo_digit_i08,main,echo_digit,8,5,True,1,4,21,,37c185d4cf46620f,48,0.0,30.0,30,11.246719080673623,0.17665865374057818,0.8572166358371615,30.0
echo_digit_i08,main,echo_digit,8,5,True,1,4,21,,37c185d4cf46620f,48,0.0,40.0,40,11.124301092676944,0.24860937473962302,0.8599127467013667,30.0
echo_digit_i08,main,echo_digit,8,5,True,1,4,21,,37c185d4cf46620f,48,0.0,,48,10.453509580939022,0.3165128808945077,0.86313627895076,30.0
echo_digit_i09,main,echo_digit,9,2,True,1,3,21,,e56ae86f9f19e1ea,48,0.0,10.0,10,7.977786878958589,0.14030792446116283,0.8458720120710289,10.0
echo_digit_i09,main,echo_digit,9,2,True,1,3,21,,e56ae86f9f19e1ea,48,0.0,20.0,20,11.93457983666983,0.15918638898325374,0.8543337372919161,20.0
echo_digit_i09,main,echo_digit,9,2,True,1,3,21,,e56ae86f9f19e1ea,48,0.0,30.0,30,11.41347168466685,0.16520875162541526,0.854653256617864,30.0
echo_digit_i09,main,echo_digit,9,2,True,1,3,21,,e56ae86f9f19e1ea,48,0.0,40.0,40,10.381259789363524,0.18509827381793206,0.8542929735395457,30.0
echo_digit_i09,main,echo_digit,9,2,True,1,3,21,,e56ae86f9f19e1ea,48,0.0,,48,9.780274176116428,0.20374996481107255,0.8542596028658329,30.0
echo_digit_i10,main,echo_digit,10,1,True,1,3,21,,a64e6515aa90b6bc,48,0.0,10.0,10,8.01733896153424,0.1452990619430246,0.8348084355656648,10.0
echo_digit_i10,main,echo_digit,10,1,True,1,3,21,,a64e6515aa90b6bc,48,0.0,20.0,20,13.195652300871902,0.19140831663471486,0.851527084925821,20.0
echo_digit_i10,main,echo_digit,10,1,True,1,3,21,,a64e6515aa90b6bc,48,0.0,30.0,30,13.50537423151239,0.1963988140902921,0.864970779071236,30.0
echo_digit_i10,main,echo_digit,10,1,True,1,3,21,,a64e6515aa90b6bc,48,0.0,40.0,40,12.091523659025583,0.19865034195383394,0.8681882857223974,31.0
echo_digit_i10,main,echo_digit,10,1,True,1,3,21,,a64e6515aa90b6bc,48,0.0,,48,10.936029635120187,0.20034946840549453,0.8688317115829801,31.0
echo_digit_i11,main,echo_digit,11,4,True,1,3,21,,1ec1e629186260ea,49,0.0,10.0,10,7.983467466978181,0.05932753063085266,0.8652879661880432,10.0
echo_digit_i11,main,echo_digit,11,4,True,1,3,21,,1ec1e629186260ea,49,0.0,20.0,20,7.867725996381926,-0.013052989014157917,0.8745514069600341,20.0
echo_digit_i11,main,echo_digit,11,4,True,1,3,21,,1ec1e629186260ea,49,0.0,30.0,30,5.935581814218279,-0.04713393013863237,0.8695156292646413,30.0
echo_digit_i11,main,echo_digit,11,4,True,1,3,21,,1ec1e629186260ea,49,0.0,40.0,40,5.486854123281337,-0.025140217049941876,0.8654854678347623,33.0
echo_digit_i11,main,echo_digit,11,4,True,1,3,21,,1ec1e629186260ea,49,0.0,,49,5.662458093417583,0.0226869145582636,0.8642290796524208,33.0
echo_digit_i12,main,echo_digit,12,2,True,1,4,21,,a27445bd9f367d91,49,0.0,10.0,10,7.177726755256144,0.08904741947191658,0.8536630320164432,10.0
echo_digit_i12,main,echo_digit,12,2,True,1,4,21,,a27445bd9f367d91,49,0.0,20.0,20,7.788477385751364,0.017006462604930446,0.8746983572619966,20.0
echo_digit_i12,main,echo_digit,12,2,True,1,4,21,,a27445bd9f367d91,49,0.0,30.0,30,6.795861890025366,0.0024375546734656016,0.8675300467895589,30.0
echo_digit_i12,main,echo_digit,12,2,True,1,4,21,,a27445bd9f367d91,49,0.0,40.0,40,6.608694648569884,0.04965995736382605,0.8643893164278269,32.0
echo_digit_i12,main,echo_digit,12,2,True,1,4,21,,a27445bd9f367d91,49,0.0,,49,6.739954666487738,0.10695262554139812,0.8640774594300769,32.0
echo_digit_i13,main,echo_digit,13,8,True,1,4,21,,ba2d3209f0a02f47,50,0.0,10.0,10,8.090845060458008,0.1809344420344141,0.8267441179772993,10.0
echo_digit_i13,main,echo_digit,13,8,True,1,4,21,,ba2d3209f0a02f47,50,0.0,20.0,20,12.75429747758968,0.21736858308803506,0.8585980818941368,20.0
echo_digit_i13,main,echo_digit,13,8,True,1,4,21,,ba2d3209f0a02f47,50,0.0,30.0,30,11.903899947104097,0.21543885171081004,0.8583250672134979,30.0
echo_digit_i13,main,echo_digit,13,8,True,1,4,21,,ba2d3209f0a02f47,50,0.0,40.0,40,11.064524139423996,0.2604136885482661,0.8622109946947277,30.0
echo_digit_i13,main,echo_digit,13,8,True,1,4,21,,ba2d3209f0a02f47,50,0.0,,50,10.652937571876278,0.33099807907334433,0.8659853346919326,30.0
echo_digit_i14,main,echo_digit,14,8,True,1,2,21,,986275cb5e8600b9,49,0.0,10.0,10,7.7048085852297445,0.18104522777105198,0.8400924234642302,10.0
echo_digit_i14,main,echo_digit,14,8,True,1,2,21,,986275cb5e8600b9,49,0.0,20.0,20,12.503540235372293,0.2197723885395381,0.8481192939833284,20.0
echo_digit_i14,main,echo_digit,14,8,True,1,2,21,,986275cb5e8600b9,49,0.0,30.0,30,12.243637327682716,0.21612567710562278,0.8584337191428679,30.0
echo_digit_i14,main,echo_digit,14,8,True,1,2,21,,986275cb5e8600b9,49,0.0,40.0,40,12.145789225506348,0.25961786156266814,0.8632946608605202,30.0
echo_digit_i14,main,echo_digit,14,8,True,1,2,21,,986275cb5e8600b9,49,0.0,,49,11.995893278408317,0.3202898606894029,0.866817992014592,30.0
echo_digit_i15,main,echo_digit,15,3,True,1,2,21,,620e426448869852,49,0.0,10.0,10,8.342813525368333,0.10541812446531848,0.8419919812103189,10.0
echo_digit_i15,main,echo_digit,15,3,True,1,2,21,,620e426448869852,49,0.0,20.0,20,12.86373946884918,0.1704506337915947,0.850652116491973,20.0
echo_digit_i15,main,echo_digit,15,3,True,1,2,21,,620e426448869852,49,0.0,30.0,30,12.589354907305268,0.19164652129435203,0.8586642167360614,30.0
echo_digit_i15,main,echo_digit,15,3,True,1,2,21,,620e426448869852,49,0.0,40.0,40,12.490374107145966,0.2558296363093426,0.86242541070349,31.0
echo_digit_i15,main,echo_digit,15,3,True,1,2,21,,620e426448869852,49,0.0,,49,12.001610327590614,0.3252171825740667,0.8662223491836747,31.0
echo_digit_i16,main,echo_digit,16,6,True,1,4,21,,416ae41032ca9592,50,0.0,10.0,10,7.990178750125965,0.1363471299614426,0.8395442441017096,10.0
echo_digit_i16,main,echo_digit,16,6,True,1,4,21,,416ae41032ca9592,50,0.0,20.0,20,13.334507352535407,0.2155221692156609,0.8468361970957671,20.0
echo_digit_i16,main,echo_digit,16,6,True,1,4,21,,416ae41032ca9592,50,0.0,30.0,30,13.919015162111776,0.25314704246798925,0.8491171571307459,28.0
echo_digit_i16,main,echo_digit,16,6,True,1,4,21,,416ae41032ca9592,50,0.0,40.0,40,13.665428866003523,0.3151936165966083,0.8543823860792091,28.0
echo_digit_i16,main,echo_digit,16,6,True,1,4,21,,416ae41032ca9592,50,0.0,,50,12.336553621835067,0.3847736538555163,0.8606826901196375,28.0
echo_digit_i17,main,echo_digit,17,3,True,1,2,21,,5ec3d63a1220edff,49,0.0,10.0,10,8.062282115242462,0.10299818631077134,0.8435610351315478,10.0
echo_digit_i17,main,echo_digit,17,3,True,1,2,21,,5ec3d63a1220edff,49,0.0,20.0,20,12.760706474710442,0.23179150723846337,0.8362504712873213,20.0
echo_digit_i17,main,echo_digit,17,3,True,1,2,21,,5ec3d63a1220edff,49,0.0,30.0,30,13.4414616976015,0.2812059863420399,0.8420695678116447,28.0
echo_digit_i17,main,echo_digit,17,3,True,1,2,21,,5ec3d63a1220edff,49,0.0,40.0,40,14.097770073570942,0.3387390472538097,0.8501832949465811,28.0
echo_digit_i17,main,echo_digit,17,3,True,1,2,21,,5ec3d63a1220edff,49,0.0,,49,13.913610512324288,0.39413154980357196,0.8562602564503395,28.0
echo_digit_i18,main,echo_digit,18,7,True,1,4,21,,2060495860db5234,48,0.0,10.0,10,8.140062735269572,0.14890337193589548,0.8520744614743249,10.0
echo_digit_i18,main,echo_digit,18,7,True,1,4,21,,2060495860db5234,48,0.0,20.0,20,12.120507278423617,0.14773409954255617,0.8631049915802884,20.0
echo_digit_i18,main,echo_digit,18,7,True,1,4,21,,2060495860db5234,48,0.0,30.0,30,10.306714150652562,0.13532221306110126,0.8661513263253823,30.0
echo_digit_i18,main,echo_digit,18,7,True,1,4,21,,2060495860db5234,48,0.0,40.0,40,8.87056932014954,0.13968826020734115,0.8667131405595835,32.0
echo_digit_i18,main,echo_digit,18,7,True,1,4,21,,2060495860db5234,48,0.0,,48,8.37124564386072,0.16640816083654544,0.8679258067754629,32.0
echo_digit_i19,main,echo_digit,19,9,True,1,2,21,,97d7d07b43f12eed,49,0.0,10.0,10,7.978248569888843,0.19548827427699275,0.8438159743245196,10.0
echo_digit_i19,main,echo_digit,19,9,True,1,2,21,,97d7d07b43f12eed,49,0.0,20.0,20,12.710260183713476,0.20705724928850144,0.8546251580467293,20.0
echo_digit_i19,main,echo_digit,19,9,True,1,2,21,,97d7d07b43f12eed,49,0.0,30.0,30,13.231614681662956,0.25572936184074174,0.8617209543998954,30.0
echo_digit_i19,main,echo_digit,19,9,True,1,2,21,,97d7d07b43f12eed,49,0.0,40.0,40,12.403275455363293,0.3138679393941526,0.8674288638165656,31.0
echo_digit_i19,main,echo_digit,19,9,True,1,2,21,,97d7d07b43f12eed,49,0.0,,49,11.274980218298646,0.36503031678268066,0.8721091458249386,31.0
echo_digit_i20,main,echo_digit,20,4,True,1,3,21,,e261f631258a54b1,48,0.0,10.0,10,7.719033401617501,0.11679116920465887,0.8636848021400267,10.0
echo_digit_i20,main,echo_digit,20,4,True,1,3,21,,e261f631258a54b1,48,0.0,20.0,20,9.153128643218883,0.05777687694474085,0.8670880502816227,20.0
echo_digit_i20,main,echo_digit,20,4,True,1,3,21,,e261f631258a54b1,48,0.0,30.0,30,7.601143980003808,0.04447753407528928,0.864902901438959,30.0
echo_digit_i20,main,echo_digit,20,4,True,1,3,21,,e261f631258a54b1,48,0.0,40.0,40,7.239768053267941,0.08359800024110421,0.862846320324066,31.0
echo_digit_i20,main,echo_digit,20,4,True,1,3,21,,e261f631258a54b1,48,0.0,,48,7.465163161679307,0.14056884024524863,0.8631811044764619,31.0
echo_digit_i21,main,echo_digit,21,7,True,1,3,21,,9db10a9d221530e9,48,0.0,10.0,10,7.275033234151407,0.067695407900925,0.8736146266735586,10.0
echo_digit_i21,main,echo_digit,21,7,True,1,3,21,,9db10a9d221530e9,48,0.0,20.0,20,8.836872401925856,0.038198748738952515,0.8718571066106423,20.0
echo_digit_i21,main,echo_digit,21,7,True,1,3,21,,9db10a9d221530e9,48,0.0,30.0,30,7.2752048926748145,0.013517852250191179,0.8730683681774416,30.0
echo_digit_i21,main,echo_digit,21,7,True,1,3,21,,9db10a9d221530e9,48,0.0,40.0,40,6.254044275457264,0.007253216199965545,0.8710467165693817,33.0
echo_digit_i21,main,echo_digit,21,7,True,1,3,21,,9db10a9d221530e9,48,0.0,,48,5.981330473319987,0.030462540606741084,0.8706547972221647,33.0
echo_digit_i22,main,echo_digit,22,4,True,1,2,21,,2b36f28f30551728,49,0.0,10.0,10,7.301828373024422,0.05304272257739281,0.8687842363213949,10.0
echo_digit_i22,main,echo_digit,22,4,True,1,2,21,,2b36f28f30551728,49,0.0,20.0,20,7.938870663817952,0.0029764102147786693,0.8742419899980334,20.0
echo_digit_i22,main,echo_digit,22,4,True,1,2,21,,2b36f28f30551728,49,0.0,30.0,30,6.735490865428302,-0.00597503432015674,0.870078070962599,30.0
echo_digit_i22,main,echo_digit,22,4,True,1,2,21,,2b36f28f30551728,49,0.0,40.0,40,6.779952727613095,0.04665942282245832,0.8664571955872433,33.0
echo_digit_i22,main,echo_digit,22,4,True,1,2,21,,2b36f28f30551728,49,0.0,,49,7.0835488810107226,0.10715907859014599,0.8655290661554191,33.0
echo_digit_i23,main,echo_digit,23,2,True,1,2,21,,858a9c79128b55d2,48,0.0,10.0,10,8.276392302756275,0.14828367493132963,0.8392927888275975,10.0
echo_digit_i23,main,echo_digit,23,2,True,1,2,21,,858a9c79128b55d2,48,0.0,20.0,20,14.308161613270354,0.22484016157520112,0.8393930511205541,20.0
echo_digit_i23,main,echo_digit,23,2,True,1,2,21,,858a9c79128b55d2,48,0.0,30.0,30,15.035695543608936,0.24185484209897712,0.8452385137417324,28.0
echo_digit_i23,main,echo_digit,23,2,True,1,2,21,,858a9c79128b55d2,48,0.0,40.0,40,14.542818409722035,0.2907849014020013,0.8548492968206584,28.0
echo_digit_i23,main,echo_digit,23,2,True,1,2,21,,858a9c79128b55d2,48,0.0,,48,14.144937617217122,0.3403504244245099,0.8593512164683194,28.0
echo_word_i00,main,echo_word,0,paper,True,1,6,21,,c85f7947e439f392,29,0.0,10.0,10,7.953168953258182,0.22485536123549432,0.8386593089527488,10.0
echo_word_i00,main,echo_word,0,paper,True,1,6,21,,c85f7947e439f392,29,0.0,20.0,20,14.289964633630712,0.22850249795854377,0.8333078706442981,20.0
echo_word_i00,main,echo_word,0,paper,True,1,6,21,,c85f7947e439f392,29,0.0,30.0,29,16.76039311716425,0.20103685616746053,0.8502099628041572,29.0
echo_word_i00,main,echo_word,0,paper,True,1,6,21,,c85f7947e439f392,29,0.0,40.0,29,16.76039311716425,0.20103685616746053,0.8502099628041572,29.0
echo_word_i00,main,echo_word,0,paper,True,1,6,21,,c85f7947e439f392,29,0.0,,29,16.76039311716425,0.20103685616746053,0.8502099628041572,29.0
echo_word_i01,main,echo_word,1,chair,True,1,6,21,,a1fd0158248bbc7e,29,0.0,10.0,10,8.181309974721374,0.06714137314166022,0.8506776103884962,10.0
echo_word_i01,main,echo_word,1,chair,True,1,6,21,,a1fd0158248bbc7e,29,0.0,20.0,20,14.25898355223393,0.06390077647423717,0.8271070203538032,20.0
echo_word_i01,main,echo_word,1,chair,True,1,6,21,,a1fd0158248bbc7e,29,0.0,30.0,29,14.128547648915044,0.01077406355954881,0.8485704332356161,29.0
echo_word_i01,main,echo_word,1,chair,True,1,6,21,,a1fd0158248bbc7e,29,0.0,40.0,29,14.128547648915044,0.01077406355954881,0.8485704332356161,29.0
echo_word_i01,main,echo_word,1,chair,True,1,6,21,,a1fd0158248bbc7e,29,0.0,,29,14.128547648915044,0.01077406355954881,0.8485704332356161,29.0
echo_word_i02,main,echo_word,2,cloud,True,1,4,21,,2b419dc21a641a97,26,0.0,10.0,10,7.862496160183983,0.20822285691955558,0.8121408963751617,10.0
echo_word_i02,main,echo_word,2,cloud,True,1,4,21,,2b419dc21a641a97,26,0.0,20.0,20,13.174249706309643,0.3176214433908764,0.819649340270591,20.0
echo_word_i02,main,echo_word,2,cloud,True,1,4,21,,2b419dc21a641a97,26,0.0,30.0,26,13.577261236269113,0.3301252609398989,0.8375779432278836,26.0
echo_word_i02,main,echo_word,2,cloud,True,1,4,21,,2b419dc21a641a97,26,0.0,40.0,26,13.577261236269113,0.3301252609398989,0.8375779432278836,26.0
echo_word_i02,main,echo_word,2,cloud,True,1,4,21,,2b419dc21a641a97,26,0.0,,26,13.577261236269113,0.3301252609398989,0.8375779432278836,26.0
echo_word_i03,main,echo_word,3,night,False,2,5,21,,553b1ff0d0d9a19e,29,0.3010299956639812,10.0,10,8.043493114387358,0.1831629454815703,0.8427528264168777,10.0
echo_word_i03,main,echo_word,3,night,False,2,5,21,,553b1ff0d0d9a19e,29,0.3010299956639812,20.0,20,14.686520971615133,0.2365062683757655,0.8357088776129814,20.0
echo_word_i03,main,echo_word,3,night,False,2,5,21,,553b1ff0d0d9a19e,29,0.3010299956639812,30.0,29,14.6334442077996,0.28140968054449944,0.8515246624685258,29.0
echo_word_i03,main,echo_word,3,night,False,2,5,21,,553b1ff0d0d9a19e,29,0.3010299956639812,40.0,29,14.6334442077996,0.28140968054449944,0.8515246624685258,29.0
echo_word_i03,main,echo_word,3,night,False,2,5,21,,553b1ff0d0d9a19e,29,0.3010299956639812,,29,14.6334442077996,0.28140968054449944,0.8515246624685258,29.0
echo_word_i04,main,echo_word,4,queen,True,1,5,21,,eeb7db31655c17a6,27,0.0,10.0,10,8.149452448395914,0.15322708860634568,0.8392273904647212,10.0
echo_word_i04,main,echo_word,4,queen,True,1,5,21,,eeb7db31655c17a6,27,0.0,20.0,20,13.863474360580469,0.29286429594438906,0.8321700241368543,20.0
echo_word_i04,main,echo_word,4,queen,True,1,5,21,,eeb7db31655c17a6,27,0.0,30.0,27,15.454443359680019,0.3244549865871141,0.8423236996946769,27.0
echo_word_i04,main,echo_word,4,queen,True,1,5,21,,eeb7db31655c17a6,27,0.0,40.0,27,15.454443359680019,0.3244549865871141,0.8423236996946769,27.0
echo_word_i04,main,echo_word,4,queen,True,1,5,21,,eeb7db31655c17a6,27,0.0,,27,15.454443359680019,0.3244549865871141,0.8423236996946769,27.0
echo_word_i05,main,echo_word,5,water,True,1,7,21,,d46482ea3eed09e0,31,0.0,10.0,10,8.230191443012194,0.1554675236444946,0.8367696001584568,10.0
echo_word_i05,main,echo_word,5,water,True,1,7,21,,d46482ea3eed09e0,31,0.0,20.0,20,14.328781201757424,0.24869477625517256,0.8422780118482874,20.0
echo_word_i05,main,echo_word,5,water,True,1,7,21,,d46482ea3eed09e0,31,0.0,30.0,30,15.477607541207604,0.24596759426767403,0.8554226961255497,30.0
echo_word_i05,main,echo_word,5,water,True,1,7,21,,d46482ea3eed09e0,31,0.0,40.0,31,15.65008269178429,0.2440700166987613,0.857286214653723,31.0
echo_word_i05,main,echo_word,5,water,True,1,7,21,,d46482ea3eed09e0,31,0.0,,31,15.65008269178429,0.2440700166987613,0.857286214653723,31.0
echo_word_i06,main,echo_word,6,paper,True,1,7,21,,454b3a71373ad3ec,29,0.0,10.0,10,8.012705071268604,0.1968894446097899,0.8412990423243304,10.0
echo_word_i06,main,echo_word,6,paper,True,1,7,21,,454b3a71373ad3ec,29,0.0,20.0,20,13.958868199702748,0.32996971384741497,0.8304975268129908,20.0
echo_word_i06,main,echo_word,6,paper,True,1,7,21,,454b3a71373ad3ec,29,0.0,30.0,29,16.491094512899288,0.3697840766741588,0.842905079623037,29.0
echo_word_i06,main,echo_word,6,paper,True,1,7,21,,454b3a71373ad3ec,29,0.0,40.0,29,16.491094512899288,0.3697840766741588,0.842905079623037,29.0
echo_word_i06,main,echo_word,6,paper,True,1,7,21,,454b3a71373ad3ec,29,0.0,,29,16.491094512899288,0.3697840766741588,0.842905079623037,29.0
echo_word_i07,main,echo_word,7,water,True,1,7,21,,77aae27ac9c9f21a,31,0.0,10.0,10,8.292632664516622,0.11087507073632825,0.8603123792585455,10.0
echo_word_i07,main,echo_word,7,water,True,1,7,21,,77aae27ac9c9f21a,31,0.0,20.0,20,14.009123429678846,0.24480596167463622,0.8389965382107369,20.0
echo_word_i07,main,echo_word,7,water,True,1,7,21,,77aae27ac9c9f21a,31,0.0,30.0,30,16.223302532442048,0.24448616300301934,0.8545346683875196,30.0
echo_word_i07,main,echo_word,7,water,True,1,7,21,,77aae27ac9c9f21a,31,0.0,40.0,31,16.262605096798193,0.2428115211367796,0.8567437311934208,31.0
echo_word_i07,main,echo_word,7,water,True,1,7,21,,77aae27ac9c9f21a,31,0.0,,31,16.262605096798193,0.2428115211367796,0.8567437311934208,31.0
echo_word_i08,main,echo_word,8,green,True,1,5,21,,cfb24dc026581fcf,29,0.0,10.0,10,8.320496125297542,0.13653226141590744,0.8391715548954506,10.0
echo_word_i08,main,echo_word,8,green,True,1,5,21,,cfb24dc026581fcf,29,0.0,20.0,20,14.572728085256443,0.22582516068659733,0.8274590152044121,20.0
echo_word_i08,main,echo_word,8,green,True,1,5,21,,cfb24dc026581fcf,29,0.0,30.0,29,16.16700214859566,0.25645866587934246,0.8449491102616402,29.0
echo_word_i08,main,echo_word,8,green,True,1,5,21,,cfb24dc026581fcf,29,0.0,40.0,29,16.16700214859566,0.25645866587934246,0.8449491102616402,29.0
echo_word_i08,main,echo_word,8,green,True,1,5,21,,cfb24dc026581fcf,29,0.0,,29,16.16700214859566,0.25645866587934246,0.8449491102616402,29.0
echo_word_i09,main,echo_word,9,apple,True,1,6,21,,27c0695fa17924d8,34,0.0,10.0,10,8.91381633107431,0.022564067548450986,0.8551470311611382,10.0
echo_word_i09,main,echo_word,9,apple,True,1,6,21,,27c0695fa17924d8,34,0.0,20.0,20,14.70275689193255,0.001751858986214564,0.8422207671390612,20.0
echo_word_i09,main,echo_word,9,apple,True,1,6,21,,27c0695fa17924d8,34,0.0,30.0,30,15.51755397820198,-0.0365345039156231,0.8576027826791102,30.0
echo_word_i09,main,echo_word,9,apple,True,1,6,21,,27c0695fa17924d8,34,0.0,40.0,34,14.335535499160658,-0.0612662473784643,0.8682590018636397,34.0
echo_word_i09,main,echo_word,9,apple,True,1,6,21,,27c0695fa17924d8,34,0.0,,34,14.335535499160658,-0.0612662473784643,0.8682590018636397,34.0
echo_word_i10,main,echo_word,10,youth,False,2,6,21,,d00d596d1f8fe6b5,29,0.3010299956639812,10.0,10,7.999796932612663,0.19156956341693815,0.8456739232270613,10.0
echo_word_i10,main,echo_word,10,youth,False,2,6,21,,d00d596d1f8fe6b5,29,0.3010299956639812,20.0,20,12.008621207612244,0.13768155411387753,0.8458866159996852,20.0
echo_word_i10,main,echo_word,10,youth,False,2,6,21,,d00d596d1f8fe6b5,29,0.3010299956639812,30.0,29,13.646335679935683,0.16892022366687157,0.8533961587430049,29.0
echo_word_i10,main,echo_word,10,youth,False,2,6,21,,d00d596d1f8fe6b5,29,0.3010299956639812,40.0,29,13.646335679935683,0.16892022366687157,0.8533961587430049,29.0
echo_word_i10,main,echo_word,10,youth,False,2,6,21,,d00d596d1f8fe6b5,29,0.3010299956639812,,29,13.646335679935683,0.16892022366687157,0.8533961587430049,29.0
echo_word_i11,main,echo_word,11,chair,True,1,6,21,,5abbafe0c263b417,32,0.0,10.0,10,7.82883563226792,0.08827651668772624,0.8563395494014713,10.0
echo_word_i11,main,echo_word,11,chair,True,1,6,21,,5abbafe0c263b417,32,0.0,20.0,20,13.79424007790601,0.04905270468717383,0.8427791502689522,20.0
echo_word_i11,main,echo_word,11,chair,True,1,6,21,,5abbafe0c263b417,32,0.0,30.0,30,14.65296291137439,-0.012032509748027397,0.859699764913774,30.0
echo_word_i11,main,echo_word,11,chair,True,1,6,21,,5abbafe0c263b417,32,0.0,40.0,32,14.726459668928966,-0.00493608641126825,0.8642531402237271,32.0
echo_word_i11,main,echo_word,11,chair,True,1,6,21,,5abbafe0c263b417,32,0.0,,32,14.726459668928966,-0.00493608641126825,0.8642531402237271,32.0
echo_word_i12,main,echo_word,12,chair,True,1,5,21,,487079e1b16f8497,32,0.0,10.0,10,8.391788926338698,0.14900635934270598,0.8548329914807591,10.0
echo_word_i12,main,echo_word,12,chair,True,1,5,21,,487079e1b16f8497,32,0.0,20.0,20,15.149501554577757,0.1773941686228008,0.8404412547186908,20.0
echo_word_i12,main,echo_word,12,chair,True,1,5,21,,487079e1b16f8497,32,0.0,30.0,30,16.267272600547646,0.12407130569930762,0.8574420015040751,30.0
echo_word_i12,main,echo_word,12,chair,True,1,5,21,,487079e1b16f8497,32,0.0,40.0,32,16.154377352325056,0.11932092174126951,0.8625918561134401,32.0
echo_word_i12,main,echo_word,12,chair,True,1,5,21,,487079e1b16f8497,32,0.0,,32,16.154377352325056,0.11932092174126951,0.8625918561134401,32.0
echo_word_i13,main,echo_word,13,table,False,2,8,21,,e25bf1f94de875fd,29,0.3010299956639812,10.0,10,8.032357932082503,0.10475839690228969,0.8560185036938136,10.0
echo_word_i13,main,echo_word,13,table,False,2,8,21,,e25bf1f94de875fd,29,0.3010299956639812,20.0,20,15.08778474324151,0.1610305383917538,0.829324269399127,20.0
echo_word_i13,main,echo_word,13,table,False,2,8,21,,e25bf1f94de875fd,29,0.3010299956639812,30.0,29,13.171602063442327,0.2251209440014647,0.8515747140996021,29.0
echo_word_i13,main,echo_word,13,table,False,2,8,21,,e25bf1f94de875fd,29,0.3010299956639812,40.0,29,13.171602063442327,0.2251209440014647,0.8515747140996021,29.0
echo_word_i13,main,echo_word,13,table,False,2,8,21,,e25bf1f94de875fd,29,0.3010299956639812,,29,13.171602063442327,0.2251209440014647,0.8515747140996021,29.0
echo_word_i14,main,echo_word,14,youth,False,2,6,21,,6887adb2aab4d7c0,29,0.3010299956639812,10.0,10,8.233817182013373,0.18280371875983356,0.8402163650628934,10.0
echo_word_i14,main,echo_word,14,youth,False,2,6,21,,6887adb2aab4d7c0,29,0.3010299956639812,20.0,20,15.00742591966818,0.12918333611752927,0.8457909210428337,20.0
echo_word_i14,main,echo_word,14,youth,False,2,6,21,,6887adb2aab4d7c0,29,0.3010299956639812,30.0,29,17.225238554982436,0.1377580077373781,0.8480848922791766,29.0
echo_word_i14,main,echo_word,14,youth,False,2,6,21,,6887adb2aab4d7c0,29,0.3010299956639812,40.0,29,17.225238554982436,0.1377580077373781,0.8480848922791766,29.0
echo_word_i14,main,echo_word,14,youth,False,2,6,21,,6887adb2aab4d7c0,29,0.3010299956639812,,29,17.225238554982436,0.1377580077373781,0.8480848922791766,29.0
echo_word_i15,main,echo_word,15,cloud,True,1,5,21,,f09c20e3824fea99,29,0.0,10.0,10,8.196308630931311,0.18010758100709548,0.8211894487203872,10.0
echo_word_i15,main,echo_word,15,cloud,True,1,5,21,,f09c20e3824fea99,29,0.0,20.0,20,14.54329252790005,0.2502594413315662,0.8305984971892861,20.0
echo_word_i15,main,echo_word,15,cloud,True,1,5,21,,f09c20e3824fea99,29,0.0,30.0,29,16.4178144155916,0.2666348127719747,0.8479989284785142,29.0
echo_word_i15,main,echo_word,15,cloud,True,1,5,21,,f09c20e3824fea99,29,0.0,40.0,29,16.4178144155916,0.2666348127719747,0.8479989284785142,29.0
echo_word_i15,main,echo_word,15,cloud,True,1,5,21,,f09c20e3824fea99,29,0.0,,29,16.4178144155916,0.2666348127719747,0.8479989284785142,29.0
echo_word_i16,main,echo_word,16,stone,True,1,5,21,,1acaae4f9c546a95,28,0.0,10.0,10,7.997185728725802,0.18511885892464575,0.8324030310762704,10.0
echo_word_i16,main,echo_word,16,stone,True,1,5,21,,1acaae4f9c546a95,28,0.0,20.0,20,13.710163767199285,0.2912594085911911,0.835657582935638,20.0
echo_word_i16,main,echo_word,16,stone,True,1,5,21,,1acaae4f9c546a95,28,0.0,30.0,28,15.324893243674973,0.3142148492443273,0.8512597754043305,28.0
echo_word_i16,main,echo_word,16,stone,True,1,5,21,,1acaae4f9c546a95,28,0.0,40.0,28,15.324893243674973,0.3142148492443273,0.8512597754043305,28.0
echo_word_i16,main,echo_word,16,stone,True,1,5,21,,1acaae4f9c546a95,28,0.0,,28,15.324893243674973,0.3142148492443273,0.8512597754043305,28.0
echo_word_i17,main,echo_word,17,money,True,1,4,21,,82f2a89e2f62637a,31,0.0,10.0,10,8.465752220946289,0.12227257181465181,0.8447371387767677,10.0
echo_word_i17,main,echo_word,17,money,True,1,4,21,,82f2a89e2f62637a,31,0.0,20.0,20,15.207882207572188,0.12989623108507742,0.8388321319993941,20.0
echo_word_i17,main,echo_word,17,money,True,1,4,21,,82f2a89e2f62637a,31,0.0,30.0,30,16.82970031241494,0.13954866835296975,0.8554533539624389,30.0
echo_word_i17,main,echo_word,17,money,True,1,4,21,,82f2a89e2f62637a,31,0.0,40.0,31,16.645808565717424,0.1410258784253692,0.8582972383310562,31.0
echo_word_i17,main,echo_word,17,money,True,1,4,21,,82f2a89e2f62637a,31,0.0,,31,16.645808565717424,0.1410258784253692,0.8582972383310562,31.0
echo_word_i18,main,echo_word,18,stone,True,1,6,21,,c91cd35be7e81acd,29,0.0,10.0,10,8.268797999383066,0.16818395124243563,0.8280187327842096,10.0
echo_word_i18,main,echo_word,18,stone,True,1,6,21,,c91cd35be7e81acd,29,0.0,20.0,20,13.14775112618152,0.22957392115540218,0.8333056394971323,20.0
echo_word_i18,main,echo_word,18,stone,True,1,6,21,,c91cd35be7e81acd,29,0.0,30.0,29,11.395234762495418,0.2744981621546302,0.8556321504359649,29.0
echo_word_i18,main,echo_word,18,stone,True,1,6,21,,c91cd35be7e81acd,29,0.0,40.0,29,11.395234762495418,0.2744981621546302,0.8556321504359649,29.0
echo_word_i18,main,echo_word,18,stone,True,1,6,21,,c91cd35be7e81acd,29,0.0,,29,11.395234762495418,0.2744981621546302,0.8556321504359649,29.0
echo_word_i19,main,echo_word,19,money,True,1,5,21,,bad0db8950dd4c2b,31,0.0,10.0,10,8.111460328436234,0.18539488550177088,0.8527830542667715,10.0
echo_word_i19,main,echo_word,19,money,True,1,5,21,,bad0db8950dd4c2b,31,0.0,20.0,20,15.6635976050466,0.13869016717344243,0.8466136071594266,20.0
echo_word_i19,main,echo_word,19,money,True,1,5,21,,bad0db8950dd4c2b,31,0.0,30.0,30,16.833870890795225,0.12409676115883031,0.8577318219741634,30.0
echo_word_i19,main,echo_word,19,money,True,1,5,21,,bad0db8950dd4c2b,31,0.0,40.0,31,16.666780891479846,0.12465615219177452,0.8602646419957417,31.0
echo_word_i19,main,echo_word,19,money,True,1,5,21,,bad0db8950dd4c2b,31,0.0,,31,16.666780891479846,0.12465615219177452,0.8602646419957417,31.0
echo_word_i20,main,echo_word,20,paper,True,1,6,21,,98d05e3c3a02e2f3,28,0.0,10.0,10,8.31877896734543,0.13971068241576834,0.8429231483347859,10.0
echo_word_i20,main,echo_word,20,paper,True,1,6,21,,98d05e3c3a02e2f3,28,0.0,20.0,20,13.815692297018575,0.26475246269647656,0.8280291345645109,20.0
echo_word_i20,main,echo_word,20,paper,True,1,6,21,,98d05e3c3a02e2f3,28,0.0,30.0,28,14.832040152126616,0.3038276566355626,0.8411517136133779,28.0
echo_word_i20,main,echo_word,20,paper,True,1,6,21,,98d05e3c3a02e2f3,28,0.0,40.0,28,14.832040152126616,0.3038276566355626,0.8411517136133779,28.0
echo_word_i20,main,echo_word,20,paper,True,1,6,21,,98d05e3c3a02e2f3,28,0.0,,28,14.832040152126616,0.3038276566355626,0.8411517136133779,28.0
echo_word_i21,main,echo_word,21,water,True,1,8,21,,ba95e21d4d68420f,28,0.0,10.0,10,8.335602062077347,0.15527389694065008,0.8531194274011029,10.0
echo_word_i21,main,echo_word,21,water,True,1,8,21,,ba95e21d4d68420f,28,0.0,20.0,20,13.289686667925727,0.33052420834245455,0.8337185134841685,20.0
echo_word_i21,main,echo_word,21,water,True,1,8,21,,ba95e21d4d68420f,28,0.0,30.0,28,14.022786109279924,0.38115723985492833,0.8448483808388092,28.0
echo_word_i21,main,echo_word,21,water,True,1,8,21,,ba95e21d4d68420f,28,0.0,40.0,28,14.022786109279924,0.38115723985492833,0.8448483808388092,28.0
echo_word_i21,main,echo_word,21,water,True,1,8,21,,ba95e21d4d68420f,28,0.0,,28,14.022786109279924,0.38115723985492833,0.8448483808388092,28.0
echo_word_i22,main,echo_word,22,youth,False,2,5,21,,0d2ae9003ff36c6b,30,0.3010299956639812,10.0,10,7.877228440797557,0.1969995797500991,0.8462176452383778,10.0
echo_word_i22,main,echo_word,22,youth,False,2,5,21,,0d2ae9003ff36c6b,30,0.3010299956639812,20.0,20,13.073347469514045,0.271356458038403,0.8404775139948726,20.0
echo_word_i22,main,echo_word,22,youth,False,2,5,21,,0d2ae9003ff36c6b,30,0.3010299956639812,30.0,30,15.91001581619079,0.302226487009181,0.8513984692683924,30.0
echo_word_i22,main,echo_word,22,youth,False,2,5,21,,0d2ae9003ff36c6b,30,0.3010299956639812,40.0,30,15.91001581619079,0.302226487009181,0.8513984692683924,30.0
echo_word_i22,main,echo_word,22,youth,False,2,5,21,,0d2ae9003ff36c6b,30,0.3010299956639812,,30,15.91001581619079,0.302226487009181,0.8513984692683924,30.0
echo_word_i23,main,echo_word,23,apple,True,1,6,21,,6241eca406ed3307,32,0.0,10.0,10,8.407340715659616,0.15053358445611847,0.8392302401075995,10.0
echo_word_i23,main,echo_word,23,apple,True,1,6,21,,6241eca406ed3307,32,0.0,20.0,20,7.171334062453901,-0.1767999871472521,0.8646659526877428,20.0
echo_word_i23,main,echo_word,23,apple,True,1,6,21,,6241eca406ed3307,32,0.0,30.0,30,5.183637640654389,-0.3146438693769541,0.868400942545961,30.0
echo_word_i23,main,echo_word,23,apple,True,1,6,21,,6241eca406ed3307,32,0.0,40.0,32,5.557920452261337,-0.3036350085266603,0.8688504783469094,32.0
echo_word_i23,main,echo_word,23,apple,True,1,6,21,,6241eca406ed3307,32,0.0,,32,5.557920452261337,-0.3036350085266603,0.8688504783469094,32.0
nth_item_i00,main,nth_item,0,5,False,3,18,29,,e2e853d92d1f4e54,49,0.47712125471966244,10.0,10,7.139136045403322,0.24171045808482006,0.8991083906047087,10.0
nth_item_i00,main,nth_item,0,5,False,3,18,29,,e2e853d92d1f4e54,49,0.47712125471966244,20.0,20,11.640754963105904,0.3715975458746705,0.8692175290485541,20.0
nth_item_i00,main,nth_item,0,5,False,3,18,29,,e2e853d92d1f4e54,49,0.47712125471966244,30.0,30,13.506554537960591,0.4851159381225591,0.8551609716080796,30.0
nth_item_i00,main,nth_item,0,5,False,3,18,29,,e2e853d92d1f4e54,49,0.47712125471966244,40.0,40,14.283133741463375,0.5525770374412217,0.8490009659883692,30.0
nth_item_i00,main,nth_item,0,5,False,3,18,29,,e2e853d92d1f4e54,49,0.47712125471966244,,49,16.278912323645095,0.5810853099074554,0.8467421078814656,30.0
nth_item_i01,main,nth_item,1,6,False,5,2,29,,1ac3f39dbc3a0f98,49,0.6989700043360189,10.0,10,7.256779093018135,0.23019970957110492,0.8817687807806439,10.0
nth_item_i01,main,nth_item,1,6,False,5,2,29,,1ac3f39dbc3a0f98,49,0.6989700043360189,20.0,20,11.107825145866828,0.3798578553141401,0.8674807966376951,20.0
nth_item_i01,main,nth_item,1,6,False,5,2,29,,1ac3f39dbc3a0f98,49,0.6989700043360189,30.0,30,14.62048464845281,0.4699096328941749,0.8519733709043185,29.0
nth_item_i01,main,nth_item,1,6,False,5,2,29,,1ac3f39dbc3a0f98,49,0.6989700043360189,40.0,40,16.295190725872487,0.5414030632440877,0.8450649739841788,29.0
nth_item_i01,main,nth_item,1,6,False,5,2,29,,1ac3f39dbc3a0f98,49,0.6989700043360189,,49,17.696911468726608,0.5846155723809309,0.8414247081267213,29.0
nth_item_i02,main,nth_item,2,1,True,1,5,29,,41a07cf1f4553b79,48,0.0,10.0,10,7.593416186925281,0.18720747173106933,0.8963164956964325,10.0
nth_item_i02,main,nth_item,2,1,True,1,5,29,,41a07cf1f4553b79,48,0.0,20.0,20,12.34924004485111,0.3173125700098705,0.8652150538263246,20.0
nth_item_i02,main,nth_item,2,1,True,1,5,29,,41a07cf1f4553b79,48,0.0,30.0,30,14.404710373710833,0.44525300171685084,0.8543240297947218,29.0
nth_item_i02,main,nth_item,2,1,True,1,5,29,,41a07cf1f4553b79,48,0.0,40.0,40,16.66642686967731,0.5084224602736389,0.8488053224880658,29.0
nth_item_i02,main,nth_item,2,1,True,1,5,29,,41a07cf1f4553b79,48,0.0,,48,17.937645184142433,0.5267673901547649,0.8469245396435878,29.0
nth_item_i03,main,nth_item,3,2,True,1,1,29,,e576375ea06dfdc3,49,0.0,10.0,10,7.268882139971266,0.23140783786633465,0.8929937755344343,10.0
nth_item_i03,main,nth_item,3,2,True,1,1,29,,e576375ea06dfdc3,49,0.0,20.0,20,11.211204380773864,0.3574210229903997,0.8750625637310672,20.0
nth_item_i03,main,nth_item,3,2,True,1,1,29,,e576375ea06dfdc3,49,0.0,30.0,30,14.348304905330023,0.4649303343235253,0.8485626056865972,29.0
nth_item_i03,main,nth_item,3,2,True,1,1,29,,e576375ea06dfdc3,49,0.0,40.0,40,16.298277328321944,0.5412891898213261,0.8422074559351217,29.0
nth_item_i03,main,nth_item,3,2,True,1,1,29,,e576375ea06dfdc3,49,0.0,,49,17.230887917539413,0.5925817311490422,0.8429788705301635,29.0
nth_item_i04,main,nth_item,4,8,False,11,2,29,,c0d443dfe2a6dbec,49,1.0413926851582251,10.0,10,7.196265472183358,0.22311406532062705,0.8889794146084351,10.0
nth_item_i04,main,nth_item,4,8,False,11,2,29,,c0d443dfe2a6dbec,49,1.0413926851582251,20.0,20,11.901584179775762,0.3395466155799932,0.8641309645210594,20.0
nth_item_i04,main,nth_item,4,8,False,11,2,29,,c0d443dfe2a6dbec,49,1.0413926851582251,30.0,30,15.115152688791634,0.4555420343660466,0.8501636863523796,29.0
nth_item_i04,main,nth_item,4,8,False,11,2,29,,c0d443dfe2a6dbec,49,1.0413926851582251,40.0,40,17.621096687080513,0.5184477609092344,0.8477095633395128,29.0
nth_item_i04,main,nth_item,4,8,False,11,2,29,,c0d443dfe2a6dbec,49,1.0413926851582251,,49,18.71714611499494,0.564977914616105,0.84566838967256,29.0
nth_item_i05,main,nth_item,5,9,False,9,11,29,,62dfd4d76fdb390d,50,0.9542425094393249,10.0,10,7.45273810167123,0.22887511247356093,0.8879886208137563,10.0
nth_item_i05,main,nth_item,5,9,False,9,11,29,,62dfd4d76fdb390d,50,0.9542425094393249,20.0,20,11.606445384248286,0.3610109010065039,0.8656190271827336,20.0
nth_item_i05,main,nth_item,5,9,False,9,11,29,,62dfd4d76fdb390d,50,0.9542425094393249,30.0,30,15.301703431161398,0.47176595832906015,0.8525599923978187,30.0
nth_item_i05,main,nth_item,5,9,False,9,11,29,,62dfd4d76fdb390d,50,0.9542425094393249,40.0,40,18.55374681657573,0.5153954052136455,0.849818619220644,30.0
nth_item_i05,main,nth_item,5,9,False,9,11,29,,62dfd4d76fdb390d,50,0.9542425094393249,,50,18.917357173017745,0.5598962556090297,0.8497229964983737,30.0
nth_item_i06,main,nth_item,6,2,False,2,11,29,,24951cba1ffd5959,50,0.3010299956639812,10.0,10,7.671418569518716,0.1896223197863453,0.8855992155878927,10.0
nth_item_i06,main,nth_item,6,2,False,2,11,29,,24951cba1ffd5959,50,0.3010299956639812,20.0,20,12.724963891594356,0.31806465022659974,0.8540040819303119,20.0
nth_item_i06,main,nth_item,6,2,False,2,11,29,,24951cba1ffd5959,50,0.3010299956639812,30.0,30,15.287776704360482,0.4605603010765681,0.845096462938245,29.0
nth_item_i06,main,nth_item,6,2,False,2,11,29,,24951cba1ffd5959,50,0.3010299956639812,40.0,40,18.280755613555037,0.5238998339532156,0.8418562948528489,29.0
nth_item_i06,main,nth_item,6,2,False,2,11,29,,24951cba1ffd5959,50,0.3010299956639812,,50,18.933841465818762,0.5822678638914948,0.8382099233246224,29.0
nth_item_i07,main,nth_item,7,6,False,7,12,29,,c800cb0dd7c74936,49,0.8450980400142568,10.0,10,7.224753464002928,0.24034265845656544,0.8992342394026207,10.0
nth_item_i07,main,nth_item,7,6,False,7,12,29,,c800cb0dd7c74936,49,0.8450980400142568,20.0,20,11.469447146465587,0.3691976484066213,0.8749758408945318,20.0
nth_item_i07,main,nth_item,7,6,False,7,12,29,,c800cb0dd7c74936,49,0.8450980400142568,30.0,30,13.73646862377009,0.46538283757637133,0.8589039791511915,30.0
nth_item_i07,main,nth_item,7,6,False,7,12,29,,c800cb0dd7c74936,49,0.8450980400142568,40.0,40,15.686307709807544,0.5169543635794377,0.8507118657691566,30.0
nth_item_i07,main,nth_item,7,6,False,7,12,29,,c800cb0dd7c74936,49,0.8450980400142568,,49,16.96790126379979,0.5324529860270906,0.8485121257221305,30.0
nth_item_i08,main,nth_item,8,3,True,1,2,29,,790008da43020b08,50,0.0,10.0,10,7.412379881771626,0.22785933218776697,0.8990707283965015,10.0
nth_item_i08,main,nth_item,8,3,True,1,2,29,,790008da43020b08,50,0.0,20.0,20,11.74042505648094,0.3252487204827288,0.8712674820986812,20.0
nth_item_i08,main,nth_item,8,3,True,1,2,29,,790008da43020b08,50,0.0,30.0,30,13.895391992228053,0.43858505575616713,0.8467694182551151,29.0
nth_item_i08,main,nth_item,8,3,True,1,2,29,,790008da43020b08,50,0.0,40.0,40,13.98171674533616,0.5168658202162205,0.840672317012621,29.0
nth_item_i08,main,nth_item,8,3,True,1,2,29,,790008da43020b08,50,0.0,,50,13.046426023263331,0.5786765914685754,0.8410307591495626,29.0
nth_item_i09,main,nth_item,9,9,False,3,2,29,,39d9e740d3281ee0,50,0.47712125471966244,10.0,10,7.079019788806252,0.25709404017873266,0.90212628675399,10.0
nth_item_i09,main,nth_item,9,9,False,3,2,29,,39d9e740d3281ee0,50,0.47712125471966244,20.0,20,10.956523496825364,0.36284480124889074,0.8724027092318508,20.0
nth_item_i09,main,nth_item,9,9,False,3,2,29,,39d9e740d3281ee0,50,0.47712125471966244,30.0,30,13.300149942541179,0.4812331921699569,0.847514240682027,29.0
nth_item_i09,main,nth_item,9,9,False,3,2,29,,39d9e740d3281ee0,50,0.47712125471966244,40.0,40,14.354478346584175,0.5580350638671571,0.8439190557338428,29.0
nth_item_i09,main,nth_item,9,9,False,3,2,29,,39d9e740d3281ee0,50,0.47712125471966244,,50,14.98327383222775,0.6084721013289577,0.8438307795739614,29.0
nth_item_i10,main,nth_item,10,9,False,11,11,29,,f4281c84e145e6c9,49,1.0413926851582251,10.0,10,7.297842898548064,0.2406119289108276,0.907314506313962,10.0
nth_item_i10,main,nth_item,10,9,False,11,11,29,,f4281c84e145e6c9,49,1.0413926851582251,20.0,20,12.278786341679208,0.33143706341922724,0.87312761115768,20.0
nth_item_i10,main,nth_item,10,9,False,11,11,29,,f4281c84e145e6c9,49,1.0413926851582251,30.0,30,15.838612569658713,0.433014687589191,0.8524957142861695,29.0
nth_item_i10,main,nth_item,10,9,False,11,11,29,,f4281c84e145e6c9,49,1.0413926851582251,40.0,40,18.0271289665401,0.5142325410661882,0.843543373548367,29.0
nth_item_i10,main,nth_item,10,9,False,11,11,29,,f4281c84e145e6c9,49,1.0413926851582251,,49,20.181545442346277,0.554030166502586,0.8406044171778032,29.0
nth_item_i11,main,nth_item,11,5,False,2,2,29,,73a18273c0a520ef,49,0.3010299956639812,10.0,10,7.067543747384273,0.2546676378693069,0.8864179132902499,10.0
nth_item_i11,main,nth_item,11,5,False,2,2,29,,73a18273c0a520ef,49,0.3010299956639812,20.0,20,11.203420084567277,0.3905719253274356,0.8680836973920456,20.0
nth_item_i11,main,nth_item,11,5,False,2,2,29,,73a18273c0a520ef,49,0.3010299956639812,30.0,30,13.562952023231508,0.48185331947890475,0.8563897688443376,30.0
nth_item_i11,main,nth_item,11,5,False,2,2,29,,73a18273c0a520ef,49,0.3010299956639812,40.0,40,15.632315877612056,0.5320996820883597,0.8485142649007812,30.0
nth_item_i11,main,nth_item,11,5,False,2,2,29,,73a18273c0a520ef,49,0.3010299956639812,,49,17.360196243483546,0.5497619269567418,0.8458675969904356,30.0
nth_item_i12,main,nth_item,12,3,False,2,8,29,,d441208279fe9258,49,0.3010299956639812,10.0,10,7.333684151416295,0.20650166498123168,0.8936542208933138,10.0
nth_item_i12,main,nth_item,12,3,False,2,8,29,,d441208279fe9258,49,0.3010299956639812,20.0,20,11.59584887490111,0.3537851987688135,0.865048352743049,20.0
nth_item_i12,main,nth_item,12,3,False,2,8,29,,d441208279fe9258,49,0.3010299956639812,30.0,30,14.956250392281776,0.4567260502029343,0.8541923962784447,30.0
nth_item_i12,main,nth_item,12,3,False,2,8,29,,d441208279fe9258,49,0.3010299956639812,40.0,40,17.16704231737958,0.5102733668703525,0.848341960209834,30.0
nth_item_i12,main,nth_item,12,3,False,2,8,29,,d441208279fe9258,49,0.3010299956639812,,49,19.28764909347854,0.5332814657333556,0.844737705567261,30.0
nth_item_i13,main,nth_item,13,2,False,6,18,29,,d33ae1567c52b962,50,0.7781512503836436,10.0,10,7.552352201674535,0.21206061526942555,0.8916282649643446,10.0
nth_item_i13,main,nth_item,13,2,False,6,18,29,,d33ae1567c52b962,50,0.7781512503836436,20.0,20,11.914688723218251,0.33303048369463395,0.8674090352638658,20.0
nth_item_i13,main,nth_item,13,2,False,6,18,29,,d33ae1567c52b962,50,0.7781512503836436,30.0,30,14.01808062927991,0.46517439051873294,0.851036112287605,29.0
nth_item_i13,main,nth_item,13,2,False,6,18,29,,d33ae1567c52b962,50,0.7781512503836436,40.0,40,15.87491026153849,0.5430958200353071,0.8425281806295515,29.0
nth_item_i13,main,nth_item,13,2,False,6,18,29,,d33ae1567c52b962,50,0.7781512503836436,,50,18.572674144188763,0.5900327186208036,0.8381688567118483,29.0
nth_item_i14,main,nth_item,14,3,False,2,2,29,,cf235ec79fceedb6,50,0.3010299956639812,10.0,10,7.268476862940282,0.2427181654717167,0.9004002677372028,10.0
nth_item_i14,main,nth_item,14,3,False,2,2,29,,cf235ec79fceedb6,50,0.3010299956639812,20.0,20,11.323698940508777,0.38157900907122944,0.867141270751923,20.0
nth_item_i14,main,nth_item,14,3,False,2,2,29,,cf235ec79fceedb6,50,0.3010299956639812,30.0,30,14.757685145587448,0.4875367936756909,0.8460254773665075,28.0
nth_item_i14,main,nth_item,14,3,False,2,2,29,,cf235ec79fceedb6,50,0.3010299956639812,40.0,40,15.994569240648076,0.5669889593729346,0.8411789689287543,28.0
nth_item_i14,main,nth_item,14,3,False,2,2,29,,cf235ec79fceedb6,50,0.3010299956639812,,50,15.890868548505473,0.6166253108517921,0.8423522816894975,28.0
nth_item_i15,main,nth_item,15,9,False,9,2,29,,00823bcb6b5e475f,49,0.9542425094393249,10.0,10,7.239755826236755,0.21821533799478815,0.8956722273474799,10.0
nth_item_i15,main,nth_item,15,9,False,9,2,29,,00823bcb6b5e475f,49,0.9542425094393249,20.0,20,12.423865838570395,0.3089765437838047,0.8615991357535798,20.0
nth_item_i15,main,nth_item,15,9,False,9,2,29,,00823bcb6b5e475f,49,0.9542425094393249,30.0,30,14.670790378708658,0.4641505947668436,0.8503745977184494,29.0
nth_item_i15,main,nth_item,15,9,False,9,2,29,,00823bcb6b5e475f,49,0.9542425094393249,40.0,40,16.313480234612797,0.5502696917202998,0.8444937268789842,29.0
nth_item_i15,main,nth_item,15,9,False,9,2,29,,00823bcb6b5e475f,49,0.9542425094393249,,49,17.268140687165676,0.5970410874214483,0.8414776643264535,29.0
nth_item_i16,main,nth_item,16,0,False,9,17,29,,8faa31808872a8f9,49,0.9542425094393249,10.0,10,7.324543488987561,0.23417265528398065,0.9069374699889095,10.0
nth_item_i16,main,nth_item,16,0,False,9,17,29,,8faa31808872a8f9,49,0.9542425094393249,20.0,20,11.993682586195172,0.28900192593208296,0.8723538724631033,20.0
nth_item_i16,main,nth_item,16,0,False,9,17,29,,8faa31808872a8f9,49,0.9542425094393249,30.0,30,14.337471976955454,0.40829427309376504,0.8568510865232895,30.0
nth_item_i16,main,nth_item,16,0,False,9,17,29,,8faa31808872a8f9,49,0.9542425094393249,40.0,40,15.781392121802796,0.4720428046752077,0.8497323079849,30.0
nth_item_i16,main,nth_item,16,0,False,9,17,29,,8faa31808872a8f9,49,0.9542425094393249,,49,15.807498865170723,0.5030671547080882,0.8466531151343106,30.0
nth_item_i17,main,nth_item,17,3,False,6,18,29,,84b95fa2d43b9134,50,0.7781512503836436,10.0,10,7.504116030206541,0.19038430296285133,0.8920408675855045,10.0
nth_item_i17,main,nth_item,17,3,False,6,18,29,,84b95fa2d43b9134,50,0.7781512503836436,20.0,20,11.325853577663183,0.3568724115386902,0.8638604541196168,20.0
nth_item_i17,main,nth_item,17,3,False,6,18,29,,84b95fa2d43b9134,50,0.7781512503836436,30.0,30,15.023428526975044,0.45321298623243694,0.848363127387023,29.0
nth_item_i17,main,nth_item,17,3,False,6,18,29,,84b95fa2d43b9134,50,0.7781512503836436,40.0,40,17.846666376798964,0.4972253943488498,0.8399243129469368,29.0
nth_item_i17,main,nth_item,17,3,False,6,18,29,,84b95fa2d43b9134,50,0.7781512503836436,,50,19.41193651496281,0.530253637310858,0.8343305416081752,29.0
nth_item_i18,main,nth_item,18,2,False,2,9,29,,1702de3258ead4cf,50,0.3010299956639812,10.0,10,7.640408617668909,0.20109492788412567,0.8834113049393174,10.0
nth_item_i18,main,nth_item,18,2,False,2,9,29,,1702de3258ead4cf,50,0.3010299956639812,20.0,20,11.690550840732369,0.3607476584059676,0.8594090445340606,20.0
nth_item_i18,main,nth_item,18,2,False,2,9,29,,1702de3258ead4cf,50,0.3010299956639812,30.0,30,14.729497270646434,0.49187951079862674,0.8481697074961547,29.0
nth_item_i18,main,nth_item,18,2,False,2,9,29,,1702de3258ead4cf,50,0.3010299956639812,40.0,40,17.28428364889714,0.5588013463096754,0.8444246878017584,29.0
nth_item_i18,main,nth_item,18,2,False,2,9,29,,1702de3258ead4cf,50,0.3010299956639812,,50,18.54950913361572,0.5973848274743265,0.8433883253871237,29.0
nth_item_i19,main,nth_item,19,4,True,1,2,29,,a0a53d132001f5d3,49,0.0,10.0,10,7.3212641877782785,0.25004084623787676,0.8904136389744696,10.0
nth_item_i19,main,nth_item,19,4,True,1,2,29,,a0a53d132001f5d3,49,0.0,20.0,20,11.67896511615282,0.36076397131280863,0.8663509006817727,20.0
nth_item_i19,main,nth_item,19,4,True,1,2,29,,a0a53d132001f5d3,49,0.0,30.0,30,15.179488808715606,0.47669610876235563,0.8448275731937567,28.0
nth_item_i19,main,nth_item,19,4,True,1,2,29,,a0a53d132001f5d3,49,0.0,40.0,40,17.285967644677772,0.5545661975064083,0.8425976625676143,28.0
nth_item_i19,main,nth_item,19,4,True,1,2,29,,a0a53d132001f5d3,49,0.0,,49,17.189651007179705,0.5979785934459808,0.8430046175487701,28.0
nth_item_i20,main,nth_item,20,5,False,4,19,29,,8eba0d29053590e7,50,0.6020599913279624,10.0,10,7.178999391430479,0.2510979531413553,0.9032608758910617,10.0
nth_item_i20,main,nth_item,20,5,False,4,19,29,,8eba0d29053590e7,50,0.6020599913279624,20.0,20,12.477793496639135,0.3175248207831788,0.8653917250176104,20.0
nth_item_i20,main,nth_item,20,5,False,4,19,29,,8eba0d29053590e7,50,0.6020599913279624,30.0,30,15.40851471945067,0.45571774757304734,0.8483883985797529,29.0
nth_item_i20,main,nth_item,20,5,False,4,19,29,,8eba0d29053590e7,50,0.6020599913279624,40.0,40,18.399638378583408,0.5338301950103678,0.8441346875992896,29.0
nth_item_i20,main,nth_item,20,5,False,4,19,29,,8eba0d29053590e7,50,0.6020599913279624,,50,18.625948503071303,0.592242267410802,0.8431297912946548,29.0
nth_item_i21,main,nth_item,21,0,False,9,14,29,,e1ec35320ea9feba,51,0.9542425094393249,10.0,10,7.16480572281511,0.2574538577967764,0.8931757290984705,10.0
nth_item_i21,main,nth_item,21,0,False,9,14,29,,e1ec35320ea9feba,51,0.9542425094393249,20.0,20,12.178286163098381,0.34719177181375666,0.8653054730775154,20.0
nth_item_i21,main,nth_item,21,0,False,9,14,29,,e1ec35320ea9feba,51,0.9542425094393249,30.0,30,16.155555011006772,0.4683953154772044,0.8470341294416518,28.0
nth_item_i21,main,nth_item,21,0,False,9,14,29,,e1ec35320ea9feba,51,0.9542425094393249,40.0,40,16.291323142067572,0.5448802814984645,0.8435608413580573,28.0
nth_item_i21,main,nth_item,21,0,False,9,14,29,,e1ec35320ea9feba,51,0.9542425094393249,,51,13.9998981355816,0.6083055027168611,0.8416776029457252,28.0
nth_item_i22,main,nth_item,22,2,True,1,2,29,,213676be14b76d53,49,0.0,10.0,10,7.124631748346766,0.25935647084077096,0.8956865478799938,10.0
nth_item_i22,main,nth_item,22,2,True,1,2,29,,213676be14b76d53,49,0.0,20.0,20,11.69425237852473,0.3455228234156359,0.8674557979091224,20.0
nth_item_i22,main,nth_item,22,2,True,1,2,29,,213676be14b76d53,49,0.0,30.0,30,14.650680135352975,0.463655195014089,0.8499180209878592,29.0
nth_item_i22,main,nth_item,22,2,True,1,2,29,,213676be14b76d53,49,0.0,40.0,40,16.882718081047177,0.5344541574760197,0.8452608489152359,29.0
nth_item_i22,main,nth_item,22,2,True,1,2,29,,213676be14b76d53,49,0.0,,49,17.95399733507931,0.5728943975129922,0.8425962756143434,29.0
nth_item_i23,main,nth_item,23,7,False,5,18,29,,d409e0dd7bb6c414,49,0.6989700043360189,10.0,10,7.433432098172924,0.22322642040211094,0.8961405832908722,10.0
nth_item_i23,main,nth_item,23,7,False,5,18,29,,d409e0dd7bb6c414,49,0.6989700043360189,20.0,20,11.711963982594504,0.33707390336949766,0.8709212116327214,20.0
nth_item_i23,main,nth_item,23,7,False,5,18,29,,d409e0dd7bb6c414,49,0.6989700043360189,30.0,30,15.21399288942167,0.45376258278765197,0.8528196905225425,29.0
nth_item_i23,main,nth_item,23,7,False,5,18,29,,d409e0dd7bb6c414,49,0.6989700043360189,40.0,40,17.979895657103864,0.5249419046523106,0.8439238228530749,29.0
nth_item_i23,main,nth_item,23,7,False,5,18,29,,d409e0dd7bb6c414,49,0.6989700043360189,,49,19.377033649355884,0.5699263824746094,0.8400091829072929,29.0
last_item_i00,main,last_item,0,2,False,3,14,30,,b94436fc99ff673a,50,0.47712125471966244,10.0,10,7.5935355614544156,0.24124950748804685,0.8618797319291037,10.0
last_item_i00,main,last_item,0,2,False,3,14,30,,b94436fc99ff673a,50,0.47712125471966244,20.0,20,9.83823694891467,0.40827873002856957,0.8544215971611654,20.0
last_item_i00,main,last_item,0,2,False,3,14,30,,b94436fc99ff673a,50,0.47712125471966244,30.0,30,13.19510524625404,0.38658551890895043,0.8604235374464145,30.0
last_item_i00,main,last_item,0,2,False,3,14,30,,b94436fc99ff673a,50,0.47712125471966244,40.0,40,13.67767145858994,0.3656027411678197,0.8601782897334606,31.0
last_item_i00,main,last_item,0,2,False,3,14,30,,b94436fc99ff673a,50,0.47712125471966244,,50,14.401180528686382,0.3876726500531625,0.8557593321705832,31.0
last_item_i01,main,last_item,1,0,False,8,7,30,,71f1c4e99bf591c9,50,0.9030899869919435,10.0,10,7.322459592336158,0.2673625035377143,0.8781400858201656,10.0
last_item_i01,main,last_item,1,0,False,8,7,30,,71f1c4e99bf591c9,50,0.9030899869919435,20.0,20,10.316495128268901,0.42124924406582626,0.8613609863211864,20.0
last_item_i01,main,last_item,1,0,False,8,7,30,,71f1c4e99bf591c9,50,0.9030899869919435,30.0,30,14.394049060032831,0.4709578865671769,0.8501849806314254,29.0
last_item_i01,main,last_item,1,0,False,8,7,30,,71f1c4e99bf591c9,50,0.9030899869919435,40.0,40,16.754175230868878,0.5064472480725626,0.8478753357365095,29.0
last_item_i01,main,last_item,1,0,False,8,7,30,,71f1c4e99bf591c9,50,0.9030899869919435,,50,16.703335122651993,0.5307990681865513,0.8488158224869732,29.0
last_item_i02,main,last_item,2,3,False,3,4,30,,410b8ecede511c07,49,0.47712125471966244,10.0,10,7.606587301892166,0.2251833012318157,0.8681453939783457,10.0
last_item_i02,main,last_item,2,3,False,3,4,30,,410b8ecede511c07,49,0.47712125471966244,20.0,20,9.94800348565272,0.4151409818127603,0.8667396335154434,20.0
last_item_i02,main,last_item,2,3,False,3,4,30,,410b8ecede511c07,49,0.47712125471966244,30.0,30,11.076439273696513,0.4683702598510509,0.8608271532477576,30.0
last_item_i02,main,last_item,2,3,False,3,4,30,,410b8ecede511c07,49,0.47712125471966244,40.0,40,12.739192925993889,0.5085762893148527,0.8525693384290031,30.0
last_item_i02,main,last_item,2,3,False,3,4,30,,410b8ecede511c07,49,0.47712125471966244,,49,14.207577133992089,0.545083470858898,0.8483280345303758,30.0
last_item_i03,main,last_item,3,0,False,11,4,30,,747f16e66b980a4f,50,1.0413926851582251,10.0,10,7.106908641143783,0.29796575770182115,0.858038730172654,10.0
last_item_i03,main,last_item,3,0,False,11,4,30,,747f16e66b980a4f,50,1.0413926851582251,20.0,20,9.910416186539194,0.45372228649260293,0.8661951932952113,20.0
last_item_i03,main,last_item,3,0,False,11,4,30,,747f16e66b980a4f,50,1.0413926851582251,30.0,30,12.813178865756214,0.4661147186396956,0.8621027246734912,30.0
last_item_i03,main,last_item,3,0,False,11,4,30,,747f16e66b980a4f,50,1.0413926851582251,40.0,40,15.759856787663594,0.48893680110458787,0.8589691533389577,30.0
last_item_i03,main,last_item,3,0,False,11,4,30,,747f16e66b980a4f,50,1.0413926851582251,,50,17.423480657208348,0.49617817581027823,0.8574800529454872,30.0
last_item_i04,main,last_item,4,7,False,4,5,30,,86aa70aa538e7947,50,0.6020599913279624,10.0,10,7.770308703433722,0.23017827385714063,0.874162101644951,10.0
last_item_i04,main,last_item,4,7,False,4,5,30,,86aa70aa538e7947,50,0.6020599913279624,20.0,20,10.358843408176856,0.40899463904479233,0.8608484250351139,20.0
last_item_i04,main,last_item,4,7,False,4,5,30,,86aa70aa538e7947,50,0.6020599913279624,30.0,30,12.932528229708662,0.4384115748115593,0.8587780299790141,30.0
last_item_i04,main,last_item,4,7,False,4,5,30,,86aa70aa538e7947,50,0.6020599913279624,40.0,40,15.907991246991594,0.47461925801243193,0.8579134406664581,30.0
last_item_i04,main,last_item,4,7,False,4,5,30,,86aa70aa538e7947,50,0.6020599913279624,,50,16.667943489138988,0.5097083179730425,0.8561443845550081,30.0
last_item_i05,main,last_item,5,3,False,3,9,30,,b1c6af075f50fc61,49,0.47712125471966244,10.0,10,7.2955591174070795,0.2712470737831094,0.8726737114298477,10.0
last_item_i05,main,last_item,5,3,False,3,9,30,,b1c6af075f50fc61,49,0.47712125471966244,20.0,20,10.373805762609745,0.4330747876263744,0.8509502524190901,20.0
last_item_i05,main,last_item,5,3,False,3,9,30,,b1c6af075f50fc61,49,0.47712125471966244,30.0,30,14.260772172598761,0.44969467944684266,0.852494465951481,29.0
last_item_i05,main,last_item,5,3,False,3,9,30,,b1c6af075f50fc61,49,0.47712125471966244,40.0,40,17.400371687752976,0.4691519702068912,0.8520334762328889,29.0
last_item_i05,main,last_item,5,3,False,3,9,30,,b1c6af075f50fc61,49,0.47712125471966244,,49,18.00832742276905,0.5054945292203384,0.8515225944079708,29.0
last_item_i06,main,last_item,6,9,False,5,3,30,,97931eec2087561c,49,0.6989700043360189,10.0,10,7.447268293580704,0.24894100966160146,0.8810577444990976,10.0
last_item_i06,main,last_item,6,9,False,5,3,30,,97931eec2087561c,49,0.6989700043360189,20.0,20,10.341527834112952,0.3928229674687329,0.8587698636395247,20.0
last_item_i06,main,last_item,6,9,False,5,3,30,,97931eec2087561c,49,0.6989700043360189,30.0,30,13.925831897595064,0.43620302703630215,0.847680000983572,28.0
last_item_i06,main,last_item,6,9,False,5,3,30,,97931eec2087561c,49,0.6989700043360189,40.0,40,16.717507460119478,0.4871235070181932,0.8458486671861823,28.0
last_item_i06,main,last_item,6,9,False,5,3,30,,97931eec2087561c,49,0.6989700043360189,,49,16.758303037477518,0.5337420171706918,0.846510450252425,28.0
last_item_i07,main,last_item,7,2,True,1,4,30,,5de2d73b0420fedc,50,0.0,10.0,10,7.393117403795753,0.266477508095311,0.8715769700724492,10.0
last_item_i07,main,last_item,7,2,True,1,4,30,,5de2d73b0420fedc,50,0.0,20.0,20,10.236344400030635,0.40945754193421974,0.8533356141322695,20.0
last_item_i07,main,last_item,7,2,True,1,4,30,,5de2d73b0420fedc,50,0.0,30.0,30,13.411895846047198,0.4245090418711221,0.8513048592962873,29.0
last_item_i07,main,last_item,7,2,True,1,4,30,,5de2d73b0420fedc,50,0.0,40.0,40,15.227875064577278,0.4348789749785957,0.8501216665109094,29.0
last_item_i07,main,last_item,7,2,True,1,4,30,,5de2d73b0420fedc,50,0.0,,50,15.87253537379329,0.4823414319759552,0.8485083736609504,29.0
last_item_i08,main,last_item,8,9,False,4,17,30,,fe5c3dd58c6c6838,50,0.6020599913279624,10.0,10,7.5918146833709566,0.23380770400458836,0.868967868898937,10.0
last_item_i08,main,last_item,8,9,False,4,17,30,,fe5c3dd58c6c6838,50,0.6020599913279624,20.0,20,10.118989186006084,0.4166948198392851,0.8505698892983835,20.0
last_item_i08,main,last_item,8,9,False,4,17,30,,fe5c3dd58c6c6838,50,0.6020599913279624,30.0,30,13.015328159480665,0.4666964628342127,0.8525096985644637,29.0
last_item_i08,main,last_item,8,9,False,4,17,30,,fe5c3dd58c6c6838,50,0.6020599913279624,40.0,40,16.107225169178232,0.4845736767340745,0.8530377893736428,29.0
last_item_i08,main,last_item,8,9,False,4,17,30,,fe5c3dd58c6c6838,50,0.6020599913279624,,50,16.31605652409934,0.5152862057716628,0.85214117287567,29.0
last_item_i09,main,last_item,9,6,False,3,8,30,,e38e28768d1b887c,50,0.47712125471966244,10.0,10,7.551314046676919,0.23409655556698672,0.8750028749446749,10.0
last_item_i09,main,last_item,9,6,False,3,8,30,,e38e28768d1b887c,50,0.47712125471966244,20.0,20,10.304976111884523,0.4151061012610602,0.8588877958916409,20.0
last_item_i09,main,last_item,9,6,False,3,8,30,,e38e28768d1b887c,50,0.47712125471966244,30.0,30,14.015440825186493,0.4297043970000922,0.8561445981963312,29.0
last_item_i09,main,last_item,9,6,False,3,8,30,,e38e28768d1b887c,50,0.47712125471966244,40.0,40,16.479250415762053,0.43531027015768625,0.8559639105635639,29.0
last_item_i09,main,last_item,9,6,False,3,8,30,,e38e28768d1b887c,50,0.47712125471966244,,50,17.03814081641296,0.46602558740702377,0.852319977192766,29.0
last_item_i10,main,last_item,10,3,False,2,3,30,,0f4c5735c0a19d9a,50,0.3010299956639812,10.0,10,7.544962970916808,0.24797371245720315,0.8754772799141184,10.0
last_item_i10,main,last_item,10,3,False,2,3,30,,0f4c5735c0a19d9a,50,0.3010299956639812,20.0,20,11.584272668209922,0.3839558660908196,0.8738671444086448,20.0
last_item_i10,main,last_item,10,3,False,2,3,30,,0f4c5735c0a19d9a,50,0.3010299956639812,30.0,30,14.757454535384861,0.3906574063556568,0.8633824218212915,30.0
last_item_i10,main,last_item,10,3,False,2,3,30,,0f4c5735c0a19d9a,50,0.3010299956639812,40.0,40,16.703581238065176,0.44205573522497477,0.8556104542551629,30.0
last_item_i10,main,last_item,10,3,False,2,3,30,,0f4c5735c0a19d9a,50,0.3010299956639812,,50,16.0251744598601,0.49244404631620164,0.8536368353596706,30.0
last_item_i11,main,last_item,11,8,False,4,3,30,,0b8b3c09be1d9257,49,0.6020599913279624,10.0,10,7.569863829392245,0.21498891195952288,0.8788341621715503,10.0
last_item_i11,main,last_item,11,8,False,4,3,30,,0b8b3c09be1d9257,49,0.6020599913279624,20.0,20,10.56686186697815,0.40252648564159726,0.8663859372174858,20.0
last_item_i11,main,last_item,11,8,False,4,3,30,,0b8b3c09be1d9257,49,0.6020599913279624,30.0,30,13.282642080733243,0.434158703388696,0.859902306873862,30.0
last_item_i11,main,last_item,11,8,False,4,3,30,,0b8b3c09be1d9257,49,0.6020599913279624,40.0,40,14.921961262894134,0.46615954555717537,0.8560502026516312,31.0
last_item_i11,main,last_item,11,8,False,4,3,30,,0b8b3c09be1d9257,49,0.6020599913279624,,49,15.877088583929305,0.510146788047204,0.8528855338051788,31.0
last_item_i12,main,last_item,12,2,True,1,2,30,,7d67b56f66f83543,48,0.0,10.0,10,7.8835921533463775,0.21560438502486987,0.8655465005721,10.0
last_item_i12,main,last_item,12,2,True,1,2,30,,7d67b56f66f83543,48,0.0,20.0,20,10.192662186698374,0.40131118995731296,0.8591665232405726,20.0
last_item_i12,main,last_item,12,2,True,1,2,30,,7d67b56f66f83543,48,0.0,30.0,30,12.13662416316719,0.4445177537081403,0.8608136620783094,30.0
last_item_i12,main,last_item,12,2,True,1,2,30,,7d67b56f66f83543,48,0.0,40.0,40,13.134681062813996,0.4525631394462539,0.8605726645350706,31.0
last_item_i12,main,last_item,12,2,True,1,2,30,,7d67b56f66f83543,48,0.0,,48,15.35741311190393,0.43646251344518017,0.8586963506935529,31.0
last_item_i13,main,last_item,13,5,False,4,4,30,,c4a719f1703d9a79,50,0.6020599913279624,10.0,10,7.647874582129275,0.24549900640042827,0.8682096211306667,10.0
last_item_i13,main,last_item,13,5,False,4,4,30,,c4a719f1703d9a79,50,0.6020599913279624,20.0,20,11.569489615320691,0.4106069360889925,0.8563534922091592,20.0
last_item_i13,main,last_item,13,5,False,4,4,30,,c4a719f1703d9a79,50,0.6020599913279624,30.0,30,15.339747041166145,0.46741580307031194,0.8542959541373465,29.0
last_item_i13,main,last_item,13,5,False,4,4,30,,c4a719f1703d9a79,50,0.6020599913279624,40.0,40,17.033814361694326,0.5058242400475057,0.8533068398057724,29.0
last_item_i13,main,last_item,13,5,False,4,4,30,,c4a719f1703d9a79,50,0.6020599913279624,,50,16.797300548567065,0.5538779091802234,0.8512773626322383,29.0
last_item_i14,main,last_item,14,1,False,2,2,30,,c75bcf898cbb30e5,49,0.3010299956639812,10.0,10,7.59533668399413,0.2323291405605047,0.8731499178798016,10.0
last_item_i14,main,last_item,14,1,False,2,2,30,,c75bcf898cbb30e5,49,0.3010299956639812,20.0,20,11.831613905409387,0.38171650165863297,0.8532548082248202,20.0
last_item_i14,main,last_item,14,1,False,2,2,30,,c75bcf898cbb30e5,49,0.3010299956639812,30.0,30,13.662156236671944,0.4328359683385052,0.8589073597537418,30.0
last_item_i14,main,last_item,14,1,False,2,2,30,,c75bcf898cbb30e5,49,0.3010299956639812,40.0,40,13.936305597436448,0.4621662150565689,0.8553880078897768,30.0
last_item_i14,main,last_item,14,1,False,2,2,30,,c75bcf898cbb30e5,49,0.3010299956639812,,49,14.797904681678272,0.5139384637604868,0.851471043151815,30.0
last_item_i15,main,last_item,15,1,True,1,5,30,,a05ed69c46451d15,49,0.0,10.0,10,7.370384484758485,0.2721445337292455,0.8701804402039428,10.0
last_item_i15,main,last_item,15,1,True,1,5,30,,a05ed69c46451d15,49,0.0,20.0,20,10.438454696221445,0.4387708538852401,0.8577581088860616,20.0
last_item_i15,main,last_item,15,1,True,1,5,30,,a05ed69c46451d15,49,0.0,30.0,30,13.554984421748637,0.4753524526014219,0.8573132068465373,29.0
last_item_i15,main,last_item,15,1,True,1,5,30,,a05ed69c46451d15,49,0.0,40.0,40,15.292320533561963,0.5034052513445442,0.8520604176643208,29.0
last_item_i15,main,last_item,15,1,True,1,5,30,,a05ed69c46451d15,49,0.0,,49,16.266017621078586,0.5388580217570043,0.847834766680711,29.0
last_item_i16,main,last_item,16,8,False,2,7,30,,9a983c6402f1b67e,49,0.3010299956639812,10.0,10,7.251447223524569,0.28939639250672927,0.8585267405483772,10.0
last_item_i16,main,last_item,16,8,False,2,7,30,,9a983c6402f1b67e,49,0.3010299956639812,20.0,20,11.246099122987943,0.4265889347899164,0.837849961700985,20.0
last_item_i16,main,last_item,16,8,False,2,7,30,,9a983c6402f1b67e,49,0.3010299956639812,30.0,30,14.458890076794884,0.4701512591969587,0.8426166058449297,28.0
last_item_i16,main,last_item,16,8,False,2,7,30,,9a983c6402f1b67e,49,0.3010299956639812,40.0,40,16.167127626600404,0.5035940382502586,0.8475870290958459,28.0
last_item_i16,main,last_item,16,8,False,2,7,30,,9a983c6402f1b67e,49,0.3010299956639812,,49,16.767667640539596,0.5152286539022719,0.8496927529460522,28.0
last_item_i17,main,last_item,17,6,False,4,9,30,,f1d870810621ecea,49,0.6020599913279624,10.0,10,7.463269740572613,0.25335390994688195,0.8508230755829752,10.0
last_item_i17,main,last_item,17,6,False,4,9,30,,f1d870810621ecea,49,0.6020599913279624,20.0,20,10.343251625221667,0.451023808818459,0.8514460856369915,20.0
last_item_i17,main,last_item,17,6,False,4,9,30,,f1d870810621ecea,49,0.6020599913279624,30.0,30,14.445640335406052,0.4931843251166133,0.8486835848645388,28.0
last_item_i17,main,last_item,17,6,False,4,9,30,,f1d870810621ecea,49,0.6020599913279624,40.0,40,17.452950480453467,0.5359892125946398,0.852226675448055,28.0
last_item_i17,main,last_item,17,6,False,4,9,30,,f1d870810621ecea,49,0.6020599913279624,,49,17.633466128714726,0.5763868889996472,0.8521718526293197,28.0
last_item_i18,main,last_item,18,8,False,3,8,30,,db2699a0bcf861f1,50,0.47712125471966244,10.0,10,7.461509001682228,0.2527992778344224,0.8802396072965925,10.0
last_item_i18,main,last_item,18,8,False,3,8,30,,db2699a0bcf861f1,50,0.47712125471966244,20.0,20,10.344808105239055,0.4181876081932366,0.8631541816497074,20.0
last_item_i18,main,last_item,18,8,False,3,8,30,,db2699a0bcf861f1,50,0.47712125471966244,30.0,30,13.206227238256096,0.4914997109830933,0.8538028169321771,29.0
last_item_i18,main,last_item,18,8,False,3,8,30,,db2699a0bcf861f1,50,0.47712125471966244,40.0,40,16.004343840368218,0.5374122246671128,0.8533138789065547,29.0
last_item_i18,main,last_item,18,8,False,3,8,30,,db2699a0bcf861f1,50,0.47712125471966244,,50,16.70139285028889,0.5721218055642205,0.8531045929101514,29.0
last_item_i19,main,last_item,19,4,False,3,3,30,,424cda609c7b9315,49,0.47712125471966244,10.0,10,7.582489410177792,0.2304065242225518,0.873030981504436,10.0
last_item_i19,main,last_item,19,4,False,3,3,30,,424cda609c7b9315,49,0.47712125471966244,20.0,20,12.183609243869922,0.36115095539032194,0.859423220814429,20.0
last_item_i19,main,last_item,19,4,False,3,3,30,,424cda609c7b9315,49,0.47712125471966244,30.0,30,14.123377023974019,0.4258583965168238,0.8581577236807171,30.0
last_item_i19,main,last_item,19,4,False,3,3,30,,424cda609c7b9315,49,0.47712125471966244,40.0,40,16.110777690115295,0.46393527092355596,0.855781475141296,30.0
last_item_i19,main,last_item,19,4,False,3,3,30,,424cda609c7b9315,49,0.47712125471966244,,49,16.650618036825403,0.48441473766843585,0.8535609376089954,30.0
last_item_i20,main,last_item,20,6,False,4,9,30,,392fbac0b1225095,49,0.6020599913279624,10.0,10,7.774287971621351,0.20481898620425132,0.8673093422794669,10.0
last_item_i20,main,last_item,20,6,False,4,9,30,,392fbac0b1225095,49,0.6020599913279624,20.0,20,10.239932652577245,0.4096069991860959,0.8530539219646974,20.0
last_item_i20,main,last_item,20,6,False,4,9,30,,392fbac0b1225095,49,0.6020599913279624,30.0,30,11.05280668973694,0.4901178890602549,0.850263393774569,28.0
last_item_i20,main,last_item,20,6,False,4,9,30,,392fbac0b1225095,49,0.6020599913279624,40.0,40,13.713491117351461,0.5317748190603265,0.848256369852243,28.0
last_item_i20,main,last_item,20,6,False,4,9,30,,392fbac0b1225095,49,0.6020599913279624,,49,13.444105211911545,0.5650578203030058,0.8504152891143146,28.0
last_item_i21,main,last_item,21,4,False,3,4,30,,66f3d9bfde3d93f4,49,0.47712125471966244,10.0,10,7.339964619822884,0.28141057340708997,0.8710543911386998,10.0
last_item_i21,main,last_item,21,4,False,3,4,30,,66f3d9bfde3d93f4,49,0.47712125471966244,20.0,20,11.506291213394723,0.397604063757744,0.8559758795778457,20.0
last_item_i21,main,last_item,21,4,False,3,4,30,,66f3d9bfde3d93f4,49,0.47712125471966244,30.0,30,15.296036353594717,0.3867314568302006,0.8508907250764529,28.0
last_item_i21,main,last_item,21,4,False,3,4,30,,66f3d9bfde3d93f4,49,0.47712125471966244,40.0,40,17.464053401111254,0.4167661242417792,0.8499001380333653,28.0
last_item_i21,main,last_item,21,4,False,3,4,30,,66f3d9bfde3d93f4,49,0.47712125471966244,,49,17.910930262798054,0.45844122608686727,0.8501180602209402,28.0
last_item_i22,main,last_item,22,6,False,3,8,30,,c351ac42bea64566,49,0.47712125471966244,10.0,10,7.596483753015636,0.2537371706009998,0.8637995444538897,10.0
last_item_i22,main,last_item,22,6,False,3,8,30,,c351ac42bea64566,49,0.47712125471966244,20.0,20,11.568775494564843,0.4090034178461761,0.8601199249197856,20.0
last_item_i22,main,last_item,22,6,False,3,8,30,,c351ac42bea64566,49,0.47712125471966244,30.0,30,15.353825033519456,0.4285062862923482,0.8578952907287379,29.0
last_item_i22,main,last_item,22,6,False,3,8,30,,c351ac42bea64566,49,0.47712125471966244,40.0,40,17.42896299782366,0.471523923571322,0.8560754758588274,29.0
last_item_i22,main,last_item,22,6,False,3,8,30,,c351ac42bea64566,49,0.47712125471966244,,49,17.744378486660796,0.5032895778242098,0.8558842275642216,29.0
last_item_i23,main,last_item,23,3,False,5,3,30,,6efabcc66cac4632,49,0.6989700043360189,10.0,10,7.283691554301812,0.26490421161046096,0.8724662658737865,10.0
last_item_i23,main,last_item,23,3,False,5,3,30,,6efabcc66cac4632,49,0.6989700043360189,20.0,20,9.542466265590795,0.43978675962129204,0.8592816979997363,20.0
last_item_i23,main,last_item,23,3,False,5,3,30,,6efabcc66cac4632,49,0.6989700043360189,30.0,30,10.416479483825169,0.5237788325045661,0.8547719937263283,29.0
last_item_i23,main,last_item,23,3,False,5,3,30,,6efabcc66cac4632,49,0.6989700043360189,40.0,40,12.487606483617382,0.5689595985398367,0.851823947249308,29.0
last_item_i23,main,last_item,23,3,False,5,3,30,,6efabcc66cac4632,49,0.6989700043360189,,49,13.806787516114483,0.6068126771129113,0.8490413457492745,29.0
add1_i00,main,add1,0,2,True,1,2,18,,6d59e9672759be7a,50,0.0,10.0,10,7.822027106813274,0.1872797021679601,0.8523946798841527,10.0
add1_i00,main,add1,0,2,True,1,2,18,,6d59e9672759be7a,50,0.0,20.0,20,12.351804829239589,0.38020295130570503,0.8419159106112134,20.0
add1_i00,main,add1,0,2,True,1,2,18,,6d59e9672759be7a,50,0.0,30.0,30,13.832429693944459,0.5003227377751824,0.8363302831471666,27.0
add1_i00,main,add1,0,2,True,1,2,18,,6d59e9672759be7a,50,0.0,40.0,40,12.908056802901479,0.5795138598600834,0.837439554148434,27.0
add1_i00,main,add1,0,2,True,1,2,18,,6d59e9672759be7a,50,0.0,,50,10.040479178028502,0.6397804536477614,0.8420324363660555,27.0
add1_i01,main,add1,1,7,True,1,5,18,,a23b30594bdfb742,49,0.0,10.0,10,7.901441292940907,0.18351086997617838,0.852280699926415,10.0
add1_i01,main,add1,1,7,True,1,5,18,,a23b30594bdfb742,49,0.0,20.0,20,12.575893335729731,0.38051808973065937,0.8489989508906393,20.0
add1_i01,main,add1,1,7,True,1,5,18,,a23b30594bdfb742,49,0.0,30.0,30,12.520219076386146,0.5171298535812086,0.845342161224912,28.0
add1_i01,main,add1,1,7,True,1,5,18,,a23b30594bdfb742,49,0.0,40.0,40,11.514553194569189,0.6060142860332105,0.842073237324177,28.0
add1_i01,main,add1,1,7,True,1,5,18,,a23b30594bdfb742,49,0.0,,49,9.749973397448308,0.6617345653530252,0.8406558122145,28.0
add1_i02,main,add1,2,3,True,1,4,18,,8db530865e57009c,50,0.0,10.0,10,8.19417711997253,0.1586949706823702,0.8453350973803548,10.0
add1_i02,main,add1,2,3,True,1,4,18,,8db530865e57009c,50,0.0,20.0,20,12.717610681894305,0.3755599991410539,0.8497838216818966,20.0
add1_i02,main,add1,2,3,True,1,4,18,,8db530865e57009c,50,0.0,30.0,30,15.535002325645468,0.4696205761579484,0.8444394005945755,27.0
add1_i02,main,add1,2,3,True,1,4,18,,8db530865e57009c,50,0.0,40.0,40,18.076695226758286,0.5274866222772996,0.842366171656303,27.0
add1_i02,main,add1,2,3,True,1,4,18,,8db530865e57009c,50,0.0,,50,18.488349567481905,0.5561900789405979,0.8406508229850822,27.0
add1_i03,main,add1,3,6,True,1,5,18,,3366f0c5010998c8,50,0.0,10.0,10,7.20720004733454,0.28898469617567557,0.843836356070785,10.0
add1_i03,main,add1,3,6,True,1,5,18,,3366f0c5010998c8,50,0.0,20.0,20,10.591569828401536,0.5142155185049458,0.8605438063326228,20.0
add1_i03,main,add1,3,6,True,1,5,18,,3366f0c5010998c8,50,0.0,30.0,30,12.798578234530329,0.5984257459146582,0.8535236046933294,28.0
add1_i03,main,add1,3,6,True,1,5,18,,3366f0c5010998c8,50,0.0,40.0,40,12.431702133673262,0.6597552224203309,0.8488250573796293,28.0
add1_i03,main,add1,3,6,True,1,5,18,,3366f0c5010998c8,50,0.0,,50,13.091367112110907,0.6901848078679791,0.842426510076079,28.0
add1_i04,main,add1,4,5,True,1,4,18,,c9663d3a7feaeec5,50,0.0,10.0,10,8.012588472844111,0.2030981165024723,0.8467652276615552,10.0
add1_i04,main,add1,4,5,True,1,4,18,,c9663d3a7feaeec5,50,0.0,20.0,20,11.603666809946974,0.4498840877295117,0.8525211216034809,20.0
add1_i04,main,add1,4,5,True,1,4,18,,c9663d3a7feaeec5,50,0.0,30.0,30,13.377203429350258,0.5592818834298028,0.8555917905300956,29.0
add1_i04,main,add1,4,5,True,1,4,18,,c9663d3a7feaeec5,50,0.0,40.0,40,14.080863434382612,0.6186322056563041,0.8521734328655945,29.0
add1_i04,main,add1,4,5,True,1,4,18,,c9663d3a7feaeec5,50,0.0,,50,13.724747884044024,0.657779589048784,0.8462347283575786,29.0
add1_i05,main,add1,5,2,True,1,5,18,,35c033a54c3b74c4,50,0.0,10.0,10,7.9384502585780545,0.17071081898379278,0.8492840398363036,10.0
add1_i05,main,add1,5,2,True,1,5,18,,35c033a54c3b74c4,50,0.0,20.0,20,12.063144482689625,0.37095310809008675,0.8394116622013887,20.0
add1_i05,main,add1,5,2,True,1,5,18,,35c033a54c3b74c4,50,0.0,30.0,30,13.151904761415711,0.4892890240822517,0.8353463329684744,27.0
add1_i05,main,add1,5,2,True,1,5,18,,35c033a54c3b74c4,50,0.0,40.0,40,12.50318007589919,0.5581287809675233,0.8353854817160022,27.0
add1_i05,main,add1,5,2,True,1,5,18,,35c033a54c3b74c4,50,0.0,,50,11.086561979793936,0.6124984651950243,0.8382952518851339,27.0
add1_i06,main,add1,6,4,True,1,4,18,,a9a371cacb375866,50,0.0,10.0,10,7.776081031339849,0.21532371568109104,0.8507058638985755,10.0
add1_i06,main,add1,6,4,True,1,4,18,,a9a371cacb375866,50,0.0,20.0,20,12.043392584531173,0.42803099139790324,0.850145408095046,20.0
add1_i06,main,add1,6,4,True,1,4,18,,a9a371cacb375866,50,0.0,30.0,30,14.079615784413196,0.5374081617872639,0.8514246616943056,28.0
add1_i06,main,add1,6,4,True,1,4,18,,a9a371cacb375866,50,0.0,40.0,40,17.272620662762737,0.5772040727503998,0.846740203851656,28.0
add1_i06,main,add1,6,4,True,1,4,18,,a9a371cacb375866,50,0.0,,50,18.117641311666578,0.5950020419114882,0.8429805235115525,28.0
add1_i07,main,add1,7,9,True,1,5,18,,0268047cb7615044,49,0.0,10.0,10,7.60655024958751,0.20082313652832695,0.8470308547142938,10.0
add1_i07,main,add1,7,9,True,1,5,18,,0268047cb7615044,49,0.0,20.0,20,11.34445620962571,0.4594080833346599,0.8557244782468388,20.0
add1_i07,main,add1,7,9,True,1,5,18,,0268047cb7615044,49,0.0,30.0,30,12.984141539127174,0.5594322584197345,0.8528290132763745,29.0
add1_i07,main,add1,7,9,True,1,5,18,,0268047cb7615044,49,0.0,40.0,40,12.821533732857471,0.623736276528445,0.8494450449081817,29.0
add1_i07,main,add1,7,9,True,1,5,18,,0268047cb7615044,49,0.0,,49,11.541363506885652,0.6677161068160814,0.8482907161455735,29.0
add1_i08,main,add1,8,7,False,2,5,18,,40331ccedc16a498,50,0.3010299956639812,10.0,10,7.731962685857072,0.1639419897643696,0.8502700440404072,10.0
add1_i08,main,add1,8,7,False,2,5,18,,40331ccedc16a498,50,0.3010299956639812,20.0,20,12.580256962536275,0.3786096809322261,0.8469036742963931,20.0
add1_i08,main,add1,8,7,False,2,5,18,,40331ccedc16a498,50,0.3010299956639812,30.0,30,11.670529314756598,0.5298512718217234,0.8498992131024664,29.0
add1_i08,main,add1,8,7,False,2,5,18,,40331ccedc16a498,50,0.3010299956639812,40.0,40,9.848068209821063,0.6183700276209435,0.8483218024821728,29.0
add1_i08,main,add1,8,7,False,2,5,18,,40331ccedc16a498,50,0.3010299956639812,,50,7.902611735989397,0.6772176742353853,0.8470568782067796,29.0
add1_i09,main,add1,9,7,True,1,5,18,,7dad2b0d90502b9a,49,0.0,10.0,10,7.847488565656434,0.18374144034004328,0.8423113130789138,10.0
add1_i09,main,add1,9,7,True,1,5,18,,7dad2b0d90502b9a,49,0.0,20.0,20,11.823665272928864,0.426999365560719,0.8458314885234165,20.0
add1_i09,main,add1,9,7,True,1,5,18,,7dad2b0d90502b9a,49,0.0,30.0,30,11.643560160402684,0.56162056334517,0.8471778337470278,28.0
add1_i09,main,add1,9,7,True,1,5,18,,7dad2b0d90502b9a,49,0.0,40.0,40,10.016143612071343,0.6427419114986791,0.8461361193180451,28.0
add1_i09,main,add1,9,7,True,1,5,18,,7dad2b0d90502b9a,49,0.0,,49,8.436837977967343,0.693242303814225,0.8440977005120754,28.0
add1_i10,main,add1,10,8,False,3,8,18,,f0141ef27e16fa1c,49,0.47712125471966244,10.0,10,7.622492723472287,0.2114415094048064,0.8477315434399854,10.0
add1_i10,main,add1,10,8,False,3,8,18,,f0141ef27e16fa1c,49,0.47712125471966244,20.0,20,11.699029482244418,0.4467156093129744,0.8545312300233607,20.0
add1_i10,main,add1,10,8,False,3,8,18,,f0141ef27e16fa1c,49,0.47712125471966244,30.0,30,12.118320017600226,0.5702824347572666,0.8572918184891177,29.0
add1_i10,main,add1,10,8,False,3,8,18,,f0141ef27e16fa1c,49,0.47712125471966244,40.0,40,12.464510694407037,0.6372444226185892,0.8527868233574448,29.0
add1_i10,main,add1,10,8,False,3,8,18,,f0141ef27e16fa1c,49,0.47712125471966244,,49,11.219617402753826,0.6847624460269556,0.8503711693136549,29.0
add1_i11,main,add1,11,2,True,1,5,18,,699d4094434f47ba,49,0.0,10.0,10,7.645711388096569,0.1464133776159929,0.8660181982433652,10.0
add1_i11,main,add1,11,2,True,1,5,18,,699d4094434f47ba,49,0.0,20.0,20,12.066258323900769,0.3357140122074108,0.8375603492881435,20.0
add1_i11,main,add1,11,2,True,1,5,18,,699d4094434f47ba,49,0.0,30.0,30,13.687418124823969,0.4623933214426535,0.8315195816345419,26.0
add1_i11,main,add1,11,2,True,1,5,18,,699d4094434f47ba,49,0.0,40.0,40,13.573936306551008,0.5425448800546147,0.8314816565700817,26.0
add1_i11,main,add1,11,2,True,1,5,18,,699d4094434f47ba,49,0.0,,49,11.743383233700508,0.6006438339192101,0.8355678139201137,26.0
add1_i12,main,add1,12,1,True,1,2,18,,03fed7f5bca4748c,49,0.0,10.0,10,8.025111420637458,0.14089876047636776,0.8225439131604004,10.0
add1_i12,main,add1,12,1,True,1,2,18,,03fed7f5bca4748c,49,0.0,20.0,20,11.511935379421015,0.435162847317475,0.8333810631356641,20.0
add1_i12,main,add1,12,1,True,1,2,18,,03fed7f5bca4748c,49,0.0,30.0,30,12.80112022051935,0.5575930136489073,0.8368229795642816,26.0
add1_i12,main,add1,12,1,True,1,2,18,,03fed7f5bca4748c,49,0.0,40.0,40,13.21047725701229,0.6253805139578288,0.8369020512715372,26.0
add1_i12,main,add1,12,1,True,1,2,18,,03fed7f5bca4748c,49,0.0,,49,12.287729739770297,0.6558344010124946,0.8392782491777966,26.0
add1_i13,main,add1,13,2,True,1,5,18,,1ce03cf516012015,49,0.0,10.0,10,7.577104802851938,0.11827065426545204,0.8573016211921288,10.0
add1_i13,main,add1,13,2,True,1,5,18,,1ce03cf516012015,49,0.0,20.0,20,11.874674894832918,0.26521451646439304,0.84668558850045,20.0
add1_i13,main,add1,13,2,True,1,5,18,,1ce03cf516012015,49,0.0,30.0,30,13.69250924107032,0.3966786834040768,0.8384028351372206,27.0
add1_i13,main,add1,13,2,True,1,5,18,,1ce03cf516012015,49,0.0,40.0,40,13.559380052108613,0.48930568821806375,0.8366325551870295,27.0
add1_i13,main,add1,13,2,True,1,5,18,,1ce03cf516012015,49,0.0,,49,12.120494198858731,0.5539362742709796,0.8382298246155251,27.0
add1_i14,main,add1,14,5,True,1,5,18,,6271ccf1fd288cf5,50,0.0,10.0,10,8.135988841553996,0.19000015737026402,0.8485884000238072,10.0
add1_i14,main,add1,14,5,True,1,5,18,,6271ccf1fd288cf5,50,0.0,20.0,20,12.000621430421353,0.43573588440227107,0.8461440029350938,20.0
add1_i14,main,add1,14,5,True,1,5,18,,6271ccf1fd288cf5,50,0.0,30.0,30,12.53241210301164,0.5586812478175441,0.8531877974420928,29.0
add1_i14,main,add1,14,5,True,1,5,18,,6271ccf1fd288cf5,50,0.0,40.0,40,12.857525207774136,0.627271327419627,0.8506325862388797,29.0
add1_i14,main,add1,14,5,True,1,5,18,,6271ccf1fd288cf5,50,0.0,,50,11.957036712330634,0.6704073117768516,0.8448256530586683,29.0
add1_i15,main,add1,15,3,True,1,4,18,,2232b617055a70f5,50,0.0,10.0,10,8.102039832607451,0.15263999123413577,0.8401184498743197,10.0
add1_i15,main,add1,15,3,True,1,4,18,,2232b617055a70f5,50,0.0,20.0,20,12.419061934168642,0.40565779028032484,0.8450227003790369,20.0
add1_i15,main,add1,15,3,True,1,4,18,,2232b617055a70f5,50,0.0,30.0,30,15.364094914331737,0.5076178849794335,0.8420505267509031,27.0
add1_i15,main,add1,15,3,True,1,4,18,,2232b617055a70f5,50,0.0,40.0,40,17.63611300709507,0.5610846890207762,0.841816830231471,27.0
add1_i15,main,add1,15,3,True,1,4,18,,2232b617055a70f5,50,0.0,,50,17.191231712515414,0.5881282083130184,0.8414012792195618,27.0
add1_i16,main,add1,16,3,False,2,4,18,,5b4b1531d2f019e9,50,0.3010299956639812,10.0,10,8.215245066664341,0.1316756509629505,0.8590183333807241,10.0
add1_i16,main,add1,16,3,False,2,4,18,,5b4b1531d2f019e9,50,0.3010299956639812,20.0,20,12.21494542131717,0.3977161969748931,0.8508564052966514,20.0
add1_i16,main,add1,16,3,False,2,4,18,,5b4b1531d2f019e9,50,0.3010299956639812,30.0,30,14.768182668670782,0.5047294336593987,0.8480553436951225,29.0
add1_i16,main,add1,16,3,False,2,4,18,,5b4b1531d2f019e9,50,0.3010299956639812,40.0,40,16.943704669098516,0.5507985681541141,0.8479395368539377,29.0
add1_i16,main,add1,16,3,False,2,4,18,,5b4b1531d2f019e9,50,0.3010299956639812,,50,16.571935906526207,0.5757085447747032,0.8476613456503026,29.0
add1_i17,main,add1,17,4,True,1,4,18,,17a928129e965731,50,0.0,10.0,10,7.691453417632947,0.23860367870082955,0.8490551514158489,10.0
add1_i17,main,add1,17,4,True,1,4,18,,17a928129e965731,50,0.0,20.0,20,11.843818866083156,0.445030727421803,0.853777219074077,20.0
add1_i17,main,add1,17,4,True,1,4,18,,17a928129e965731,50,0.0,30.0,30,13.671036608925832,0.5482153373382332,0.8526353559037716,28.0
add1_i17,main,add1,17,4,True,1,4,18,,17a928129e965731,50,0.0,40.0,40,17.07884805479761,0.590665844073233,0.8463172829713764,28.0
add1_i17,main,add1,17,4,True,1,4,18,,17a928129e965731,50,0.0,,50,18.57929714150886,0.6114403244817829,0.8409195814398366,28.0
add1_i18,main,add1,18,9,True,1,5,18,,fb9ac82a927ce3d8,49,0.0,10.0,10,7.686789978334078,0.23986967884836558,0.8481428899409512,10.0
add1_i18,main,add1,18,9,True,1,5,18,,fb9ac82a927ce3d8,49,0.0,20.0,20,11.413457941862449,0.46758928842367126,0.8601484876377873,20.0
add1_i18,main,add1,18,9,True,1,5,18,,fb9ac82a927ce3d8,49,0.0,30.0,30,12.586597552917413,0.5701263519549835,0.8559941624782791,29.0
add1_i18,main,add1,18,9,True,1,5,18,,fb9ac82a927ce3d8,49,0.0,40.0,40,12.529807010408692,0.6294505011345248,0.852836855216937,29.0
add1_i18,main,add1,18,9,True,1,5,18,,fb9ac82a927ce3d8,49,0.0,,49,11.518002980364002,0.6698373523748441,0.8513967914987377,29.0
add1_i19,main,add1,19,8,False,2,5,18,,566cca8c97145cd7,49,0.3010299956639812,10.0,10,7.8655405582381865,0.15771265997046782,0.8580793165803924,10.0
add1_i19,main,add1,19,8,False,2,5,18,,566cca8c97145cd7,49,0.3010299956639812,20.0,20,11.292248663887703,0.43732963354151416,0.8557260628908173,20.0
add1_i19,main,add1,19,8,False,2,5,18,,566cca8c97145cd7,49,0.3010299956639812,30.0,30,11.936954087776636,0.5673156894454576,0.8557633901852152,30.0
add1_i19,main,add1,19,8,False,2,5,18,,566cca8c97145cd7,49,0.3010299956639812,40.0,40,12.98250414106499,0.633365795630222,0.8510862464294595,30.0
add1_i19,main,add1,19,8,False,2,5,18,,566cca8c97145cd7,49,0.3010299956639812,,49,12.318696081891824,0.6806213831263687,0.8483423852745257,30.0
add1_i20,main,add1,20,7,False,2,5,18,,b39cc2c9cf8f4f38,49,0.3010299956639812,10.0,10,7.730467805008838,0.22683744094218306,0.8585472441505183,10.0
add1_i20,main,add1,20,7,False,2,5,18,,b39cc2c9cf8f4f38,49,0.3010299956639812,20.0,20,11.836114416945978,0.4400053543209104,0.8488378815044748,20.0
add1_i20,main,add1,20,7,False,2,5,18,,b39cc2c9cf8f4f38,49,0.3010299956639812,30.0,30,12.981656816768206,0.5630156113119019,0.846653816335616,28.0
add1_i20,main,add1,20,7,False,2,5,18,,b39cc2c9cf8f4f38,49,0.3010299956639812,40.0,40,13.182888642412035,0.6356545436904568,0.8432704379444222,28.0
add1_i20,main,add1,20,7,False,2,5,18,,b39cc2c9cf8f4f38,49,0.3010299956639812,,49,12.393633442728824,0.6820929160814453,0.8407358466890698,28.0
add1_i21,main,add1,21,2,True,1,5,18,,e1c0ba5d6050af74,49,0.0,10.0,10,7.755925556078167,0.1796567825782703,0.8594540883025784,10.0
add1_i21,main,add1,21,2,True,1,5,18,,e1c0ba5d6050af74,49,0.0,20.0,20,12.044674964720432,0.38848548157214674,0.8411419441631321,20.0
add1_i21,main,add1,21,2,True,1,5,18,,e1c0ba5d6050af74,49,0.0,30.0,30,13.67224050161329,0.5036670341205511,0.8365383653862211,27.0
add1_i21,main,add1,21,2,True,1,5,18,,e1c0ba5d6050af74,49,0.0,40.0,40,13.05028481429354,0.5817366855580445,0.837991452102566,27.0
add1_i21,main,add1,21,2,True,1,5,18,,e1c0ba5d6050af74,49,0.0,,49,10.091121234985387,0.6376781933085848,0.8417097840755582,27.0
add1_i22,main,add1,22,6,True,1,5,18,,d1dce18d79c73508,50,0.0,10.0,10,7.638852294551746,0.25042485004721854,0.8375191528631687,10.0
add1_i22,main,add1,22,6,True,1,5,18,,d1dce18d79c73508,50,0.0,20.0,20,10.445745646829279,0.4947758956930889,0.8570444546558776,20.0
add1_i22,main,add1,22,6,True,1,5,18,,d1dce18d79c73508,50,0.0,30.0,30,12.115040395703392,0.5932029828356775,0.8541413142969813,29.0
add1_i22,main,add1,22,6,True,1,5,18,,d1dce18d79c73508,50,0.0,40.0,40,11.016609737559698,0.6581258372887095,0.8503866159443514,29.0
add1_i22,main,add1,22,6,True,1,5,18,,d1dce18d79c73508,50,0.0,,50,11.261236938004135,0.6930988669100495,0.8442734748128592,29.0
add1_i23,main,add1,23,1,True,1,2,18,,f9cf5c5e4f758eae,49,0.0,10.0,10,7.745081321007498,0.13754648300973746,0.8186063258084924,10.0
add1_i23,main,add1,23,1,True,1,2,18,,f9cf5c5e4f758eae,49,0.0,20.0,20,11.241492300428913,0.43040878461677845,0.829640603517655,20.0
add1_i23,main,add1,23,1,True,1,2,18,,f9cf5c5e4f758eae,49,0.0,30.0,30,13.583174593671973,0.5462726221814989,0.8327654779170999,26.0
add1_i23,main,add1,23,1,True,1,2,18,,f9cf5c5e4f758eae,49,0.0,40.0,40,13.876574431124649,0.6158762944387783,0.8336322590057665,26.0
add1_i23,main,add1,23,1,True,1,2,18,,f9cf5c5e4f758eae,49,0.0,,49,13.314621771768756,0.6505070989637696,0.8350627048548854,26.0
sub1_i00,main,sub1,0,3,True,1,5,18,,86aea1efc90da485,50,0.0,10.0,10,7.186095787973847,0.2918234108537535,0.8451007422534157,10.0
sub1_i00,main,sub1,0,3,True,1,5,18,,86aea1efc90da485,50,0.0,20.0,20,10.48532411918373,0.5141714309714821,0.8695249509887278,20.0
sub1_i00,main,sub1,0,3,True,1,5,18,,86aea1efc90da485,50,0.0,30.0,30,13.095700889434456,0.6133091313927225,0.8540146670456554,28.0
sub1_i00,main,sub1,0,3,True,1,5,18,,86aea1efc90da485,50,0.0,40.0,40,13.884276316861335,0.6669530933614054,0.8441267170338114,28.0
sub1_i00,main,sub1,0,3,True,1,5,18,,86aea1efc90da485,50,0.0,,50,14.051926234655223,0.7013298748349797,0.8396084976114444,28.0
sub1_i01,main,sub1,1,8,False,4,9,18,,87240361c7fd1a82,49,0.6020599913279624,10.0,10,7.3258041971241115,0.26968506596744973,0.8290979075620459,10.0
sub1_i01,main,sub1,1,8,False,4,9,18,,87240361c7fd1a82,49,0.6020599913279624,20.0,20,10.878334980049685,0.49457134262860475,0.8481699990693086,20.0
sub1_i01,main,sub1,1,8,False,4,9,18,,87240361c7fd1a82,49,0.6020599913279624,30.0,30,12.629767768309637,0.5876833762211267,0.8426958969205106,27.0
sub1_i01,main,sub1,1,8,False,4,9,18,,87240361c7fd1a82,49,0.6020599913279624,40.0,40,12.791972035480756,0.6508526651515449,0.8406976270798283,27.0
sub1_i01,main,sub1,1,8,False,4,9,18,,87240361c7fd1a82,49,0.6020599913279624,,49,9.33545304388722,0.7058194257601782,0.8443517209521995,27.0
sub1_i02,main,sub1,2,3,True,1,5,18,,610cfa30cf085ed3,50,0.0,10.0,10,7.4761634030266775,0.24022310093223545,0.838864663412538,10.0
sub1_i02,main,sub1,2,3,True,1,5,18,,610cfa30cf085ed3,50,0.0,20.0,20,10.30673548806786,0.5078388921996733,0.8666689620934525,20.0
sub1_i02,main,sub1,2,3,True,1,5,18,,610cfa30cf085ed3,50,0.0,30.0,30,12.881123250805079,0.6068836430608022,0.85473700687146,29.0
sub1_i02,main,sub1,2,3,True,1,5,18,,610cfa30cf085ed3,50,0.0,40.0,40,14.204782752557207,0.6625566823844374,0.8468796893644901,29.0
sub1_i02,main,sub1,2,3,True,1,5,18,,610cfa30cf085ed3,50,0.0,,50,14.293880047310225,0.7004038825309015,0.8423634041699268,29.0
sub1_i03,main,sub1,3,2,True,1,2,18,,eafc3e08c22f4584,50,0.0,10.0,10,7.6254370822042254,0.21621734579595145,0.8399407174880131,10.0
sub1_i03,main,sub1,3,2,True,1,2,18,,eafc3e08c22f4584,50,0.0,20.0,20,10.996645078110896,0.43890036624278245,0.8553983971376814,20.0
sub1_i03,main,sub1,3,2,True,1,2,18,,eafc3e08c22f4584,50,0.0,30.0,30,14.598479631623421,0.5464909549387983,0.8428798547668555,27.0
sub1_i03,main,sub1,3,2,True,1,2,18,,eafc3e08c22f4584,50,0.0,40.0,40,17.036505429088777,0.6063199036171477,0.8368964138173081,27.0
sub1_i03,main,sub1,3,2,True,1,2,18,,eafc3e08c22f4584,50,0.0,,50,17.24520186909663,0.6512005650252337,0.8341968269766035,27.0
sub1_i04,main,sub1,4,2,True,1,2,18,,28c342054aad1b5a,50,0.0,10.0,10,7.32774902637946,0.22716146466894557,0.8350711568276312,10.0
sub1_i04,main,sub1,4,2,True,1,2,18,,28c342054aad1b5a,50,0.0,20.0,20,10.827564176083033,0.4537793747079142,0.8580622324815335,20.0
sub1_i04,main,sub1,4,2,True,1,2,18,,28c342054aad1b5a,50,0.0,30.0,30,14.560502236842815,0.5517966904209143,0.8441043674477109,27.0
sub1_i04,main,sub1,4,2,True,1,2,18,,28c342054aad1b5a,50,0.0,40.0,40,16.522422878200405,0.6090327398806245,0.8393009940215675,27.0
sub1_i04,main,sub1,4,2,True,1,2,18,,28c342054aad1b5a,50,0.0,,50,17.243391602702932,0.6514807602302998,0.8377861775215842,27.0
sub1_i05,main,sub1,5,1,True,1,2,18,,03464fb3527648a7,50,0.0,10.0,10,7.101081225018018,0.26165428254222933,0.8393095569458006,10.0
sub1_i05,main,sub1,5,1,True,1,2,18,,03464fb3527648a7,50,0.0,20.0,20,10.50976873101056,0.48753318400776147,0.8633342165096904,20.0
sub1_i05,main,sub1,5,1,True,1,2,18,,03464fb3527648a7,50,0.0,30.0,30,13.190052039198742,0.5941370033938851,0.8542082053974126,28.0
sub1_i05,main,sub1,5,1,True,1,2,18,,03464fb3527648a7,50,0.0,40.0,40,14.982483692446776,0.647889946619297,0.8470999766801748,28.0
sub1_i05,main,sub1,5,1,True,1,2,18,,03464fb3527648a7,50,0.0,,50,15.124623121784603,0.677685301231204,0.844942306996604,28.0
sub1_i06,main,sub1,6,7,False,4,6,18,,23243a18912b1546,50,0.6020599913279624,10.0,10,7.575026668982701,0.26508554408440715,0.8271156391637147,10.0
sub1_i06,main,sub1,6,7,False,4,6,18,,23243a18912b1546,50,0.6020599913279624,20.0,20,11.434642116350508,0.46821748310687844,0.867121000640843,20.0
sub1_i06,main,sub1,6,7,False,4,6,18,,23243a18912b1546,50,0.6020599913279624,30.0,30,14.799060110890249,0.5560103531083984,0.8564695919829833,28.0
sub1_i06,main,sub1,6,7,False,4,6,18,,23243a18912b1546,50,0.6020599913279624,40.0,40,16.772799526670394,0.6117953983059778,0.8448520324583215,28.0
sub1_i06,main,sub1,6,7,False,4,6,18,,23243a18912b1546,50,0.6020599913279624,,50,14.078630043447227,0.6714747567715995,0.8432959237423201,28.0
sub1_i07,main,sub1,7,0,True,1,8,18,,e506272d0169d3af,48,0.0,10.0,10,7.700757146741934,0.20772778770847947,0.8089125160118592,10.0
sub1_i07,main,sub1,7,0,True,1,8,18,,e506272d0169d3af,48,0.0,20.0,20,10.208467890001401,0.4726246959394085,0.8597008602055566,20.0
sub1_i07,main,sub1,7,0,True,1,8,18,,e506272d0169d3af,48,0.0,30.0,30,9.141419000540102,0.6154136387496764,0.8757086130657454,30.0
sub1_i07,main,sub1,7,0,True,1,8,18,,e506272d0169d3af,48,0.0,40.0,40,6.012240958510331,0.706393909889262,0.8839150140961989,35.0
sub1_i07,main,sub1,7,0,True,1,8,18,,e506272d0169d3af,48,0.0,,48,4.435756975435642,0.7553547522660848,0.888071312357466,35.0
sub1_i08,main,sub1,8,1,True,1,3,18,,dcfbac33e832f3ef,50,0.0,10.0,10,7.62002152709812,0.22449255429074044,0.8235277364036553,10.0
sub1_i08,main,sub1,8,1,True,1,3,18,,dcfbac33e832f3ef,50,0.0,20.0,20,10.330968638197623,0.4866849524765054,0.8559039927563825,20.0
sub1_i08,main,sub1,8,1,True,1,3,18,,dcfbac33e832f3ef,50,0.0,30.0,30,12.301534754081043,0.6085639453896038,0.85284019833705,28.0
sub1_i08,main,sub1,8,1,True,1,3,18,,dcfbac33e832f3ef,50,0.0,40.0,40,14.08637255450927,0.6618825027399217,0.8468497311025232,28.0
sub1_i08,main,sub1,8,1,True,1,3,18,,dcfbac33e832f3ef,50,0.0,,50,14.216622704646072,0.6888669142427336,0.8442364863972229,28.0
sub1_i09,main,sub1,9,5,False,3,9,18,,94bac3aed12cb94d,50,0.47712125471966244,10.0,10,7.436922422548924,0.2097213865717509,0.8413816514589701,10.0
sub1_i09,main,sub1,9,5,False,3,9,18,,94bac3aed12cb94d,50,0.47712125471966244,20.0,20,11.041795068223303,0.43340615687264905,0.8569672835266012,20.0
sub1_i09,main,sub1,9,5,False,3,9,18,,94bac3aed12cb94d,50,0.47712125471966244,30.0,30,13.753884239304165,0.5430866133076537,0.8470541276125912,28.0
sub1_i09,main,sub1,9,5,False,3,9,18,,94bac3aed12cb94d,50,0.47712125471966244,40.0,40,14.191077357550109,0.6161463900487478,0.8418613721912919,28.0
sub1_i09,main,sub1,9,5,False,3,9,18,,94bac3aed12cb94d,50,0.47712125471966244,,50,10.521555003166386,0.6813497080952009,0.8419423687249273,28.0
sub1_i10,main,sub1,10,4,True,1,6,18,,fa7878ab0e96cdcd,50,0.0,10.0,10,7.017695216966296,0.2681961860508332,0.8453791742897785,10.0
sub1_i10,main,sub1,10,4,True,1,6,18,,fa7878ab0e96cdcd,50,0.0,20.0,20,10.309702042965599,0.5071461256516702,0.8666878805324022,20.0
sub1_i10,main,sub1,10,4,True,1,6,18,,fa7878ab0e96cdcd,50,0.0,30.0,30,12.996573844182564,0.5838081766210396,0.8587141615777623,29.0
sub1_i10,main,sub1,10,4,True,1,6,18,,fa7878ab0e96cdcd,50,0.0,40.0,40,14.452979824350138,0.6201283617961297,0.8508377294104091,29.0
sub1_i10,main,sub1,10,4,True,1,6,18,,fa7878ab0e96cdcd,50,0.0,,50,15.846825631934184,0.6328699911197257,0.8460980832518158,29.0
sub1_i11,main,sub1,11,5,True,1,6,18,,be419dd13c0bb600,50,0.0,10.0,10,7.396079587927305,0.25032265578778035,0.8495399002563456,10.0
sub1_i11,main,sub1,11,5,True,1,6,18,,be419dd13c0bb600,50,0.0,20.0,20,10.513130688254838,0.47914270681131466,0.8550342187419148,20.0
sub1_i11,main,sub1,11,5,True,1,6,18,,be419dd13c0bb600,50,0.0,30.0,30,12.883691858274748,0.593272163126339,0.8432326891978144,27.0
sub1_i11,main,sub1,11,5,True,1,6,18,,be419dd13c0bb600,50,0.0,40.0,40,14.50953922671995,0.6545466432515895,0.8370524378921681,27.0
sub1_i11,main,sub1,11,5,True,1,6,18,,be419dd13c0bb600,50,0.0,,50,12.513567833908608,0.7092054576261265,0.8367689797999454,27.0
sub1_i12,main,sub1,12,0,True,1,9,18,,cf29e8fb372cf27a,48,0.0,10.0,10,7.540435321854621,0.2192474341744777,0.8108943126308137,10.0
sub1_i12,main,sub1,12,0,True,1,9,18,,cf29e8fb372cf27a,48,0.0,20.0,20,9.90629833146506,0.4938349998990029,0.8634002227294436,20.0
sub1_i12,main,sub1,12,0,True,1,9,18,,cf29e8fb372cf27a,48,0.0,30.0,30,9.48925877943665,0.6301715219545062,0.875801162229847,30.0
sub1_i12,main,sub1,12,0,True,1,9,18,,cf29e8fb372cf27a,48,0.0,40.0,40,6.2474069206149805,0.7171196033663693,0.8825123272149251,35.0
sub1_i12,main,sub1,12,0,True,1,9,18,,cf29e8fb372cf27a,48,0.0,,48,4.550691091647238,0.7640413604926177,0.8861031088281848,35.0
sub1_i13,main,sub1,13,6,False,4,8,18,,c491770ba56732b9,50,0.6020599913279624,10.0,10,6.780918409634057,0.2722976193731938,0.8427480639834356,10.0
sub1_i13,main,sub1,13,6,False,4,8,18,,c491770ba56732b9,50,0.6020599913279624,20.0,20,10.648442006043949,0.48103964494295165,0.864941108115144,20.0
sub1_i13,main,sub1,13,6,False,4,8,18,,c491770ba56732b9,50,0.6020599913279624,30.0,30,13.06555980824757,0.589805562950719,0.8542780703637831,28.0
sub1_i13,main,sub1,13,6,False,4,8,18,,c491770ba56732b9,50,0.6020599913279624,40.0,40,13.16967620016078,0.6596274531830981,0.845725313287,28.0
sub1_i13,main,sub1,13,6,False,4,8,18,,c491770ba56732b9,50,0.6020599913279624,,50,10.813023239169189,0.712812348176203,0.8440464422836953,28.0
sub1_i14,main,sub1,14,4,True,1,5,18,,43811c7c4077515c,50,0.0,10.0,10,6.984850653873514,0.24583660110357203,0.8459832951487791,10.0
sub1_i14,main,sub1,14,4,True,1,5,18,,43811c7c4077515c,50,0.0,20.0,20,10.750104142562673,0.4837569804694695,0.8701676469196363,20.0
sub1_i14,main,sub1,14,4,True,1,5,18,,43811c7c4077515c,50,0.0,30.0,30,14.214800982551361,0.5565582164413267,0.8593579277719975,29.0
sub1_i14,main,sub1,14,4,True,1,5,18,,43811c7c4077515c,50,0.0,40.0,40,15.119747572270146,0.5883808532180583,0.8524446974842311,29.0
sub1_i14,main,sub1,14,4,True,1,5,18,,43811c7c4077515c,50,0.0,,50,15.788509903823183,0.5995943605253263,0.8475882567193181,29.0
sub1_i15,main,sub1,15,5,False,2,9,18,,17728a2d38e71fbf,50,0.3010299956639812,10.0,10,7.030404169265442,0.22600128802622532,0.8505228759193665,10.0
sub1_i15,main,sub1,15,5,False,2,9,18,,17728a2d38e71fbf,50,0.3010299956639812,20.0,20,10.293014862160003,0.4546795864010074,0.8587104270396185,20.0
sub1_i15,main,sub1,15,5,False,2,9,18,,17728a2d38e71fbf,50,0.3010299956639812,30.0,30,12.840838099201463,0.5717353147079429,0.8458667265659638,28.0
sub1_i15,main,sub1,15,5,False,2,9,18,,17728a2d38e71fbf,50,0.3010299956639812,40.0,40,13.929892015142578,0.6388115169084667,0.8398048850801529,28.0
sub1_i15,main,sub1,15,5,False,2,9,18,,17728a2d38e71fbf,50,0.3010299956639812,,50,11.114681418638435,0.6971791173224423,0.8406409826110983,28.0
sub1_i16,main,sub1,16,4,True,1,5,18,,5c5483d62cb2a483,50,0.0,10.0,10,7.2098905459567115,0.2510935872188909,0.8458111120270435,10.0
sub1_i16,main,sub1,16,4,True,1,5,18,,5c5483d62cb2a483,50,0.0,20.0,20,10.695916224044133,0.49347008825747735,0.8704407849521941,20.0
sub1_i16,main,sub1,16,4,True,1,5,18,,5c5483d62cb2a483,50,0.0,30.0,30,14.106965046048423,0.5688228510465644,0.8580796099205765,29.0
sub1_i16,main,sub1,16,4,True,1,5,18,,5c5483d62cb2a483,50,0.0,40.0,40,15.363882141361877,0.6116281206263697,0.8509171684721865,29.0
sub1_i16,main,sub1,16,4,True,1,5,18,,5c5483d62cb2a483,50,0.0,,50,16.722896704819252,0.6302854874819676,0.8461449059738849,29.0
sub1_i17,main,sub1,17,6,False,3,9,18,,023e001554242ede,50,0.47712125471966244,10.0,10,7.069074989815303,0.25415962284644794,0.8508812879386495,10.0
sub1_i17,main,sub1,17,6,False,3,9,18,,023e001554242ede,50,0.47712125471966244,20.0,20,11.022495288614921,0.465867242137538,0.8697219082405113,20.0
sub1_i17,main,sub1,17,6,False,3,9,18,,023e001554242ede,50,0.47712125471966244,30.0,30,13.209275480692027,0.579672679211996,0.8562180754599574,29.0
sub1_i17,main,sub1,17,6,False,3,9,18,,023e001554242ede,50,0.47712125471966244,40.0,40,12.596283637028378,0.6534456528154663,0.8486721253669405,29.0
sub1_i17,main,sub1,17,6,False,3,9,18,,023e001554242ede,50,0.47712125471966244,,50,10.200627742824794,0.7099198608590097,0.8463664739536504,29.0
sub1_i18,main,sub1,18,1,True,1,3,18,,61260d114249d2d9,50,0.0,10.0,10,7.351554041119737,0.2378446115455285,0.84177930117669,10.0
sub1_i18,main,sub1,18,1,True,1,3,18,,61260d114249d2d9,50,0.0,20.0,20,10.841217011586215,0.4687514896873936,0.8575418195068419,20.0
sub1_i18,main,sub1,18,1,True,1,3,18,,61260d114249d2d9,50,0.0,30.0,30,12.722436463313114,0.5826074658984361,0.8492610459151434,28.0
sub1_i18,main,sub1,18,1,True,1,3,18,,61260d114249d2d9,50,0.0,40.0,40,13.986831516428783,0.639005472865705,0.8419538050393386,28.0
sub1_i18,main,sub1,18,1,True,1,3,18,,61260d114249d2d9,50,0.0,,50,14.329329196560204,0.6724461555384282,0.83973500320848,28.0
sub1_i19,main,sub1,19,7,False,4,6,18,,93fc024a1b778f05,50,0.6020599913279624,10.0,10,7.3666620872613535,0.24069315237440236,0.8397022094831845,10.0
sub1_i19,main,sub1,19,7,False,4,6,18,,93fc024a1b778f05,50,0.6020599913279624,20.0,20,11.263239277917664,0.43790480830049106,0.8670346472890413,20.0
sub1_i19,main,sub1,19,7,False,4,6,18,,93fc024a1b778f05,50,0.6020599913279624,30.0,30,14.198397646816936,0.5415359559617955,0.8526888973479291,28.0
sub1_i19,main,sub1,19,7,False,4,6,18,,93fc024a1b778f05,50,0.6020599913279624,40.0,40,16.126317141205295,0.5970002460705925,0.8439893012712786,28.0
sub1_i19,main,sub1,19,7,False,4,6,18,,93fc024a1b778f05,50,0.6020599913279624,,50,14.808957708378985,0.6511951402231659,0.8430174734111789,28.0
sub1_i20,main,sub1,20,1,True,1,3,18,,c4cd2d4a473f9c9b,50,0.0,10.0,10,7.36974260913717,0.21863585813259526,0.8319371919830211,10.0
sub1_i20,main,sub1,20,1,True,1,3,18,,c4cd2d4a473f9c9b,50,0.0,20.0,20,10.658191199694397,0.4631101614527906,0.8585667439622374,20.0
sub1_i20,main,sub1,20,1,True,1,3,18,,c4cd2d4a473f9c9b,50,0.0,30.0,30,12.774914867891956,0.5830750818594435,0.8521664571252271,28.0
sub1_i20,main,sub1,20,1,True,1,3,18,,c4cd2d4a473f9c9b,50,0.0,40.0,40,14.086821055813612,0.6427324138023891,0.8452603815528075,28.0
sub1_i20,main,sub1,20,1,True,1,3,18,,c4cd2d4a473f9c9b,50,0.0,,50,14.289144591463055,0.6757849674446269,0.8422848719039858,28.0
sub1_i21,main,sub1,21,1,True,1,3,18,,b8a6d6248df19e87,50,0.0,10.0,10,7.148479105543563,0.1767932950534995,0.8496093543720914,10.0
sub1_i21,main,sub1,21,1,True,1,3,18,,b8a6d6248df19e87,50,0.0,20.0,20,10.944439644360713,0.39934079281022905,0.8598044130862917,20.0
sub1_i21,main,sub1,21,1,True,1,3,18,,b8a6d6248df19e87,50,0.0,30.0,30,13.763448903887387,0.5245777190871167,0.8536294393898678,29.0
sub1_i21,main,sub1,21,1,True,1,3,18,,b8a6d6248df19e87,50,0.0,40.0,40,15.903306896102158,0.5880459286858694,0.8460490666032199,29.0
sub1_i21,main,sub1,21,1,True,1,3,18,,b8a6d6248df19e87,50,0.0,,50,16.223757148003756,0.6265127100153642,0.8433356276544887,29.0
sub1_i22,main,sub1,22,5,False,3,9,18,,5b7c863bff2911ed,50,0.47712125471966244,10.0,10,7.162843478295744,0.2672824290868028,0.838083009208607,10.0
sub1_i22,main,sub1,22,5,False,3,9,18,,5b7c863bff2911ed,50,0.47712125471966244,20.0,20,10.443337967798424,0.46476458149721245,0.8607201037789182,20.0
sub1_i22,main,sub1,22,5,False,3,9,18,,5b7c863bff2911ed,50,0.47712125471966244,30.0,30,13.206403554649771,0.5590637781471315,0.8475787745455347,27.0
sub1_i22,main,sub1,22,5,False,3,9,18,,5b7c863bff2911ed,50,0.47712125471966244,40.0,40,14.89454361035554,0.6243093802267757,0.8388420527256388,27.0
sub1_i22,main,sub1,22,5,False,3,9,18,,5b7c863bff2911ed,50,0.47712125471966244,,50,11.561762817395152,0.6883084990084694,0.8384601254188772,27.0
sub1_i23,main,sub1,23,7,False,4,6,18,,8fc4e43369773718,50,0.6020599913279624,10.0,10,7.217270319572338,0.2499431720603842,0.8366760757378974,10.0
sub1_i23,main,sub1,23,7,False,4,6,18,,8fc4e43369773718,50,0.6020599913279624,20.0,20,10.363067750253569,0.49040572789822284,0.8688658005774922,20.0
sub1_i23,main,sub1,23,7,False,4,6,18,,8fc4e43369773718,50,0.6020599913279624,30.0,30,12.422420681345255,0.5980767371713732,0.8556879764180265,28.0
sub1_i23,main,sub1,23,7,False,4,6,18,,8fc4e43369773718,50,0.6020599913279624,40.0,40,13.833158359161455,0.6546735611186394,0.8453784970996151,28.0
sub1_i23,main,sub1,23,7,False,4,6,18,,8fc4e43369773718,50,0.6020599913279624,,50,12.118594061114914,0.7083322348329725,0.8445260477901677,28.0
add_2d_i00,main,add_2d,0,63,False,2,5,20,,ccb8f36b8b217630,49,0.3010299956639812,10.0,10,7.658162676444204,0.2375420575804642,0.8486007414430443,10.0
add_2d_i00,main,add_2d,0,63,False,2,5,20,,ccb8f36b8b217630,49,0.3010299956639812,20.0,20,12.148930046907092,0.4059464335853325,0.8360235710488536,20.0
add_2d_i00,main,add_2d,0,63,False,2,5,20,,ccb8f36b8b217630,49,0.3010299956639812,30.0,30,15.44066917554638,0.4614723903788548,0.8270603546092996,25.0
add_2d_i00,main,add_2d,0,63,False,2,5,20,,ccb8f36b8b217630,49,0.3010299956639812,40.0,40,16.085202099468894,0.5257038469278421,0.8290489424191263,25.0
add_2d_i00,main,add_2d,0,63,False,2,5,20,,ccb8f36b8b217630,49,0.3010299956639812,,49,15.853418880490578,0.5562294264625273,0.8299187101830644,25.0
add_2d_i01,main,add_2d,1,74,False,3,4,20,,a663873966f0a7ed,49,0.47712125471966244,10.0,10,7.962529183323419,0.1588118597715048,0.8344161054659154,10.0
add_2d_i01,main,add_2d,1,74,False,3,4,20,,a663873966f0a7ed,49,0.47712125471966244,20.0,20,13.214642310935934,0.32219725175625624,0.8329516697890763,20.0
add_2d_i01,main,add_2d,1,74,False,3,4,20,,a663873966f0a7ed,49,0.47712125471966244,30.0,30,14.599553878207011,0.3962691633436787,0.8292956871145595,25.0
add_2d_i01,main,add_2d,1,74,False,3,4,20,,a663873966f0a7ed,49,0.47712125471966244,40.0,40,14.87606356549243,0.4582272026762702,0.8259755105660724,25.0
add_2d_i01,main,add_2d,1,74,False,3,4,20,,a663873966f0a7ed,49,0.47712125471966244,,49,13.934842070137861,0.4864988502604848,0.8265639827255646,25.0
add_2d_i02,main,add_2d,2,44,False,2,4,20,,7cd167fb7a161c6c,50,0.3010299956639812,10.0,10,7.880007490841878,0.14817500123550867,0.842404237650086,10.0
add_2d_i02,main,add_2d,2,44,False,2,4,20,,7cd167fb7a161c6c,50,0.3010299956639812,20.0,20,11.198727283248063,0.3693960712842356,0.8366799936157391,20.0
add_2d_i02,main,add_2d,2,44,False,2,4,20,,7cd167fb7a161c6c,50,0.3010299956639812,30.0,30,13.493434519613027,0.47661957126513355,0.8319396813792427,26.0
add_2d_i02,main,add_2d,2,44,False,2,4,20,,7cd167fb7a161c6c,50,0.3010299956639812,40.0,40,15.079438630105853,0.5386796304811258,0.830564542108378,26.0
add_2d_i02,main,add_2d,2,44,False,2,4,20,,7cd167fb7a161c6c,50,0.3010299956639812,,50,16.10396186344847,0.5718581877024631,0.8291797930520856,26.0
add_2d_i03,main,add_2d,3,57,True,1,5,20,,b354248e51a17e36,49,0.0,10.0,10,8.18290418572437,0.09812559142987048,0.8551879894397976,10.0
add_2d_i03,main,add_2d,3,57,True,1,5,20,,b354248e51a17e36,49,0.0,20.0,20,13.966950219988853,0.27473318037786515,0.8296631891359839,20.0
add_2d_i03,main,add_2d,3,57,True,1,5,20,,b354248e51a17e36,49,0.0,30.0,30,15.36437969981628,0.39861046161493474,0.825547551032191,25.0
add_2d_i03,main,add_2d,3,57,True,1,5,20,,b354248e51a17e36,49,0.0,40.0,40,16.222018694974793,0.4909790041484946,0.8282304740059294,25.0
add_2d_i03,main,add_2d,3,57,True,1,5,20,,b354248e51a17e36,49,0.0,,49,17.157249759396866,0.544318221429588,0.8288748484064977,25.0
add_2d_i04,main,add_2d,4,43,True,1,5,20,,78d3f888e169db18,50,0.0,10.0,10,8.139000261962401,0.17388324011258033,0.8526048187370411,10.0
add_2d_i04,main,add_2d,4,43,True,1,5,20,,78d3f888e169db18,50,0.0,20.0,20,13.236878907428908,0.33642452724187677,0.8228813002126615,20.0
add_2d_i04,main,add_2d,4,43,True,1,5,20,,78d3f888e169db18,50,0.0,30.0,30,13.10036541436286,0.4349886502437336,0.8237800364133864,25.0
add_2d_i04,main,add_2d,4,43,True,1,5,20,,78d3f888e169db18,50,0.0,40.0,40,14.735386256042554,0.5086080758251682,0.8243235722902278,25.0
add_2d_i04,main,add_2d,4,43,True,1,5,20,,78d3f888e169db18,50,0.0,,50,15.119343950027387,0.5572971800385212,0.8237072331669505,25.0
add_2d_i05,main,add_2d,5,68,True,1,5,20,,2d2906acd96c3166,49,0.0,10.0,10,8.069879488217527,0.1745241516036529,0.8344819050389243,10.0
add_2d_i05,main,add_2d,5,68,True,1,5,20,,2d2906acd96c3166,49,0.0,20.0,20,12.70115391807226,0.3536778619623431,0.8272837157839112,20.0
add_2d_i05,main,add_2d,5,68,True,1,5,20,,2d2906acd96c3166,49,0.0,30.0,30,13.590170316121968,0.4309717409416965,0.83893157984072,27.0
add_2d_i05,main,add_2d,5,68,True,1,5,20,,2d2906acd96c3166,49,0.0,40.0,40,13.782484975209787,0.4848626494969625,0.8411619024531924,27.0
add_2d_i05,main,add_2d,5,68,True,1,5,20,,2d2906acd96c3166,49,0.0,,49,14.272475077987563,0.4976521744906955,0.8386399451626595,27.0
add_2d_i06,main,add_2d,6,71,False,4,3,20,,a7c01a16fbc9602a,49,0.6020599913279624,10.0,10,7.962376398592661,0.1770109322724962,0.844084024938277,10.0
add_2d_i06,main,add_2d,6,71,False,4,3,20,,a7c01a16fbc9602a,49,0.6020599913279624,20.0,20,12.29981912733337,0.38165139764874995,0.8286844453160808,20.0
add_2d_i06,main,add_2d,6,71,False,4,3,20,,a7c01a16fbc9602a,49,0.6020599913279624,30.0,30,13.557826524313667,0.46092850390371565,0.824227850347337,25.0
add_2d_i06,main,add_2d,6,71,False,4,3,20,,a7c01a16fbc9602a,49,0.6020599913279624,40.0,40,13.874471892421843,0.5113708181906838,0.8234513558708845,25.0
add_2d_i06,main,add_2d,6,71,False,4,3,20,,a7c01a16fbc9602a,49,0.6020599913279624,,49,13.26435629249807,0.5297024626278896,0.8252999058195567,25.0
add_2d_i07,main,add_2d,7,79,True,1,5,20,,c94e7a0e55563108,49,0.0,10.0,10,7.673714075312403,0.23469733841820034,0.8581868746566155,10.0
add_2d_i07,main,add_2d,7,79,True,1,5,20,,c94e7a0e55563108,49,0.0,20.0,20,12.962914531059818,0.3378614823471747,0.8386530092819293,20.0
add_2d_i07,main,add_2d,7,79,True,1,5,20,,c94e7a0e55563108,49,0.0,30.0,30,14.305810059140653,0.40760663404447106,0.8322876975425032,26.0
add_2d_i07,main,add_2d,7,79,True,1,5,20,,c94e7a0e55563108,49,0.0,40.0,40,15.24224893576912,0.45945431529309544,0.8278885445978748,26.0
add_2d_i07,main,add_2d,7,79,True,1,5,20,,c94e7a0e55563108,49,0.0,,49,14.671266996601814,0.47374736758269204,0.8269395658968299,26.0
add_2d_i08,main,add_2d,8,61,False,2,5,20,,b3529eb0b4a7644b,50,0.3010299956639812,10.0,10,8.288238168583666,0.1858084684518114,0.8443691156383194,10.0
add_2d_i08,main,add_2d,8,61,False,2,5,20,,b3529eb0b4a7644b,50,0.3010299956639812,20.0,20,12.36956083099875,0.3835740558865608,0.8317696274920567,20.0
add_2d_i08,main,add_2d,8,61,False,2,5,20,,b3529eb0b4a7644b,50,0.3010299956639812,30.0,30,13.62707616085115,0.4734061454592183,0.8306478363377827,25.0
add_2d_i08,main,add_2d,8,61,False,2,5,20,,b3529eb0b4a7644b,50,0.3010299956639812,40.0,40,15.552183473896475,0.5217238323866942,0.8282589208348858,25.0
add_2d_i08,main,add_2d,8,61,False,2,5,20,,b3529eb0b4a7644b,50,0.3010299956639812,,50,15.174229071757797,0.5410769967275434,0.8289378811018853,25.0
add_2d_i09,main,add_2d,9,75,True,1,4,20,,4d13db48119eb07e,49,0.0,10.0,10,7.805988919778607,0.18114789053370098,0.8527660035137627,10.0
add_2d_i09,main,add_2d,9,75,True,1,4,20,,4d13db48119eb07e,49,0.0,20.0,20,11.326618122874432,0.40221752902609653,0.8316801514959452,20.0
add_2d_i09,main,add_2d,9,75,True,1,4,20,,4d13db48119eb07e,49,0.0,30.0,30,11.445785970215404,0.4823508083188462,0.8315003156233283,26.0
add_2d_i09,main,add_2d,9,75,True,1,4,20,,4d13db48119eb07e,49,0.0,40.0,40,12.158737078684954,0.5137197888542967,0.8307794891880642,26.0
add_2d_i09,main,add_2d,9,75,True,1,4,20,,4d13db48119eb07e,49,0.0,,49,11.60367550880596,0.5295903580500937,0.8331297863553557,26.0
add_2d_i10,main,add_2d,10,54,True,1,6,20,,89173629edb8a609,50,0.0,10.0,10,8.174365301714618,0.11634576764357413,0.8458803826138788,10.0
add_2d_i10,main,add_2d,10,54,True,1,6,20,,89173629edb8a609,50,0.0,20.0,20,13.805671736046422,0.27570096545358413,0.8299069453032133,20.0
add_2d_i10,main,add_2d,10,54,True,1,6,20,,89173629edb8a609,50,0.0,30.0,30,15.67290698602863,0.35234528022169187,0.8263691765218616,25.0
add_2d_i10,main,add_2d,10,54,True,1,6,20,,89173629edb8a609,50,0.0,40.0,40,16.634005390915167,0.422688790668245,0.8262452958915534,25.0
add_2d_i10,main,add_2d,10,54,True,1,6,20,,89173629edb8a609,50,0.0,,50,16.600332512665872,0.4677044981356256,0.8280652980323719,25.0
add_2d_i11,main,add_2d,11,80,False,2,3,20,,cd03709c44185982,49,0.3010299956639812,10.0,10,8.428134774468798,0.10326352838883518,0.8509694700255542,10.0
add_2d_i11,main,add_2d,11,80,False,2,3,20,,cd03709c44185982,49,0.3010299956639812,20.0,20,13.316001377667899,0.2591289328570376,0.8355621037108664,20.0
add_2d_i11,main,add_2d,11,80,False,2,3,20,,cd03709c44185982,49,0.3010299956639812,30.0,30,14.330733907043825,0.37538495451329756,0.8352061900566493,27.0
add_2d_i11,main,add_2d,11,80,False,2,3,20,,cd03709c44185982,49,0.3010299956639812,40.0,40,16.117340438907764,0.44598482879616885,0.8297393731362493,27.0
add_2d_i11,main,add_2d,11,80,False,2,3,20,,cd03709c44185982,49,0.3010299956639812,,49,16.64279551788484,0.47798294821043186,0.8291588214702228,27.0
add_2d_i12,main,add_2d,12,58,False,3,6,20,,e9a3810dbfb61280,49,0.47712125471966244,10.0,10,8.141679074633148,0.1613667055048824,0.8451028869011136,10.0
add_2d_i12,main,add_2d,12,58,False,3,6,20,,e9a3810dbfb61280,49,0.47712125471966244,20.0,20,12.930713031033768,0.3388490005155078,0.8352750374525668,20.0
add_2d_i12,main,add_2d,12,58,False,3,6,20,,e9a3810dbfb61280,49,0.47712125471966244,30.0,30,14.003779537555763,0.43046152007001176,0.8328999703289004,26.0
add_2d_i12,main,add_2d,12,58,False,3,6,20,,e9a3810dbfb61280,49,0.47712125471966244,40.0,40,14.831550726859346,0.4850952606849411,0.8309304355571725,26.0
add_2d_i12,main,add_2d,12,58,False,3,6,20,,e9a3810dbfb61280,49,0.47712125471966244,,49,13.579676713676585,0.5079518222943885,0.8329242883330821,26.0
add_2d_i13,main,add_2d,13,36,True,1,5,20,,42cb283f34c395eb,49,0.0,10.0,10,8.05195942444446,0.19617661928153185,0.8458027988929934,10.0
add_2d_i13,main,add_2d,13,36,True,1,5,20,,42cb283f34c395eb,49,0.0,20.0,20,11.627840665349884,0.40794348280852927,0.8442853600026783,20.0
add_2d_i13,main,add_2d,13,36,True,1,5,20,,42cb283f34c395eb,49,0.0,30.0,30,11.6967285631147,0.5045383073161965,0.8411012821913305,27.0
add_2d_i13,main,add_2d,13,36,True,1,5,20,,42cb283f34c395eb,49,0.0,40.0,40,13.553752516553633,0.5641933919985016,0.8372327264172303,27.0
add_2d_i13,main,add_2d,13,36,True,1,5,20,,42cb283f34c395eb,49,0.0,,49,14.849949966458079,0.5950758998947562,0.8365408060596731,27.0
add_2d_i14,main,add_2d,14,70,False,2,5,20,,8bc46de767019d9d,50,0.3010299956639812,10.0,10,7.709061803737667,0.23876602091288263,0.8493777751922315,10.0
add_2d_i14,main,add_2d,14,70,False,2,5,20,,8bc46de767019d9d,50,0.3010299956639812,20.0,20,11.019967091467368,0.4418896723508163,0.8369287789685302,20.0
add_2d_i14,main,add_2d,14,70,False,2,5,20,,8bc46de767019d9d,50,0.3010299956639812,30.0,30,12.358245315024385,0.5372743607344097,0.8340564815289597,26.0
add_2d_i14,main,add_2d,14,70,False,2,5,20,,8bc46de767019d9d,50,0.3010299956639812,40.0,40,12.120261713631981,0.6172381300031221,0.8277799133117983,26.0
add_2d_i14,main,add_2d,14,70,False,2,5,20,,8bc46de767019d9d,50,0.3010299956639812,,50,11.733764978463629,0.6517811561237032,0.8228894942557141,26.0
add_2d_i15,main,add_2d,15,91,True,1,3,20,,1777659d4c834f2a,51,0.0,10.0,10,7.738849298346754,0.21019960494108164,0.8546546378425645,10.0
add_2d_i15,main,add_2d,15,91,True,1,3,20,,1777659d4c834f2a,51,0.0,20.0,20,11.8684587284181,0.3731137131493134,0.8403437373207494,20.0
add_2d_i15,main,add_2d,15,91,True,1,3,20,,1777659d4c834f2a,51,0.0,30.0,30,13.866638723142174,0.4387989914506715,0.831526250353606,26.0
add_2d_i15,main,add_2d,15,91,True,1,3,20,,1777659d4c834f2a,51,0.0,40.0,40,15.251442397858805,0.522615440800474,0.8249221053634294,26.0
add_2d_i15,main,add_2d,15,91,True,1,3,20,,1777659d4c834f2a,51,0.0,,51,14.71037373509474,0.5738115474051408,0.8244463282514274,26.0
add_2d_i16,main,add_2d,16,71,False,3,4,20,,19f1135556af3b4c,49,0.47712125471966244,10.0,10,8.220800799903405,0.11774996515845013,0.8511032654942644,10.0
add_2d_i16,main,add_2d,16,71,False,3,4,20,,19f1135556af3b4c,49,0.47712125471966244,20.0,20,12.974855451143842,0.34500189555493427,0.8250845229185259,20.0
add_2d_i16,main,add_2d,16,71,False,3,4,20,,19f1135556af3b4c,49,0.47712125471966244,30.0,30,13.341070962439636,0.4550068427522519,0.8243925359755033,25.0
add_2d_i16,main,add_2d,16,71,False,3,4,20,,19f1135556af3b4c,49,0.47712125471966244,40.0,40,14.285686712576355,0.5103826913509502,0.8219405708569532,25.0
add_2d_i16,main,add_2d,16,71,False,3,4,20,,19f1135556af3b4c,49,0.47712125471966244,,49,15.054499184328584,0.532911770070156,0.822342257482904,25.0
add_2d_i17,main,add_2d,17,47,True,1,5,20,,76bdc3a1d4d64998,49,0.0,10.0,10,7.695428837334275,0.23980933761894452,0.849176039308616,10.0
add_2d_i17,main,add_2d,17,47,True,1,5,20,,76bdc3a1d4d64998,49,0.0,20.0,20,11.945914499000777,0.40934192646393236,0.8324099725551981,20.0
add_2d_i17,main,add_2d,17,47,True,1,5,20,,76bdc3a1d4d64998,49,0.0,30.0,30,11.14960396454442,0.5050883024931216,0.8370150795439298,27.0
add_2d_i17,main,add_2d,17,47,True,1,5,20,,76bdc3a1d4d64998,49,0.0,40.0,40,12.480720870369197,0.5577707933724942,0.8334303308460823,27.0
add_2d_i17,main,add_2d,17,47,True,1,5,20,,76bdc3a1d4d64998,49,0.0,,49,12.555469299286722,0.5935217960086899,0.8324749930457819,27.0
add_2d_i18,main,add_2d,18,87,False,3,3,20,,57b98dc9b671f5f7,50,0.47712125471966244,10.0,10,7.7942906142468145,0.21496023317213767,0.8463928160251973,10.0
add_2d_i18,main,add_2d,18,87,False,3,3,20,,57b98dc9b671f5f7,50,0.47712125471966244,20.0,20,12.740156335532484,0.3544103696489353,0.847013274674184,20.0
add_2d_i18,main,add_2d,18,87,False,3,3,20,,57b98dc9b671f5f7,50,0.47712125471966244,30.0,30,14.742965113075526,0.4471273088893486,0.8412931252240247,27.0
add_2d_i18,main,add_2d,18,87,False,3,3,20,,57b98dc9b671f5f7,50,0.47712125471966244,40.0,40,14.877504255440794,0.5178101249027508,0.8319192907261672,27.0
add_2d_i18,main,add_2d,18,87,False,3,3,20,,57b98dc9b671f5f7,50,0.47712125471966244,,50,15.60247938335661,0.5475024932295989,0.8240465628712338,27.0
add_2d_i19,main,add_2d,19,62,True,1,6,20,,c832ec957266cc9c,50,0.0,10.0,10,7.773624119676796,0.17161868087447793,0.8466134464050331,10.0
add_2d_i19,main,add_2d,19,62,True,1,6,20,,c832ec957266cc9c,50,0.0,20.0,20,12.853790044607646,0.3592790719613781,0.8216549082737469,20.0
add_2d_i19,main,add_2d,19,62,True,1,6,20,,c832ec957266cc9c,50,0.0,30.0,30,13.618549350815437,0.43351200225770004,0.8268178046908702,25.0
add_2d_i19,main,add_2d,19,62,True,1,6,20,,c832ec957266cc9c,50,0.0,40.0,40,15.959122376578758,0.4708983916458189,0.8242000430459648,25.0
add_2d_i19,main,add_2d,19,62,True,1,6,20,,c832ec957266cc9c,50,0.0,,50,17.610405166504766,0.4943943640210283,0.824685917796995,25.0
add_2d_i20,main,add_2d,20,69,False,4,5,20,,8e1ca91f407cef49,49,0.6020599913279624,10.0,10,8.368216431465486,0.11990930193735297,0.8501506335410973,10.0
add_2d_i20,main,add_2d,20,69,False,4,5,20,,8e1ca91f407cef49,49,0.6020599913279624,20.0,20,13.064248513216222,0.29556553426820115,0.8407625988392784,20.0
add_2d_i20,main,add_2d,20,69,False,4,5,20,,8e1ca91f407cef49,49,0.6020599913279624,30.0,30,13.976088476985467,0.3997922134952337,0.836511168208039,27.0
add_2d_i20,main,add_2d,20,69,False,4,5,20,,8e1ca91f407cef49,49,0.6020599913279624,40.0,40,15.321593170393614,0.4725387414365319,0.8314856475439877,27.0
add_2d_i20,main,add_2d,20,69,False,4,5,20,,8e1ca91f407cef49,49,0.6020599913279624,,49,15.755270986918985,0.5011014562339168,0.8305323682378389,27.0
add_2d_i21,main,add_2d,21,60,False,3,5,20,,5b64fedfcf51018a,50,0.47712125471966244,10.0,10,8.0157813089004,0.16172613965337593,0.8397808504067558,10.0
add_2d_i21,main,add_2d,21,60,False,3,5,20,,5b64fedfcf51018a,50,0.47712125471966244,20.0,20,10.967657039764736,0.3858773605286491,0.842118434595597,20.0
add_2d_i21,main,add_2d,21,60,False,3,5,20,,5b64fedfcf51018a,50,0.47712125471966244,30.0,30,11.135243618875531,0.4653758331424957,0.8424208877068001,27.0
add_2d_i21,main,add_2d,21,60,False,3,5,20,,5b64fedfcf51018a,50,0.47712125471966244,40.0,40,11.949853793577788,0.5098421239872888,0.8383931502234059,27.0
add_2d_i21,main,add_2d,21,60,False,3,5,20,,5b64fedfcf51018a,50,0.47712125471966244,,50,12.138220002636228,0.5276108829113856,0.8346292758796741,27.0
add_2d_i22,main,add_2d,22,67,False,2,6,20,,915f01d66bf53015,49,0.3010299956639812,10.0,10,7.415558786909544,0.28169500150396093,0.8458299932636411,10.0
add_2d_i22,main,add_2d,22,67,False,2,6,20,,915f01d66bf53015,49,0.3010299956639812,20.0,20,12.03917940205905,0.39487304996514533,0.8301199612488535,20.0
add_2d_i22,main,add_2d,22,67,False,2,6,20,,915f01d66bf53015,49,0.3010299956639812,30.0,30,12.245176247336977,0.4693912608636566,0.8329285370737242,26.0
add_2d_i22,main,add_2d,22,67,False,2,6,20,,915f01d66bf53015,49,0.3010299956639812,40.0,40,13.206706815346656,0.5212586584924621,0.8272915689188263,26.0
add_2d_i22,main,add_2d,22,67,False,2,6,20,,915f01d66bf53015,49,0.3010299956639812,,49,14.185545746621187,0.553342689737607,0.8251726874369709,26.0
add_2d_i23,main,add_2d,23,41,False,3,5,20,,c4bbd3cc72b2ecb5,49,0.47712125471966244,10.0,10,7.698338615128691,0.24212835956686213,0.8481336715734714,10.0
add_2d_i23,main,add_2d,23,41,False,3,5,20,,c4bbd3cc72b2ecb5,49,0.47712125471966244,20.0,20,11.415241107175987,0.43588737258783466,0.8358175391889955,20.0
add_2d_i23,main,add_2d,23,41,False,3,5,20,,c4bbd3cc72b2ecb5,49,0.47712125471966244,30.0,30,11.368508847310938,0.5163891511532219,0.8392505215612115,27.0
add_2d_i23,main,add_2d,23,41,False,3,5,20,,c4bbd3cc72b2ecb5,49,0.47712125471966244,40.0,40,12.367813374065342,0.5673621083604561,0.8353802072133881,27.0
add_2d_i23,main,add_2d,23,41,False,3,5,20,,c4bbd3cc72b2ecb5,49,0.47712125471966244,,49,13.93575257131855,0.5916138051526062,0.8317210174851869,27.0
compare_i00,main,compare,0,83,True,1,2,23,,99d4c2961ca46305,50,0.0,10.0,10,8.037954475401747,0.2178749681064986,0.8226262098940675,10.0
compare_i00,main,compare,0,83,True,1,2,23,,99d4c2961ca46305,50,0.0,20.0,20,12.126044019512134,0.3794638732208032,0.8456333363259712,20.0
compare_i00,main,compare,0,83,True,1,2,23,,99d4c2961ca46305,50,0.0,30.0,30,11.92340716769903,0.46276270627179233,0.8546977415913753,29.0
compare_i00,main,compare,0,83,True,1,2,23,,99d4c2961ca46305,50,0.0,40.0,40,9.92505153788987,0.5319271418055986,0.8553799353658836,29.0
compare_i00,main,compare,0,83,True,1,2,23,,99d4c2961ca46305,50,0.0,,50,9.671720440871212,0.5764717531268215,0.8523941970896861,29.0
compare_i01,main,compare,1,54,True,1,2,22,,5d020f421057067f,50,0.0,10.0,10,8.056204857665435,0.19990079894986454,0.8324803281233133,10.0
compare_i01,main,compare,1,54,True,1,2,22,,5d020f421057067f,50,0.0,20.0,20,12.58780432582109,0.3874938197086433,0.8380183633930179,20.0
compare_i01,main,compare,1,54,True,1,2,22,,5d020f421057067f,50,0.0,30.0,30,13.407539632122365,0.46770443505083525,0.8408590774854552,27.0
compare_i01,main,compare,1,54,True,1,2,22,,5d020f421057067f,50,0.0,40.0,40,11.865470119636553,0.5150145705072438,0.8370013051141656,27.0
compare_i01,main,compare,1,54,True,1,2,22,,5d020f421057067f,50,0.0,,50,11.331987209295281,0.5440118691527187,0.8330206326755868,27.0
compare_i02,main,compare,2,52,False,2,3,23,,a412f9c4537839b5,50,0.3010299956639812,10.0,10,7.785106362752206,0.21710083008873135,0.8408117085125899,10.0
compare_i02,main,compare,2,52,False,2,3,23,,a412f9c4537839b5,50,0.3010299956639812,20.0,20,12.634601375170618,0.30553082145566884,0.841749585074012,20.0
compare_i02,main,compare,2,52,False,2,3,23,,a412f9c4537839b5,50,0.3010299956639812,30.0,30,15.136455654216089,0.4047503088936276,0.8341481373928035,26.0
compare_i02,main,compare,2,52,False,2,3,23,,a412f9c4537839b5,50,0.3010299956639812,40.0,40,15.254444968514587,0.5042284364759226,0.8377144153449486,26.0
compare_i02,main,compare,2,52,False,2,3,23,,a412f9c4537839b5,50,0.3010299956639812,,50,13.412536469113657,0.5735061452537227,0.8420339941005734,26.0
compare_i03,main,compare,3,89,True,1,4,23,,47626dac4ac9a6f1,49,0.0,10.0,10,7.891236571387686,0.1692058021381048,0.8309298686831142,10.0
compare_i03,main,compare,3,89,True,1,4,23,,47626dac4ac9a6f1,49,0.0,20.0,20,12.229162986131167,0.3084622459998869,0.8399831968701749,20.0
compare_i03,main,compare,3,89,True,1,4,23,,47626dac4ac9a6f1,49,0.0,30.0,30,13.114246069992058,0.4102560991803919,0.8445520912445632,28.0
compare_i03,main,compare,3,89,True,1,4,23,,47626dac4ac9a6f1,49,0.0,40.0,40,12.40140314096693,0.4810044047254429,0.8436804695853704,28.0
compare_i03,main,compare,3,89,True,1,4,23,,47626dac4ac9a6f1,49,0.0,,49,11.793186941211607,0.5277126501035198,0.8433705316382613,28.0
compare_i04,main,compare,4,75,True,1,3,22,,308d315b589c0eef,49,0.0,10.0,10,8.378298943458429,0.11703455081224175,0.8373069334319145,10.0
compare_i04,main,compare,4,75,True,1,3,22,,308d315b589c0eef,49,0.0,20.0,20,13.563681406916041,0.2986737078066208,0.8329849533385606,20.0
compare_i04,main,compare,4,75,True,1,3,22,,308d315b589c0eef,49,0.0,30.0,30,16.00506818133197,0.388121304076997,0.8284099438055483,25.0
compare_i04,main,compare,4,75,True,1,3,22,,308d315b589c0eef,49,0.0,40.0,40,15.737734074117895,0.40312203320106055,0.8282883444719892,25.0
compare_i04,main,compare,4,75,True,1,3,22,,308d315b589c0eef,49,0.0,,49,15.356683433726312,0.4082258269888319,0.8297182081645879,25.0
compare_i05,main,compare,5,96,True,1,2,23,,8aac79b647143bba,50,0.0,10.0,10,8.004879752849586,0.1832134211761188,0.8307121171103509,10.0
compare_i05,main,compare,5,96,True,1,2,23,,8aac79b647143bba,50,0.0,20.0,20,12.492545605246141,0.3466457350788353,0.8455216868377755,20.0
compare_i05,main,compare,5,96,True,1,2,23,,8aac79b647143bba,50,0.0,30.0,30,13.956468440348095,0.43469767470574633,0.8457777455651415,28.0
compare_i05,main,compare,5,96,True,1,2,23,,8aac79b647143bba,50,0.0,40.0,40,14.61684297354092,0.5066785161686143,0.8426852687415127,28.0
compare_i05,main,compare,5,96,True,1,2,23,,8aac79b647143bba,50,0.0,,50,13.79020377318556,0.5625938270654891,0.8385805876062471,28.0
compare_i06,main,compare,6,82,True,1,3,23,,d77c9b6a01eb15b0,49,0.0,10.0,10,7.897822005752292,0.20692566183767247,0.8353988412195228,10.0
compare_i06,main,compare,6,82,True,1,3,23,,d77c9b6a01eb15b0,49,0.0,20.0,20,12.427598267353462,0.31500954510505674,0.8506746418903998,20.0
compare_i06,main,compare,6,82,True,1,3,23,,d77c9b6a01eb15b0,49,0.0,30.0,30,12.835134617878822,0.4272169891221655,0.8539307895962216,29.0
compare_i06,main,compare,6,82,True,1,3,23,,d77c9b6a01eb15b0,49,0.0,40.0,40,13.64677766436338,0.5024213107726672,0.8515190911926622,29.0
compare_i06,main,compare,6,82,True,1,3,23,,d77c9b6a01eb15b0,49,0.0,,49,13.829061257959436,0.5621147128142322,0.8501603146828014,29.0
compare_i07,main,compare,7,55,False,2,8,22,,93f84c7ab2724b6d,49,0.3010299956639812,10.0,10,7.789611433770853,0.2235754942760383,0.8376927246870635,10.0
compare_i07,main,compare,7,55,False,2,8,22,,93f84c7ab2724b6d,49,0.3010299956639812,20.0,20,12.974672058206632,0.30918243586962096,0.8465284088044547,20.0
compare_i07,main,compare,7,55,False,2,8,22,,93f84c7ab2724b6d,49,0.3010299956639812,30.0,30,14.417514944315833,0.3606245956147954,0.8410868425533452,27.0
compare_i07,main,compare,7,55,False,2,8,22,,93f84c7ab2724b6d,49,0.3010299956639812,40.0,40,13.598000617470712,0.3785019442000027,0.8411082305728071,27.0
compare_i07,main,compare,7,55,False,2,8,22,,93f84c7ab2724b6d,49,0.3010299956639812,,49,12.570419735517909,0.3759476202154958,0.84122807864216,27.0
compare_i08,main,compare,8,92,True,1,3,23,,a4e89fd4a392d53f,50,0.0,10.0,10,8.146212955192063,0.19888477538504812,0.8245803399922043,10.0
compare_i08,main,compare,8,92,True,1,3,23,,a4e89fd4a392d53f,50,0.0,20.0,20,12.238948149261322,0.4038167130359282,0.840630294764126,20.0
compare_i08,main,compare,8,92,True,1,3,23,,a4e89fd4a392d53f,50,0.0,30.0,30,12.502972158525559,0.48966309732898256,0.8410380167026261,27.0
compare_i08,main,compare,8,92,True,1,3,23,,a4e89fd4a392d53f,50,0.0,40.0,40,13.67994117735912,0.5476436080167415,0.8380204575158362,27.0
compare_i08,main,compare,8,92,True,1,3,23,,a4e89fd4a392d53f,50,0.0,,50,15.623563489049667,0.5953547678187987,0.8355762735799084,27.0
compare_i09,main,compare,9,46,True,1,3,23,,b9e695055547dfd8,50,0.0,10.0,10,8.431771734883116,0.16223133205991808,0.8268760020679561,10.0
compare_i09,main,compare,9,46,True,1,3,23,,b9e695055547dfd8,50,0.0,20.0,20,12.7711899526158,0.3701700861541452,0.8396750378241117,20.0
compare_i09,main,compare,9,46,True,1,3,23,,b9e695055547dfd8,50,0.0,30.0,30,12.99065534781572,0.4848644597552201,0.8365417979588851,26.0
compare_i09,main,compare,9,46,True,1,3,23,,b9e695055547dfd8,50,0.0,40.0,40,13.291667491117657,0.5552186346894334,0.8395889218581143,26.0
compare_i09,main,compare,9,46,True,1,3,23,,b9e695055547dfd8,50,0.0,,50,12.94809005909785,0.6005649033128491,0.843808443023036,26.0
compare_i10,main,compare,10,36,True,1,2,23,,7b1245969856af85,50,0.0,10.0,10,8.00762607825267,0.155633345406237,0.8241301049216917,10.0
compare_i10,main,compare,10,36,True,1,2,23,,7b1245969856af85,50,0.0,20.0,20,12.947389839155427,0.3347820488539015,0.8357171132030766,20.0
compare_i10,main,compare,10,36,True,1,2,23,,7b1245969856af85,50,0.0,30.0,30,13.859239100167947,0.4544776331836294,0.8330500349918611,26.0
compare_i10,main,compare,10,36,True,1,2,23,,7b1245969856af85,50,0.0,40.0,40,13.90010980701279,0.5205727890482706,0.831102705188067,26.0
compare_i10,main,compare,10,36,True,1,2,23,,7b1245969856af85,50,0.0,,50,15.111352877209939,0.564238798360492,0.8298587433648389,26.0
compare_i11,main,compare,11,79,True,1,2,22,,fccf76ef84932ff4,50,0.0,10.0,10,8.070411677573512,0.16831297935773143,0.8498182622748135,10.0
compare_i11,main,compare,11,79,True,1,2,22,,fccf76ef84932ff4,50,0.0,20.0,20,12.573736860940565,0.23455957095975255,0.8507374626245116,20.0
compare_i11,main,compare,11,79,True,1,2,22,,fccf76ef84932ff4,50,0.0,30.0,30,14.72440763036689,0.32642549359756423,0.8420274208062091,27.0
compare_i11,main,compare,11,79,True,1,2,22,,fccf76ef84932ff4,50,0.0,40.0,40,15.61139077531177,0.41211054857325036,0.8377317832971997,27.0
compare_i11,main,compare,11,79,True,1,2,22,,fccf76ef84932ff4,50,0.0,,50,14.05127225814439,0.4741112450396286,0.8381561102738352,27.0
compare_i12,main,compare,12,26,True,1,2,23,,823461e06d6af052,50,0.0,10.0,10,8.121534594834817,0.1993016121240333,0.8388468472690341,10.0
compare_i12,main,compare,12,26,True,1,2,23,,823461e06d6af052,50,0.0,20.0,20,12.953237811519838,0.3031771106944115,0.8453735311063209,20.0
compare_i12,main,compare,12,26,True,1,2,23,,823461e06d6af052,50,0.0,30.0,30,13.76812079197978,0.39805612815030955,0.8442112419644038,28.0
compare_i12,main,compare,12,26,True,1,2,23,,823461e06d6af052,50,0.0,40.0,40,12.298342979426831,0.47729564252496515,0.8407661942237246,28.0
compare_i12,main,compare,12,26,True,1,2,23,,823461e06d6af052,50,0.0,,50,12.257615941237646,0.5251163458962246,0.8362196595503608,28.0
compare_i13,main,compare,13,81,True,1,5,23,,bab09579e7145023,50,0.0,10.0,10,8.18394627256882,0.12982330026726918,0.8241228159275157,10.0
compare_i13,main,compare,13,81,True,1,5,23,,bab09579e7145023,50,0.0,20.0,20,12.780099856175756,0.3476744876423861,0.835965237242326,20.0
compare_i13,main,compare,13,81,True,1,5,23,,bab09579e7145023,50,0.0,30.0,30,13.917791755913196,0.47579021647302594,0.8415161432632006,27.0
compare_i13,main,compare,13,81,True,1,5,23,,bab09579e7145023,50,0.0,40.0,40,14.13844756593594,0.550862824440733,0.838682438591506,27.0
compare_i13,main,compare,13,81,True,1,5,23,,bab09579e7145023,50,0.0,,50,12.96600016646263,0.6014700218113029,0.8387764794565971,27.0
compare_i14,main,compare,14,32,True,1,12,23,,86224eabfc9ea9bf,50,0.0,10.0,10,8.156214625764516,0.18673538452596483,0.8354930443920269,10.0
compare_i14,main,compare,14,32,True,1,12,23,,86224eabfc9ea9bf,50,0.0,20.0,20,12.465491124871201,0.3220014044936206,0.8471652809024162,20.0
compare_i14,main,compare,14,32,True,1,12,23,,86224eabfc9ea9bf,50,0.0,30.0,30,12.0828105534907,0.43244603568559975,0.8505693425257341,29.0
compare_i14,main,compare,14,32,True,1,12,23,,86224eabfc9ea9bf,50,0.0,40.0,40,11.606612599089404,0.5103449245943568,0.8455792092720702,29.0
compare_i14,main,compare,14,32,True,1,12,23,,86224eabfc9ea9bf,50,0.0,,50,10.893873544613223,0.5595570124257396,0.8422289259970495,29.0
compare_i15,main,compare,15,87,True,1,4,23,,28fa3d2cde224983,49,0.0,10.0,10,8.121935263452501,0.20005750067430667,0.8222348864020581,10.0
compare_i15,main,compare,15,87,True,1,4,23,,28fa3d2cde224983,49,0.0,20.0,20,12.639378852172486,0.38758398070842953,0.8510989085016419,20.0
compare_i15,main,compare,15,87,True,1,4,23,,28fa3d2cde224983,49,0.0,30.0,30,15.94083374428712,0.44838460973436195,0.8441392800393601,27.0
compare_i15,main,compare,15,87,True,1,4,23,,28fa3d2cde224983,49,0.0,40.0,40,16.25766252037136,0.5239030062110627,0.8419484357794516,27.0
compare_i15,main,compare,15,87,True,1,4,23,,28fa3d2cde224983,49,0.0,,49,15.655249744564943,0.573601072507714,0.842382053750548,27.0
compare_i16,main,compare,16,63,True,1,2,23,,eca7ef079269e5d4,50,0.0,10.0,10,8.110227729318268,0.143967307343917,0.8480050082661582,10.0
compare_i16,main,compare,16,63,True,1,2,23,,eca7ef079269e5d4,50,0.0,20.0,20,12.626235335909548,0.28089941284168995,0.8442672710250344,20.0
compare_i16,main,compare,16,63,True,1,2,23,,eca7ef079269e5d4,50,0.0,30.0,30,13.671278864791468,0.3404151251885618,0.8443218229799954,28.0
compare_i16,main,compare,16,63,True,1,2,23,,eca7ef079269e5d4,50,0.0,40.0,40,14.59083280414693,0.3949148717035317,0.8384259694415493,28.0
compare_i16,main,compare,16,63,True,1,2,23,,eca7ef079269e5d4,50,0.0,,50,15.471698482309613,0.449382764593311,0.8368570860317825,28.0
compare_i17,main,compare,17,68,True,1,2,23,,6deecf89bf7c5426,50,0.0,10.0,10,7.619490613987768,0.2453648920976114,0.8232194153509754,10.0
compare_i17,main,compare,17,68,True,1,2,23,,6deecf89bf7c5426,50,0.0,20.0,20,12.587118394080926,0.36202961092170105,0.8445181272776362,20.0
compare_i17,main,compare,17,68,True,1,2,23,,6deecf89bf7c5426,50,0.0,30.0,30,13.801283011463257,0.42954735839800356,0.8390283028551466,26.0
compare_i17,main,compare,17,68,True,1,2,23,,6deecf89bf7c5426,50,0.0,40.0,40,14.754303653261456,0.49389316535085087,0.832103716876428,26.0
compare_i17,main,compare,17,68,True,1,2,23,,6deecf89bf7c5426,50,0.0,,50,15.512625962814699,0.5434607729821209,0.8329089769905397,26.0
compare_i18,main,compare,18,22,True,1,2,23,,b9bdf736020b290c,49,0.0,10.0,10,8.076100853506986,0.1782907662983649,0.8390297917767015,10.0
compare_i18,main,compare,18,22,True,1,2,23,,b9bdf736020b290c,49,0.0,20.0,20,12.25198072455721,0.26481069302869914,0.8498965169389767,20.0
compare_i18,main,compare,18,22,True,1,2,23,,b9bdf736020b290c,49,0.0,30.0,30,11.66031531342983,0.36900137567994346,0.8496270255073727,28.0
compare_i18,main,compare,18,22,True,1,2,23,,b9bdf736020b290c,49,0.0,40.0,40,11.141492533698052,0.4481726454852505,0.8468290246168078,28.0
compare_i18,main,compare,18,22,True,1,2,23,,b9bdf736020b290c,49,0.0,,49,12.373117082498014,0.49959594880335007,0.8433880323566217,28.0
compare_i19,main,compare,19,59,True,1,5,23,,7c51bd41aa856ccc,50,0.0,10.0,10,8.153837691791264,0.20295218278922594,0.8326037508622404,10.0
compare_i19,main,compare,19,59,True,1,5,23,,7c51bd41aa856ccc,50,0.0,20.0,20,11.85966032070559,0.396724986491844,0.8417884754864696,20.0
compare_i19,main,compare,19,59,True,1,5,23,,7c51bd41aa856ccc,50,0.0,30.0,30,11.899838488782683,0.5021088261123897,0.8426403563591939,28.0
compare_i19,main,compare,19,59,True,1,5,23,,7c51bd41aa856ccc,50,0.0,40.0,40,11.124125265927855,0.5561768219499366,0.8417727568429899,28.0
compare_i19,main,compare,19,59,True,1,5,23,,7c51bd41aa856ccc,50,0.0,,50,10.808367841590904,0.5937027032154526,0.8407996522075739,28.0
compare_i20,main,compare,20,30,True,1,2,23,,c912e9a02dcb12bd,49,0.0,10.0,10,8.092000489923327,0.19064787677412653,0.8396857258755607,10.0
compare_i20,main,compare,20,30,True,1,2,23,,c912e9a02dcb12bd,49,0.0,20.0,20,12.808042460932832,0.35810045526437584,0.8329804073623474,20.0
compare_i20,main,compare,20,30,True,1,2,23,,c912e9a02dcb12bd,49,0.0,30.0,30,16.098269784933862,0.4074287718131586,0.8315698462461809,26.0
compare_i20,main,compare,20,30,True,1,2,23,,c912e9a02dcb12bd,49,0.0,40.0,40,15.875925877567658,0.40286065145008926,0.8373423247060267,26.0
compare_i20,main,compare,20,30,True,1,2,23,,c912e9a02dcb12bd,49,0.0,,49,14.395493652030977,0.39230975586500966,0.8397314325643386,26.0
compare_i21,main,compare,21,38,True,1,2,23,,9c480ecd8bbb2bde,50,0.0,10.0,10,7.621515741162956,0.25351364288510475,0.8451099653002428,10.0
compare_i21,main,compare,21,38,True,1,2,23,,9c480ecd8bbb2bde,50,0.0,20.0,20,12.7615083463047,0.35617609431826264,0.845146093703023,20.0
compare_i21,main,compare,21,38,True,1,2,23,,9c480ecd8bbb2bde,50,0.0,30.0,30,12.586861000668003,0.4527585869584851,0.8450834513809538,28.0
compare_i21,main,compare,21,38,True,1,2,23,,9c480ecd8bbb2bde,50,0.0,40.0,40,12.03292060151351,0.5236322199803188,0.8427307521882773,28.0
compare_i21,main,compare,21,38,True,1,2,23,,9c480ecd8bbb2bde,50,0.0,,50,13.288552877538011,0.5721302089571929,0.8395909199474797,28.0
compare_i22,main,compare,22,19,True,1,3,23,,2e681cd1c7874381,49,0.0,10.0,10,8.158287909261178,0.15453680408673443,0.8241035663264097,10.0
compare_i22,main,compare,22,19,True,1,3,23,,2e681cd1c7874381,49,0.0,20.0,20,13.291223620903777,0.33103025635081207,0.8325043374360758,20.0
compare_i22,main,compare,22,19,True,1,3,23,,2e681cd1c7874381,49,0.0,30.0,30,15.356611722666646,0.4339445835966043,0.8379878833369496,26.0
compare_i22,main,compare,22,19,True,1,3,23,,2e681cd1c7874381,49,0.0,40.0,40,16.64935322312776,0.4765448965760024,0.843044774222726,26.0
compare_i22,main,compare,22,19,True,1,3,23,,2e681cd1c7874381,49,0.0,,49,16.73750051479575,0.4995589725393346,0.8456108635513001,26.0
compare_i23,main,compare,23,74,True,1,3,22,,d48083e0d3aa7f44,50,0.0,10.0,10,8.106609990511652,0.19550789387784503,0.8296380114042663,10.0
compare_i23,main,compare,23,74,True,1,3,22,,d48083e0d3aa7f44,50,0.0,20.0,20,13.236707835579889,0.3363276996335839,0.8395437532786562,20.0
compare_i23,main,compare,23,74,True,1,3,22,,d48083e0d3aa7f44,50,0.0,30.0,30,14.49359424572633,0.43128120687755717,0.8387491601900938,27.0
compare_i23,main,compare,23,74,True,1,3,22,,d48083e0d3aa7f44,50,0.0,40.0,40,13.847358077617995,0.4805001080343811,0.8324732715234112,27.0
compare_i23,main,compare,23,74,True,1,3,22,,d48083e0d3aa7f44,50,0.0,,50,14.869570708522584,0.5214163978103787,0.826708037283599,27.0
count4_i00,main,count4,0,3,False,7,2,28,,6d5965fcc25c8c47,38,0.8450980400142568,10.0,10,7.503073714773326,0.23771869924216318,0.8364001631591312,10.0
count4_i00,main,count4,0,3,False,7,2,28,,6d5965fcc25c8c47,38,0.8450980400142568,20.0,20,12.993018979061588,0.3804445896092162,0.8749623251982228,20.0
count4_i00,main,count4,0,3,False,7,2,28,,6d5965fcc25c8c47,38,0.8450980400142568,30.0,30,16.274263276448362,0.37760646234458,0.8982290223297261,30.0
count4_i00,main,count4,0,3,False,7,2,28,,6d5965fcc25c8c47,38,0.8450980400142568,40.0,38,15.1613076303026,0.3385315052891528,0.9104931292126633,38.0
count4_i00,main,count4,0,3,False,7,2,28,,6d5965fcc25c8c47,38,0.8450980400142568,,38,15.1613076303026,0.3385315052891528,0.9104931292126633,38.0
count4_i01,main,count4,1,4,False,2,1,28,,98203f4f1819a053,45,0.3010299956639812,10.0,10,7.246180173247773,0.24476520927277828,0.8205624347273089,10.0
count4_i01,main,count4,1,4,False,2,1,28,,98203f4f1819a053,45,0.3010299956639812,20.0,20,11.774891862239391,0.43958004337441187,0.8735032138207847,20.0
count4_i01,main,count4,1,4,False,2,1,28,,98203f4f1819a053,45,0.3010299956639812,30.0,30,14.703332719679427,0.5170442488040857,0.8960404088858611,30.0
count4_i01,main,count4,1,4,False,2,1,28,,98203f4f1819a053,45,0.3010299956639812,40.0,40,17.20889069579899,0.5236441726642811,0.9061240986016728,40.0
count4_i01,main,count4,1,4,False,2,1,28,,98203f4f1819a053,45,0.3010299956639812,,45,17.53395616371993,0.5004351488653025,0.9073671846239898,42.0
count4_i02,main,count4,2,3,False,4,2,28,,7ef6d473055de66a,45,0.6020599913279624,10.0,10,7.7458832448009,0.21627986832614898,0.8388276288517671,10.0
count4_i02,main,count4,2,3,False,4,2,28,,7ef6d473055de66a,45,0.6020599913279624,20.0,20,11.579422225025331,0.4508437999681477,0.8712842466885821,20.0
count4_i02,main,count4,2,3,False,4,2,28,,7ef6d473055de66a,45,0.6020599913279624,30.0,30,13.626322894856997,0.5500625923029897,0.8870757878465628,30.0
count4_i02,main,count4,2,3,False,4,2,28,,7ef6d473055de66a,45,0.6020599913279624,40.0,40,14.477398954278886,0.5874310047871474,0.8981725151143403,40.0
count4_i02,main,count4,2,3,False,4,2,28,,7ef6d473055de66a,45,0.6020599913279624,,45,14.10035482365213,0.5839025193130234,0.900801069911491,40.0
count4_i03,main,count4,3,0,False,6,12,28,,624d8c2644841380,46,0.7781512503836436,10.0,10,7.586770280027981,0.2599033801271385,0.8496789562510744,10.0
count4_i03,main,count4,3,0,False,6,12,28,,624d8c2644841380,46,0.7781512503836436,20.0,20,13.018317515555912,0.40256615281123403,0.8653277431797042,20.0
count4_i03,main,count4,3,0,False,6,12,28,,624d8c2644841380,46,0.7781512503836436,30.0,30,15.588358862831463,0.4965556561023058,0.8823032220711355,30.0
count4_i03,main,count4,3,0,False,6,12,28,,624d8c2644841380,46,0.7781512503836436,40.0,40,17.082464828501013,0.5275793293297327,0.8909282243128582,38.0
count4_i03,main,count4,3,0,False,6,12,28,,624d8c2644841380,46,0.7781512503836436,,46,16.016774652053865,0.5336304146449637,0.8945838844573777,38.0
count4_i04,main,count4,4,2,False,4,2,28,,bc62408a9e84531b,45,0.6020599913279624,10.0,10,7.271165962542725,0.25507704754226085,0.8324483664777371,10.0
count4_i04,main,count4,4,2,False,4,2,28,,bc62408a9e84531b,45,0.6020599913279624,20.0,20,11.509758599168405,0.46255483577281054,0.8664011466540269,20.0
count4_i04,main,count4,4,2,False,4,2,28,,bc62408a9e84531b,45,0.6020599913279624,30.0,30,12.517867117240591,0.5804007779651646,0.890421400259994,30.0
count4_i04,main,count4,4,2,False,4,2,28,,bc62408a9e84531b,45,0.6020599913279624,40.0,40,13.266995459863368,0.6264053325399161,0.9016337278704653,40.0
count4_i04,main,count4,4,2,False,4,2,28,,bc62408a9e84531b,45,0.6020599913279624,,45,13.046898970324738,0.6254076176596619,0.9035050103573959,41.0
count4_i05,main,count4,5,1,True,1,5,28,,db2fe79f6ada5dd1,41,0.0,10.0,10,7.537728115908975,0.23560445294189375,0.8393120151994953,10.0
count4_i05,main,count4,5,1,True,1,5,28,,db2fe79f6ada5dd1,41,0.0,20.0,20,12.866078685684572,0.35363601284109497,0.8844909112703233,20.0
count4_i05,main,count4,5,1,True,1,5,28,,db2fe79f6ada5dd1,41,0.0,30.0,30,14.52190600500824,0.35661419686695567,0.9063245723778125,30.0
count4_i05,main,count4,5,1,True,1,5,28,,db2fe79f6ada5dd1,41,0.0,40.0,40,11.576513431301866,0.29655121647225074,0.9193626174539772,40.0
count4_i05,main,count4,5,1,True,1,5,28,,db2fe79f6ada5dd1,41,0.0,,41,11.199965761140783,0.2872628581910458,0.9202415759961152,41.0
count4_i06,main,count4,6,2,False,5,2,28,,3a86c5db4b02e9eb,44,0.6989700043360189,10.0,10,7.041286375326637,0.28940541995980684,0.8312808130492925,10.0
count4_i06,main,count4,6,2,False,5,2,28,,3a86c5db4b02e9eb,44,0.6989700043360189,20.0,20,12.422463257882205,0.4207717519820003,0.8753947363905061,20.0
count4_i06,main,count4,6,2,False,5,2,28,,3a86c5db4b02e9eb,44,0.6989700043360189,30.0,30,15.547402526971638,0.4760667725066377,0.8951273761371646,30.0
count4_i06,main,count4,6,2,False,5,2,28,,3a86c5db4b02e9eb,44,0.6989700043360189,40.0,40,16.79751987633146,0.45457486824003385,0.9066780230651111,40.0
count4_i06,main,count4,6,2,False,5,2,28,,3a86c5db4b02e9eb,44,0.6989700043360189,,44,15.91361799629768,0.431967400781498,0.9090057414215038,44.0
count4_i07,main,count4,7,1,True,1,2,28,,f842cbc371d4afd2,40,0.0,10.0,10,7.549046130467091,0.22575271693601362,0.8410740028475164,10.0
count4_i07,main,count4,7,1,True,1,2,28,,f842cbc371d4afd2,40,0.0,20.0,20,12.10790709290841,0.4329372924973375,0.863556874319423,20.0
count4_i07,main,count4,7,1,True,1,2,28,,f842cbc371d4afd2,40,0.0,30.0,30,13.679919969714945,0.525332914211027,0.8857497567111008,30.0
count4_i07,main,count4,7,1,True,1,2,28,,f842cbc371d4afd2,40,0.0,40.0,40,14.412122146747784,0.5518360053201352,0.8988085457268168,40.0
count4_i07,main,count4,7,1,True,1,2,28,,f842cbc371d4afd2,40,0.0,,40,14.412122146747784,0.5518360053201352,0.8988085457268168,40.0
count4_i08,main,count4,8,0,True,1,4,28,,359cc5f6d9e919a9,43,0.0,10.0,10,7.388968575224764,0.2623941920500137,0.8378718783476319,10.0
count4_i08,main,count4,8,0,True,1,4,28,,359cc5f6d9e919a9,43,0.0,20.0,20,12.368090477395642,0.43444597966450726,0.8750442567656392,20.0
count4_i08,main,count4,8,0,True,1,4,28,,359cc5f6d9e919a9,43,0.0,30.0,30,15.36152823057826,0.49943201080405697,0.8916833315697247,30.0
count4_i08,main,count4,8,0,True,1,4,28,,359cc5f6d9e919a9,43,0.0,40.0,40,16.884537922364256,0.4986179735289826,0.8990582800157559,40.0
count4_i08,main,count4,8,0,True,1,4,28,,359cc5f6d9e919a9,43,0.0,,43,16.59334271462512,0.48103046758713125,0.9012325433237607,43.0
count4_i09,main,count4,9,2,False,4,2,28,,379cc6115578744d,46,0.6020599913279624,10.0,10,7.358029328054767,0.21622370705881733,0.8630847564193437,10.0
count4_i09,main,count4,9,2,False,4,2,28,,379cc6115578744d,46,0.6020599913279624,20.0,20,12.777281325842324,0.35708919230262726,0.8804443520877017,20.0
count4_i09,main,count4,9,2,False,4,2,28,,379cc6115578744d,46,0.6020599913279624,30.0,30,14.56338016417477,0.4790487521805991,0.8923988713025114,30.0
count4_i09,main,count4,9,2,False,4,2,28,,379cc6115578744d,46,0.6020599913279624,40.0,40,14.372190903703752,0.5490862046949533,0.9015044429090827,40.0
count4_i09,main,count4,9,2,False,4,2,28,,379cc6115578744d,46,0.6020599913279624,,46,14.149109813356088,0.5572190997916476,0.9023850816953715,41.0
count4_i10,main,count4,10,4,False,7,2,28,,8fd376a8a34e7f63,44,0.8450980400142568,10.0,10,7.21650261375132,0.2668797078923999,0.8349699641443084,10.0
count4_i10,main,count4,10,4,False,7,2,28,,8fd376a8a34e7f63,44,0.8450980400142568,20.0,20,11.00568114723531,0.47271675719804185,0.8680565045674147,20.0
count4_i10,main,count4,10,4,False,7,2,28,,8fd376a8a34e7f63,44,0.8450980400142568,30.0,30,13.35917677913435,0.539879369779537,0.8920729944792143,30.0
count4_i10,main,count4,10,4,False,7,2,28,,8fd376a8a34e7f63,44,0.8450980400142568,40.0,40,16.123304420312362,0.5141776011985671,0.902972514657913,40.0
count4_i10,main,count4,10,4,False,7,2,28,,8fd376a8a34e7f63,44,0.8450980400142568,,44,15.930069619188313,0.48595848459852925,0.9050419433962895,42.0
count4_i11,main,count4,11,3,False,6,2,28,,0f5b16f01bd1a18e,46,0.7781512503836436,10.0,10,7.593841113976013,0.20605831203594127,0.8494498208439127,10.0
count4_i11,main,count4,11,3,False,6,2,28,,0f5b16f01bd1a18e,46,0.7781512503836436,20.0,20,12.702126090894996,0.30599092278856943,0.8836649349460806,20.0
count4_i11,main,count4,11,3,False,6,2,28,,0f5b16f01bd1a18e,46,0.7781512503836436,30.0,30,15.142831302139466,0.3589215385071345,0.8953533094267943,30.0
count4_i11,main,count4,11,3,False,6,2,28,,0f5b16f01bd1a18e,46,0.7781512503836436,40.0,40,15.213465491758813,0.3708777609370588,0.9044028436647515,40.0
count4_i11,main,count4,11,3,False,6,2,28,,0f5b16f01bd1a18e,46,0.7781512503836436,,46,13.916754118935948,0.35120148182087596,0.9070102066230512,44.0
count4_i12,main,count4,12,4,False,5,3,28,,380b1c77a5408134,44,0.6989700043360189,10.0,10,7.568508468390215,0.23101110206958714,0.8271472079259097,10.0
count4_i12,main,count4,12,4,False,5,3,28,,380b1c77a5408134,44,0.6989700043360189,20.0,20,13.205121152258375,0.37598206431551806,0.8759440131500282,20.0
count4_i12,main,count4,12,4,False,5,3,28,,380b1c77a5408134,44,0.6989700043360189,30.0,30,16.601264709364482,0.4337956720524218,0.8975632925634647,30.0
count4_i12,main,count4,12,4,False,5,3,28,,380b1c77a5408134,44,0.6989700043360189,40.0,40,17.60000632558254,0.4009871662693632,0.9103946276631233,40.0
count4_i12,main,count4,12,4,False,5,3,28,,380b1c77a5408134,44,0.6989700043360189,,44,16.456114802234477,0.3752128536726111,0.9123681129258185,44.0
count4_i13,main,count4,13,2,False,5,2,28,,a63409bd1c12b747,41,0.6989700043360189,10.0,10,7.613555979476832,0.23795072791129332,0.8272623317330364,10.0
count4_i13,main,count4,13,2,False,5,2,28,,a63409bd1c12b747,41,0.6989700043360189,20.0,20,12.999332592044238,0.40340433552358496,0.8716725880799037,20.0
count4_i13,main,count4,13,2,False,5,2,28,,a63409bd1c12b747,41,0.6989700043360189,30.0,30,16.027114422608076,0.4609191763890575,0.8947610543425477,30.0
count4_i13,main,count4,13,2,False,5,2,28,,a63409bd1c12b747,41,0.6989700043360189,40.0,40,17.97551121456739,0.44735761920628364,0.9062783487601628,40.0
count4_i13,main,count4,13,2,False,5,2,28,,a63409bd1c12b747,41,0.6989700043360189,,41,17.767658407531503,0.44136943670776585,0.907010468266189,41.0
count4_i14,main,count4,14,3,False,4,5,28,,a75c3b61ec28d84c,46,0.6020599913279624,10.0,10,7.457224753044353,0.24149940862469255,0.8332532091908661,10.0
count4_i14,main,count4,14,3,False,4,5,28,,a75c3b61ec28d84c,46,0.6020599913279624,20.0,20,12.46827352310965,0.41950235384849693,0.8722207561658502,20.0
count4_i14,main,count4,14,3,False,4,5,28,,a75c3b61ec28d84c,46,0.6020599913279624,30.0,30,15.312655288087644,0.48106881751984265,0.890988907045885,30.0
count4_i14,main,count4,14,3,False,4,5,28,,a75c3b61ec28d84c,46,0.6020599913279624,40.0,40,17.34925538733535,0.4680422473205371,0.9019065489537982,40.0
count4_i14,main,count4,14,3,False,4,5,28,,a75c3b61ec28d84c,46,0.6020599913279624,,46,16.6803494137718,0.44527497955298134,0.9040797229616973,41.0
count4_i15,main,count4,15,4,False,6,2,28,,114fbc6dde7bfacf,44,0.7781512503836436,10.0,10,7.505032955576373,0.24175465287178563,0.8347875975759801,10.0
count4_i15,main,count4,15,4,False,6,2,28,,114fbc6dde7bfacf,44,0.7781512503836436,20.0,20,12.457025596982417,0.4115327099978598,0.8694859982815724,20.0
count4_i15,main,count4,15,4,False,6,2,28,,114fbc6dde7bfacf,44,0.7781512503836436,30.0,30,15.591394350404787,0.4611053102279199,0.8906392652850746,30.0
count4_i15,main,count4,15,4,False,6,2,28,,114fbc6dde7bfacf,44,0.7781512503836436,40.0,40,16.259551125729896,0.4482240430999518,0.9019096980809103,40.0
count4_i15,main,count4,15,4,False,6,2,28,,114fbc6dde7bfacf,44,0.7781512503836436,,44,15.19691063743236,0.41944348493393663,0.9051590647879555,44.0
count4_i16,main,count4,16,3,False,5,4,28,,db4b69f9c521eb93,46,0.6989700043360189,10.0,10,7.592607820731298,0.22752277480114863,0.8339675010170929,10.0
count4_i16,main,count4,16,3,False,5,4,28,,db4b69f9c521eb93,46,0.6989700043360189,20.0,20,12.347047560073392,0.4209317154511692,0.874533340011326,20.0
count4_i16,main,count4,16,3,False,5,4,28,,db4b69f9c521eb93,46,0.6989700043360189,30.0,30,14.912168147672233,0.5057285288105235,0.8908334722077813,30.0
count4_i16,main,count4,16,3,False,5,4,28,,db4b69f9c521eb93,46,0.6989700043360189,40.0,40,15.74624718549454,0.5438599406776182,0.8986300733149583,40.0
count4_i16,main,count4,16,3,False,5,4,28,,db4b69f9c521eb93,46,0.6989700043360189,,46,15.365434959819142,0.5347110934640907,0.9006205834316592,40.0
count4_i17,main,count4,17,2,False,5,2,28,,fea582b8e448953b,47,0.6989700043360189,10.0,10,7.257399739747634,0.2629111772723195,0.8297128856117414,10.0
count4_i17,main,count4,17,2,False,5,2,28,,fea582b8e448953b,47,0.6989700043360189,20.0,20,11.57617178613771,0.45422609160533634,0.8636441723763494,20.0
count4_i17,main,count4,17,2,False,5,2,28,,fea582b8e448953b,47,0.6989700043360189,30.0,30,13.334932464968476,0.5397850354781757,0.8912567504069488,30.0
count4_i17,main,count4,17,2,False,5,2,28,,fea582b8e448953b,47,0.6989700043360189,40.0,40,14.598469146295443,0.5695582524061084,0.9033802205121807,40.0
count4_i17,main,count4,17,2,False,5,2,28,,fea582b8e448953b,47,0.6989700043360189,,47,13.599530623843963,0.5878101572367866,0.9053675356839911,41.0
count4_i18,main,count4,18,3,False,6,2,28,,49f839fc15c92f48,36,0.7781512503836436,10.0,10,7.8164777192609876,0.2211848131354396,0.8322687451769394,10.0
count4_i18,main,count4,18,3,False,6,2,28,,49f839fc15c92f48,36,0.7781512503836436,20.0,20,13.462851195398043,0.33583692549436545,0.8775788674516309,20.0
count4_i18,main,count4,18,3,False,6,2,28,,49f839fc15c92f48,36,0.7781512503836436,30.0,30,13.601598232410927,0.2952531840802521,0.9055004970138824,30.0
count4_i18,main,count4,18,3,False,6,2,28,,49f839fc15c92f48,36,0.7781512503836436,40.0,36,11.205436834948424,0.2499118999377681,0.9171209145894206,36.0
count4_i18,main,count4,18,3,False,6,2,28,,49f839fc15c92f48,36,0.7781512503836436,,36,11.205436834948424,0.2499118999377681,0.9171209145894206,36.0
count4_i19,main,count4,19,1,True,1,2,28,,7686a472a57ad16c,36,0.0,10.0,10,7.474353151261369,0.23162718421498793,0.8466690284441724,10.0
count4_i19,main,count4,19,1,True,1,2,28,,7686a472a57ad16c,36,0.0,20.0,20,12.942758798036817,0.3706906551798432,0.8711544059750385,20.0
count4_i19,main,count4,19,1,True,1,2,28,,7686a472a57ad16c,36,0.0,30.0,30,15.371409364272408,0.4071696482218623,0.8892441178072836,30.0
count4_i19,main,count4,19,1,True,1,2,28,,7686a472a57ad16c,36,0.0,40.0,36,14.671819414665284,0.3783011180208789,0.9019751801283772,36.0
count4_i19,main,count4,19,1,True,1,2,28,,7686a472a57ad16c,36,0.0,,36,14.671819414665284,0.3783011180208789,0.9019751801283772,36.0
count4_i20,main,count4,20,2,False,6,2,28,,34b82f01581e9753,47,0.7781512503836436,10.0,10,7.302972654317648,0.26559220745504647,0.8364900876346779,10.0
count4_i20,main,count4,20,2,False,6,2,28,,34b82f01581e9753,47,0.7781512503836436,20.0,20,12.42403812583919,0.42820305071684694,0.8779428620709039,20.0
count4_i20,main,count4,20,2,False,6,2,28,,34b82f01581e9753,47,0.7781512503836436,30.0,30,15.209184738164478,0.49847708714767924,0.893697774611278,30.0
count4_i20,main,count4,20,2,False,6,2,28,,34b82f01581e9753,47,0.7781512503836436,40.0,40,16.46408599659902,0.5069165361662804,0.9021969010877394,40.0
count4_i20,main,count4,20,2,False,6,2,28,,34b82f01581e9753,47,0.7781512503836436,,47,15.726517494431983,0.4977039873531655,0.9041728866652813,41.0
count4_i21,main,count4,21,2,False,7,2,28,,4ffed39ed3ff0c4f,44,0.8450980400142568,10.0,10,7.224589142119755,0.3044988414195006,0.8297971865606988,10.0
count4_i21,main,count4,21,2,False,7,2,28,,4ffed39ed3ff0c4f,44,0.8450980400142568,20.0,20,12.5085595876652,0.4332731469455513,0.8789931063871463,20.0
count4_i21,main,count4,21,2,False,7,2,28,,4ffed39ed3ff0c4f,44,0.8450980400142568,30.0,30,15.187456975890854,0.47046556350506613,0.8967963686945488,30.0
count4_i21,main,count4,21,2,False,7,2,28,,4ffed39ed3ff0c4f,44,0.8450980400142568,40.0,40,14.821874042071093,0.4470086971389961,0.9065997753562581,40.0
count4_i21,main,count4,21,2,False,7,2,28,,4ffed39ed3ff0c4f,44,0.8450980400142568,,44,13.748674939235313,0.42030575782974566,0.9089565792502938,44.0
count4_i22,main,count4,22,2,False,6,2,28,,016ee6deb12a8615,44,0.7781512503836436,10.0,10,7.600858663921763,0.243119587197218,0.8349466154305835,10.0
count4_i22,main,count4,22,2,False,6,2,28,,016ee6deb12a8615,44,0.7781512503836436,20.0,20,12.759694074609394,0.4100335066504144,0.8707518702605496,20.0
count4_i22,main,count4,22,2,False,6,2,28,,016ee6deb12a8615,44,0.7781512503836436,30.0,30,16.06046439857482,0.46768258659565654,0.8878776673765177,30.0
count4_i22,main,count4,22,2,False,6,2,28,,016ee6deb12a8615,44,0.7781512503836436,40.0,40,16.838548628219304,0.4751140164371013,0.8992800633124431,40.0
count4_i22,main,count4,22,2,False,6,2,28,,016ee6deb12a8615,44,0.7781512503836436,,44,16.26806032453798,0.45237716031289993,0.9017111493684734,41.0
count4_i23,main,count4,23,1,True,1,2,28,,54239321fd8cbbd8,45,0.0,10.0,10,7.69731254281081,0.23235229199112364,0.8404567563790298,10.0
count4_i23,main,count4,23,1,True,1,2,28,,54239321fd8cbbd8,45,0.0,20.0,20,12.806290893209864,0.3985852736711664,0.8741147150825304,20.0
count4_i23,main,count4,23,1,True,1,2,28,,54239321fd8cbbd8,45,0.0,30.0,30,14.673912567156057,0.5042314376212493,0.8898067172844939,30.0
count4_i23,main,count4,23,1,True,1,2,28,,54239321fd8cbbd8,45,0.0,40.0,40,15.617034143515454,0.538672429356221,0.8981552437361147,40.0
count4_i23,main,count4,23,1,True,1,2,28,,54239321fd8cbbd8,45,0.0,,45,15.238221472708835,0.5308285157639819,0.9003054063265252,40.0
count8_i00,main,count8,0,5,False,6,4,32,,df169342ba623e54,47,0.7781512503836436,10.0,10,7.42242499469661,0.21459039110171224,0.8512908933861201,10.0
count8_i00,main,count8,0,5,False,6,4,32,,df169342ba623e54,47,0.7781512503836436,20.0,20,12.387791352217732,0.3810080574800776,0.8725479439407977,20.0
count8_i00,main,count8,0,5,False,6,4,32,,df169342ba623e54,47,0.7781512503836436,30.0,30,14.373117126023503,0.44420309922984796,0.8895244819605508,30.0
count8_i00,main,count8,0,5,False,6,4,32,,df169342ba623e54,47,0.7781512503836436,40.0,40,14.17844764464137,0.5030055266368941,0.9012127554674055,40.0
count8_i00,main,count8,0,5,False,6,4,32,,df169342ba623e54,47,0.7781512503836436,,47,12.663476961981095,0.5445675315047893,0.9042360163283131,42.0
count8_i01,main,count8,1,5,False,9,4,32,,7662707f738a134b,46,0.9542425094393249,10.0,10,7.749231340052843,0.21695163366090148,0.8421330217017043,10.0
count8_i01,main,count8,1,5,False,9,4,32,,7662707f738a134b,46,0.9542425094393249,20.0,20,12.927907783230959,0.3987938220170469,0.8754959467763118,20.0
count8_i01,main,count8,1,5,False,9,4,32,,7662707f738a134b,46,0.9542425094393249,30.0,30,15.695239891923162,0.48516368524695475,0.888993557624104,30.0
count8_i01,main,count8,1,5,False,9,4,32,,7662707f738a134b,46,0.9542425094393249,40.0,40,15.768525134244074,0.5481561116882641,0.901782761741195,40.0
count8_i01,main,count8,1,5,False,9,4,32,,7662707f738a134b,46,0.9542425094393249,,46,14.173181957551542,0.5771046317122472,0.9052643403047275,42.0
count8_i02,main,count8,2,6,False,10,3,32,,ee95cb03aa4762a2,47,1.0,10.0,10,7.325802053364576,0.27236627934696295,0.8400279006488428,10.0
count8_i02,main,count8,2,6,False,10,3,32,,ee95cb03aa4762a2,47,1.0,20.0,20,12.124533940353603,0.44246478851626875,0.8704634147447888,20.0
count8_i02,main,count8,2,6,False,10,3,32,,ee95cb03aa4762a2,47,1.0,30.0,30,14.058783609388746,0.5354946216509727,0.8899069915656953,30.0
count8_i02,main,count8,2,6,False,10,3,32,,ee95cb03aa4762a2,47,1.0,40.0,40,14.718729942342055,0.6007683555815593,0.9026152134229922,40.0
count8_i02,main,count8,2,6,False,10,3,32,,ee95cb03aa4762a2,47,1.0,,47,13.133189302018485,0.6308974984303652,0.9055353201181615,41.0
count8_i03,main,count8,3,5,False,11,4,32,,9f28acba16e43c7b,46,1.0413926851582251,10.0,10,7.7453479989244105,0.23250311343556332,0.8438396585879379,10.0
count8_i03,main,count8,3,5,False,11,4,32,,9f28acba16e43c7b,46,1.0413926851582251,20.0,20,12.024518779329863,0.44397570922147106,0.8721449032125366,20.0
count8_i03,main,count8,3,5,False,11,4,32,,9f28acba16e43c7b,46,1.0413926851582251,30.0,30,13.825799551827194,0.5449802301532134,0.8911003949372074,30.0
count8_i03,main,count8,3,5,False,11,4,32,,9f28acba16e43c7b,46,1.0413926851582251,40.0,40,14.55314276501394,0.6048401742311046,0.9044790918891866,40.0
count8_i03,main,count8,3,5,False,11,4,32,,9f28acba16e43c7b,46,1.0413926851582251,,46,13.40153831075562,0.6304433120520381,0.9080790053236737,45.0
count8_i04,main,count8,4,3,False,7,2,32,,f65380aafb05f018,47,0.8450980400142568,10.0,10,7.2002163990462655,0.2613794393925939,0.8433295023882993,10.0
count8_i04,main,count8,4,3,False,7,2,32,,f65380aafb05f018,47,0.8450980400142568,20.0,20,12.138257556167359,0.4307009614469542,0.8692693930784091,20.0
count8_i04,main,count8,4,3,False,7,2,32,,f65380aafb05f018,47,0.8450980400142568,30.0,30,13.448603451687912,0.5220884278440183,0.8876563105366098,30.0
count8_i04,main,count8,4,3,False,7,2,32,,f65380aafb05f018,47,0.8450980400142568,40.0,40,13.442867051841194,0.5843628261181333,0.899254691827954,40.0
count8_i04,main,count8,4,3,False,7,2,32,,f65380aafb05f018,47,0.8450980400142568,,47,12.409409161420779,0.6116308497502099,0.9029509577149344,41.0
count8_i05,main,count8,5,3,False,8,4,32,,b30944c3c20800e1,46,0.9030899869919435,10.0,10,7.108330411292571,0.25244034050950304,0.8412143426481916,10.0
count8_i05,main,count8,5,3,False,8,4,32,,b30944c3c20800e1,46,0.9030899869919435,20.0,20,12.401017247843171,0.3839036309714535,0.8803363675794145,20.0
count8_i05,main,count8,5,3,False,8,4,32,,b30944c3c20800e1,46,0.9030899869919435,30.0,30,16.18023136803358,0.41448383812612166,0.8973254925774988,30.0
count8_i05,main,count8,5,3,False,8,4,32,,b30944c3c20800e1,46,0.9030899869919435,40.0,40,16.513271208494817,0.4296822334718459,0.9080250135390401,40.0
count8_i05,main,count8,5,3,False,8,4,32,,b30944c3c20800e1,46,0.9030899869919435,,46,15.441970488885266,0.4334429971324832,0.9096147546622508,45.0
count8_i06,main,count8,6,2,False,5,4,32,,4058da9724d9e4a9,47,0.6989700043360189,10.0,10,7.374032045413757,0.2506178220813619,0.8536184604309207,10.0
count8_i06,main,count8,6,2,False,5,4,32,,4058da9724d9e4a9,47,0.6989700043360189,20.0,20,12.984872805965558,0.3705691214072303,0.8794484369567936,20.0
count8_i06,main,count8,6,2,False,5,4,32,,4058da9724d9e4a9,47,0.6989700043360189,30.0,30,16.193727231638224,0.41299146690789323,0.8958936565618719,30.0
count8_i06,main,count8,6,2,False,5,4,32,,4058da9724d9e4a9,47,0.6989700043360189,40.0,40,16.56502719452963,0.46617838623406044,0.9051862515267908,40.0
count8_i06,main,count8,6,2,False,5,4,32,,4058da9724d9e4a9,47,0.6989700043360189,,47,15.203521980303657,0.4961378661886128,0.9068130500694309,44.0
count8_i07,main,count8,7,3,False,5,2,32,,34195d1013047a9a,47,0.6989700043360189,10.0,10,7.619901457822784,0.25445465358004193,0.8457762267731249,10.0
count8_i07,main,count8,7,3,False,5,2,32,,34195d1013047a9a,47,0.6989700043360189,20.0,20,12.794759120119922,0.4200545215110962,0.8728239269624763,20.0
count8_i07,main,count8,7,3,False,5,2,32,,34195d1013047a9a,47,0.6989700043360189,30.0,30,14.96357115926899,0.4993881508198833,0.8885462967250721,30.0
count8_i07,main,count8,7,3,False,5,2,32,,34195d1013047a9a,47,0.6989700043360189,40.0,40,15.197956344043263,0.552649210752333,0.9017208546259146,40.0
count8_i07,main,count8,7,3,False,5,2,32,,34195d1013047a9a,47,0.6989700043360189,,47,13.677523703485143,0.5864805490950519,0.9059337309232144,42.0
count8_i08,main,count8,8,4,False,8,4,32,,4dc1092080844e65,46,0.9030899869919435,10.0,10,7.754155594782905,0.198710134372899,0.8351552247053419,10.0
count8_i08,main,count8,8,4,False,8,4,32,,4dc1092080844e65,46,0.9030899869919435,20.0,20,11.086634887458017,0.4546290275172586,0.8621960505967916,20.0
count8_i08,main,count8,8,4,False,8,4,32,,4dc1092080844e65,46,0.9030899869919435,30.0,30,12.707398642351134,0.5545042632320643,0.8846139691922846,30.0
count8_i08,main,count8,8,4,False,8,4,32,,4dc1092080844e65,46,0.9030899869919435,40.0,40,12.936038563050273,0.6240078500741836,0.8960364802665319,39.0
count8_i08,main,count8,8,4,False,8,4,32,,4dc1092080844e65,46,0.9030899869919435,,46,11.460597055242761,0.6520844258600669,0.8997523310555511,39.0
count8_i09,main,count8,9,6,False,10,4,32,,991c8a219879e9e4,47,1.0,10.0,10,7.384702591992245,0.2046806348126432,0.8519406303122946,10.0
count8_i09,main,count8,9,6,False,10,4,32,,991c8a219879e9e4,47,1.0,20.0,20,12.467775876598257,0.3428488471366434,0.8733917414160081,20.0
count8_i09,main,count8,9,6,False,10,4,32,,991c8a219879e9e4,47,1.0,30.0,30,14.662047594260622,0.38627977976831857,0.8939752023354662,30.0
count8_i09,main,count8,9,6,False,10,4,32,,991c8a219879e9e4,47,1.0,40.0,40,14.36920908601388,0.434760163405648,0.904151087615963,40.0
count8_i09,main,count8,9,6,False,10,4,32,,991c8a219879e9e4,47,1.0,,47,13.139002309658682,0.46453261002555424,0.9056157068087437,42.0
count8_i10,main,count8,10,4,False,5,2,32,,ceb8d7999e2c47ae,47,0.6989700043360189,10.0,10,7.196001334042472,0.2944531098580982,0.8340796958487209,10.0
count8_i10,main,count8,10,4,False,5,2,32,,ceb8d7999e2c47ae,47,0.6989700043360189,20.0,20,11.474801124943205,0.4716093239600427,0.8781018323601322,20.0
count8_i10,main,count8,10,4,False,5,2,32,,ceb8d7999e2c47ae,47,0.6989700043360189,30.0,30,14.088975817836392,0.495866203829088,0.8982613394503519,30.0
count8_i10,main,count8,10,4,False,5,2,32,,ceb8d7999e2c47ae,47,0.6989700043360189,40.0,40,15.187523205725952,0.5031486668404406,0.90927839774331,40.0
count8_i10,main,count8,10,4,False,5,2,32,,ceb8d7999e2c47ae,47,0.6989700043360189,,47,14.434269788446208,0.49861739019828344,0.91203882309646,45.0
count8_i11,main,count8,11,6,False,12,4,32,,8931b3accae6ac23,46,1.0791812460476249,10.0,10,7.160781470292346,0.27063058359143943,0.8522007475612413,10.0
count8_i11,main,count8,11,6,False,12,4,32,,8931b3accae6ac23,46,1.0791812460476249,20.0,20,11.582247510913051,0.4519236609749906,0.8690792498499043,20.0
count8_i11,main,count8,11,6,False,12,4,32,,8931b3accae6ac23,46,1.0791812460476249,30.0,30,14.039744746119277,0.5430156903790921,0.8893786727679112,30.0
count8_i11,main,count8,11,6,False,12,4,32,,8931b3accae6ac23,46,1.0791812460476249,40.0,40,15.59264547060429,0.5977049552006101,0.899803847896391,40.0
count8_i11,main,count8,11,6,False,12,4,32,,8931b3accae6ac23,46,1.0791812460476249,,46,14.570323790264352,0.6192770473914881,0.9022202307123797,40.0
count8_i12,main,count8,12,0,False,6,12,32,,39c01aa4308272e0,47,0.7781512503836436,10.0,10,7.212758439669229,0.2900081783354417,0.8363896193154162,10.0
count8_i12,main,count8,12,0,False,6,12,32,,39c01aa4308272e0,47,0.7781512503836436,20.0,20,12.210359528935898,0.4543729799958465,0.8675564992133433,20.0
count8_i12,main,count8,12,0,False,6,12,32,,39c01aa4308272e0,47,0.7781512503836436,30.0,30,14.632900247709326,0.540360122142906,0.8847780714102093,30.0
count8_i12,main,count8,12,0,False,6,12,32,,39c01aa4308272e0,47,0.7781512503836436,40.0,40,15.38496415773843,0.5850061546957951,0.893845170651655,39.0
count8_i12,main,count8,12,0,False,6,12,32,,39c01aa4308272e0,47,0.7781512503836436,,47,14.242448841760213,0.6017332739777161,0.8974500530075077,39.0
count8_i13,main,count8,13,4,False,9,2,32,,68008ca7c34bc98e,47,0.9542425094393249,10.0,10,7.168003389261178,0.2377506377850859,0.8455452917734518,10.0
count8_i13,main,count8,13,4,False,9,2,32,,68008ca7c34bc98e,47,0.9542425094393249,20.0,20,12.464959358800485,0.3850215571245095,0.8751693694555198,20.0
count8_i13,main,count8,13,4,False,9,2,32,,68008ca7c34bc98e,47,0.9542425094393249,30.0,30,15.594939049582381,0.4342370941573278,0.892613283140039,30.0
count8_i13,main,count8,13,4,False,9,2,32,,68008ca7c34bc98e,47,0.9542425094393249,40.0,40,16.206826784648552,0.47006801572511353,0.9031921468808183,40.0
count8_i13,main,count8,13,4,False,9,2,32,,68008ca7c34bc98e,47,0.9542425094393249,,47,15.08489548618874,0.48640460240945926,0.9053682925338259,43.0
count8_i14,main,count8,14,4,False,7,1,32,,6c5f0d927f8f263a,46,0.8450980400142568,10.0,10,7.991677077090605,0.18708154356562012,0.8514296955953533,10.0
count8_i14,main,count8,14,4,False,7,1,32,,6c5f0d927f8f263a,46,0.8450980400142568,20.0,20,13.653340965059803,0.33922703121518993,0.8770910953388691,20.0
count8_i14,main,count8,14,4,False,7,1,32,,6c5f0d927f8f263a,46,0.8450980400142568,30.0,30,14.630597632160631,0.4521788259219181,0.8901766176964674,30.0
count8_i14,main,count8,14,4,False,7,1,32,,6c5f0d927f8f263a,46,0.8450980400142568,40.0,40,13.967469095186056,0.5426284550255429,0.9011219892623851,40.0
count8_i14,main,count8,14,4,False,7,1,32,,6c5f0d927f8f263a,46,0.8450980400142568,,46,12.081890081738372,0.5852134228974774,0.9049230659743329,44.0
count8_i15,main,count8,15,7,False,12,2,32,,e5ffb20dcbdd5cbb,47,1.0791812460476249,10.0,10,7.5890476140681535,0.2442581040763448,0.8401257497639565,10.0
count8_i15,main,count8,15,7,False,12,2,32,,e5ffb20dcbdd5cbb,47,1.0791812460476249,20.0,20,13.097488730343294,0.3962122110678468,0.8791340481179579,20.0
count8_i15,main,count8,15,7,False,12,2,32,,e5ffb20dcbdd5cbb,47,1.0791812460476249,30.0,30,16.003577254696065,0.46221809239199024,0.8938564149850886,30.0
count8_i15,main,count8,15,7,False,12,2,32,,e5ffb20dcbdd5cbb,47,1.0791812460476249,40.0,40,16.996464907243528,0.5112290126639931,0.9034723355206554,40.0
count8_i15,main,count8,15,7,False,12,2,32,,e5ffb20dcbdd5cbb,47,1.0791812460476249,,47,15.681316621946758,0.5311641871782985,0.9044700034290416,41.0
count8_i16,main,count8,16,4,False,6,1,32,,d77737a11e835cf5,46,0.7781512503836436,10.0,10,7.03196984843247,0.3015841963163398,0.8389392690807372,10.0
count8_i16,main,count8,16,4,False,6,1,32,,d77737a11e835cf5,46,0.7781512503836436,20.0,20,11.373575729125147,0.47810838369923575,0.8753757659266961,20.0
count8_i16,main,count8,16,4,False,6,1,32,,d77737a11e835cf5,46,0.7781512503836436,30.0,30,12.647446069622942,0.5805784977784706,0.8905845905166518,30.0
count8_i16,main,count8,16,4,False,6,1,32,,d77737a11e835cf5,46,0.7781512503836436,40.0,40,12.658539529630339,0.6444830090087788,0.90230044151415,40.0
count8_i16,main,count8,16,4,False,6,1,32,,d77737a11e835cf5,46,0.7781512503836436,,46,11.536702849954473,0.6689585111886702,0.9059491609559768,44.0
count8_i17,main,count8,17,5,False,7,4,32,,ad4a1dd8b0c31c47,46,0.8450980400142568,10.0,10,7.422420050189882,0.2606079055139121,0.8352274416753186,10.0
count8_i17,main,count8,17,5,False,7,4,32,,ad4a1dd8b0c31c47,46,0.8450980400142568,20.0,20,12.261538166638168,0.4414895765783072,0.8752561941023593,20.0
count8_i17,main,count8,17,5,False,7,4,32,,ad4a1dd8b0c31c47,46,0.8450980400142568,30.0,30,15.260874508179077,0.4993572452925285,0.8925520774145577,30.0
count8_i17,main,count8,17,5,False,7,4,32,,ad4a1dd8b0c31c47,46,0.8450980400142568,40.0,40,15.88713947223809,0.5406156511497815,0.9039994811282713,40.0
count8_i17,main,count8,17,5,False,7,4,32,,ad4a1dd8b0c31c47,46,0.8450980400142568,,46,14.477701480323564,0.5638907590583527,0.9065644469424763,44.0
count8_i18,main,count8,18,5,False,8,11,32,,428f280edf221179,47,0.9030899869919435,10.0,10,7.346030912615974,0.2577674216624111,0.8484125909980755,10.0
count8_i18,main,count8,18,5,False,8,11,32,,428f280edf221179,47,0.9030899869919435,20.0,20,12.891820086692238,0.3648129670202465,0.8766735997341564,20.0
count8_i18,main,count8,18,5,False,8,11,32,,428f280edf221179,47,0.9030899869919435,30.0,30,15.42314420705153,0.4109655312732991,0.8929104502597985,30.0
count8_i18,main,count8,18,5,False,8,11,32,,428f280edf221179,47,0.9030899869919435,40.0,40,16.04468688696064,0.4522174866469857,0.9024001446634563,40.0
count8_i18,main,count8,18,5,False,8,11,32,,428f280edf221179,47,0.9030899869919435,,47,15.040684240652844,0.47583654191736224,0.9048437661889228,41.0
count8_i19,main,count8,19,3,False,7,4,32,,92e5ef2a46f8a1c1,47,0.8450980400142568,10.0,10,7.555597958450405,0.24380622528125523,0.8423018783848232,10.0
count8_i19,main,count8,19,3,False,7,4,32,,92e5ef2a46f8a1c1,47,0.8450980400142568,20.0,20,13.51792245384951,0.3419929511346304,0.8817466591230181,20.0
count8_i19,main,count8,19,3,False,7,4,32,,92e5ef2a46f8a1c1,47,0.8450980400142568,30.0,30,15.977853173849962,0.38432866245494146,0.8964492947905236,30.0
count8_i19,main,count8,19,3,False,7,4,32,,92e5ef2a46f8a1c1,47,0.8450980400142568,40.0,40,16.541553338796415,0.4276778539138682,0.906393471873888,40.0
count8_i19,main,count8,19,3,False,7,4,32,,92e5ef2a46f8a1c1,47,0.8450980400142568,,47,15.342676450265863,0.45508765953794195,0.9094209896911256,44.0
count8_i20,main,count8,20,3,False,7,2,32,,081905c9deb3cbd4,46,0.8450980400142568,10.0,10,7.405205382826983,0.2524263120789322,0.8359837310866699,10.0
count8_i20,main,count8,20,3,False,7,2,32,,081905c9deb3cbd4,46,0.8450980400142568,20.0,20,12.17946321065139,0.4260941221757842,0.8775559854675543,20.0
count8_i20,main,count8,20,3,False,7,2,32,,081905c9deb3cbd4,46,0.8450980400142568,30.0,30,14.402168833826378,0.5231091540586452,0.8927752529512308,30.0
count8_i20,main,count8,20,3,False,7,2,32,,081905c9deb3cbd4,46,0.8450980400142568,40.0,40,15.354294720610627,0.5840807213945635,0.9023640727063421,40.0
count8_i20,main,count8,20,3,False,7,2,32,,081905c9deb3cbd4,46,0.8450980400142568,,46,14.426443754441582,0.601412524650754,0.9041184702730175,41.0
count8_i21,main,count8,21,2,False,2,4,32,,b02cd12eec717339,47,0.3010299956639812,10.0,10,6.942221567760566,0.2832271013592116,0.8310988950684985,10.0
count8_i21,main,count8,21,2,False,2,4,32,,b02cd12eec717339,47,0.3010299956639812,20.0,20,10.168773861364182,0.5150227662183756,0.8725454897209153,20.0
count8_i21,main,count8,21,2,False,2,4,32,,b02cd12eec717339,47,0.3010299956639812,30.0,30,11.365343285667732,0.6159893437647204,0.8920478327960442,30.0
count8_i21,main,count8,21,2,False,2,4,32,,b02cd12eec717339,47,0.3010299956639812,40.0,40,11.24955699516618,0.6839175593992027,0.9048440336804267,40.0
count8_i21,main,count8,21,2,False,2,4,32,,b02cd12eec717339,47,0.3010299956639812,,47,10.180654488967692,0.7129232705943973,0.9080955748049723,44.0
count8_i22,main,count8,22,6,False,15,5,32,,6092ec57507038ee,46,1.1760912590556813,10.0,10,7.375372087857297,0.268594159492053,0.8306024818589006,10.0
count8_i22,main,count8,22,6,False,15,5,32,,6092ec57507038ee,46,1.1760912590556813,20.0,20,12.471372944266443,0.38211866973686837,0.8755945684436536,20.0
count8_i22,main,count8,22,6,False,15,5,32,,6092ec57507038ee,46,1.1760912590556813,30.0,30,14.242898023671902,0.3916663423971939,0.8972725290245251,30.0
count8_i22,main,count8,22,6,False,15,5,32,,6092ec57507038ee,46,1.1760912590556813,40.0,40,14.36983041270443,0.4022979956567262,0.9052800823221571,40.0
count8_i22,main,count8,22,6,False,15,5,32,,6092ec57507038ee,46,1.1760912590556813,,46,13.757263822480544,0.41494812277375753,0.9060719012052444,42.0
count8_i23,main,count8,23,6,False,13,3,32,,71d332bf77750391,46,1.1139433523068367,10.0,10,7.3396207874123,0.26500488938587,0.8333249677797849,10.0
count8_i23,main,count8,23,6,False,13,3,32,,71d332bf77750391,46,1.1139433523068367,20.0,20,11.154600834378632,0.4775742478115892,0.8690183296562063,20.0
count8_i23,main,count8,23,6,False,13,3,32,,71d332bf77750391,46,1.1139433523068367,30.0,30,12.557838785052605,0.5818392633305017,0.8914175892237792,30.0
count8_i23,main,count8,23,6,False,13,3,32,,71d332bf77750391,46,1.1139433523068367,40.0,40,13.02422387560831,0.6434236826703477,0.9036045903167758,40.0
count8_i23,main,count8,23,6,False,13,3,32,,71d332bf77750391,46,1.1139433523068367,,46,11.918283618392131,0.6676112921776597,0.9067517443565489,44.0
count16_i00,main,count16,0,7,False,4,1,40,,c39b54b2fb5436e6,41,0.6020599913279624,10.0,10,7.236490838577362,0.2838605377583009,0.8264536283986567,10.0
count16_i00,main,count16,0,7,False,4,1,40,,c39b54b2fb5436e6,41,0.6020599913279624,20.0,20,12.04229517893882,0.4537473825370948,0.877544631677124,20.0
count16_i00,main,count16,0,7,False,4,1,40,,c39b54b2fb5436e6,41,0.6020599913279624,30.0,30,14.72705760596264,0.5322356018964823,0.8905790038410011,30.0
count16_i00,main,count16,0,7,False,4,1,40,,c39b54b2fb5436e6,41,0.6020599913279624,40.0,40,14.035429307489686,0.6146904779313073,0.9047811555702014,40.0
count16_i00,main,count16,0,7,False,4,1,40,,c39b54b2fb5436e6,41,0.6020599913279624,,41,14.136976397452601,0.620477321599003,0.9052518308143285,41.0
count16_i01,main,count16,1,6,False,6,1,40,,377ff4cfc2160146,45,0.7781512503836436,10.0,10,7.433646416411455,0.2530180060483885,0.8458675657925955,10.0
count16_i01,main,count16,1,6,False,6,1,40,,377ff4cfc2160146,45,0.7781512503836436,20.0,20,11.545269632521409,0.45692911108009954,0.8775403215653554,20.0
count16_i01,main,count16,1,6,False,6,1,40,,377ff4cfc2160146,45,0.7781512503836436,30.0,30,12.71899229557578,0.5542043205230933,0.8913879201873144,30.0
count16_i01,main,count16,1,6,False,6,1,40,,377ff4cfc2160146,45,0.7781512503836436,40.0,40,11.583194492853773,0.6367761074292861,0.9034553539409411,40.0
count16_i01,main,count16,1,6,False,6,1,40,,377ff4cfc2160146,45,0.7781512503836436,,45,11.303516263186062,0.6629997737999285,0.905091172962484,42.0
count16_i02,main,count16,2,9,False,9,4,40,,5c94addcba5c9b7e,45,0.9542425094393249,10.0,10,6.988200444612102,0.28914325627073917,0.8415550244287222,10.0
count16_i02,main,count16,2,9,False,9,4,40,,5c94addcba5c9b7e,45,0.9542425094393249,20.0,20,11.865908735802055,0.4581873884319164,0.87219632130722,20.0
count16_i02,main,count16,2,9,False,9,4,40,,5c94addcba5c9b7e,45,0.9542425094393249,30.0,30,13.909585966688597,0.5551210402441528,0.8888706010788038,30.0
count16_i02,main,count16,2,9,False,9,4,40,,5c94addcba5c9b7e,45,0.9542425094393249,40.0,40,12.960676777065363,0.6350462755755226,0.9041310038352021,40.0
count16_i02,main,count16,2,9,False,9,4,40,,5c94addcba5c9b7e,45,0.9542425094393249,,45,12.099194365769046,0.6602998419342543,0.9067440882900015,43.0
count16_i03,main,count16,3,8,False,8,5,40,,b166252ba8445d43,44,0.9030899869919435,10.0,10,7.134066974221806,0.2807429883889371,0.8504429887151532,10.0
count16_i03,main,count16,3,8,False,8,5,40,,b166252ba8445d43,44,0.9030899869919435,20.0,20,12.522977936312952,0.4243412527547175,0.8717724139092453,20.0
count16_i03,main,count16,3,8,False,8,5,40,,b166252ba8445d43,44,0.9030899869919435,30.0,30,15.065604429226239,0.5122711497464733,0.888282870886038,30.0
count16_i03,main,count16,3,8,False,8,5,40,,b166252ba8445d43,44,0.9030899869919435,40.0,40,14.674050342292714,0.5966442745726874,0.9023289491935603,40.0
count16_i03,main,count16,3,8,False,8,5,40,,b166252ba8445d43,44,0.9030899869919435,,44,14.531118254414201,0.6179530375445667,0.9041757732141636,41.0
count16_i04,main,count16,4,12,True,1,1,40,,0574b05d29e4b946,42,0.0,10.0,10,7.309403949064685,0.26219709472558095,0.8329287029282454,10.0
count16_i04,main,count16,4,12,True,1,1,40,,0574b05d29e4b946,42,0.0,20.0,20,12.4088297359617,0.4275757556168174,0.8776874478989605,20.0
count16_i04,main,count16,4,12,True,1,1,40,,0574b05d29e4b946,42,0.0,30.0,30,14.349853836150041,0.5206531593934958,0.8933038255861583,30.0
count16_i04,main,count16,4,12,True,1,1,40,,0574b05d29e4b946,42,0.0,40.0,40,13.226744899976888,0.606383416027643,0.9089575627562775,40.0
count16_i04,main,count16,4,12,True,1,1,40,,0574b05d29e4b946,42,0.0,,42,13.385364498052171,0.6180210663423453,0.9097450339011955,42.0
count16_i05,main,count16,5,11,True,1,4,40,,fb08a104c38df910,42,0.0,10.0,10,7.13979247770722,0.2627398078679489,0.8450543037524643,10.0
count16_i05,main,count16,5,11,True,1,4,40,,fb08a104c38df910,42,0.0,20.0,20,12.325860694109448,0.4188398924171923,0.8753019545496905,20.0
count16_i05,main,count16,5,11,True,1,4,40,,fb08a104c38df910,42,0.0,30.0,30,15.94719078259102,0.4894133548990638,0.8940387644682606,30.0
count16_i05,main,count16,5,11,True,1,4,40,,fb08a104c38df910,42,0.0,40.0,40,15.790078165343555,0.5694314436140374,0.9069679966202657,40.0
count16_i05,main,count16,5,11,True,1,4,40,,fb08a104c38df910,42,0.0,,42,16.09335815182881,0.5798725221435793,0.9074456523004291,42.0
count16_i06,main,count16,6,9,False,16,3,40,,8771df91a4e90977,45,1.2041199826559248,10.0,10,7.261627785098024,0.2623008250774703,0.8470617909703645,10.0
count16_i06,main,count16,6,9,False,16,3,40,,8771df91a4e90977,45,1.2041199826559248,20.0,20,12.043539066061793,0.4327704401757388,0.871817645527248,20.0
count16_i06,main,count16,6,9,False,16,3,40,,8771df91a4e90977,45,1.2041199826559248,30.0,30,13.441466970617993,0.5259115829393772,0.8911237300359746,30.0
count16_i06,main,count16,6,9,False,16,3,40,,8771df91a4e90977,45,1.2041199826559248,40.0,40,12.726579265923712,0.6071791224450229,0.9041692011932949,40.0
count16_i06,main,count16,6,9,False,16,3,40,,8771df91a4e90977,45,1.2041199826559248,,45,12.3438400097209,0.6327730893109949,0.9058164331942775,42.0
count16_i07,main,count16,7,9,False,4,3,40,,d35c8d47cd37ac53,45,0.6020599913279624,10.0,10,6.995172027364541,0.30216597554004654,0.8466654737349752,10.0
count16_i07,main,count16,7,9,False,4,3,40,,d35c8d47cd37ac53,45,0.6020599913279624,20.0,20,11.183321464245576,0.490266587293317,0.8676493329450271,20.0
count16_i07,main,count16,7,9,False,4,3,40,,d35c8d47cd37ac53,45,0.6020599913279624,30.0,30,12.108955522065026,0.5973717219685635,0.8869841919333514,30.0
count16_i07,main,count16,7,9,False,4,3,40,,d35c8d47cd37ac53,45,0.6020599913279624,40.0,40,12.004240122731316,0.6668310790246529,0.9027339448429738,40.0
count16_i07,main,count16,7,9,False,4,3,40,,d35c8d47cd37ac53,45,0.6020599913279624,,45,11.781912946385374,0.6886156325610441,0.9055093692136938,43.0
count16_i08,main,count16,8,7,False,13,4,40,,db0b19066ec20865,41,1.1139433523068367,10.0,10,7.4313947812753485,0.21024870073468976,0.8459578882292769,10.0
count16_i08,main,count16,8,7,False,13,4,40,,db0b19066ec20865,41,1.1139433523068367,20.0,20,12.782439723017443,0.3550823009443194,0.883679023802213,20.0
count16_i08,main,count16,8,7,False,13,4,40,,db0b19066ec20865,41,1.1139433523068367,30.0,30,15.579371563715144,0.4342991506093032,0.895852591564988,30.0
count16_i08,main,count16,8,7,False,13,4,40,,db0b19066ec20865,41,1.1139433523068367,40.0,40,14.586485221888916,0.5347684887881274,0.9079878869711475,40.0
count16_i08,main,count16,8,7,False,13,4,40,,db0b19066ec20865,41,1.1139433523068367,,41,14.627821070254905,0.5414163727434387,0.9084403096212927,41.0
count16_i09,main,count16,9,9,False,14,4,40,,b8b6f4a814682a50,45,1.146128035678238,10.0,10,7.424516351650975,0.26169031532217907,0.8342361023835284,10.0
count16_i09,main,count16,9,9,False,14,4,40,,b8b6f4a814682a50,45,1.146128035678238,20.0,20,11.893275282783316,0.4423258148168208,0.8737396925449445,20.0
count16_i09,main,count16,9,9,False,14,4,40,,b8b6f4a814682a50,45,1.146128035678238,30.0,30,12.559642962750347,0.535737931722599,0.8905729436836725,30.0
count16_i09,main,count16,9,9,False,14,4,40,,b8b6f4a814682a50,45,1.146128035678238,40.0,40,12.334876466186738,0.6186513007661936,0.9025273535012096,40.0
count16_i09,main,count16,9,9,False,14,4,40,,b8b6f4a814682a50,45,1.146128035678238,,45,12.269188840421723,0.6451240816587114,0.9040872786572726,41.0
count16_i10,main,count16,10,7,False,13,4,40,,dd75f79b5e2ac937,45,1.1139433523068367,10.0,10,7.241571474448809,0.26686559163555035,0.8395674179665158,10.0
count16_i10,main,count16,10,7,False,13,4,40,,dd75f79b5e2ac937,45,1.1139433523068367,20.0,20,11.35268850851536,0.4715609313306016,0.8683260355252328,20.0
count16_i10,main,count16,10,7,False,13,4,40,,dd75f79b5e2ac937,45,1.1139433523068367,30.0,30,13.650432061249012,0.5640292839028308,0.88693674278765,30.0
count16_i10,main,count16,10,7,False,13,4,40,,dd75f79b5e2ac937,45,1.1139433523068367,40.0,40,13.51252359730837,0.632607751963772,0.9022912999411066,40.0
count16_i10,main,count16,10,7,False,13,4,40,,dd75f79b5e2ac937,45,1.1139433523068367,,45,12.53674088023877,0.655219958155877,0.9053861146301749,44.0
count16_i11,main,count16,11,8,False,11,5,40,,3d62687030e63b9f,45,1.0413926851582251,10.0,10,7.598228174185743,0.19038110822768722,0.8518779891068788,10.0
count16_i11,main,count16,11,8,False,11,5,40,,3d62687030e63b9f,45,1.0413926851582251,20.0,20,13.145987470978357,0.27809119150690703,0.8810203087872024,20.0
count16_i11,main,count16,11,8,False,11,5,40,,3d62687030e63b9f,45,1.0413926851582251,30.0,30,15.733170549229587,0.34266049339964394,0.8930010387869188,30.0
count16_i11,main,count16,11,8,False,11,5,40,,3d62687030e63b9f,45,1.0413926851582251,40.0,40,15.351834123857811,0.45476283036228365,0.9039048975817603,40.0
count16_i11,main,count16,11,8,False,11,5,40,,3d62687030e63b9f,45,1.0413926851582251,,45,14.885344582475687,0.4903048628998261,0.9049665643722848,43.0
count16_i12,main,count16,12,6,False,13,4,40,,6a091eca3e83f2fb,44,1.1139433523068367,10.0,10,7.211227560734337,0.26707760254237,0.8541599334002997,10.0
count16_i12,main,count16,12,6,False,13,4,40,,6a091eca3e83f2fb,44,1.1139433523068367,20.0,20,12.433243457248834,0.40116390816808606,0.8757856031771859,20.0
count16_i12,main,count16,12,6,False,13,4,40,,6a091eca3e83f2fb,44,1.1139433523068367,30.0,30,15.58323046085439,0.4892224992458912,0.8902678947504228,30.0
count16_i12,main,count16,12,6,False,13,4,40,,6a091eca3e83f2fb,44,1.1139433523068367,40.0,40,15.876527898563582,0.5711884119797682,0.9015462090793284,40.0
count16_i12,main,count16,12,6,False,13,4,40,,6a091eca3e83f2fb,44,1.1139433523068367,,44,15.69074972572178,0.5935135402822176,0.9037868646353229,44.0
count16_i13,main,count16,13,9,False,15,4,40,,cadea95a3a3582df,41,1.1760912590556813,10.0,10,7.128283120145692,0.2685654563412824,0.8445344897373599,10.0
count16_i13,main,count16,13,9,False,15,4,40,,cadea95a3a3582df,41,1.1760912590556813,20.0,20,12.337927261462895,0.40327727845393757,0.8709387443441603,20.0
count16_i13,main,count16,13,9,False,15,4,40,,cadea95a3a3582df,41,1.1760912590556813,30.0,30,15.488458914740175,0.4830221908094798,0.8883556958062686,30.0
count16_i13,main,count16,13,9,False,15,4,40,,cadea95a3a3582df,41,1.1760912590556813,40.0,40,13.99913672280981,0.579456205524988,0.9065604705973319,40.0
count16_i13,main,count16,13,9,False,15,4,40,,cadea95a3a3582df,41,1.1760912590556813,,41,14.067426609582004,0.5862064032461353,0.9069931694616888,41.0
count16_i14,main,count16,14,8,False,8,4,40,,3b6eb4364eda6e51,44,0.9030899869919435,10.0,10,7.247158163672851,0.28154251526858787,0.8360404926273086,10.0
count16_i14,main,count16,14,8,False,8,4,40,,3b6eb4364eda6e51,44,0.9030899869919435,20.0,20,11.32544739453966,0.48196513431718857,0.8754272085039215,20.0
count16_i14,main,count16,14,8,False,8,4,40,,3b6eb4364eda6e51,44,0.9030899869919435,30.0,30,10.969089568212514,0.6106096542804353,0.8930148332679319,30.0
count16_i14,main,count16,14,8,False,8,4,40,,3b6eb4364eda6e51,44,0.9030899869919435,40.0,40,10.089238968300798,0.6889804100492211,0.9076403131764564,40.0
count16_i14,main,count16,14,8,False,8,4,40,,3b6eb4364eda6e51,44,0.9030899869919435,,44,9.80119949306737,0.7082706905685205,0.9096412434460459,44.0
count16_i15,main,count16,15,6,False,16,4,40,,2e0471e5357b73a7,45,1.2041199826559248,10.0,10,7.191727938215795,0.24832772390203012,0.8448897150831347,10.0
count16_i15,main,count16,15,6,False,16,4,40,,2e0471e5357b73a7,45,1.2041199826559248,20.0,20,12.757068112206502,0.35558966059722935,0.875809208355921,20.0
count16_i15,main,count16,15,6,False,16,4,40,,2e0471e5357b73a7,45,1.2041199826559248,30.0,30,15.419228265426524,0.4408600670806136,0.8885062558820871,30.0
count16_i15,main,count16,15,6,False,16,4,40,,2e0471e5357b73a7,45,1.2041199826559248,40.0,40,15.40318515463276,0.5318757404831015,0.8993448682863481,40.0
count16_i15,main,count16,15,6,False,16,4,40,,2e0471e5357b73a7,45,1.2041199826559248,,45,14.317250348442743,0.5645742053420544,0.9022703537344409,41.0
count16_i16,main,count16,16,8,False,11,5,40,,d621925afa7be121,41,1.0413926851582251,10.0,10,7.475614291785456,0.24841973545637927,0.8450222631247742,10.0
count16_i16,main,count16,16,8,False,11,5,40,,d621925afa7be121,41,1.0413926851582251,20.0,20,10.737090054310526,0.48583269985164784,0.8680630911554387,20.0
count16_i16,main,count16,16,8,False,11,5,40,,d621925afa7be121,41,1.0413926851582251,30.0,30,12.262215548024704,0.5911760991563209,0.8863324727358725,30.0
count16_i16,main,count16,16,8,False,11,5,40,,d621925afa7be121,41,1.0413926851582251,40.0,40,12.040920571007586,0.6672624766562862,0.9016694793266554,40.0
count16_i16,main,count16,16,8,False,11,5,40,,d621925afa7be121,41,1.0413926851582251,,41,12.156320325260404,0.6725990907869679,0.9021219619650366,41.0
count16_i17,main,count16,17,11,False,2,15,40,,9ac636fa8fb0861e,42,0.3010299956639812,10.0,10,7.627613426998058,0.18932334124570435,0.8566884049075442,10.0
count16_i17,main,count16,17,11,False,2,15,40,,9ac636fa8fb0861e,42,0.3010299956639812,20.0,20,13.054474042626191,0.29113646321690323,0.8792901116466305,20.0
count16_i17,main,count16,17,11,False,2,15,40,,9ac636fa8fb0861e,42,0.3010299956639812,30.0,30,15.654274303465236,0.3725627422481987,0.8916674787624411,30.0
count16_i17,main,count16,17,11,False,2,15,40,,9ac636fa8fb0861e,42,0.3010299956639812,40.0,40,15.138312386695423,0.48647059288627514,0.904080020298988,40.0
count16_i17,main,count16,17,11,False,2,15,40,,9ac636fa8fb0861e,42,0.3010299956639812,,42,15.345997693885488,0.5029848214911001,0.9049192262653436,42.0
count16_i18,main,count16,18,7,False,9,3,40,,d6203e5c8d167dea,45,0.9542425094393249,10.0,10,7.0370215904109745,0.24563779542512781,0.854181344747076,10.0
count16_i18,main,count16,18,7,False,9,3,40,,d6203e5c8d167dea,45,0.9542425094393249,20.0,20,12.202952744745417,0.39708707937900856,0.8769609881120036,20.0
count16_i18,main,count16,18,7,False,9,3,40,,d6203e5c8d167dea,45,0.9542425094393249,30.0,30,13.342821718952894,0.4904901687801143,0.8924872359242543,30.0
count16_i18,main,count16,18,7,False,9,3,40,,d6203e5c8d167dea,45,0.9542425094393249,40.0,40,11.77543046732526,0.5882286431447571,0.9066867023338528,40.0
count16_i18,main,count16,18,7,False,9,3,40,,d6203e5c8d167dea,45,0.9542425094393249,,45,11.10527962956323,0.6188814575794288,0.9092875934347748,45.0
count16_i19,main,count16,19,8,False,6,5,40,,62abbb7e47d5d263,44,0.7781512503836436,10.0,10,6.992484987455242,0.28966077225573356,0.8368569134132647,10.0
count16_i19,main,count16,19,8,False,6,5,40,,62abbb7e47d5d263,44,0.7781512503836436,20.0,20,10.670111208165919,0.5031758918208676,0.873983251483281,20.0
count16_i19,main,count16,19,8,False,6,5,40,,62abbb7e47d5d263,44,0.7781512503836436,30.0,30,12.535060916693983,0.5784889030805815,0.8948995527190081,30.0
count16_i19,main,count16,19,8,False,6,5,40,,62abbb7e47d5d263,44,0.7781512503836436,40.0,40,12.570516013592036,0.6428001604412287,0.9092228602080126,40.0
count16_i19,main,count16,19,8,False,6,5,40,,62abbb7e47d5d263,44,0.7781512503836436,,44,12.89422004135672,0.6571650536759158,0.9100327500735251,44.0
count16_i20,main,count16,20,9,False,7,3,40,,23ab2f9cffbf55fe,45,0.8450980400142568,10.0,10,7.108425303601684,0.2328943975820191,0.8317291698393681,10.0
count16_i20,main,count16,20,9,False,7,3,40,,23ab2f9cffbf55fe,45,0.8450980400142568,20.0,20,11.39385160751424,0.44673072092229743,0.8706172581395241,20.0
count16_i20,main,count16,20,9,False,7,3,40,,23ab2f9cffbf55fe,45,0.8450980400142568,30.0,30,13.685148809221426,0.524039931591301,0.8909286193722147,30.0
count16_i20,main,count16,20,9,False,7,3,40,,23ab2f9cffbf55fe,45,0.8450980400142568,40.0,40,13.315388907750556,0.6088182602942956,0.9068332263445362,40.0
count16_i20,main,count16,20,9,False,7,3,40,,23ab2f9cffbf55fe,45,0.8450980400142568,,45,12.647507915812945,0.6358620235007969,0.9090555152160376,44.0
count16_i21,main,count16,21,6,False,14,4,40,,e39c64c5c27e497c,41,1.146128035678238,10.0,10,6.905255012051407,0.2840506443434583,0.8459326492527176,10.0
count16_i21,main,count16,21,6,False,14,4,40,,e39c64c5c27e497c,41,1.146128035678238,20.0,20,11.9540495752923,0.450107187473533,0.8751975307441279,20.0
count16_i21,main,count16,21,6,False,14,4,40,,e39c64c5c27e497c,41,1.146128035678238,30.0,30,13.324380731713065,0.5416638958370933,0.895139558191071,30.0
count16_i21,main,count16,21,6,False,14,4,40,,e39c64c5c27e497c,41,1.146128035678238,40.0,40,12.51066860641072,0.6169796721208445,0.907993370088258,40.0
count16_i21,main,count16,21,6,False,14,4,40,,e39c64c5c27e497c,41,1.146128035678238,,41,12.61543327452067,0.6215823947254071,0.9082717210750051,41.0
count16_i22,main,count16,22,7,False,8,1,40,,e78f82e81fad1ed3,41,0.9030899869919435,10.0,10,7.231700117191349,0.2411500505962049,0.8546688283226743,10.0
count16_i22,main,count16,22,7,False,8,1,40,,e78f82e81fad1ed3,41,0.9030899869919435,20.0,20,12.635187074423081,0.37248943862422224,0.8856677174352858,20.0
count16_i22,main,count16,22,7,False,8,1,40,,e78f82e81fad1ed3,41,0.9030899869919435,30.0,30,15.221453796598926,0.4659318301332067,0.8967418479595946,30.0
count16_i22,main,count16,22,7,False,8,1,40,,e78f82e81fad1ed3,41,0.9030899869919435,40.0,40,14.482895139700053,0.5619406124929905,0.9103729523506451,40.0
count16_i22,main,count16,22,7,False,8,1,40,,e78f82e81fad1ed3,41,0.9030899869919435,,41,14.545591827559303,0.5694436841950716,0.9110536914454997,41.0
count16_i23,main,count16,23,10,True,1,1,40,,0d2cc6cc5ea8f00e,45,0.0,10.0,10,7.322000122370322,0.246636701572047,0.8403988540866076,10.0
count16_i23,main,count16,23,10,True,1,1,40,,0d2cc6cc5ea8f00e,45,0.0,20.0,20,12.784113590165203,0.4041497495060952,0.8741434464264213,20.0
count16_i23,main,count16,23,10,True,1,1,40,,0d2cc6cc5ea8f00e,45,0.0,30.0,30,14.294443141716146,0.49839627744524667,0.8890031270339501,30.0
count16_i23,main,count16,23,10,True,1,1,40,,0d2cc6cc5ea8f00e,45,0.0,40.0,40,14.350668605558816,0.5828728517931508,0.900339043703043,40.0
count16_i23,main,count16,23,10,True,1,1,40,,0d2cc6cc5ea8f00e,45,0.0,,45,13.844801529801291,0.6121870830259177,0.9023465893999152,41.0
count_mod3_i00,main,count_mod3,0,2,False,6,3,42,,c8a0000d88c792a1,46,0.7781512503836436,10.0,10,7.5332983388237915,0.23734526948632478,0.8375435730140197,10.0
count_mod3_i00,main,count_mod3,0,2,False,6,3,42,,c8a0000d88c792a1,46,0.7781512503836436,20.0,20,12.633516720199475,0.3803234415439559,0.8589957464360602,20.0
count_mod3_i00,main,count_mod3,0,2,False,6,3,42,,c8a0000d88c792a1,46,0.7781512503836436,30.0,30,15.138440832945838,0.43043630997930016,0.8720161774791368,30.0
count_mod3_i00,main,count_mod3,0,2,False,6,3,42,,c8a0000d88c792a1,46,0.7781512503836436,40.0,40,16.591771012592993,0.41628410396176374,0.8705368537379593,32.0
count_mod3_i00,main,count_mod3,0,2,False,6,3,42,,c8a0000d88c792a1,46,0.7781512503836436,,46,15.83433652924963,0.3806981528582794,0.8716253788756991,32.0
count_mod3_i01,main,count_mod3,1,1,True,1,2,42,,7214965b73e651ea,47,0.0,10.0,10,7.834107656543559,0.20750471723617367,0.8410491702612961,10.0
count_mod3_i01,main,count_mod3,1,1,True,1,2,42,,7214965b73e651ea,47,0.0,20.0,20,13.644961129973412,0.3130602715088873,0.8668145805912992,20.0
count_mod3_i01,main,count_mod3,1,1,True,1,2,42,,7214965b73e651ea,47,0.0,30.0,30,15.812849132853245,0.3224332069586274,0.8766561520050415,30.0
count_mod3_i01,main,count_mod3,1,1,True,1,2,42,,7214965b73e651ea,47,0.0,40.0,40,13.866129393545412,0.2974288720964389,0.8798945145951372,35.0
count_mod3_i01,main,count_mod3,1,1,True,1,2,42,,7214965b73e651ea,47,0.0,,47,12.218136146486758,0.280105016870933,0.8821513115613797,35.0
count_mod3_i02,main,count_mod3,2,0,False,2,2,42,,6cc391f093af4390,47,0.3010299956639812,10.0,10,7.343780973995377,0.26548652294285097,0.8300008584973234,10.0
count_mod3_i02,main,count_mod3,2,0,False,2,2,42,,6cc391f093af4390,47,0.3010299956639812,20.0,20,12.85937994127522,0.38412801538904573,0.8572298264487367,20.0
count_mod3_i02,main,count_mod3,2,0,False,2,2,42,,6cc391f093af4390,47,0.3010299956639812,30.0,30,14.544633053623174,0.4630323734655722,0.8715522639225879,30.0
count_mod3_i02,main,count_mod3,2,0,False,2,2,42,,6cc391f093af4390,47,0.3010299956639812,40.0,40,14.573924013023158,0.4656915834737464,0.8738897888575582,32.0
count_mod3_i02,main,count_mod3,2,0,False,2,2,42,,6cc391f093af4390,47,0.3010299956639812,,47,12.200424317940831,0.4476656021657352,0.8770116912720127,32.0
count_mod3_i03,main,count_mod3,3,2,False,4,2,42,,9f76ab411b697ba4,46,0.6020599913279624,10.0,10,7.2521991714824345,0.27325887158595014,0.8264510728953179,10.0
count_mod3_i03,main,count_mod3,3,2,False,4,2,42,,9f76ab411b697ba4,46,0.6020599913279624,20.0,20,12.760087670623156,0.3539863938342949,0.8608863580920835,20.0
count_mod3_i03,main,count_mod3,3,2,False,4,2,42,,9f76ab411b697ba4,46,0.6020599913279624,30.0,30,15.890793499381004,0.3727734396326145,0.8691369742622845,30.0
count_mod3_i03,main,count_mod3,3,2,False,4,2,42,,9f76ab411b697ba4,46,0.6020599913279624,40.0,40,15.334309613308314,0.331987818311615,0.8739371371050282,32.0
count_mod3_i03,main,count_mod3,3,2,False,4,2,42,,9f76ab411b697ba4,46,0.6020599913279624,,46,13.709053061437407,0.3068207226531978,0.8775586452188789,32.0
count_mod3_i04,main,count_mod3,4,2,False,2,3,42,,f9a3620a2f8380f5,46,0.3010299956639812,10.0,10,7.243049871628517,0.28213368926666776,0.8342180007933534,10.0
count_mod3_i04,main,count_mod3,4,2,False,2,3,42,,f9a3620a2f8380f5,46,0.3010299956639812,20.0,20,12.954414531987368,0.37583347238157666,0.862949039561255,20.0
count_mod3_i04,main,count_mod3,4,2,False,2,3,42,,f9a3620a2f8380f5,46,0.3010299956639812,30.0,30,16.22899028183493,0.44999989919684796,0.8705704534258483,30.0
count_mod3_i04,main,count_mod3,4,2,False,2,3,42,,f9a3620a2f8380f5,46,0.3010299956639812,40.0,40,16.091525563638296,0.44319531300280274,0.872395113878201,33.0
count_mod3_i04,main,count_mod3,4,2,False,2,3,42,,f9a3620a2f8380f5,46,0.3010299956639812,,46,13.549403672838295,0.434277153062669,0.8748290154013271,33.0
count_mod3_i05,main,count_mod3,5,2,False,3,3,42,,9230c85336f30293,46,0.47712125471966244,10.0,10,7.716857407220436,0.2075107954322114,0.8426584343995738,10.0
count_mod3_i05,main,count_mod3,5,2,False,3,3,42,,9230c85336f30293,46,0.47712125471966244,20.0,20,11.250532299512052,0.19482660266098156,0.8835476904519379,20.0
count_mod3_i05,main,count_mod3,5,2,False,3,3,42,,9230c85336f30293,46,0.47712125471966244,30.0,30,10.545469441995342,0.16713425552718597,0.8852314940562408,30.0
count_mod3_i05,main,count_mod3,5,2,False,3,3,42,,9230c85336f30293,46,0.47712125471966244,40.0,40,9.85620080315016,0.15449091858908742,0.8852724424082539,35.0
count_mod3_i05,main,count_mod3,5,2,False,3,3,42,,9230c85336f30293,46,0.47712125471966244,,46,8.867968172797399,0.14446002252084247,0.8877110889166254,35.0
count_mod3_i06,main,count_mod3,6,1,True,1,2,42,,b5cee8a9d7944311,46,0.0,10.0,10,7.621165323493143,0.23509054993179568,0.8398440956850228,10.0
count_mod3_i06,main,count_mod3,6,1,True,1,2,42,,b5cee8a9d7944311,46,0.0,20.0,20,12.907501243533387,0.28782918193628315,0.8727623828290267,20.0
count_mod3_i06,main,count_mod3,6,1,True,1,2,42,,b5cee8a9d7944311,46,0.0,30.0,30,13.794389437981637,0.30074508322484206,0.8848764240111231,30.0
count_mod3_i06,main,count_mod3,6,1,True,1,2,42,,b5cee8a9d7944311,46,0.0,40.0,40,11.257851926175352,0.29315614986932015,0.8880395000976012,37.0
count_mod3_i06,main,count_mod3,6,1,True,1,2,42,,b5cee8a9d7944311,46,0.0,,46,9.759202722839024,0.2843069396476429,0.8897350338801653,37.0
count_mod3_i07,main,count_mod3,7,1,True,1,2,42,,e962e195e051c923,47,0.0,10.0,10,7.5094717377807445,0.24800649352481535,0.8307815267829479,10.0
count_mod3_i07,main,count_mod3,7,1,True,1,2,42,,e962e195e051c923,47,0.0,20.0,20,11.585995648306486,0.4390368280230468,0.8545806898961665,20.0
count_mod3_i07,main,count_mod3,7,1,True,1,2,42,,e962e195e051c923,47,0.0,30.0,30,14.524830723595446,0.5313287059786727,0.8657512025539975,30.0
count_mod3_i07,main,count_mod3,7,1,True,1,2,42,,e962e195e051c923,47,0.0,40.0,40,16.579631413911024,0.5204393671156533,0.8681219755013541,31.0
count_mod3_i07,main,count_mod3,7,1,True,1,2,42,,e962e195e051c923,47,0.0,,47,14.411365927190651,0.49375112745783356,0.8712079855135842,31.0
count_mod3_i08,main,count_mod3,8,0,False,12,3,42,,c6c8a8da92057222,47,1.0791812460476249,10.0,10,7.378164662781314,0.22844726936410029,0.8481617883759311,10.0
count_mod3_i08,main,count_mod3,8,0,False,12,3,42,,c6c8a8da92057222,47,1.0791812460476249,20.0,20,12.216421405986425,0.260816566057308,0.8749269433070707,20.0
count_mod3_i08,main,count_mod3,8,0,False,12,3,42,,c6c8a8da92057222,47,1.0791812460476249,30.0,30,14.0880978688453,0.26518948359159905,0.8730531965550856,30.0
count_mod3_i08,main,count_mod3,8,0,False,12,3,42,,c6c8a8da92057222,47,1.0791812460476249,40.0,40,11.809843195907616,0.25535361595407974,0.8768431206373616,34.0
count_mod3_i08,main,count_mod3,8,0,False,12,3,42,,c6c8a8da92057222,47,1.0791812460476249,,47,10.20222908352376,0.24645455029164753,0.879904196742204,34.0
count_mod3_i09,main,count_mod3,9,1,True,1,2,42,,33546a7944bbabe2,48,0.0,10.0,10,7.6759966351994215,0.225152942808626,0.847036103584489,10.0
count_mod3_i09,main,count_mod3,9,1,True,1,2,42,,33546a7944bbabe2,48,0.0,20.0,20,12.992701744099964,0.2741981985025551,0.872891010076112,20.0
count_mod3_i09,main,count_mod3,9,1,True,1,2,42,,33546a7944bbabe2,48,0.0,30.0,30,14.822205554556641,0.32823477867913087,0.8680454764827521,30.0
count_mod3_i09,main,count_mod3,9,1,True,1,2,42,,33546a7944bbabe2,48,0.0,40.0,40,12.668960389573344,0.2910018272737348,0.8673895544743216,32.0
count_mod3_i09,main,count_mod3,9,1,True,1,2,42,,33546a7944bbabe2,48,0.0,,48,10.112281038447835,0.24281009728514394,0.8704282405096438,32.0
count_mod3_i10,main,count_mod3,10,1,True,1,3,42,,49339ab63b7fd0cf,47,0.0,10.0,10,7.368474234920693,0.27354901943582566,0.8405962467237716,10.0
count_mod3_i10,main,count_mod3,10,1,True,1,3,42,,49339ab63b7fd0cf,47,0.0,20.0,20,11.401666956274479,0.4498608757659898,0.8595334089154045,20.0
count_mod3_i10,main,count_mod3,10,1,True,1,3,42,,49339ab63b7fd0cf,47,0.0,30.0,30,13.581043742389339,0.5173837201139974,0.8700473167497065,30.0
count_mod3_i10,main,count_mod3,10,1,True,1,3,42,,49339ab63b7fd0cf,47,0.0,40.0,40,12.263562014164304,0.49779692822663546,0.8745186065207335,32.0
count_mod3_i10,main,count_mod3,10,1,True,1,3,42,,49339ab63b7fd0cf,47,0.0,,47,9.858622609718875,0.47298322006945076,0.8782749643670039,32.0
count_mod3_i11,main,count_mod3,11,1,True,1,4,42,,df86ee11330f3d41,47,0.0,10.0,10,7.747310756390009,0.22201577899619196,0.8346718402061096,10.0
count_mod3_i11,main,count_mod3,11,1,True,1,4,42,,df86ee11330f3d41,47,0.0,20.0,20,13.04166289082446,0.3035934658655541,0.866768648922264,20.0
count_mod3_i11,main,count_mod3,11,1,True,1,4,42,,df86ee11330f3d41,47,0.0,30.0,30,15.088879610299793,0.36162446696383005,0.8718980117586677,30.0
count_mod3_i11,main,count_mod3,11,1,True,1,4,42,,df86ee11330f3d41,47,0.0,40.0,40,15.440312327089707,0.36787181069262886,0.8719150316304526,32.0
count_mod3_i11,main,count_mod3,11,1,True,1,4,42,,df86ee11330f3d41,47,0.0,,47,13.575052780242743,0.3540719216390246,0.8736714069973488,32.0
count_mod3_i12,main,count_mod3,12,2,False,2,2,42,,73543cebf476ef8a,46,0.3010299956639812,10.0,10,7.4139617644646565,0.2405403083437744,0.8358519973343719,10.0
count_mod3_i12,main,count_mod3,12,2,False,2,2,42,,73543cebf476ef8a,46,0.3010299956639812,20.0,20,13.014773988910525,0.2979510708060755,0.8699798120820861,20.0
count_mod3_i12,main,count_mod3,12,2,False,2,2,42,,73543cebf476ef8a,46,0.3010299956639812,30.0,30,16.625344793658805,0.3359627877897849,0.8720037929332056,30.0
count_mod3_i12,main,count_mod3,12,2,False,2,2,42,,73543cebf476ef8a,46,0.3010299956639812,40.0,40,14.097489969247404,0.3383372827528387,0.8752189081376179,33.0
count_mod3_i12,main,count_mod3,12,2,False,2,2,42,,73543cebf476ef8a,46,0.3010299956639812,,46,11.478036209130694,0.33223444907457367,0.8784302240479542,33.0
count_mod3_i13,main,count_mod3,13,2,False,5,3,42,,0eb0a73a442083e1,48,0.6989700043360189,10.0,10,7.484695912435406,0.23938626015753797,0.8370814989243422,10.0
count_mod3_i13,main,count_mod3,13,2,False,5,3,42,,0eb0a73a442083e1,48,0.6989700043360189,20.0,20,12.933457797602442,0.3613014183166867,0.8651191466511264,20.0
count_mod3_i13,main,count_mod3,13,2,False,5,3,42,,0eb0a73a442083e1,48,0.6989700043360189,30.0,30,14.119658750188869,0.47334779830011264,0.8742359097083984,30.0
count_mod3_i13,main,count_mod3,13,2,False,5,3,42,,0eb0a73a442083e1,48,0.6989700043360189,40.0,40,17.066173051785213,0.4916947149584824,0.8714448210269603,32.0
count_mod3_i13,main,count_mod3,13,2,False,5,3,42,,0eb0a73a442083e1,48,0.6989700043360189,,48,17.18393208768543,0.480713277495278,0.8721142727903429,32.0
count_mod3_i14,main,count_mod3,14,2,False,3,2,42,,c8c56e01ee60454e,47,0.47712125471966244,10.0,10,7.376317003588755,0.2628286799035691,0.8355743941967346,10.0
count_mod3_i14,main,count_mod3,14,2,False,3,2,42,,c8c56e01ee60454e,47,0.47712125471966244,20.0,20,12.74956633862304,0.38083074816980267,0.8616291396287642,20.0
count_mod3_i14,main,count_mod3,14,2,False,3,2,42,,c8c56e01ee60454e,47,0.47712125471966244,30.0,30,15.609646694024784,0.48078788565338876,0.8632808276179842,30.0
count_mod3_i14,main,count_mod3,14,2,False,3,2,42,,c8c56e01ee60454e,47,0.47712125471966244,40.0,40,19.103202862657707,0.49949386106953525,0.8605001385416845,30.0
count_mod3_i14,main,count_mod3,14,2,False,3,2,42,,c8c56e01ee60454e,47,0.47712125471966244,,47,18.7886603198429,0.49132486708049256,0.862465826248573,30.0
count_mod3_i15,main,count_mod3,15,2,True,1,2,42,,3f0f66ec03d74b9c,46,0.0,10.0,10,7.254899020408519,0.2612583710119781,0.8408502573701873,10.0
count_mod3_i15,main,count_mod3,15,2,True,1,2,42,,3f0f66ec03d74b9c,46,0.0,20.0,20,12.719028071084399,0.33521266193157384,0.8720170157831711,20.0
count_mod3_i15,main,count_mod3,15,2,True,1,2,42,,3f0f66ec03d74b9c,46,0.0,30.0,30,15.70726329763783,0.33987145545910064,0.8725373249956003,30.0
count_mod3_i15,main,count_mod3,15,2,True,1,2,42,,3f0f66ec03d74b9c,46,0.0,40.0,40,14.422643243426156,0.2932421905749681,0.8728406452045545,32.0
count_mod3_i15,main,count_mod3,15,2,True,1,2,42,,3f0f66ec03d74b9c,46,0.0,,46,12.57308831620801,0.262393609892235,0.8761049476891584,32.0
count_mod3_i16,main,count_mod3,16,2,False,3,4,42,,2902bee6ab8a00ae,47,0.47712125471966244,10.0,10,7.471691152120702,0.2603937846731724,0.8494484878251187,10.0
count_mod3_i16,main,count_mod3,16,2,False,3,4,42,,2902bee6ab8a00ae,47,0.47712125471966244,20.0,20,12.931147250499507,0.3418831794775464,0.8689903573404628,20.0
count_mod3_i16,main,count_mod3,16,2,False,3,4,42,,2902bee6ab8a00ae,47,0.47712125471966244,30.0,30,14.62208274369259,0.36869337655894807,0.8722087690652243,30.0
count_mod3_i16,main,count_mod3,16,2,False,3,4,42,,2902bee6ab8a00ae,47,0.47712125471966244,40.0,40,14.539555301147429,0.3375189059415632,0.8721726924912694,32.0
count_mod3_i16,main,count_mod3,16,2,False,3,4,42,,2902bee6ab8a00ae,47,0.47712125471966244,,47,13.346442474777861,0.30257087073806677,0.8743968175276812,32.0
count_mod3_i17,main,count_mod3,17,0,False,2,2,42,,cccd0e48d1c41419,47,0.3010299956639812,10.0,10,7.914392575656959,0.2058614763278071,0.8374922202811413,10.0
count_mod3_i17,main,count_mod3,17,0,False,2,2,42,,cccd0e48d1c41419,47,0.3010299956639812,20.0,20,13.382633331029831,0.27967294087427713,0.8656218228954871,20.0
count_mod3_i17,main,count_mod3,17,0,False,2,2,42,,cccd0e48d1c41419,47,0.3010299956639812,30.0,30,14.614008615600785,0.36567430411014085,0.878795437556621,30.0
count_mod3_i17,main,count_mod3,17,0,False,2,2,42,,cccd0e48d1c41419,47,0.3010299956639812,40.0,40,13.940989637146226,0.38419912370375514,0.8825903868331234,35.0
count_mod3_i17,main,count_mod3,17,0,False,2,2,42,,cccd0e48d1c41419,47,0.3010299956639812,,47,12.143637627563189,0.38425109198779106,0.8849235503327549,35.0
count_mod3_i18,main,count_mod3,18,0,False,8,4,42,,c92b8da931b2ed11,47,0.9030899869919435,10.0,10,7.522563176193874,0.21037433913233847,0.8368414487750616,10.0
count_mod3_i18,main,count_mod3,18,0,False,8,4,42,,c92b8da931b2ed11,47,0.9030899869919435,20.0,20,12.602313372966709,0.2444072789503263,0.8696946348550598,20.0
count_mod3_i18,main,count_mod3,18,0,False,8,4,42,,c92b8da931b2ed11,47,0.9030899869919435,30.0,30,12.950519120234665,0.240328168244346,0.8749759897417869,30.0
count_mod3_i18,main,count_mod3,18,0,False,8,4,42,,c92b8da931b2ed11,47,0.9030899869919435,40.0,40,11.539422196051293,0.2058819554291289,0.8787669291071053,33.0
count_mod3_i18,main,count_mod3,18,0,False,8,4,42,,c92b8da931b2ed11,47,0.9030899869919435,,47,10.703834744004936,0.18893543997874201,0.8804032310806432,33.0
count_mod3_i19,main,count_mod3,19,0,True,1,2,42,,7117c46949d664ea,47,0.0,10.0,10,7.245042007373201,0.2572024571973662,0.8298473559204764,10.0
count_mod3_i19,main,count_mod3,19,0,True,1,2,42,,7117c46949d664ea,47,0.0,20.0,20,11.9918956724465,0.4061063185366521,0.8580734793456006,20.0
count_mod3_i19,main,count_mod3,19,0,True,1,2,42,,7117c46949d664ea,47,0.0,30.0,30,14.395876991861849,0.4655819782740085,0.8697999572997307,30.0
count_mod3_i19,main,count_mod3,19,0,True,1,2,42,,7117c46949d664ea,47,0.0,40.0,40,16.635952187940685,0.4405939395270689,0.872699773306377,32.0
count_mod3_i19,main,count_mod3,19,0,True,1,2,42,,7117c46949d664ea,47,0.0,,47,16.055160082116572,0.41106099439490046,0.8756308213633311,32.0
count_mod3_i20,main,count_mod3,20,2,False,2,4,42,,1f8c7acabe5a3e24,48,0.3010299956639812,10.0,10,7.192907487887797,0.26265503197769824,0.8441055175318475,10.0
count_mod3_i20,main,count_mod3,20,2,False,2,4,42,,1f8c7acabe5a3e24,48,0.3010299956639812,20.0,20,12.668162190410253,0.3867111226603692,0.8590674311737453,20.0
count_mod3_i20,main,count_mod3,20,2,False,2,4,42,,1f8c7acabe5a3e24,48,0.3010299956639812,30.0,30,11.632511423674439,0.5210602893462484,0.8705421632616993,30.0
count_mod3_i20,main,count_mod3,20,2,False,2,4,42,,1f8c7acabe5a3e24,48,0.3010299956639812,40.0,40,13.002743814322638,0.5661680243804326,0.8659103648810863,32.0
count_mod3_i20,main,count_mod3,20,2,False,2,4,42,,1f8c7acabe5a3e24,48,0.3010299956639812,,48,15.283058397349981,0.5496899244826363,0.8626729467346872,32.0
count_mod3_i21,main,count_mod3,21,1,True,1,4,42,,1dd25eed48099a7d,47,0.0,10.0,10,7.192535045288649,0.24333529113342728,0.847439284569917,10.0
count_mod3_i21,main,count_mod3,21,1,True,1,4,42,,1dd25eed48099a7d,47,0.0,20.0,20,12.240794736179124,0.32039506995426087,0.8806680593187632,20.0
count_mod3_i21,main,count_mod3,21,1,True,1,4,42,,1dd25eed48099a7d,47,0.0,30.0,30,15.405317376309522,0.4168672442707844,0.8712864221330413,30.0
count_mod3_i21,main,count_mod3,21,1,True,1,4,42,,1dd25eed48099a7d,47,0.0,40.0,40,17.080826219859958,0.42851738297650893,0.8652128240394343,31.0
count_mod3_i21,main,count_mod3,21,1,True,1,4,42,,1dd25eed48099a7d,47,0.0,,47,15.995974182892757,0.4127946865735003,0.8655524852068669,31.0
count_mod3_i22,main,count_mod3,22,2,False,2,3,42,,5d797bb78980a136,47,0.3010299956639812,10.0,10,7.708466973366992,0.22041967387379496,0.835538035292461,10.0
count_mod3_i22,main,count_mod3,22,2,False,2,3,42,,5d797bb78980a136,47,0.3010299956639812,20.0,20,12.821260757659523,0.3828089795386596,0.863091186288326,20.0
count_mod3_i22,main,count_mod3,22,2,False,2,3,42,,5d797bb78980a136,47,0.3010299956639812,30.0,30,14.89032916836109,0.43786515858592656,0.8767185109981416,30.0
count_mod3_i22,main,count_mod3,22,2,False,2,3,42,,5d797bb78980a136,47,0.3010299956639812,40.0,40,13.5780721541381,0.4235422392868289,0.8799234613035446,34.0
count_mod3_i22,main,count_mod3,22,2,False,2,3,42,,5d797bb78980a136,47,0.3010299956639812,,47,11.082515863701676,0.40744999034535384,0.8827174801916498,34.0
count_mod3_i23,main,count_mod3,23,1,True,1,1,42,,7bf461b7aa07d0f1,46,0.0,10.0,10,7.248829772497872,0.26335982740668773,0.8360524523969123,10.0
count_mod3_i23,main,count_mod3,23,1,True,1,1,42,,7bf461b7aa07d0f1,46,0.0,20.0,20,12.4440992316221,0.33478643518641915,0.8651685519496365,20.0
count_mod3_i23,main,count_mod3,23,1,True,1,1,42,,7bf461b7aa07d0f1,46,0.0,30.0,30,14.646158223159546,0.39331002668521825,0.8686725434164703,30.0
count_mod3_i23,main,count_mod3,23,1,True,1,1,42,,7bf461b7aa07d0f1,46,0.0,40.0,40,14.494561508144242,0.38336243616447147,0.8687535189272051,32.0
count_mod3_i23,main,count_mod3,23,1,True,1,1,42,,7bf461b7aa07d0f1,46,0.0,,46,13.012964674750425,0.368244214459298,0.8700131234972814,32.0
parity8_i00,main,parity8,0,1,False,2,6,44,,77a2bde43ced1854,43,0.3010299956639812,10.0,10,6.977403233212259,0.23698966651703854,0.8427044589928147,10.0
parity8_i00,main,parity8,0,1,False,2,6,44,,77a2bde43ced1854,43,0.3010299956639812,20.0,20,11.331548907373637,0.33853342440083745,0.8734795070827334,20.0
parity8_i00,main,parity8,0,1,False,2,6,44,,77a2bde43ced1854,43,0.3010299956639812,30.0,30,13.92728281343381,0.4191475646586292,0.8813080692500099,30.0
parity8_i00,main,parity8,0,1,False,2,6,44,,77a2bde43ced1854,43,0.3010299956639812,40.0,40,15.570972592155629,0.466007568494767,0.881580576610528,35.0
parity8_i00,main,parity8,0,1,False,2,6,44,,77a2bde43ced1854,43,0.3010299956639812,,43,15.271081056541162,0.4778962089668321,0.8829324232717114,35.0
parity8_i01,main,parity8,1,1,True,1,2,44,,ac1338922eec8125,43,0.0,10.0,10,7.4115651943988095,0.21061124569469766,0.8500148011342131,10.0
parity8_i01,main,parity8,1,1,True,1,2,44,,ac1338922eec8125,43,0.0,20.0,20,12.27332672336771,0.3470217943433104,0.8706873711002368,20.0
parity8_i01,main,parity8,1,1,True,1,2,44,,ac1338922eec8125,43,0.0,30.0,30,15.553258509613949,0.4552472605892452,0.881270913478162,30.0
parity8_i01,main,parity8,1,1,True,1,2,44,,ac1338922eec8125,43,0.0,40.0,40,15.533807285144428,0.4996078450742794,0.88286970167677,36.0
parity8_i01,main,parity8,1,1,True,1,2,44,,ac1338922eec8125,43,0.0,,43,14.713989166159067,0.5114114077033226,0.8842371716050276,36.0
parity8_i02,main,parity8,2,1,True,1,5,44,,d4fb32819e548c7f,43,0.0,10.0,10,7.331659168951558,0.2224686028251996,0.8427036009397229,10.0
parity8_i02,main,parity8,2,1,True,1,5,44,,d4fb32819e548c7f,43,0.0,20.0,20,11.62767450166415,0.393053620551057,0.859995830619442,20.0
parity8_i02,main,parity8,2,1,True,1,5,44,,d4fb32819e548c7f,43,0.0,30.0,30,13.628684935462156,0.4815554775515839,0.8721191293323509,30.0
parity8_i02,main,parity8,2,1,True,1,5,44,,d4fb32819e548c7f,43,0.0,40.0,40,15.004442298470908,0.5353181007041853,0.8738188587182463,32.0
parity8_i02,main,parity8,2,1,True,1,5,44,,d4fb32819e548c7f,43,0.0,,43,15.223226497943125,0.5458516943804069,0.8758760784991703,32.0
parity8_i03,main,parity8,3,0,False,3,26,44,,249e8e1b31d8189d,43,0.47712125471966244,10.0,10,7.114082001833781,0.20681524775624294,0.8482839860099088,10.0
parity8_i03,main,parity8,3,0,False,3,26,44,,249e8e1b31d8189d,43,0.47712125471966244,20.0,20,11.69845305567164,0.31526328465105713,0.8673268017361756,20.0
parity8_i03,main,parity8,3,0,False,3,26,44,,249e8e1b31d8189d,43,0.47712125471966244,30.0,30,14.162814151237743,0.4038452675416778,0.8794265300824881,30.0
parity8_i03,main,parity8,3,0,False,3,26,44,,249e8e1b31d8189d,43,0.47712125471966244,40.0,40,14.272734678002942,0.45982001979516085,0.8809214368544671,35.0
parity8_i03,main,parity8,3,0,False,3,26,44,,249e8e1b31d8189d,43,0.47712125471966244,,43,13.3984762107569,0.47440155170463233,0.8832058067322864,35.0
parity8_i04,main,parity8,4,1,True,1,1,44,,5f34c0ac8a163baa,44,0.0,10.0,10,7.251923525961858,0.21968537354806852,0.8517813695415679,10.0
parity8_i04,main,parity8,4,1,True,1,1,44,,5f34c0ac8a163baa,44,0.0,20.0,20,12.32375645147953,0.3594150400893916,0.8718371584850012,20.0
parity8_i04,main,parity8,4,1,True,1,1,44,,5f34c0ac8a163baa,44,0.0,30.0,30,14.603310721991836,0.4534664074821016,0.886085032402413,30.0
parity8_i04,main,parity8,4,1,True,1,1,44,,5f34c0ac8a163baa,44,0.0,40.0,40,13.350890715125365,0.4873008541275051,0.8842880011549409,36.0
parity8_i04,main,parity8,4,1,True,1,1,44,,5f34c0ac8a163baa,44,0.0,,44,12.026427168597582,0.4994097534095951,0.8866190475570904,36.0
parity8_i05,main,parity8,5,0,False,2,9,44,,e044f11ad0ecaa3c,43,0.3010299956639812,10.0,10,7.476631495108797,0.1956141163845393,0.8402086645656918,10.0
parity8_i05,main,parity8,5,0,False,2,9,44,,e044f11ad0ecaa3c,43,0.3010299956639812,20.0,20,11.758162232313108,0.3609299363388415,0.8670170911358334,20.0
parity8_i05,main,parity8,5,0,False,2,9,44,,e044f11ad0ecaa3c,43,0.3010299956639812,30.0,30,12.927952744370579,0.4637853138570455,0.8866252850671124,30.0
parity8_i05,main,parity8,5,0,False,2,9,44,,e044f11ad0ecaa3c,43,0.3010299956639812,40.0,40,11.03914675824155,0.5058842141672473,0.8886768346580927,36.0
parity8_i05,main,parity8,5,0,False,2,9,44,,e044f11ad0ecaa3c,43,0.3010299956639812,,43,10.300540098394132,0.5140369752164488,0.8900781998774274,36.0
parity8_i06,main,parity8,6,1,False,2,2,44,,1546e98aff9c03a2,44,0.3010299956639812,10.0,10,7.393094101187966,0.216173979800349,0.8471938439588153,10.0
parity8_i06,main,parity8,6,1,False,2,2,44,,1546e98aff9c03a2,44,0.3010299956639812,20.0,20,11.64667525840042,0.3734997625745871,0.8720521018708117,20.0
parity8_i06,main,parity8,6,1,False,2,2,44,,1546e98aff9c03a2,44,0.3010299956639812,30.0,30,12.993904809595648,0.47156744380172877,0.8861977785316285,30.0
parity8_i06,main,parity8,6,1,False,2,2,44,,1546e98aff9c03a2,44,0.3010299956639812,40.0,40,11.263228942657914,0.5171198473634152,0.8864209130295695,37.0
parity8_i06,main,parity8,6,1,False,2,2,44,,1546e98aff9c03a2,44,0.3010299956639812,,44,10.581241567583595,0.5278119987999182,0.8873656294143122,37.0
parity8_i07,main,parity8,7,0,False,3,19,44,,ecc0c25552e3a818,43,0.47712125471966244,10.0,10,7.068845914866496,0.2617730854186953,0.8414114036927398,10.0
parity8_i07,main,parity8,7,0,False,3,19,44,,ecc0c25552e3a818,43,0.47712125471966244,20.0,20,11.89323446664967,0.374755850209385,0.8667720913889099,20.0
parity8_i07,main,parity8,7,0,False,3,19,44,,ecc0c25552e3a818,43,0.47712125471966244,30.0,30,14.250143782329342,0.4585781927296104,0.8795920602612097,30.0
parity8_i07,main,parity8,7,0,False,3,19,44,,ecc0c25552e3a818,43,0.47712125471966244,40.0,40,14.64433183464125,0.5126333179619079,0.88112593158946,34.0
parity8_i07,main,parity8,7,0,False,3,19,44,,ecc0c25552e3a818,43,0.47712125471966244,,43,14.061724933673547,0.5224872884284257,0.8822109317233303,34.0
parity8_i08,main,parity8,8,1,True,1,5,44,,d5b2350f6c3f578b,43,0.0,10.0,10,7.324199542974881,0.20402922652311928,0.8438600450568502,10.0
parity8_i08,main,parity8,8,1,True,1,5,44,,d5b2350f6c3f578b,43,0.0,20.0,20,11.72743274328737,0.3424588094671164,0.863457420007651,20.0
parity8_i08,main,parity8,8,1,True,1,5,44,,d5b2350f6c3f578b,43,0.0,30.0,30,14.942226563846917,0.4345828311662528,0.8721302260550132,30.0
parity8_i08,main,parity8,8,1,True,1,5,44,,d5b2350f6c3f578b,43,0.0,40.0,40,17.398378542614005,0.4830049771497185,0.8692425148667534,32.0
parity8_i08,main,parity8,8,1,True,1,5,44,,d5b2350f6c3f578b,43,0.0,,43,18.281952173015664,0.4927308628263124,0.8696071105315873,32.0
parity8_i09,main,parity8,9,0,False,2,14,44,,852fa025b80825ac,46,0.3010299956639812,10.0,10,7.254569848894141,0.2287888022650627,0.8463478768499284,10.0
parity8_i09,main,parity8,9,0,False,2,14,44,,852fa025b80825ac,46,0.3010299956639812,20.0,20,11.374750294187008,0.3860360722609297,0.8709063978111221,20.0
parity8_i09,main,parity8,9,0,False,2,14,44,,852fa025b80825ac,46,0.3010299956639812,30.0,30,13.806212317977682,0.4825227992533446,0.8747004417825894,30.0
parity8_i09,main,parity8,9,0,False,2,14,44,,852fa025b80825ac,46,0.3010299956639812,40.0,40,14.809432145687301,0.5293700164882745,0.8698583242228919,32.0
parity8_i09,main,parity8,9,0,False,2,14,44,,852fa025b80825ac,46,0.3010299956639812,,46,15.570532412315723,0.5596052321091909,0.8708771769750994,32.0
parity8_i10,main,parity8,10,0,False,4,9,44,,85918d03cb51d47f,42,0.6020599913279624,10.0,10,7.380872041538339,0.2290650461824046,0.8446139253219104,10.0
parity8_i10,main,parity8,10,0,False,4,9,44,,85918d03cb51d47f,42,0.6020599913279624,20.0,20,11.770565920184945,0.38807278384456223,0.859455668669664,20.0
parity8_i10,main,parity8,10,0,False,4,9,44,,85918d03cb51d47f,42,0.6020599913279624,30.0,30,14.572261316932213,0.4643511620009865,0.871247856661291,30.0
parity8_i10,main,parity8,10,0,False,4,9,44,,85918d03cb51d47f,42,0.6020599913279624,40.0,40,17.160340800518153,0.5102066761336108,0.872250536751483,32.0
parity8_i10,main,parity8,10,0,False,4,9,44,,85918d03cb51d47f,42,0.6020599913279624,,42,17.502021640045214,0.5178549232082403,0.8730383971319715,32.0
parity8_i11,main,parity8,11,0,False,3,25,44,,e6d64eb9627902c5,42,0.47712125471966244,10.0,10,7.636510400456023,0.1839420704734366,0.8491351355658157,10.0
parity8_i11,main,parity8,11,0,False,3,25,44,,e6d64eb9627902c5,42,0.47712125471966244,20.0,20,12.750182693585707,0.32014042027460904,0.8615916181802884,20.0
parity8_i11,main,parity8,11,0,False,3,25,44,,e6d64eb9627902c5,42,0.47712125471966244,30.0,30,15.473849436782741,0.4227597893729485,0.8729378087949726,30.0
parity8_i11,main,parity8,11,0,False,3,25,44,,e6d64eb9627902c5,42,0.47712125471966244,40.0,40,17.287636828931355,0.4832090517528446,0.8752886617533777,33.0
parity8_i11,main,parity8,11,0,False,3,25,44,,e6d64eb9627902c5,42,0.47712125471966244,,42,17.254305456196672,0.4943435587372958,0.8772331664028061,33.0
parity8_i12,main,parity8,12,0,False,3,23,44,,72311eb67b42f3c9,44,0.47712125471966244,10.0,10,7.56098235534776,0.2108451169508685,0.8423787722738529,10.0
parity8_i12,main,parity8,12,0,False,3,23,44,,72311eb67b42f3c9,44,0.47712125471966244,20.0,20,12.053412839101874,0.3707489795325668,0.866352885503532,20.0
parity8_i12,main,parity8,12,0,False,3,23,44,,72311eb67b42f3c9,44,0.47712125471966244,30.0,30,12.378717706367066,0.47043304298962435,0.8836598224025591,30.0
parity8_i12,main,parity8,12,0,False,3,23,44,,72311eb67b42f3c9,44,0.47712125471966244,40.0,40,11.037351950713484,0.5133411655590141,0.8826921641694168,35.0
parity8_i12,main,parity8,12,0,False,3,23,44,,72311eb67b42f3c9,44,0.47712125471966244,,44,10.529492748078239,0.5253637102691028,0.8840360118735425,35.0
parity8_i13,main,parity8,13,0,False,2,17,44,,c32f3a59bf988723,44,0.3010299956639812,10.0,10,7.282118000937682,0.20849646905795305,0.8455350630568884,10.0
parity8_i13,main,parity8,13,0,False,2,17,44,,c32f3a59bf988723,44,0.3010299956639812,20.0,20,11.92411941733296,0.34109728236358183,0.8680174630107621,20.0
parity8_i13,main,parity8,13,0,False,2,17,44,,c32f3a59bf988723,44,0.3010299956639812,30.0,30,12.935488016340184,0.4295509848007896,0.8887144120936663,30.0
parity8_i13,main,parity8,13,0,False,2,17,44,,c32f3a59bf988723,44,0.3010299956639812,40.0,40,10.884650711803838,0.4799151117539942,0.8915830842294709,38.0
parity8_i13,main,parity8,13,0,False,2,17,44,,c32f3a59bf988723,44,0.3010299956639812,,44,9.830536634409869,0.4929565244483836,0.8939302009432935,38.0
parity8_i14,main,parity8,14,0,False,3,26,44,,10cb5662ca56ae08,43,0.47712125471966244,10.0,10,7.027622181085106,0.25560111234857413,0.8441596821440804,10.0
parity8_i14,main,parity8,14,0,False,3,26,44,,10cb5662ca56ae08,43,0.47712125471966244,20.0,20,11.555297113710854,0.39385343783432103,0.8646397848946499,20.0
parity8_i14,main,parity8,14,0,False,3,26,44,,10cb5662ca56ae08,43,0.47712125471966244,30.0,30,12.890333665411976,0.463240279155671,0.878790616982047,30.0
parity8_i14,main,parity8,14,0,False,3,26,44,,10cb5662ca56ae08,43,0.47712125471966244,40.0,40,13.049139643623992,0.5094243092280839,0.8792273635052803,34.0
parity8_i14,main,parity8,14,0,False,3,26,44,,10cb5662ca56ae08,43,0.47712125471966244,,43,12.82166856263902,0.5183730162281508,0.88103477817561,34.0
parity8_i15,main,parity8,15,0,False,2,9,44,,b2bf7b7f423ff5e1,42,0.3010299956639812,10.0,10,7.536350825282223,0.21741723704040322,0.8388412408970467,10.0
parity8_i15,main,parity8,15,0,False,2,9,44,,b2bf7b7f423ff5e1,42,0.3010299956639812,20.0,20,11.676282043778142,0.3598607524429174,0.8701829169301103,20.0
parity8_i15,main,parity8,15,0,False,2,9,44,,b2bf7b7f423ff5e1,42,0.3010299956639812,30.0,30,13.001690120913878,0.45283799269224545,0.884226330591759,30.0
parity8_i15,main,parity8,15,0,False,2,9,44,,b2bf7b7f423ff5e1,42,0.3010299956639812,40.0,40,12.533727939391564,0.49984041715883193,0.882563951514005,35.0
parity8_i15,main,parity8,15,0,False,2,9,44,,b2bf7b7f423ff5e1,42,0.3010299956639812,,42,12.166499276718117,0.5071487481302882,0.8835050585543498,35.0
parity8_i16,main,parity8,16,0,False,2,9,44,,c78e7a516bde093c,44,0.3010299956639812,10.0,10,7.3332314295492935,0.2007449749109833,0.8458941291599945,10.0
parity8_i16,main,parity8,16,0,False,2,9,44,,c78e7a516bde093c,44,0.3010299956639812,20.0,20,12.366313464009796,0.3424326523216655,0.8721934222061075,20.0
parity8_i16,main,parity8,16,0,False,2,9,44,,c78e7a516bde093c,44,0.3010299956639812,30.0,30,13.13231736231958,0.4447536527318468,0.8875265737466447,30.0
parity8_i16,main,parity8,16,0,False,2,9,44,,c78e7a516bde093c,44,0.3010299956639812,40.0,40,11.820298618355944,0.48745992450742054,0.8866046259202597,36.0
parity8_i16,main,parity8,16,0,False,2,9,44,,c78e7a516bde093c,44,0.3010299956639812,,44,10.892500695565325,0.5017078324899904,0.8882808432997765,36.0
parity8_i17,main,parity8,17,0,False,3,25,44,,ba96967e639aaada,44,0.47712125471966244,10.0,10,7.334450201966158,0.21469648046438436,0.8408738661069742,10.0
parity8_i17,main,parity8,17,0,False,3,25,44,,ba96967e639aaada,44,0.47712125471966244,20.0,20,12.434621606724862,0.3445594956407455,0.8638239740740544,20.0
parity8_i17,main,parity8,17,0,False,3,25,44,,ba96967e639aaada,44,0.47712125471966244,30.0,30,13.63290516922678,0.4359826448718195,0.8819196882421998,30.0
parity8_i17,main,parity8,17,0,False,3,25,44,,ba96967e639aaada,44,0.47712125471966244,40.0,40,12.260262407722333,0.4767456041963645,0.8839490614039691,36.0
parity8_i17,main,parity8,17,0,False,3,25,44,,ba96967e639aaada,44,0.47712125471966244,,44,11.615521146346305,0.48976369571903333,0.8851921244060119,36.0
parity8_i18,main,parity8,18,1,True,1,5,44,,c5ccb3f20add922a,43,0.0,10.0,10,7.095273087386187,0.240453827208293,0.8465427881537866,10.0
parity8_i18,main,parity8,18,1,True,1,5,44,,c5ccb3f20add922a,43,0.0,20.0,20,11.91569292790345,0.3606598644978242,0.8667261002622189,20.0
parity8_i18,main,parity8,18,1,True,1,5,44,,c5ccb3f20add922a,43,0.0,30.0,30,14.07296476627873,0.43489911139372867,0.8836544838577597,30.0
parity8_i18,main,parity8,18,1,True,1,5,44,,c5ccb3f20add922a,43,0.0,40.0,40,14.465826096095114,0.4861531021405965,0.8839261434885228,35.0
parity8_i18,main,parity8,18,1,True,1,5,44,,c5ccb3f20add922a,43,0.0,,43,13.991951644373906,0.4946579377156133,0.8848792365961529,35.0
parity8_i19,main,parity8,19,0,False,2,10,44,,58554841df69f4df,44,0.3010299956639812,10.0,10,7.434825379354804,0.20247118082533386,0.8434407239232743,10.0
parity8_i19,main,parity8,19,0,False,2,10,44,,58554841df69f4df,44,0.3010299956639812,20.0,20,12.660717006695098,0.33089662676396064,0.8713706131384389,20.0
parity8_i19,main,parity8,19,0,False,2,10,44,,58554841df69f4df,44,0.3010299956639812,30.0,30,14.504192498381526,0.4247441353971823,0.8842856012380701,30.0
parity8_i19,main,parity8,19,0,False,2,10,44,,58554841df69f4df,44,0.3010299956639812,40.0,40,12.988708070163412,0.4714615541663814,0.8834533704674664,36.0
parity8_i19,main,parity8,19,0,False,2,10,44,,58554841df69f4df,44,0.3010299956639812,,44,11.870463818069247,0.4881985180554944,0.886266262799535,36.0
parity8_i20,main,parity8,20,1,False,2,5,44,,d7a4487b87fa20bd,43,0.3010299956639812,10.0,10,7.50775340213127,0.2112096728161551,0.8484583689743866,10.0
parity8_i20,main,parity8,20,1,False,2,5,44,,d7a4487b87fa20bd,43,0.3010299956639812,20.0,20,12.61874908439038,0.357904891785769,0.8679311767675121,20.0
parity8_i20,main,parity8,20,1,False,2,5,44,,d7a4487b87fa20bd,43,0.3010299956639812,30.0,30,16.05945009841544,0.4402437266090947,0.8728835683353904,30.0
parity8_i20,main,parity8,20,1,False,2,5,44,,d7a4487b87fa20bd,43,0.3010299956639812,40.0,40,16.347896164926865,0.4632921942348619,0.876592785282794,34.0
parity8_i20,main,parity8,20,1,False,2,5,44,,d7a4487b87fa20bd,43,0.3010299956639812,,43,15.279274984202386,0.4750015565095504,0.8793522797408306,34.0
parity8_i21,main,parity8,21,1,False,2,2,44,,d9b9986eb9fccd12,42,0.3010299956639812,10.0,10,7.139820784953092,0.24454990277806513,0.8455778039119748,10.0
parity8_i21,main,parity8,21,1,False,2,2,44,,d9b9986eb9fccd12,42,0.3010299956639812,20.0,20,12.285137722592774,0.36315306717900525,0.8707495757271829,20.0
parity8_i21,main,parity8,21,1,False,2,2,44,,d9b9986eb9fccd12,42,0.3010299956639812,30.0,30,15.429468044523128,0.46118039273607486,0.8770189634418195,30.0
parity8_i21,main,parity8,21,1,False,2,2,44,,d9b9986eb9fccd12,42,0.3010299956639812,40.0,40,17.158215497293032,0.5109889675275223,0.8759910892819935,33.0
parity8_i21,main,parity8,21,1,False,2,2,44,,d9b9986eb9fccd12,42,0.3010299956639812,,42,16.92110468162206,0.5195046172159276,0.8770181552028238,33.0
parity8_i22,main,parity8,22,1,False,2,2,44,,491a14aba9f76d99,44,0.3010299956639812,10.0,10,7.107079304372747,0.25981247672726737,0.8553941302002007,10.0
parity8_i22,main,parity8,22,1,False,2,2,44,,491a14aba9f76d99,44,0.3010299956639812,20.0,20,11.892693445310261,0.3843556479174178,0.8749205825769936,20.0
parity8_i22,main,parity8,22,1,False,2,2,44,,491a14aba9f76d99,44,0.3010299956639812,30.0,30,13.621503891696657,0.4638677710430651,0.8836564688105013,30.0
parity8_i22,main,parity8,22,1,False,2,2,44,,491a14aba9f76d99,44,0.3010299956639812,40.0,40,12.77896380856071,0.5022834932691168,0.8827252775890073,36.0
parity8_i22,main,parity8,22,1,False,2,2,44,,491a14aba9f76d99,44,0.3010299956639812,,44,11.83179009467307,0.5127674280079532,0.8856903547614251,36.0
parity8_i23,main,parity8,23,1,True,1,1,44,,0097ea54c2f9b23d,43,0.0,10.0,10,7.359853757651916,0.2062977057382975,0.8544755844048955,10.0
parity8_i23,main,parity8,23,1,True,1,1,44,,0097ea54c2f9b23d,43,0.0,20.0,20,12.72339453256791,0.34118885643415736,0.8680349136521327,20.0
parity8_i23,main,parity8,23,1,True,1,1,44,,0097ea54c2f9b23d,43,0.0,30.0,30,15.344254315865818,0.4528590294663691,0.8746833455757341,30.0
parity8_i23,main,parity8,23,1,True,1,1,44,,0097ea54c2f9b23d,43,0.0,40.0,40,14.64489554821205,0.5020850083985842,0.8774233359295731,34.0
parity8_i23,main,parity8,23,1,True,1,1,44,,0097ea54c2f9b23d,43,0.0,,43,13.67159243386883,0.5153515817456144,0.8804953776916283,34.0
track_total_i00,main,track_total,0,-4,False,5,4,43,,68c6971236acb886,48,0.6989700043360189,10.0,10,7.551318909265597,0.14239606228988166,0.8763898078817238,10.0
track_total_i00,main,track_total,0,-4,False,5,4,43,,68c6971236acb886,48,0.6989700043360189,20.0,20,12.946516987569975,0.29689751546757026,0.8512878632820284,20.0
track_total_i00,main,track_total,0,-4,False,5,4,43,,68c6971236acb886,48,0.6989700043360189,30.0,30,16.454925155511756,0.3364567966271784,0.8581705436528106,30.0
track_total_i00,main,track_total,0,-4,False,5,4,43,,68c6971236acb886,48,0.6989700043360189,40.0,40,18.04298304162251,0.3579195780810164,0.8606221254460896,31.0
track_total_i00,main,track_total,0,-4,False,5,4,43,,68c6971236acb886,48,0.6989700043360189,,48,20.12321035583427,0.3670272377463485,0.8582617046810888,31.0
track_total_i01,main,track_total,1,0,True,1,4,43,,83bb833e29349392,49,0.0,10.0,10,7.6073674591351805,0.15602003283711868,0.8723941884416013,10.0
track_total_i01,main,track_total,1,0,True,1,4,43,,83bb833e29349392,49,0.0,20.0,20,11.490881122348954,0.326860558341765,0.8597414646052917,20.0
track_total_i01,main,track_total,1,0,True,1,4,43,,83bb833e29349392,49,0.0,30.0,30,13.758458241299993,0.4383649420641663,0.8687164199669817,30.0
track_total_i01,main,track_total,1,0,True,1,4,43,,83bb833e29349392,49,0.0,40.0,40,13.563348097347964,0.5238085471900463,0.8697668303393591,33.0
track_total_i01,main,track_total,1,0,True,1,4,43,,83bb833e29349392,49,0.0,,49,11.155341887911904,0.588001409947382,0.8678496882256816,33.0
track_total_i02,main,track_total,2,-2,False,11,4,43,,6e0e3555ca43f026,48,1.0413926851582251,10.0,10,7.551995557112691,0.1228490073620414,0.8873841062434327,10.0
track_total_i02,main,track_total,2,-2,False,11,4,43,,6e0e3555ca43f026,48,1.0413926851582251,20.0,20,12.344560321222309,0.2758700910059576,0.8683217884413055,20.0
track_total_i02,main,track_total,2,-2,False,11,4,43,,6e0e3555ca43f026,48,1.0413926851582251,30.0,30,14.034900316564517,0.3715317144226676,0.8679025052418138,30.0
track_total_i02,main,track_total,2,-2,False,11,4,43,,6e0e3555ca43f026,48,1.0413926851582251,40.0,40,16.161955194337274,0.41284648442964056,0.8657433914108046,33.0
track_total_i02,main,track_total,2,-2,False,11,4,43,,6e0e3555ca43f026,48,1.0413926851582251,,48,17.20538205136189,0.43750029729625156,0.8629774785769053,33.0
track_total_i03,main,track_total,3,4,False,6,3,43,,0ca2cf85e40ed034,47,0.7781512503836436,10.0,10,7.494816583744037,0.21898164163301437,0.8801865517035553,10.0
track_total_i03,main,track_total,3,4,False,6,3,43,,0ca2cf85e40ed034,47,0.7781512503836436,20.0,20,12.9336905386191,0.3207305191329083,0.8735172549480956,20.0
track_total_i03,main,track_total,3,4,False,6,3,43,,0ca2cf85e40ed034,47,0.7781512503836436,30.0,30,14.29504748863387,0.3089649174012575,0.8818240715980887,30.0
track_total_i03,main,track_total,3,4,False,6,3,43,,0ca2cf85e40ed034,47,0.7781512503836436,40.0,40,11.751787907270973,0.27815487362251035,0.8860505778640378,37.0
track_total_i03,main,track_total,3,4,False,6,3,43,,0ca2cf85e40ed034,47,0.7781512503836436,,47,9.35474191934856,0.2518766611650937,0.8871784197423486,37.0
track_total_i04,main,track_total,4,6,False,4,1,43,,7a7fcf38098775ff,47,0.6020599913279624,10.0,10,7.56110077835175,0.20133578498107754,0.8766060509232325,10.0
track_total_i04,main,track_total,4,6,False,4,1,43,,7a7fcf38098775ff,47,0.6020599913279624,20.0,20,12.47697617198487,0.3219509078400047,0.8717168032826426,20.0
track_total_i04,main,track_total,4,6,False,4,1,43,,7a7fcf38098775ff,47,0.6020599913279624,30.0,30,15.141246035375096,0.32442822961405615,0.8781504285886155,30.0
track_total_i04,main,track_total,4,6,False,4,1,43,,7a7fcf38098775ff,47,0.6020599913279624,40.0,40,12.912340778172823,0.2971064179846004,0.8814415942477873,36.0
track_total_i04,main,track_total,4,6,False,4,1,43,,7a7fcf38098775ff,47,0.6020599913279624,,47,10.244460671087742,0.2688418760413793,0.8826812654262405,36.0
track_total_i05,main,track_total,5,0,True,1,4,43,,560502bb8f71cb01,50,0.0,10.0,10,7.459679116657336,0.18330784289915114,0.8667295782778811,10.0
track_total_i05,main,track_total,5,0,True,1,4,43,,560502bb8f71cb01,50,0.0,20.0,20,10.157433813765577,0.33379976345577617,0.8727386146286805,20.0
track_total_i05,main,track_total,5,0,True,1,4,43,,560502bb8f71cb01,50,0.0,30.0,30,12.112869098345808,0.41202018872056356,0.879912734700476,30.0
track_total_i05,main,track_total,5,0,True,1,4,43,,560502bb8f71cb01,50,0.0,40.0,40,12.576771939465207,0.4768035404847211,0.8739728188133719,33.0
track_total_i05,main,track_total,5,0,True,1,4,43,,560502bb8f71cb01,50,0.0,,50,12.846012607473392,0.5236803668741888,0.8692956735117662,33.0
track_total_i06,main,track_total,6,2,False,3,2,43,,e40e1d39339224ee,49,0.47712125471966244,10.0,10,7.652534194984999,0.18959499510795988,0.8567232887920271,10.0
track_total_i06,main,track_total,6,2,False,3,2,43,,e40e1d39339224ee,49,0.47712125471966244,20.0,20,11.850202781839755,0.35918775953364757,0.8374937194972669,20.0
track_total_i06,main,track_total,6,2,False,3,2,43,,e40e1d39339224ee,49,0.47712125471966244,30.0,30,14.29462964922109,0.4807278180597871,0.8490153075089669,29.0
track_total_i06,main,track_total,6,2,False,3,2,43,,e40e1d39339224ee,49,0.47712125471966244,40.0,40,16.86292194781204,0.5348459150367428,0.8525808182919499,29.0
track_total_i06,main,track_total,6,2,False,3,2,43,,e40e1d39339224ee,49,0.47712125471966244,,49,16.913187677558017,0.568989800748707,0.8550424367528876,29.0
track_total_i07,main,track_total,7,-2,False,6,2,43,,7601b673fda0034b,50,0.7781512503836436,10.0,10,7.5218058694451155,0.15913313397048046,0.8733137191986144,10.0
track_total_i07,main,track_total,7,-2,False,6,2,43,,7601b673fda0034b,50,0.7781512503836436,20.0,20,12.558069779418497,0.3205135315705978,0.8517908011772259,20.0
track_total_i07,main,track_total,7,-2,False,6,2,43,,7601b673fda0034b,50,0.7781512503836436,30.0,30,15.393720613657523,0.4212206405584139,0.8570553413098704,30.0
track_total_i07,main,track_total,7,-2,False,6,2,43,,7601b673fda0034b,50,0.7781512503836436,40.0,40,18.555337823012202,0.45922180871403395,0.8556230890807084,30.0
track_total_i07,main,track_total,7,-2,False,6,2,43,,7601b673fda0034b,50,0.7781512503836436,,50,19.792916850139353,0.48649077667927215,0.8563407784194332,30.0
track_total_i08,main,track_total,8,-2,False,7,3,43,,1d51ad3cee416a04,49,0.8450980400142568,10.0,10,7.325099684390704,0.12749932647321566,0.884796284558077,10.0
track_total_i08,main,track_total,8,-2,False,7,3,43,,1d51ad3cee416a04,49,0.8450980400142568,20.0,20,12.94908996936742,0.25194331639047124,0.8603588370766174,20.0
track_total_i08,main,track_total,8,-2,False,7,3,43,,1d51ad3cee416a04,49,0.8450980400142568,30.0,30,14.183897555854346,0.35503203906508,0.8596418675318583,30.0
track_total_i08,main,track_total,8,-2,False,7,3,43,,1d51ad3cee416a04,49,0.8450980400142568,40.0,40,14.701504638899614,0.39358781710975865,0.8611161503068966,32.0
track_total_i08,main,track_total,8,-2,False,7,3,43,,1d51ad3cee416a04,49,0.8450980400142568,,49,15.587929690187801,0.39662862535667615,0.8591858305308008,32.0
track_total_i09,main,track_total,9,0,True,1,5,43,,16a071ad99a34835,47,0.0,10.0,10,7.820600734983928,0.14607851979649655,0.8829669492596783,10.0
track_total_i09,main,track_total,9,0,True,1,5,43,,16a071ad99a34835,47,0.0,20.0,20,13.524372391395232,0.2563191877993102,0.860816358376372,20.0
track_total_i09,main,track_total,9,0,True,1,5,43,,16a071ad99a34835,47,0.0,30.0,30,11.739318552923379,0.2455893778126671,0.8753275419450433,30.0
track_total_i09,main,track_total,9,0,True,1,5,43,,16a071ad99a34835,47,0.0,40.0,40,9.406797867633793,0.2300820523859658,0.8800837778783456,35.0
track_total_i09,main,track_total,9,0,True,1,5,43,,16a071ad99a34835,47,0.0,,47,7.9676273607498995,0.2123527336714878,0.8813952503370082,35.0
track_total_i10,main,track_total,10,-4,False,12,4,43,,18b6e05d2e7c32c3,49,1.0791812460476249,10.0,10,7.698447954150431,0.1458269247471834,0.8610272913971214,10.0
track_total_i10,main,track_total,10,-4,False,12,4,43,,18b6e05d2e7c32c3,49,1.0791812460476249,20.0,20,12.03749611049842,0.3230631732713123,0.8733825916830698,20.0
track_total_i10,main,track_total,10,-4,False,12,4,43,,18b6e05d2e7c32c3,49,1.0791812460476249,30.0,30,14.786940170406876,0.36883874452963095,0.8725339566720186,30.0
track_total_i10,main,track_total,10,-4,False,12,4,43,,18b6e05d2e7c32c3,49,1.0791812460476249,40.0,40,15.964053867183818,0.4052159797200513,0.8689192702456252,33.0
track_total_i10,main,track_total,10,-4,False,12,4,43,,18b6e05d2e7c32c3,49,1.0791812460476249,,49,15.835788966002404,0.4354085101763911,0.8645947650968063,33.0
track_total_i11,main,track_total,11,0,True,1,3,43,,20bf165cc902ad8c,50,0.0,10.0,10,7.431961532152725,0.194139942289292,0.8713321839441001,10.0
track_total_i11,main,track_total,11,0,True,1,3,43,,20bf165cc902ad8c,50,0.0,20.0,20,11.032249465806181,0.3361215659817233,0.863385044238829,20.0
track_total_i11,main,track_total,11,0,True,1,3,43,,20bf165cc902ad8c,50,0.0,30.0,30,12.378530604351596,0.4614069645803389,0.871005803701768,30.0
track_total_i11,main,track_total,11,0,True,1,3,43,,20bf165cc902ad8c,50,0.0,40.0,40,12.830411016420648,0.5409961700722198,0.869337028316332,33.0
track_total_i11,main,track_total,11,0,True,1,3,43,,20bf165cc902ad8c,50,0.0,,50,11.921358748371091,0.5983734665345245,0.8662079984392298,33.0
track_total_i12,main,track_total,12,8,False,5,17,43,,57f99311b018f505,43,0.6989700043360189,10.0,10,7.323606933601974,0.2364238950339528,0.8770212608203142,10.0
track_total_i12,main,track_total,12,8,False,5,17,43,,57f99311b018f505,43,0.6989700043360189,20.0,20,12.596321163756665,0.34386175073113506,0.8712566722266383,20.0
track_total_i12,main,track_total,12,8,False,5,17,43,,57f99311b018f505,43,0.6989700043360189,30.0,30,16.779815665547357,0.3939536444281545,0.8738460601076978,30.0
track_total_i12,main,track_total,12,8,False,5,17,43,,57f99311b018f505,43,0.6989700043360189,40.0,40,17.38755166803529,0.38502478887724895,0.8760034418532378,35.0
track_total_i12,main,track_total,12,8,False,5,17,43,,57f99311b018f505,43,0.6989700043360189,,43,16.15654937087916,0.37455312820482906,0.8777376284233207,35.0
track_total_i13,main,track_total,13,-2,False,11,4,43,,caf1f16d16753638,49,1.0413926851582251,10.0,10,7.764548175745828,0.14134111708536654,0.868298052061483,10.0
track_total_i13,main,track_total,13,-2,False,11,4,43,,caf1f16d16753638,49,1.0413926851582251,20.0,20,12.557201878784506,0.30509264825399024,0.8646251530648579,20.0
track_total_i13,main,track_total,13,-2,False,11,4,43,,caf1f16d16753638,49,1.0413926851582251,30.0,30,15.466507983024465,0.34184360474943715,0.8682528927186283,30.0
track_total_i13,main,track_total,13,-2,False,11,4,43,,caf1f16d16753638,49,1.0413926851582251,40.0,40,16.550335260217583,0.3593096114384549,0.8698827412979547,33.0
track_total_i13,main,track_total,13,-2,False,11,4,43,,caf1f16d16753638,49,1.0413926851582251,,49,15.690579123474395,0.35587212699318727,0.8680978372811714,33.0
track_total_i14,main,track_total,14,-2,False,9,4,43,,0f922572731aafb4,49,0.9542425094393249,10.0,10,7.648086756289693,0.15181932725301883,0.8733895084059033,10.0
track_total_i14,main,track_total,14,-2,False,9,4,43,,0f922572731aafb4,49,0.9542425094393249,20.0,20,12.463806697324797,0.315190156995262,0.8560575159119522,20.0
track_total_i14,main,track_total,14,-2,False,9,4,43,,0f922572731aafb4,49,0.9542425094393249,30.0,30,15.012896461758551,0.42311180746525207,0.8589364110552151,30.0
track_total_i14,main,track_total,14,-2,False,9,4,43,,0f922572731aafb4,49,0.9542425094393249,40.0,40,16.94048041258111,0.4875735048314826,0.8589665513590978,31.0
track_total_i14,main,track_total,14,-2,False,9,4,43,,0f922572731aafb4,49,0.9542425094393249,,49,17.44718747263377,0.5319300399632927,0.8565856438798686,31.0
track_total_i15,main,track_total,15,0,True,1,4,43,,d76cd3834e81923a,48,0.0,10.0,10,7.275981779411531,0.12313834532864101,0.8864351688007087,10.0
track_total_i15,main,track_total,15,0,True,1,4,43,,d76cd3834e81923a,48,0.0,20.0,20,11.788436224530122,0.28235394805752456,0.864955594371223,20.0
track_total_i15,main,track_total,15,0,True,1,4,43,,d76cd3834e81923a,48,0.0,30.0,30,14.284065544131247,0.3573111628635489,0.8657022173391424,30.0
track_total_i15,main,track_total,15,0,True,1,4,43,,d76cd3834e81923a,48,0.0,40.0,40,15.89312791691416,0.3800873988595374,0.868396336853858,33.0
track_total_i15,main,track_total,15,0,True,1,4,43,,d76cd3834e81923a,48,0.0,,48,15.149165261784722,0.3614504154795299,0.8706251876170557,33.0
track_total_i16,main,track_total,16,6,False,6,14,43,,d867bedaab6c85a1,46,0.7781512503836436,10.0,10,7.553898147097482,0.15200387426487227,0.8928092815603524,10.0
track_total_i16,main,track_total,16,6,False,6,14,43,,d867bedaab6c85a1,46,0.7781512503836436,20.0,20,13.132980235288414,0.2889751806329218,0.863034645133335,20.0
track_total_i16,main,track_total,16,6,False,6,14,43,,d867bedaab6c85a1,46,0.7781512503836436,30.0,30,16.1532566170313,0.36130003972052693,0.865008060281061,30.0
track_total_i16,main,track_total,16,6,False,6,14,43,,d867bedaab6c85a1,46,0.7781512503836436,40.0,40,15.418942438042048,0.3611004335126218,0.8707121735467144,34.0
track_total_i16,main,track_total,16,6,False,6,14,43,,d867bedaab6c85a1,46,0.7781512503836436,,46,13.337323378095272,0.3383218237648305,0.8730887640175965,34.0
track_total_i17,main,track_total,17,4,False,6,3,43,,84e2160835130852,49,0.7781512503836436,10.0,10,7.655546065302943,0.14425171850034071,0.8782755912191923,10.0
track_total_i17,main,track_total,17,4,False,6,3,43,,84e2160835130852,49,0.7781512503836436,20.0,20,13.010815820386703,0.2877674380958439,0.8578740697202689,20.0
track_total_i17,main,track_total,17,4,False,6,3,43,,84e2160835130852,49,0.7781512503836436,30.0,30,15.628329062657432,0.38700716672963903,0.8547138880971797,30.0
track_total_i17,main,track_total,17,4,False,6,3,43,,84e2160835130852,49,0.7781512503836436,40.0,40,17.10328966883245,0.4619806633445771,0.8582692272832073,30.0
track_total_i17,main,track_total,17,4,False,6,3,43,,84e2160835130852,49,0.7781512503836436,,49,15.841566453327168,0.509930248556925,0.8620861254107579,30.0
track_total_i18,main,track_total,18,-2,False,9,4,43,,92f2fe4a24f78c53,45,0.9542425094393249,10.0,10,7.635198720199534,0.15968686839224958,0.8919755428247863,10.0
track_total_i18,main,track_total,18,-2,False,9,4,43,,92f2fe4a24f78c53,45,0.9542425094393249,20.0,20,13.509256609503026,0.2985642022177169,0.861324519344552,20.0
track_total_i18,main,track_total,18,-2,False,9,4,43,,92f2fe4a24f78c53,45,0.9542425094393249,30.0,30,15.326721811288689,0.320875585994989,0.8697996048951481,30.0
track_total_i18,main,track_total,18,-2,False,9,4,43,,92f2fe4a24f78c53,45,0.9542425094393249,40.0,40,11.720239808685607,0.2884735059292331,0.8791517831782587,36.0
track_total_i18,main,track_total,18,-2,False,9,4,43,,92f2fe4a24f78c53,45,0.9542425094393249,,45,9.690667397834835,0.26691329017075716,0.8841092075902652,36.0
track_total_i19,main,track_total,19,0,True,1,2,43,,37ecd74a2be31cc0,50,0.0,10.0,10,7.757632338554819,0.16549326097925876,0.8785160708642863,10.0
track_total_i19,main,track_total,19,0,True,1,2,43,,37ecd74a2be31cc0,50,0.0,20.0,20,13.064351775845333,0.3125945240979016,0.8524964106502849,20.0
track_total_i19,main,track_total,19,0,True,1,2,43,,37ecd74a2be31cc0,50,0.0,30.0,30,15.77242806474879,0.4234016523673913,0.8580321413469199,30.0
track_total_i19,main,track_total,19,0,True,1,2,43,,37ecd74a2be31cc0,50,0.0,40.0,40,17.680271416946994,0.4857073227055963,0.8571039986239222,30.0
track_total_i19,main,track_total,19,0,True,1,2,43,,37ecd74a2be31cc0,50,0.0,,50,17.68955231788358,0.5297362213612354,0.8587184484109319,30.0
track_total_i20,main,track_total,20,4,False,5,2,43,,9e99c4f83e13473e,48,0.6989700043360189,10.0,10,7.590042389123213,0.15232988003182646,0.8760759632211804,10.0
track_total_i20,main,track_total,20,4,False,5,2,43,,9e99c4f83e13473e,48,0.6989700043360189,20.0,20,12.858045167411328,0.3029044625973823,0.8561100949400677,20.0
track_total_i20,main,track_total,20,4,False,5,2,43,,9e99c4f83e13473e,48,0.6989700043360189,30.0,30,15.550776240388974,0.33000340665610733,0.8674380937739208,30.0
track_total_i20,main,track_total,20,4,False,5,2,43,,9e99c4f83e13473e,48,0.6989700043360189,40.0,40,15.461874806041202,0.3377225058068784,0.8724248944375002,34.0
track_total_i20,main,track_total,20,4,False,5,2,43,,9e99c4f83e13473e,48,0.6989700043360189,,48,14.00836873699037,0.3314273490747436,0.8717508177567574,34.0
track_total_i21,main,track_total,21,-2,False,10,4,43,,f0439eda5d2d4529,50,1.0,10.0,10,7.747343229591082,0.16543789032740236,0.8567070856419389,10.0
track_total_i21,main,track_total,21,-2,False,10,4,43,,f0439eda5d2d4529,50,1.0,20.0,20,12.27200393898632,0.31323682502557165,0.8546883481923163,20.0
track_total_i21,main,track_total,21,-2,False,10,4,43,,f0439eda5d2d4529,50,1.0,30.0,30,14.671810047788506,0.4104807007602722,0.8642899107806371,30.0
track_total_i21,main,track_total,21,-2,False,10,4,43,,f0439eda5d2d4529,50,1.0,40.0,40,12.633655170640125,0.5007036902085541,0.868053670698949,32.0
track_total_i21,main,track_total,21,-2,False,10,4,43,,f0439eda5d2d4529,50,1.0,,50,10.319838729402354,0.5577176971865127,0.8646362172827081,32.0
track_total_i22,main,track_total,22,2,False,2,2,43,,11a65f4437ee0fc8,48,0.3010299956639812,10.0,10,7.432759525740678,0.19145978953175266,0.8743856621336153,10.0
track_total_i22,main,track_total,22,2,False,2,2,43,,11a65f4437ee0fc8,48,0.3010299956639812,20.0,20,12.10047729722567,0.2945004268019797,0.872484108670482,20.0
track_total_i22,main,track_total,22,2,False,2,2,43,,11a65f4437ee0fc8,48,0.3010299956639812,30.0,30,14.76343756804977,0.32772393404166034,0.8823691083033722,30.0
track_total_i22,main,track_total,22,2,False,2,2,43,,11a65f4437ee0fc8,48,0.3010299956639812,40.0,40,14.68138648580973,0.3230141031380528,0.8795619422402987,35.0
track_total_i22,main,track_total,22,2,False,2,2,43,,11a65f4437ee0fc8,48,0.3010299956639812,,48,12.376057256162873,0.30957600109058897,0.8799589151633066,35.0
track_total_i23,main,track_total,23,0,True,1,4,43,,51a28712c321dc1f,49,0.0,10.0,10,7.5361054186813945,0.16490525956254742,0.8702798007738033,10.0
track_total_i23,main,track_total,23,0,True,1,4,43,,51a28712c321dc1f,49,0.0,20.0,20,12.51549420948524,0.3095135714700829,0.8565267181174845,20.0
track_total_i23,main,track_total,23,0,True,1,4,43,,51a28712c321dc1f,49,0.0,30.0,30,15.171525213804212,0.4169398552666709,0.8629871343955187,30.0
track_total_i23,main,track_total,23,0,True,1,4,43,,51a28712c321dc1f,49,0.0,40.0,40,15.289290728619596,0.4913946735930285,0.8663544482358116,32.0
track_total_i23,main,track_total,23,0,True,1,4,43,,51a28712c321dc1f,49,0.0,,49,12.861692934973865,0.5582181618395271,0.8642843874063125,32.0
local_last_i00,main,local_last,0,Subtract,False,2,25,46,,61b7ef90042ba88e,46,0.3010299956639812,10.0,10,7.795766810708953,0.20926723056985136,0.8794637462768615,10.0
local_last_i00,main,local_last,0,Subtract,False,2,25,46,,61b7ef90042ba88e,46,0.3010299956639812,20.0,20,13.581752108586569,0.3123817652536131,0.8712837943980571,20.0
local_last_i00,main,local_last,0,Subtract,False,2,25,46,,61b7ef90042ba88e,46,0.3010299956639812,30.0,30,17.1486983036909,0.37854067106308226,0.8757664805016866,30.0
local_last_i00,main,local_last,0,Subtract,False,2,25,46,,61b7ef90042ba88e,46,0.3010299956639812,40.0,40,16.286998493566763,0.3903052579757012,0.8821612428058497,36.0
local_last_i00,main,local_last,0,Subtract,False,2,25,46,,61b7ef90042ba88e,46,0.3010299956639812,,46,14.069576462978821,0.3792892421618889,0.8865388797349277,36.0
local_last_i01,main,local_last,1,Subtract,False,2,4,46,,cbaaae10f5dd703b,47,0.3010299956639812,10.0,10,7.7358224358462815,0.19713863255124983,0.8780879299857423,10.0
local_last_i01,main,local_last,1,Subtract,False,2,4,46,,cbaaae10f5dd703b,47,0.3010299956639812,20.0,20,12.21307884117355,0.36945928560610247,0.8504907139975444,20.0
local_last_i01,main,local_last,1,Subtract,False,2,4,46,,cbaaae10f5dd703b,47,0.3010299956639812,30.0,30,13.90113411523051,0.4547984263022336,0.8714653498716505,30.0
local_last_i01,main,local_last,1,Subtract,False,2,4,46,,cbaaae10f5dd703b,47,0.3010299956639812,40.0,40,16.294544551538802,0.5031264652819651,0.8733268390172061,33.0
local_last_i01,main,local_last,1,Subtract,False,2,4,46,,cbaaae10f5dd703b,47,0.3010299956639812,,47,15.86162870921151,0.5325788909926533,0.8737592049694347,33.0
local_last_i02,main,local_last,2,Add,False,5,11,46,,904affe663e275cd,44,0.6989700043360189,10.0,10,7.348328518538832,0.2920422011873669,0.8728563219361039,10.0
local_last_i02,main,local_last,2,Add,False,5,11,46,,904affe663e275cd,44,0.6989700043360189,20.0,20,12.231383764227562,0.37999208713174276,0.8664243948710232,20.0
local_last_i02,main,local_last,2,Add,False,5,11,46,,904affe663e275cd,44,0.6989700043360189,30.0,30,14.14683692052692,0.35930641386050627,0.887108870982721,30.0
local_last_i02,main,local_last,2,Add,False,5,11,46,,904affe663e275cd,44,0.6989700043360189,40.0,40,10.20007714471785,0.30322067332889907,0.8972639727672612,40.0
local_last_i02,main,local_last,2,Add,False,5,11,46,,904affe663e275cd,44,0.6989700043360189,,44,8.889302817014823,0.2848065222508173,0.90062471998573,42.0
local_last_i03,main,local_last,3,Subtract,True,1,4,46,,e3e1bb55f988ae8e,46,0.0,10.0,10,7.1608227791823555,0.2700344114357758,0.876891128039736,10.0
local_last_i03,main,local_last,3,Subtract,True,1,4,46,,e3e1bb55f988ae8e,46,0.0,20.0,20,11.22174925078811,0.3855100046530723,0.8684038860693235,20.0
local_last_i03,main,local_last,3,Subtract,True,1,4,46,,e3e1bb55f988ae8e,46,0.0,30.0,30,13.251693695140501,0.3805628692531483,0.8722347051495712,30.0
local_last_i03,main,local_last,3,Subtract,True,1,4,46,,e3e1bb55f988ae8e,46,0.0,40.0,40,11.864994492967707,0.34876699846031034,0.8771906062207386,34.0
local_last_i03,main,local_last,3,Subtract,True,1,4,46,,e3e1bb55f988ae8e,46,0.0,,46,9.867999381313359,0.3215415748639317,0.8817968177644849,34.0
local_last_i04,main,local_last,4,Subtract,False,2,25,46,,077f6ba9a9440eee,46,0.3010299956639812,10.0,10,7.78266724603572,0.21718334663255748,0.8764076547466592,10.0
local_last_i04,main,local_last,4,Subtract,False,2,25,46,,077f6ba9a9440eee,46,0.3010299956639812,20.0,20,12.603980683144744,0.34800380936460873,0.8555752514574801,20.0
local_last_i04,main,local_last,4,Subtract,False,2,25,46,,077f6ba9a9440eee,46,0.3010299956639812,30.0,30,15.077489917392647,0.4640961604904057,0.8776772681213728,30.0
local_last_i04,main,local_last,4,Subtract,False,2,25,46,,077f6ba9a9440eee,46,0.3010299956639812,40.0,40,15.057365048384245,0.51606955704618,0.8838839269444732,36.0
local_last_i04,main,local_last,4,Subtract,False,2,25,46,,077f6ba9a9440eee,46,0.3010299956639812,,46,13.6942193697137,0.5304486517268778,0.8878958162720266,36.0
local_last_i05,main,local_last,5,Add,False,4,13,46,,68233847d1a782d6,42,0.6020599913279624,10.0,10,7.623906251363553,0.25435632759217935,0.8678794609043472,10.0
local_last_i05,main,local_last,5,Add,False,4,13,46,,68233847d1a782d6,42,0.6020599913279624,20.0,20,12.11983812384424,0.3603790642053686,0.8626868744422429,20.0
local_last_i05,main,local_last,5,Add,False,4,13,46,,68233847d1a782d6,42,0.6020599913279624,30.0,30,13.840551477814142,0.4576086119216258,0.8827729179769581,30.0
local_last_i05,main,local_last,5,Add,False,4,13,46,,68233847d1a782d6,42,0.6020599913279624,40.0,40,12.877440644587933,0.43163844968661946,0.8910215316269717,39.0
local_last_i05,main,local_last,5,Add,False,4,13,46,,68233847d1a782d6,42,0.6020599913279624,,42,12.301763068755262,0.4201825863581267,0.89297178963384,39.0
local_last_i06,main,local_last,6,Add,False,3,15,46,,6cf47d157a4d594f,30,0.47712125471966244,10.0,10,7.422985674026538,0.21796824019436478,0.8853680296851998,10.0
local_last_i06,main,local_last,6,Add,False,3,15,46,,6cf47d157a4d594f,30,0.47712125471966244,20.0,20,11.802809913871922,0.30553415689012225,0.8841109425078084,20.0
local_last_i06,main,local_last,6,Add,False,3,15,46,,6cf47d157a4d594f,30,0.47712125471966244,30.0,30,10.298468411367736,0.2642550147248018,0.8978944949651058,30.0
local_last_i06,main,local_last,6,Add,False,3,15,46,,6cf47d157a4d594f,30,0.47712125471966244,40.0,30,10.298468411367736,0.2642550147248018,0.8978944949651058,30.0
local_last_i06,main,local_last,6,Add,False,3,15,46,,6cf47d157a4d594f,30,0.47712125471966244,,30,10.298468411367736,0.2642550147248018,0.8978944949651058,30.0
local_last_i07,main,local_last,7,Subtract,False,2,20,46,,3d9eea7198d285b6,41,0.3010299956639812,10.0,10,7.651515622570558,0.21800400888522575,0.8751032853688862,10.0
local_last_i07,main,local_last,7,Subtract,False,2,20,46,,3d9eea7198d285b6,41,0.3010299956639812,20.0,20,13.148621546074127,0.349350092521088,0.8696790701482683,20.0
local_last_i07,main,local_last,7,Subtract,False,2,20,46,,3d9eea7198d285b6,41,0.3010299956639812,30.0,30,13.989364874416758,0.3569121614491317,0.8890556378502149,30.0
local_last_i07,main,local_last,7,Subtract,False,2,20,46,,3d9eea7198d285b6,41,0.3010299956639812,40.0,40,9.783692464387652,0.3046284437599089,0.899721072959566,40.0
local_last_i07,main,local_last,7,Subtract,False,2,20,46,,3d9eea7198d285b6,41,0.3010299956639812,,41,9.370414213358803,0.2993860392574341,0.9009349284748515,41.0
local_last_i08,main,local_last,8,Add,False,4,19,46,,f14433412041d35f,41,0.6020599913279624,10.0,10,7.532332276633348,0.23746990804105625,0.8781395414271762,10.0
local_last_i08,main,local_last,8,Add,False,4,19,46,,f14433412041d35f,41,0.6020599913279624,20.0,20,12.77172946100629,0.3320347678546338,0.8670673470761364,20.0
local_last_i08,main,local_last,8,Add,False,4,19,46,,f14433412041d35f,41,0.6020599913279624,30.0,30,15.203572993628503,0.40735757263948497,0.8846206820348778,30.0
local_last_i08,main,local_last,8,Add,False,4,19,46,,f14433412041d35f,41,0.6020599913279624,40.0,40,12.849538626110762,0.3721288551307315,0.8941905593108751,40.0
local_last_i08,main,local_last,8,Add,False,4,19,46,,f14433412041d35f,41,0.6020599913279624,,41,12.409680464011414,0.3656750396422134,0.8954350154381193,41.0
local_last_i09,main,local_last,9,Subtract,True,1,4,46,,92f9c04891da7ceb,46,0.0,10.0,10,7.390037268899826,0.25736601299912143,0.8639041781670058,10.0
local_last_i09,main,local_last,9,Subtract,True,1,4,46,,92f9c04891da7ceb,46,0.0,20.0,20,11.347374601525646,0.4069587511780267,0.8533876757298883,20.0
local_last_i09,main,local_last,9,Subtract,True,1,4,46,,92f9c04891da7ceb,46,0.0,30.0,30,14.227657547719035,0.502695088088963,0.8714813092673209,30.0
local_last_i09,main,local_last,9,Subtract,True,1,4,46,,92f9c04891da7ceb,46,0.0,40.0,40,15.39408567865933,0.5637123256220076,0.8772270690162848,34.0
local_last_i09,main,local_last,9,Subtract,True,1,4,46,,92f9c04891da7ceb,46,0.0,,46,13.747932476201742,0.5941204293923897,0.8801469437125252,34.0
local_last_i10,main,local_last,10,Subtract,False,3,4,46,,0c779571a27f03f4,44,0.47712125471966244,10.0,10,7.4980002788905935,0.20419214151551432,0.8874813337048965,10.0
local_last_i10,main,local_last,10,Subtract,False,3,4,46,,0c779571a27f03f4,44,0.47712125471966244,20.0,20,12.045260017770904,0.3720133497919737,0.8483631124417579,20.0
local_last_i10,main,local_last,10,Subtract,False,3,4,46,,0c779571a27f03f4,44,0.47712125471966244,30.0,30,15.555333214920122,0.4717248203565637,0.866775248497961,30.0
local_last_i10,main,local_last,10,Subtract,False,3,4,46,,0c779571a27f03f4,44,0.47712125471966244,40.0,40,14.35601738530896,0.543103946163667,0.8783572358177224,35.0
local_last_i10,main,local_last,10,Subtract,False,3,4,46,,0c779571a27f03f4,44,0.47712125471966244,,44,12.498208918910255,0.5716331328292964,0.881417448992673,35.0
local_last_i11,main,local_last,11,Add,False,2,2,46,,a9ec6cb727d3071a,35,0.3010299956639812,10.0,10,7.862497510671523,0.22536938813998728,0.8781951183149511,10.0
local_last_i11,main,local_last,11,Add,False,2,2,46,,a9ec6cb727d3071a,35,0.3010299956639812,20.0,20,13.265779931324026,0.34175709291293044,0.8669445972707643,20.0
local_last_i11,main,local_last,11,Add,False,2,2,46,,a9ec6cb727d3071a,35,0.3010299956639812,30.0,30,12.345321957821497,0.3180814914096253,0.8914604843630634,30.0
local_last_i11,main,local_last,11,Add,False,2,2,46,,a9ec6cb727d3071a,35,0.3010299956639812,40.0,35,9.90357962360636,0.2907117879350269,0.9014620024089723,35.0
local_last_i11,main,local_last,11,Add,False,2,2,46,,a9ec6cb727d3071a,35,0.3010299956639812,,35,9.90357962360636,0.2907117879350269,0.9014620024089723,35.0
local_last_i12,main,local_last,12,Add,False,4,15,46,,acc6d0bdb806e047,32,0.6020599913279624,10.0,10,7.549293866325232,0.21792883228472204,0.8716225990708221,10.0
local_last_i12,main,local_last,12,Add,False,4,15,46,,acc6d0bdb806e047,32,0.6020599913279624,20.0,20,13.552353781960282,0.3279305074416279,0.8604968206961756,20.0
local_last_i12,main,local_last,12,Add,False,4,15,46,,acc6d0bdb806e047,32,0.6020599913279624,30.0,30,16.039136421256647,0.3627039415498573,0.8806230142049583,30.0
local_last_i12,main,local_last,12,Add,False,4,15,46,,acc6d0bdb806e047,32,0.6020599913279624,40.0,32,15.580347045282913,0.3616641722991436,0.8845545748933457,32.0
local_last_i12,main,local_last,12,Add,False,4,15,46,,acc6d0bdb806e047,32,0.6020599913279624,,32,15.580347045282913,0.3616641722991436,0.8845545748933457,32.0
local_last_i13,main,local_last,13,Subtract,True,1,4,46,,3fe97a826a1fd132,47,0.0,10.0,10,7.55111745583513,0.23367304064891575,0.8703089519108242,10.0
local_last_i13,main,local_last,13,Subtract,True,1,4,46,,3fe97a826a1fd132,47,0.0,20.0,20,11.605522144730225,0.3967954539083459,0.8557697151963964,20.0
local_last_i13,main,local_last,13,Subtract,True,1,4,46,,3fe97a826a1fd132,47,0.0,30.0,30,13.811339290118259,0.49076591794865876,0.8693818327529093,30.0
local_last_i13,main,local_last,13,Subtract,True,1,4,46,,3fe97a826a1fd132,47,0.0,40.0,40,15.710992191014007,0.5302208423764638,0.8757335493776458,35.0
local_last_i13,main,local_last,13,Subtract,True,1,4,46,,3fe97a826a1fd132,47,0.0,,47,14.414237093171272,0.5568783648800261,0.8793043179911404,35.0
local_last_i14,main,local_last,14,Subtract,False,2,25,46,,1a8a4cd640d72d18,45,0.3010299956639812,10.0,10,7.830751300925864,0.1729808642190545,0.8785854763083938,10.0
local_last_i14,main,local_last,14,Subtract,False,2,25,46,,1a8a4cd640d72d18,45,0.3010299956639812,20.0,20,12.172723110298138,0.34446773605752606,0.8686831987146805,20.0
local_last_i14,main,local_last,14,Subtract,False,2,25,46,,1a8a4cd640d72d18,45,0.3010299956639812,30.0,30,14.838370626812829,0.44599836273162374,0.8875414345133058,30.0
local_last_i14,main,local_last,14,Subtract,False,2,25,46,,1a8a4cd640d72d18,45,0.3010299956639812,40.0,40,14.819357677925066,0.4736377171090311,0.8952658843009407,40.0
local_last_i14,main,local_last,14,Subtract,False,2,25,46,,1a8a4cd640d72d18,45,0.3010299956639812,,45,13.30034825879624,0.47600550537227754,0.8989014712177258,40.0
local_last_i15,main,local_last,15,Add,False,2,3,46,,8369403d9aed0731,41,0.3010299956639812,10.0,10,7.39301400198527,0.26130526181314334,0.8721623982141827,10.0
local_last_i15,main,local_last,15,Add,False,2,3,46,,8369403d9aed0731,41,0.3010299956639812,20.0,20,12.740486014079906,0.36710456557795523,0.8650429490421421,20.0
local_last_i15,main,local_last,15,Add,False,2,3,46,,8369403d9aed0731,41,0.3010299956639812,30.0,30,15.297060757378192,0.39252062291160833,0.8873351992041073,30.0
local_last_i15,main,local_last,15,Add,False,2,3,46,,8369403d9aed0731,41,0.3010299956639812,40.0,40,12.079646434495862,0.357814844640864,0.9003202314036661,40.0
local_last_i15,main,local_last,15,Add,False,2,3,46,,8369403d9aed0731,41,0.3010299956639812,,41,11.591803216540137,0.35434015034537497,0.9015918149296775,41.0
local_last_i16,main,local_last,16,Subtract,False,2,23,46,,4e4e1ab6cf60637e,46,0.3010299956639812,10.0,10,7.743457287351524,0.18903569809512474,0.8855050073497521,10.0
local_last_i16,main,local_last,16,Subtract,False,2,23,46,,4e4e1ab6cf60637e,46,0.3010299956639812,20.0,20,12.86838750627293,0.36281889539846607,0.8586310515836318,20.0
local_last_i16,main,local_last,16,Subtract,False,2,23,46,,4e4e1ab6cf60637e,46,0.3010299956639812,30.0,30,14.630831441648171,0.47640103997782146,0.8727654732070466,30.0
local_last_i16,main,local_last,16,Subtract,False,2,23,46,,4e4e1ab6cf60637e,46,0.3010299956639812,40.0,40,14.198562832867726,0.5521406113551881,0.8738266780153178,33.0
local_last_i16,main,local_last,16,Subtract,False,2,23,46,,4e4e1ab6cf60637e,46,0.3010299956639812,,46,12.322302598420599,0.5846823147747432,0.8780227338069796,33.0
local_last_i17,main,local_last,17,Add,False,6,22,46,,aef4dab0d42932f2,46,0.7781512503836436,10.0,10,7.20763661163903,0.27977432753996845,0.8694560764847492,10.0
local_last_i17,main,local_last,17,Add,False,6,22,46,,aef4dab0d42932f2,46,0.7781512503836436,20.0,20,12.217879482500553,0.3837097166260399,0.8613848800506348,20.0
local_last_i17,main,local_last,17,Add,False,6,22,46,,aef4dab0d42932f2,46,0.7781512503836436,30.0,30,15.854400783856438,0.4394934756027006,0.8607680499692496,30.0
local_last_i17,main,local_last,17,Add,False,6,22,46,,aef4dab0d42932f2,46,0.7781512503836436,40.0,40,16.358835197308625,0.4478425946248512,0.8694459014035616,31.0
local_last_i17,main,local_last,17,Add,False,6,22,46,,aef4dab0d42932f2,46,0.7781512503836436,,46,15.155459300246841,0.43196565116789193,0.8747315095784353,31.0
local_last_i18,main,local_last,18,Subtract,False,2,21,46,,3c56b835b0edb812,41,0.3010299956639812,10.0,10,7.452877111298841,0.22095326781920047,0.8838517947239395,10.0
local_last_i18,main,local_last,18,Subtract,False,2,21,46,,3c56b835b0edb812,41,0.3010299956639812,20.0,20,12.471987247207803,0.36637922321605426,0.8727771285186635,20.0
local_last_i18,main,local_last,18,Subtract,False,2,21,46,,3c56b835b0edb812,41,0.3010299956639812,30.0,30,15.429061162034907,0.4172349889393169,0.8741742852915557,30.0
local_last_i18,main,local_last,18,Subtract,False,2,21,46,,3c56b835b0edb812,41,0.3010299956639812,40.0,40,13.31596943749316,0.40176087269978467,0.8871186098193624,39.0
local_last_i18,main,local_last,18,Subtract,False,2,21,46,,3c56b835b0edb812,41,0.3010299956639812,,41,12.894604120720059,0.3980864502442956,0.8884509305164107,39.0
local_last_i19,main,local_last,19,Add,False,4,12,46,,dfe58c05fd7700c0,47,0.6020599913279624,10.0,10,7.329388703430569,0.2536823548067584,0.8782794206716095,10.0
local_last_i19,main,local_last,19,Add,False,4,12,46,,dfe58c05fd7700c0,47,0.6020599913279624,20.0,20,11.585647926591198,0.39253876471184823,0.8600512992548682,20.0
local_last_i19,main,local_last,19,Add,False,4,12,46,,dfe58c05fd7700c0,47,0.6020599913279624,30.0,30,14.935904834030072,0.4242234251228149,0.8755695529061241,30.0
local_last_i19,main,local_last,19,Add,False,4,12,46,,dfe58c05fd7700c0,47,0.6020599913279624,40.0,40,13.541658145750645,0.3891465875930837,0.8846637135519494,36.0
local_last_i19,main,local_last,19,Add,False,4,12,46,,dfe58c05fd7700c0,47,0.6020599913279624,,47,11.576681423927015,0.37318173426899565,0.8903883912915277,36.0
local_last_i20,main,local_last,20,Subtract,True,1,4,46,,35cf442bf15048be,47,0.0,10.0,10,7.526677835369085,0.23122831329351978,0.8811485539410181,10.0
local_last_i20,main,local_last,20,Subtract,True,1,4,46,,35cf442bf15048be,47,0.0,20.0,20,11.569086286981644,0.4088711704848376,0.8521764555442272,20.0
local_last_i20,main,local_last,20,Subtract,True,1,4,46,,35cf442bf15048be,47,0.0,30.0,30,13.765843901770628,0.49144647081905074,0.8679643619921662,30.0
local_last_i20,main,local_last,20,Subtract,True,1,4,46,,35cf442bf15048be,47,0.0,40.0,40,15.73082033436789,0.5154325637985951,0.8739838466819665,34.0
local_last_i20,main,local_last,20,Subtract,True,1,4,46,,35cf442bf15048be,47,0.0,,47,15.206372636073612,0.5121919365198767,0.878036241873281,34.0
local_last_i21,main,local_last,21,Add,False,2,2,46,,f8864a1a522a8a9f,45,0.3010299956639812,10.0,10,7.556959873648884,0.24181711325931124,0.877140980760537,10.0
local_last_i21,main,local_last,21,Add,False,2,2,46,,f8864a1a522a8a9f,45,0.3010299956639812,20.0,20,12.596407565676147,0.365557283582983,0.8661419554771117,20.0
local_last_i21,main,local_last,21,Add,False,2,2,46,,f8864a1a522a8a9f,45,0.3010299956639812,30.0,30,14.844322860594444,0.45920071494030534,0.8765553950150664,30.0
local_last_i21,main,local_last,21,Add,False,2,2,46,,f8864a1a522a8a9f,45,0.3010299956639812,40.0,40,14.55785308597626,0.5038923108781981,0.8857263081116559,38.0
local_last_i21,main,local_last,21,Add,False,2,2,46,,f8864a1a522a8a9f,45,0.3010299956639812,,45,13.71720220062974,0.5090419663025817,0.8898523706854221,38.0
local_last_i22,main,local_last,22,Add,False,2,3,46,,c27883398fc2faee,45,0.3010299956639812,10.0,10,7.583051197979811,0.18586925790284023,0.8927209121209636,10.0
local_last_i22,main,local_last,22,Add,False,2,3,46,,c27883398fc2faee,45,0.3010299956639812,20.0,20,13.028592701521235,0.34776748727115026,0.8571948814834583,20.0
local_last_i22,main,local_last,22,Add,False,2,3,46,,c27883398fc2faee,45,0.3010299956639812,30.0,30,12.69218171675725,0.49313544105088275,0.8755907269836914,30.0
local_last_i22,main,local_last,22,Add,False,2,3,46,,c27883398fc2faee,45,0.3010299956639812,40.0,40,9.827777525523484,0.5877810045619523,0.8816795658832784,37.0
local_last_i22,main,local_last,22,Add,False,2,3,46,,c27883398fc2faee,45,0.3010299956639812,,45,8.324125698298001,0.6191013463779825,0.8851807429342448,37.0
local_last_i23,main,local_last,23,Subtract,True,1,4,46,,6d393f27c25502a7,46,0.0,10.0,10,7.3228503877718065,0.2567431042788423,0.8697729035293361,10.0
local_last_i23,main,local_last,23,Subtract,True,1,4,46,,6d393f27c25502a7,46,0.0,20.0,20,12.119587741441439,0.3921547782227445,0.862092731453193,20.0
local_last_i23,main,local_last,23,Subtract,True,1,4,46,,6d393f27c25502a7,46,0.0,30.0,30,15.16731266381465,0.4508064923336522,0.8736792333913523,30.0
local_last_i23,main,local_last,23,Subtract,True,1,4,46,,6d393f27c25502a7,46,0.0,40.0,40,13.78225688597996,0.500177892246046,0.8829567581709458,36.0
local_last_i23,main,local_last,23,Subtract,True,1,4,46,,6d393f27c25502a7,46,0.0,,46,12.830920528897318,0.5115865557795252,0.8837466829771609,36.0
max_run_i00,main,max_run,0,4,False,8,2,42,,e70aa1e099121f42,47,0.9030899869919435,10.0,10,8.463523118880966,0.11510201244124511,0.8372773494711532,10.0
max_run_i00,main,max_run,0,4,False,8,2,42,,e70aa1e099121f42,47,0.9030899869919435,20.0,20,12.826529210830266,0.33001173351111507,0.8518986032380923,20.0
max_run_i00,main,max_run,0,4,False,8,2,42,,e70aa1e099121f42,47,0.9030899869919435,30.0,30,13.554585177554245,0.47309816128406723,0.8701523354344617,30.0
max_run_i00,main,max_run,0,4,False,8,2,42,,e70aa1e099121f42,47,0.9030899869919435,40.0,40,12.612220502507677,0.5467467891566888,0.8751285638088391,33.0
max_run_i00,main,max_run,0,4,False,8,2,42,,e70aa1e099121f42,47,0.9030899869919435,,47,11.421052749834768,0.5775346944854656,0.8781812151001945,33.0
max_run_i01,main,max_run,1,5,False,5,10,42,,33ecdacc9a038f18,46,0.6989700043360189,10.0,10,7.839643436156642,0.22178391555786586,0.8353717226652266,10.0
max_run_i01,main,max_run,1,5,False,5,10,42,,33ecdacc9a038f18,46,0.6989700043360189,20.0,20,11.8988642208573,0.4127252825904591,0.8479995286810065,20.0
max_run_i01,main,max_run,1,5,False,5,10,42,,33ecdacc9a038f18,46,0.6989700043360189,30.0,30,13.57992088065157,0.530111838334522,0.8693944351381986,30.0
max_run_i01,main,max_run,1,5,False,5,10,42,,33ecdacc9a038f18,46,0.6989700043360189,40.0,40,13.7039641087508,0.5935435618854109,0.8758689371948118,33.0
max_run_i01,main,max_run,1,5,False,5,10,42,,33ecdacc9a038f18,46,0.6989700043360189,,46,12.616493055808625,0.6180202046661437,0.8789907182494012,33.0
max_run_i02,main,max_run,2,4,False,5,5,42,,13742054e3a91e33,47,0.6989700043360189,10.0,10,8.240331639691941,0.15734293916893588,0.8254107311051307,10.0
max_run_i02,main,max_run,2,4,False,5,5,42,,13742054e3a91e33,47,0.6989700043360189,20.0,20,12.608518918643295,0.359911109391531,0.8526206674312554,20.0
max_run_i02,main,max_run,2,4,False,5,5,42,,13742054e3a91e33,47,0.6989700043360189,30.0,30,13.662327595989181,0.479960255600265,0.8741059799355396,30.0
max_run_i02,main,max_run,2,4,False,5,5,42,,13742054e3a91e33,47,0.6989700043360189,40.0,40,13.500020760921744,0.566570234314197,0.8773121570116458,33.0
max_run_i02,main,max_run,2,4,False,5,5,42,,13742054e3a91e33,47,0.6989700043360189,,47,13.637389401984068,0.604202922342323,0.8776852856531779,33.0
max_run_i03,main,max_run,3,3,False,4,4,42,,a74176cd431f8f1c,47,0.6020599913279624,10.0,10,8.29533378843967,0.13508860455218988,0.8247425081066722,10.0
max_run_i03,main,max_run,3,3,False,4,4,42,,a74176cd431f8f1c,47,0.6020599913279624,20.0,20,13.394087265426254,0.1958708495261332,0.8648224394077626,20.0
max_run_i03,main,max_run,3,3,False,4,4,42,,a74176cd431f8f1c,47,0.6020599913279624,30.0,30,15.184011214546208,0.3450342392495046,0.8774988623684155,30.0
max_run_i03,main,max_run,3,3,False,4,4,42,,a74176cd431f8f1c,47,0.6020599913279624,40.0,40,15.328374927985424,0.4488250573080727,0.8769902219657284,33.0
max_run_i03,main,max_run,3,3,False,4,4,42,,a74176cd431f8f1c,47,0.6020599913279624,,47,14.151585981164422,0.49498147162649003,0.8781135947891909,33.0
max_run_i04,main,max_run,4,4,False,5,4,42,,c0f4c2277c21f99f,49,0.6989700043360189,10.0,10,8.263401645210093,0.1313041721912711,0.8246312852558186,10.0
max_run_i04,main,max_run,4,4,False,5,4,42,,c0f4c2277c21f99f,49,0.6989700043360189,20.0,20,13.780396085489208,0.26656361880944457,0.8576224724084559,20.0
max_run_i04,main,max_run,4,4,False,5,4,42,,c0f4c2277c21f99f,49,0.6989700043360189,30.0,30,14.34295606505573,0.4159547708814596,0.8734212314887866,30.0
max_run_i04,main,max_run,4,4,False,5,4,42,,c0f4c2277c21f99f,49,0.6989700043360189,40.0,40,14.607876546195747,0.5143081548939537,0.8749834214317113,33.0
max_run_i04,main,max_run,4,4,False,5,4,42,,c0f4c2277c21f99f,49,0.6989700043360189,,49,14.871989628909951,0.5674991411165687,0.8758164051862554,33.0
max_run_i05,main,max_run,5,4,False,6,4,42,,eec003e338701ea3,46,0.7781512503836436,10.0,10,8.448709554853036,0.09688518323924249,0.83201760852593,10.0
max_run_i05,main,max_run,5,4,False,6,4,42,,eec003e338701ea3,46,0.7781512503836436,20.0,20,13.381780264134918,0.31158100023864627,0.8550493208775254,20.0
max_run_i05,main,max_run,5,4,False,6,4,42,,eec003e338701ea3,46,0.7781512503836436,30.0,30,14.194805743627839,0.4754033496125669,0.8734428699084336,30.0
max_run_i05,main,max_run,5,4,False,6,4,42,,eec003e338701ea3,46,0.7781512503836436,40.0,40,13.434721349488521,0.5534775096737667,0.8792210915877816,34.0
max_run_i05,main,max_run,5,4,False,6,4,42,,eec003e338701ea3,46,0.7781512503836436,,46,12.302153178332002,0.5810742724236,0.8815163809067765,34.0
max_run_i06,main,max_run,6,3,False,5,4,42,,d4120809f9840854,47,0.6989700043360189,10.0,10,7.995194641927979,0.16219551367115895,0.8342305767369242,10.0
max_run_i06,main,max_run,6,3,False,5,4,42,,d4120809f9840854,47,0.6989700043360189,20.0,20,12.9383543279611,0.3012304526387821,0.8601661121482918,20.0
max_run_i06,main,max_run,6,3,False,5,4,42,,d4120809f9840854,47,0.6989700043360189,30.0,30,14.848849570475645,0.4333209515029791,0.872781646377914,30.0
max_run_i06,main,max_run,6,3,False,5,4,42,,d4120809f9840854,47,0.6989700043360189,40.0,40,14.818439975667841,0.5159083405748637,0.8757735840298079,33.0
max_run_i06,main,max_run,6,3,False,5,4,42,,d4120809f9840854,47,0.6989700043360189,,47,13.017342621707002,0.5512629167185275,0.8785420334860669,33.0
max_run_i07,main,max_run,7,6,False,6,4,42,,f2d985a22b3d5b0b,47,0.7781512503836436,10.0,10,8.356886056335945,0.11763428081556475,0.8382927228864666,10.0
max_run_i07,main,max_run,7,6,False,6,4,42,,f2d985a22b3d5b0b,47,0.7781512503836436,20.0,20,13.027873572066127,0.31104954832421644,0.8549182687817443,20.0
max_run_i07,main,max_run,7,6,False,6,4,42,,f2d985a22b3d5b0b,47,0.7781512503836436,30.0,30,13.085454583732776,0.4628041376438399,0.8725986298563178,30.0
max_run_i07,main,max_run,7,6,False,6,4,42,,f2d985a22b3d5b0b,47,0.7781512503836436,40.0,40,12.567250237928521,0.5429157170610452,0.8752797088435059,33.0
max_run_i07,main,max_run,7,6,False,6,4,42,,f2d985a22b3d5b0b,47,0.7781512503836436,,47,11.813071019734496,0.5807959144862611,0.8771200802724777,33.0
max_run_i08,main,max_run,8,4,False,7,9,42,,5e951205f7573cb7,48,0.8450980400142568,10.0,10,8.104427962193963,0.15755150345531926,0.8355940506191605,10.0
max_run_i08,main,max_run,8,4,False,7,9,42,,5e951205f7573cb7,48,0.8450980400142568,20.0,20,12.700735414523047,0.32977352126896414,0.8656858105941277,20.0
max_run_i08,main,max_run,8,4,False,7,9,42,,5e951205f7573cb7,48,0.8450980400142568,30.0,30,13.118992925325495,0.4619953915006755,0.8776367195802522,30.0
max_run_i08,main,max_run,8,4,False,7,9,42,,5e951205f7573cb7,48,0.8450980400142568,40.0,40,12.288669262774098,0.5375905543679586,0.8761330314649872,34.0
max_run_i08,main,max_run,8,4,False,7,9,42,,5e951205f7573cb7,48,0.8450980400142568,,48,11.393724108654393,0.5761946186789503,0.8764994065762935,34.0
max_run_i09,main,max_run,9,2,False,3,3,42,,2e44c8528c83e16f,49,0.47712125471966244,10.0,10,7.936893228867978,0.17475557463440364,0.8419251132365646,10.0
max_run_i09,main,max_run,9,2,False,3,3,42,,2e44c8528c83e16f,49,0.47712125471966244,20.0,20,13.147858266094518,0.3352080557576725,0.8565579061712554,20.0
max_run_i09,main,max_run,9,2,False,3,3,42,,2e44c8528c83e16f,49,0.47712125471966244,30.0,30,14.910753115727706,0.4214125764723888,0.8727920827273438,30.0
max_run_i09,main,max_run,9,2,False,3,3,42,,2e44c8528c83e16f,49,0.47712125471966244,40.0,40,13.996909428988689,0.5032264718664312,0.8721207814545736,33.0
max_run_i09,main,max_run,9,2,False,3,3,42,,2e44c8528c83e16f,49,0.47712125471966244,,49,12.105607673911388,0.5510973537217667,0.8734628425024111,33.0
max_run_i10,main,max_run,10,3,False,6,2,42,,9f364879e149a3fb,47,0.7781512503836436,10.0,10,8.384419527892643,0.11954363024384523,0.8270266093851657,10.0
max_run_i10,main,max_run,10,3,False,6,2,42,,9f364879e149a3fb,47,0.7781512503836436,20.0,20,11.510942352451522,0.3934442353987356,0.8530042359473206,20.0
max_run_i10,main,max_run,10,3,False,6,2,42,,9f364879e149a3fb,47,0.7781512503836436,30.0,30,11.24221243709736,0.5202947333371918,0.8742979313412307,30.0
max_run_i10,main,max_run,10,3,False,6,2,42,,9f364879e149a3fb,47,0.7781512503836436,40.0,40,10.652833612596691,0.5818604430928228,0.8777884706978529,34.0
max_run_i10,main,max_run,10,3,False,6,2,42,,9f364879e149a3fb,47,0.7781512503836436,,47,10.561942342225977,0.6109363650137555,0.8783981151946031,34.0
max_run_i11,main,max_run,11,3,False,5,4,42,,ed89bd6fbbe59351,48,0.6989700043360189,10.0,10,8.219860499673624,0.13347595782549324,0.837280404230394,10.0
max_run_i11,main,max_run,11,3,False,5,4,42,,ed89bd6fbbe59351,48,0.6989700043360189,20.0,20,13.161653448056757,0.32326067205947107,0.8592136448296034,20.0
max_run_i11,main,max_run,11,3,False,5,4,42,,ed89bd6fbbe59351,48,0.6989700043360189,30.0,30,13.520040468250054,0.4478892523054212,0.8759488697975807,30.0
max_run_i11,main,max_run,11,3,False,5,4,42,,ed89bd6fbbe59351,48,0.6989700043360189,40.0,40,12.495259730674269,0.5267712768154111,0.876489069610531,34.0
max_run_i11,main,max_run,11,3,False,5,4,42,,ed89bd6fbbe59351,48,0.6989700043360189,,48,11.10799971441222,0.5672961121823903,0.8774427118469372,34.0
max_run_i12,main,max_run,12,3,False,7,4,42,,9678836d76e85ede,47,0.8450980400142568,10.0,10,8.088385484710134,0.17286169005802257,0.8340678670546258,10.0
max_run_i12,main,max_run,12,3,False,7,4,42,,9678836d76e85ede,47,0.8450980400142568,20.0,20,13.588552323037081,0.29001624949511734,0.8645047650486893,20.0
max_run_i12,main,max_run,12,3,False,7,4,42,,9678836d76e85ede,47,0.8450980400142568,30.0,30,15.031602194920403,0.37662857118191806,0.87524893338899,30.0
max_run_i12,main,max_run,12,3,False,7,4,42,,9678836d76e85ede,47,0.8450980400142568,40.0,40,13.642477737281602,0.4644566010304297,0.8747991949085618,33.0
max_run_i12,main,max_run,12,3,False,7,4,42,,9678836d76e85ede,47,0.8450980400142568,,47,11.786274876663228,0.5091661278684037,0.8766999364810975,33.0
max_run_i13,main,max_run,13,5,False,5,11,42,,da9d530c786a75bb,47,0.6989700043360189,10.0,10,8.148669910987726,0.169251720233926,0.8452479106444211,10.0
max_run_i13,main,max_run,13,5,False,5,11,42,,da9d530c786a75bb,47,0.6989700043360189,20.0,20,12.276676104205558,0.38155704387841227,0.853848536835605,20.0
max_run_i13,main,max_run,13,5,False,5,11,42,,da9d530c786a75bb,47,0.6989700043360189,30.0,30,12.949735541980276,0.5052190898083407,0.8731764650953694,30.0
max_run_i13,main,max_run,13,5,False,5,11,42,,da9d530c786a75bb,47,0.6989700043360189,40.0,40,12.510911542812805,0.569048517149188,0.8773308904692401,34.0
max_run_i13,main,max_run,13,5,False,5,11,42,,da9d530c786a75bb,47,0.6989700043360189,,47,11.596821578107328,0.6011527027637378,0.8800539198703426,34.0
max_run_i14,main,max_run,14,4,False,4,4,42,,6d5f5eaeae0f0ecd,47,0.6020599913279624,10.0,10,7.954394234132555,0.1963516147453396,0.8271778988156269,10.0
max_run_i14,main,max_run,14,4,False,4,4,42,,6d5f5eaeae0f0ecd,47,0.6020599913279624,20.0,20,12.064399123083989,0.36318568859860817,0.8613752105736115,20.0
max_run_i14,main,max_run,14,4,False,4,4,42,,6d5f5eaeae0f0ecd,47,0.6020599913279624,30.0,30,13.15058508397736,0.47117013635133326,0.8805212499169474,30.0
max_run_i14,main,max_run,14,4,False,4,4,42,,6d5f5eaeae0f0ecd,47,0.6020599913279624,40.0,40,12.433779522642364,0.5456917656077376,0.8837843083882223,35.0
max_run_i14,main,max_run,14,4,False,4,4,42,,6d5f5eaeae0f0ecd,47,0.6020599913279624,,47,10.882337208929206,0.5768634802910164,0.8853070805326251,35.0
max_run_i15,main,max_run,15,5,False,5,10,42,,5e72527a5403e0e2,48,0.6989700043360189,10.0,10,7.992176427675942,0.17475356367700673,0.8270962242608242,10.0
max_run_i15,main,max_run,15,5,False,5,10,42,,5e72527a5403e0e2,48,0.6989700043360189,20.0,20,11.951803818236174,0.39367163990274084,0.8535450158925952,20.0
max_run_i15,main,max_run,15,5,False,5,10,42,,5e72527a5403e0e2,48,0.6989700043360189,30.0,30,12.788511948993168,0.504180710801184,0.8718146307415313,30.0
max_run_i15,main,max_run,15,5,False,5,10,42,,5e72527a5403e0e2,48,0.6989700043360189,40.0,40,12.399987954645827,0.5685718157494333,0.8741036015657865,33.0
max_run_i15,main,max_run,15,5,False,5,10,42,,5e72527a5403e0e2,48,0.6989700043360189,,48,11.327452293660281,0.6023620904838559,0.8756841472392166,33.0
max_run_i16,main,max_run,16,4,False,8,4,42,,7587d65b7f1d4f39,47,0.9030899869919435,10.0,10,7.988999320552269,0.1694505708107051,0.833777953626986,10.0
max_run_i16,main,max_run,16,4,False,8,4,42,,7587d65b7f1d4f39,47,0.9030899869919435,20.0,20,11.561292289384207,0.36023222602066135,0.8594501816065574,20.0
max_run_i16,main,max_run,16,4,False,8,4,42,,7587d65b7f1d4f39,47,0.9030899869919435,30.0,30,12.23768931188649,0.46887515812292,0.8799789416379615,30.0
max_run_i16,main,max_run,16,4,False,8,4,42,,7587d65b7f1d4f39,47,0.9030899869919435,40.0,40,11.94568579331203,0.5378218970069927,0.8846203080823115,36.0
max_run_i16,main,max_run,16,4,False,8,4,42,,7587d65b7f1d4f39,47,0.9030899869919435,,47,11.213976986415414,0.5686831356515856,0.8857470932997846,36.0
max_run_i17,main,max_run,17,3,False,3,4,42,,a3ec16dbaa2f8f7c,47,0.47712125471966244,10.0,10,8.155399090708963,0.1730480902947868,0.82680779552575,10.0
max_run_i17,main,max_run,17,3,False,3,4,42,,a3ec16dbaa2f8f7c,47,0.47712125471966244,20.0,20,12.945204887595679,0.3441568779592466,0.8550194959989288,20.0
max_run_i17,main,max_run,17,3,False,3,4,42,,a3ec16dbaa2f8f7c,47,0.47712125471966244,30.0,30,14.010851339209983,0.48516224598173036,0.8749005109047976,30.0
max_run_i17,main,max_run,17,3,False,3,4,42,,a3ec16dbaa2f8f7c,47,0.47712125471966244,40.0,40,14.383779693633542,0.5667688747921884,0.875931774416898,33.0
max_run_i17,main,max_run,17,3,False,3,4,42,,a3ec16dbaa2f8f7c,47,0.47712125471966244,,47,13.662518846025835,0.6000235013241761,0.8770746997883753,33.0
max_run_i18,main,max_run,18,4,False,8,3,42,,3e2937a16d0997ad,47,0.9030899869919435,10.0,10,8.512942043729355,0.09469860918805212,0.8234313458002944,10.0
max_run_i18,main,max_run,18,4,False,8,3,42,,3e2937a16d0997ad,47,0.9030899869919435,20.0,20,12.726043143214197,0.3292609408998581,0.854177447017682,20.0
max_run_i18,main,max_run,18,4,False,8,3,42,,3e2937a16d0997ad,47,0.9030899869919435,30.0,30,13.972800738858087,0.434593761780481,0.8748053194302943,30.0
max_run_i18,main,max_run,18,4,False,8,3,42,,3e2937a16d0997ad,47,0.9030899869919435,40.0,40,12.822743274764456,0.5133958801132485,0.8756300163565106,33.0
max_run_i18,main,max_run,18,4,False,8,3,42,,3e2937a16d0997ad,47,0.9030899869919435,,47,11.547271079288624,0.5511100973119999,0.8768651631104251,33.0
max_run_i19,main,max_run,19,3,False,6,3,42,,58c91d77b2215d10,48,0.7781512503836436,10.0,10,8.234230194188708,0.1673753632911158,0.8290711431859449,10.0
max_run_i19,main,max_run,19,3,False,6,3,42,,58c91d77b2215d10,48,0.7781512503836436,20.0,20,12.693235346420323,0.3424594391688465,0.8680113455377203,20.0
max_run_i19,main,max_run,19,3,False,6,3,42,,58c91d77b2215d10,48,0.7781512503836436,30.0,30,12.472792634669496,0.47420035227138113,0.8794781179176143,30.0
max_run_i19,main,max_run,19,3,False,6,3,42,,58c91d77b2215d10,48,0.7781512503836436,40.0,40,11.714597494725743,0.5414690079530301,0.8787430715083786,34.0
max_run_i19,main,max_run,19,3,False,6,3,42,,58c91d77b2215d10,48,0.7781512503836436,,48,11.082613278183667,0.5779728823085862,0.877707573003983,34.0
max_run_i20,main,max_run,20,3,False,5,18,42,,34919e9bfc775dcc,47,0.6989700043360189,10.0,10,8.152157322260244,0.18507170239334592,0.8403669491520532,10.0
max_run_i20,main,max_run,20,3,False,5,18,42,,34919e9bfc775dcc,47,0.6989700043360189,20.0,20,13.097907998651205,0.34359172064588217,0.859275748127982,20.0
max_run_i20,main,max_run,20,3,False,5,18,42,,34919e9bfc775dcc,47,0.6989700043360189,30.0,30,13.103065349895257,0.47317987160283553,0.8766898154512833,30.0
max_run_i20,main,max_run,20,3,False,5,18,42,,34919e9bfc775dcc,47,0.6989700043360189,40.0,40,11.643448803749347,0.5460362144287336,0.8790280263702226,34.0
max_run_i20,main,max_run,20,3,False,5,18,42,,34919e9bfc775dcc,47,0.6989700043360189,,47,10.45004046357105,0.5787751512630842,0.880543189790542,34.0
max_run_i21,main,max_run,21,5,False,6,4,42,,f858860aeb8b9b3d,48,0.7781512503836436,10.0,10,8.417180514396103,0.10981603501695199,0.8318387857775064,10.0
max_run_i21,main,max_run,21,5,False,6,4,42,,f858860aeb8b9b3d,48,0.7781512503836436,20.0,20,13.334716892682021,0.26597510228266136,0.8606193994631167,20.0
max_run_i21,main,max_run,21,5,False,6,4,42,,f858860aeb8b9b3d,48,0.7781512503836436,30.0,30,14.707532830730196,0.370194335942827,0.8746853924916443,30.0
max_run_i21,main,max_run,21,5,False,6,4,42,,f858860aeb8b9b3d,48,0.7781512503836436,40.0,40,13.643933611189238,0.4521706636943244,0.8766624797084344,34.0
max_run_i21,main,max_run,21,5,False,6,4,42,,f858860aeb8b9b3d,48,0.7781512503836436,,48,12.268795524411502,0.4981733573189312,0.8773256668857329,34.0
max_run_i22,main,max_run,22,3,False,3,4,42,,f716d4082d74bb8c,47,0.47712125471966244,10.0,10,7.431456340522084,0.21898360687928595,0.8376122481271953,10.0
max_run_i22,main,max_run,22,3,False,3,4,42,,f716d4082d74bb8c,47,0.47712125471966244,20.0,20,11.827388288836746,0.33925484726377925,0.8608491519802629,20.0
max_run_i22,main,max_run,22,3,False,3,4,42,,f716d4082d74bb8c,47,0.47712125471966244,30.0,30,13.163685459359584,0.43864244306986133,0.8754244972819166,30.0
max_run_i22,main,max_run,22,3,False,3,4,42,,f716d4082d74bb8c,47,0.47712125471966244,40.0,40,12.508445459273222,0.516458121490879,0.8779678161463744,34.0
max_run_i22,main,max_run,22,3,False,3,4,42,,f716d4082d74bb8c,47,0.47712125471966244,,47,11.216801826812413,0.5526178108866706,0.8796454023440055,34.0
max_run_i23,main,max_run,23,5,False,5,10,42,,1fe770600bf4a026,46,0.6989700043360189,10.0,10,8.106742706461187,0.11844322127341532,0.8299273049449173,10.0
max_run_i23,main,max_run,23,5,False,5,10,42,,1fe770600bf4a026,46,0.6989700043360189,20.0,20,13.365641243107936,0.28043915864377605,0.8557647812686953,20.0
max_run_i23,main,max_run,23,5,False,5,10,42,,1fe770600bf4a026,46,0.6989700043360189,30.0,30,14.260938699178038,0.4389354039900017,0.8708045935226895,30.0
max_run_i23,main,max_run,23,5,False,5,10,42,,1fe770600bf4a026,46,0.6989700043360189,40.0,40,14.046548018405877,0.5279554371967023,0.8740038361964333,33.0
max_run_i23,main,max_run,23,5,False,5,10,42,,1fe770600bf4a026,46,0.6989700043360189,,46,13.24826672976344,0.5621778927125385,0.8765352901272103,33.0
sort_min_i00,main,sort_min,0,18,True,1,3,29,,e01b967ef37d49a9,49,0.0,10.0,10,7.048958340619571,0.34790050094368286,0.8571663539013574,10.0
sort_min_i00,main,sort_min,0,18,True,1,3,29,,e01b967ef37d49a9,49,0.0,20.0,20,9.345112200854643,0.4566844452191067,0.8811266339172802,20.0
sort_min_i00,main,sort_min,0,18,True,1,3,29,,e01b967ef37d49a9,49,0.0,30.0,30,8.008581665952242,0.521760556862492,0.8902011744483546,30.0
sort_min_i00,main,sort_min,0,18,True,1,3,29,,e01b967ef37d49a9,49,0.0,40.0,40,7.015828552208844,0.5695193255427952,0.8925197173096184,38.0
sort_min_i00,main,sort_min,0,18,True,1,3,29,,e01b967ef37d49a9,49,0.0,,49,6.257714124890524,0.599922252156544,0.8906721502997256,38.0
sort_min_i01,main,sort_min,1,57,False,4,6,29,,90b8b03e7f554e37,49,0.6020599913279624,10.0,10,7.155031992909608,0.30613116626435943,0.8694279830974979,10.0
sort_min_i01,main,sort_min,1,57,False,4,6,29,,90b8b03e7f554e37,49,0.6020599913279624,20.0,20,11.648224849964915,0.38088393060740305,0.8807444025575686,20.0
sort_min_i01,main,sort_min,1,57,False,4,6,29,,90b8b03e7f554e37,49,0.6020599913279624,30.0,30,11.510477357868618,0.451869143433678,0.8823737179986755,30.0
sort_min_i01,main,sort_min,1,57,False,4,6,29,,90b8b03e7f554e37,49,0.6020599913279624,40.0,40,11.399063401122472,0.5051446993720042,0.8811111888145933,35.0
sort_min_i01,main,sort_min,1,57,False,4,6,29,,90b8b03e7f554e37,49,0.6020599913279624,,49,10.179937867231951,0.5448840503728635,0.8790337266527632,35.0
sort_min_i02,main,sort_min,2,12,True,1,4,29,,a74790ff9ca96cec,49,0.0,10.0,10,6.815244486541108,0.36527174075915547,0.8624467055268239,10.0
sort_min_i02,main,sort_min,2,12,True,1,4,29,,a74790ff9ca96cec,49,0.0,20.0,20,9.9374141032378,0.4717599876741268,0.878602382009906,20.0
sort_min_i02,main,sort_min,2,12,True,1,4,29,,a74790ff9ca96cec,49,0.0,30.0,30,9.85076838400816,0.5113795672608512,0.8862781490993331,30.0
sort_min_i02,main,sort_min,2,12,True,1,4,29,,a74790ff9ca96cec,49,0.0,40.0,40,9.29354204813774,0.5488179175232516,0.8883728233014221,37.0
sort_min_i02,main,sort_min,2,12,True,1,4,29,,a74790ff9ca96cec,49,0.0,,49,8.360741472827613,0.5794143408724374,0.8870370128884468,37.0
sort_min_i03,main,sort_min,3,56,False,4,5,29,,4703cd8264727e36,48,0.6020599913279624,10.0,10,6.780572781251838,0.35835406165676026,0.8657185420578143,10.0
sort_min_i03,main,sort_min,3,56,False,4,5,29,,4703cd8264727e36,48,0.6020599913279624,20.0,20,10.126862230349735,0.45705428512590507,0.8845516274940889,20.0
sort_min_i03,main,sort_min,3,56,False,4,5,29,,4703cd8264727e36,48,0.6020599913279624,30.0,30,11.38048664066918,0.4888051423618666,0.8812136421240272,30.0
sort_min_i03,main,sort_min,3,56,False,4,5,29,,4703cd8264727e36,48,0.6020599913279624,40.0,40,11.382837927272934,0.5314052580090434,0.8768889648630039,34.0
sort_min_i03,main,sort_min,3,56,False,4,5,29,,4703cd8264727e36,48,0.6020599913279624,,48,11.236053752444983,0.5677519084144211,0.8751355935115872,34.0
sort_min_i04,main,sort_min,4,76,True,1,3,29,,8ea66393e8d1b060,49,0.0,10.0,10,7.3596914084965315,0.2881214336181741,0.8551749376870568,10.0
sort_min_i04,main,sort_min,4,76,True,1,3,29,,8ea66393e8d1b060,49,0.0,20.0,20,9.682292799199539,0.40618155861269,0.899318648895722,20.0
sort_min_i04,main,sort_min,4,76,True,1,3,29,,8ea66393e8d1b060,49,0.0,30.0,30,8.166951231302315,0.5010773567274804,0.9037682370263243,30.0
sort_min_i04,main,sort_min,4,76,True,1,3,29,,8ea66393e8d1b060,49,0.0,40.0,40,7.021207371057777,0.5624990222371643,0.8993789595967093,39.0
sort_min_i04,main,sort_min,4,76,True,1,3,29,,8ea66393e8d1b060,49,0.0,,49,6.702653595665707,0.594085247359685,0.892581811565388,39.0
sort_min_i05,main,sort_min,5,36,False,2,5,29,,d6098eb76c6fd951,49,0.3010299956639812,10.0,10,7.1902468080939705,0.3165674549821463,0.8637524171340769,10.0
sort_min_i05,main,sort_min,5,36,False,2,5,29,,d6098eb76c6fd951,49,0.3010299956639812,20.0,20,10.716126015238501,0.3982972227583427,0.8867252013460738,20.0
sort_min_i05,main,sort_min,5,36,False,2,5,29,,d6098eb76c6fd951,49,0.3010299956639812,30.0,30,10.266198889925576,0.4746209121270988,0.8836083726210674,30.0
sort_min_i05,main,sort_min,5,36,False,2,5,29,,d6098eb76c6fd951,49,0.3010299956639812,40.0,40,9.066927620306489,0.5374868496961422,0.8848094779444302,36.0
sort_min_i05,main,sort_min,5,36,False,2,5,29,,d6098eb76c6fd951,49,0.3010299956639812,,49,8.328219470036236,0.5749640038782049,0.8834088340902801,36.0
sort_min_i06,main,sort_min,6,7,True,1,2,28,,a5cfcb0aff4b9168,49,0.0,10.0,10,7.328460240364822,0.29249275949032316,0.8647292721865719,10.0
sort_min_i06,main,sort_min,6,7,True,1,2,28,,a5cfcb0aff4b9168,49,0.0,20.0,20,11.548733163679795,0.3524363472049683,0.8851269652255811,20.0
sort_min_i06,main,sort_min,6,7,True,1,2,28,,a5cfcb0aff4b9168,49,0.0,30.0,30,11.398617731243963,0.42821812304247225,0.8899947692925241,30.0
sort_min_i06,main,sort_min,6,7,True,1,2,28,,a5cfcb0aff4b9168,49,0.0,40.0,40,10.009216901416186,0.4824548482198287,0.8921578595402238,38.0
sort_min_i06,main,sort_min,6,7,True,1,2,28,,a5cfcb0aff4b9168,49,0.0,,49,9.567539928670074,0.5272879555078515,0.8863678289965037,38.0
sort_min_i07,main,sort_min,7,8,True,1,2,28,,02374a85a4c867bf,49,0.0,10.0,10,7.169721376775392,0.31087861603151407,0.863936865744998,10.0
sort_min_i07,main,sort_min,7,8,True,1,2,28,,02374a85a4c867bf,49,0.0,20.0,20,12.33382244863795,0.3544088720705916,0.8930045506416426,20.0
sort_min_i07,main,sort_min,7,8,True,1,2,28,,02374a85a4c867bf,49,0.0,30.0,30,13.212422325295302,0.3982539650959117,0.8956752753371924,30.0
sort_min_i07,main,sort_min,7,8,True,1,2,28,,02374a85a4c867bf,49,0.0,40.0,40,11.352031979749858,0.4857476222920157,0.8937034141278168,39.0
sort_min_i07,main,sort_min,7,8,True,1,2,28,,02374a85a4c867bf,49,0.0,,49,10.040547551529624,0.5384172154963086,0.8890697369350448,39.0
sort_min_i08,main,sort_min,8,20,True,1,2,29,,6d96594cd547341e,48,0.0,10.0,10,7.187195732527671,0.32287284969260016,0.8638397108014155,10.0
sort_min_i08,main,sort_min,8,20,True,1,2,29,,6d96594cd547341e,48,0.0,20.0,20,8.718499457777149,0.4433437170179695,0.8945625704213066,20.0
sort_min_i08,main,sort_min,8,20,True,1,2,29,,6d96594cd547341e,48,0.0,30.0,30,8.38414385122461,0.47856000837734236,0.9001588102276843,30.0
sort_min_i08,main,sort_min,8,20,True,1,2,29,,6d96594cd547341e,48,0.0,40.0,40,9.117554308961141,0.5203910940728522,0.8962850513679166,39.0
sort_min_i08,main,sort_min,8,20,True,1,2,29,,6d96594cd547341e,48,0.0,,48,8.441475692009835,0.5594842407904538,0.8924835067353926,39.0
sort_min_i09,main,sort_min,9,13,True,1,1,29,,f90febea8f112df9,50,0.0,10.0,10,7.106961205621407,0.3340455854574971,0.863340469084848,10.0
sort_min_i09,main,sort_min,9,13,True,1,1,29,,f90febea8f112df9,50,0.0,20.0,20,9.34356099011594,0.45181506654124964,0.8981064849384032,20.0
sort_min_i09,main,sort_min,9,13,True,1,1,29,,f90febea8f112df9,50,0.0,30.0,30,9.098586234413721,0.500691246696088,0.9066087100404621,30.0
sort_min_i09,main,sort_min,9,13,True,1,1,29,,f90febea8f112df9,50,0.0,40.0,40,7.7348092195306,0.5526552882886039,0.9047399223557951,40.0
sort_min_i09,main,sort_min,9,13,True,1,1,29,,f90febea8f112df9,50,0.0,,50,7.157359165872219,0.5853835913944513,0.8972162310944568,41.0
sort_min_i10,main,sort_min,10,81,True,1,3,29,,dfbfa2109dbdf176,49,0.0,10.0,10,7.33598907840178,0.32028162354203826,0.8591899772053111,10.0
sort_min_i10,main,sort_min,10,81,True,1,3,29,,dfbfa2109dbdf176,49,0.0,20.0,20,9.580761385898066,0.4401454193774649,0.9026909409399616,20.0
sort_min_i10,main,sort_min,10,81,True,1,3,29,,dfbfa2109dbdf176,49,0.0,30.0,30,8.680475279837834,0.5229251117931468,0.9021834038504225,30.0
sort_min_i10,main,sort_min,10,81,True,1,3,29,,dfbfa2109dbdf176,49,0.0,40.0,40,8.155759701641127,0.5755812384710406,0.8974795852767643,39.0
sort_min_i10,main,sort_min,10,81,True,1,3,29,,dfbfa2109dbdf176,49,0.0,,49,7.917689008256377,0.6084048729215322,0.8935364105287363,39.0
sort_min_i11,main,sort_min,11,2,False,2,2,28,,c4cb40f134032b6d,48,0.3010299956639812,10.0,10,7.567681441580119,0.2618591171239951,0.8672255366256097,10.0
sort_min_i11,main,sort_min,11,2,False,2,2,28,,c4cb40f134032b6d,48,0.3010299956639812,20.0,20,11.672162420598644,0.3591936389564272,0.8862038195758368,20.0
sort_min_i11,main,sort_min,11,2,False,2,2,28,,c4cb40f134032b6d,48,0.3010299956639812,30.0,30,12.059968552175215,0.40643797479007443,0.8947583518658261,30.0
sort_min_i11,main,sort_min,11,2,False,2,2,28,,c4cb40f134032b6d,48,0.3010299956639812,40.0,40,10.400173780634699,0.46532677639531866,0.8931040837462334,38.0
sort_min_i11,main,sort_min,11,2,False,2,2,28,,c4cb40f134032b6d,48,0.3010299956639812,,48,8.606370179684305,0.5067425335623964,0.8899404496569101,38.0
sort_min_i12,main,sort_min,12,19,False,2,1,29,,14f07ac5ea08a0c7,49,0.3010299956639812,10.0,10,7.178069455614045,0.34607218986354366,0.8639040860634606,10.0
sort_min_i12,main,sort_min,12,19,False,2,1,29,,14f07ac5ea08a0c7,49,0.3010299956639812,20.0,20,9.799787080151386,0.44073780663109813,0.88915384767313,20.0
sort_min_i12,main,sort_min,12,19,False,2,1,29,,14f07ac5ea08a0c7,49,0.3010299956639812,30.0,30,9.55037119747082,0.48454442764766315,0.9007620569316505,30.0
sort_min_i12,main,sort_min,12,19,False,2,1,29,,14f07ac5ea08a0c7,49,0.3010299956639812,40.0,40,8.990975201707759,0.5323377372578046,0.8980660608758152,39.0
sort_min_i12,main,sort_min,12,19,False,2,1,29,,14f07ac5ea08a0c7,49,0.3010299956639812,,49,8.244530061275961,0.567178146004265,0.8935098578336373,39.0
sort_min_i13,main,sort_min,13,21,True,1,2,29,,49d8cc2941b79d5a,49,0.0,10.0,10,7.810863253709114,0.2600529132792617,0.8743779337460903,10.0
sort_min_i13,main,sort_min,13,21,True,1,2,29,,49d8cc2941b79d5a,49,0.0,20.0,20,11.554242129288369,0.3885773880458994,0.8827453468488625,20.0
sort_min_i13,main,sort_min,13,21,True,1,2,29,,49d8cc2941b79d5a,49,0.0,30.0,30,10.328929686795115,0.4670871393279602,0.8802868488629892,30.0
sort_min_i13,main,sort_min,13,21,True,1,2,29,,49d8cc2941b79d5a,49,0.0,40.0,40,9.351934220602724,0.523771462408201,0.8773443800149009,35.0
sort_min_i13,main,sort_min,13,21,True,1,2,29,,49d8cc2941b79d5a,49,0.0,,49,8.376851721037673,0.5596257528376839,0.8743139978171318,35.0
sort_min_i14,main,sort_min,14,22,False,3,5,29,,cb8d6e07e3e2db3b,49,0.47712125471966244,10.0,10,7.46307086820859,0.2879492702188557,0.86381333410928,10.0
sort_min_i14,main,sort_min,14,22,False,3,5,29,,cb8d6e07e3e2db3b,49,0.47712125471966244,20.0,20,11.830540722756774,0.3589768124053837,0.8746848932470628,20.0
sort_min_i14,main,sort_min,14,22,False,3,5,29,,cb8d6e07e3e2db3b,49,0.47712125471966244,30.0,30,13.613636566549939,0.4263124448214982,0.8652739949120567,30.0
sort_min_i14,main,sort_min,14,22,False,3,5,29,,cb8d6e07e3e2db3b,49,0.47712125471966244,40.0,40,13.520753320608332,0.4764259576623371,0.8652693619818015,32.0
sort_min_i14,main,sort_min,14,22,False,3,5,29,,cb8d6e07e3e2db3b,49,0.47712125471966244,,49,13.31343730690709,0.5211336475585763,0.8625103579330341,32.0
sort_min_i15,main,sort_min,15,68,False,3,7,29,,c796a28dba691291,49,0.47712125471966244,10.0,10,7.371281695603212,0.29105059583901793,0.857337215180888,10.0
sort_min_i15,main,sort_min,15,68,False,3,7,29,,c796a28dba691291,49,0.47712125471966244,20.0,20,11.41045597366996,0.3904335062259824,0.8726222343351807,20.0
sort_min_i15,main,sort_min,15,68,False,3,7,29,,c796a28dba691291,49,0.47712125471966244,30.0,30,10.42004434061616,0.4653303679162518,0.8747081713891925,30.0
sort_min_i15,main,sort_min,15,68,False,3,7,29,,c796a28dba691291,49,0.47712125471966244,40.0,40,8.551483923671773,0.5299487970108941,0.879268456672561,35.0
sort_min_i15,main,sort_min,15,68,False,3,7,29,,c796a28dba691291,49,0.47712125471966244,,49,7.479274079217367,0.5689497198993182,0.8788335757140987,35.0
sort_min_i16,main,sort_min,16,45,True,1,2,29,,8f87c1ef6195c1af,49,0.0,10.0,10,6.784265364649213,0.3723800326301341,0.8646494938538911,10.0
sort_min_i16,main,sort_min,16,45,True,1,2,29,,8f87c1ef6195c1af,49,0.0,20.0,20,9.245852736773145,0.48272322478395924,0.8862169148390892,20.0
sort_min_i16,main,sort_min,16,45,True,1,2,29,,8f87c1ef6195c1af,49,0.0,30.0,30,9.120172939025226,0.529477707045261,0.890545175455466,30.0
sort_min_i16,main,sort_min,16,45,True,1,2,29,,8f87c1ef6195c1af,49,0.0,40.0,40,8.326511740843298,0.5805742970717909,0.8930667742276971,38.0
sort_min_i16,main,sort_min,16,45,True,1,2,29,,8f87c1ef6195c1af,49,0.0,,49,7.745860735635394,0.6120897170701639,0.8931974312729577,38.0
sort_min_i17,main,sort_min,17,29,False,2,4,29,,c3b69eb6b16b3535,49,0.3010299956639812,10.0,10,6.785954778789729,0.3629597613210802,0.8498368037071976,10.0
sort_min_i17,main,sort_min,17,29,False,2,4,29,,c3b69eb6b16b3535,49,0.3010299956639812,20.0,20,9.805852638533242,0.4541389277528728,0.8764322122634864,20.0
sort_min_i17,main,sort_min,17,29,False,2,4,29,,c3b69eb6b16b3535,49,0.3010299956639812,30.0,30,9.94955276733811,0.497693871513809,0.8802595771711296,30.0
sort_min_i17,main,sort_min,17,29,False,2,4,29,,c3b69eb6b16b3535,49,0.3010299956639812,40.0,40,9.159545069836836,0.5441551810237167,0.8809983045133655,35.0
sort_min_i17,main,sort_min,17,29,False,2,4,29,,c3b69eb6b16b3535,49,0.3010299956639812,,49,8.04944131305895,0.5791027718635413,0.877642078239644,35.0
sort_min_i18,main,sort_min,18,9,True,1,3,28,,7f2989f3795c84b0,49,0.0,10.0,10,7.430636589027961,0.29970484378985585,0.8628284271307124,10.0
sort_min_i18,main,sort_min,18,9,True,1,3,28,,7f2989f3795c84b0,49,0.0,20.0,20,10.665720272936461,0.40103577364489934,0.885254431622121,20.0
sort_min_i18,main,sort_min,18,9,True,1,3,28,,7f2989f3795c84b0,49,0.0,30.0,30,11.09610186195107,0.4755708297385964,0.8870580083311149,30.0
sort_min_i18,main,sort_min,18,9,True,1,3,28,,7f2989f3795c84b0,49,0.0,40.0,40,10.52941395951487,0.5394014127825881,0.8838838357451891,35.0
sort_min_i18,main,sort_min,18,9,True,1,3,28,,7f2989f3795c84b0,49,0.0,,49,10.628811361171225,0.5799488321817273,0.8771775509180374,35.0
sort_min_i19,main,sort_min,19,1,True,1,3,28,,5c94df17223b447f,50,0.0,10.0,10,7.186162707904948,0.3065124359499491,0.8586744906091117,10.0
sort_min_i19,main,sort_min,19,1,True,1,3,28,,5c94df17223b447f,50,0.0,20.0,20,10.870470501329734,0.40216839693903267,0.8831245657650236,20.0
sort_min_i19,main,sort_min,19,1,True,1,3,28,,5c94df17223b447f,50,0.0,30.0,30,13.314976520747331,0.4962017316826098,0.8970571954377721,30.0
sort_min_i19,main,sort_min,19,1,True,1,3,28,,5c94df17223b447f,50,0.0,40.0,40,8.41850081918846,0.6141822664031092,0.9043885008739931,40.0
sort_min_i19,main,sort_min,19,1,True,1,3,28,,5c94df17223b447f,50,0.0,,50,6.1038029868011705,0.6865630856809587,0.8966038106239805,41.0
sort_min_i20,main,sort_min,20,42,True,1,2,29,,94fd65d46c6e3724,49,0.0,10.0,10,7.1388946162624505,0.30787380564863054,0.8638060308095442,10.0
sort_min_i20,main,sort_min,20,42,True,1,2,29,,94fd65d46c6e3724,49,0.0,20.0,20,10.17495019884235,0.4126574475283485,0.8846216826737453,20.0
sort_min_i20,main,sort_min,20,42,True,1,2,29,,94fd65d46c6e3724,49,0.0,30.0,30,9.45709556915866,0.4874747160448922,0.8868968293035292,30.0
sort_min_i20,main,sort_min,20,42,True,1,2,29,,94fd65d46c6e3724,49,0.0,40.0,40,8.421487878922036,0.5470200562327273,0.8835802004916684,36.0
sort_min_i20,main,sort_min,20,42,True,1,2,29,,94fd65d46c6e3724,49,0.0,,49,8.05421983480688,0.582715868806516,0.8812750520560708,36.0
sort_min_i21,main,sort_min,21,26,True,1,2,29,,6e191feab73c505d,49,0.0,10.0,10,7.000436585779127,0.3371938297174549,0.8593003553572339,10.0
sort_min_i21,main,sort_min,21,26,True,1,2,29,,6e191feab73c505d,49,0.0,20.0,20,8.070412336464456,0.49093263692029127,0.8882199082552676,20.0
sort_min_i21,main,sort_min,21,26,True,1,2,29,,6e191feab73c505d,49,0.0,30.0,30,8.180537504187212,0.5139066920817863,0.8943396705660163,30.0
sort_min_i21,main,sort_min,21,26,True,1,2,29,,6e191feab73c505d,49,0.0,40.0,40,8.139514243623069,0.5439270020455413,0.8898888190070501,37.0
sort_min_i21,main,sort_min,21,26,True,1,2,29,,6e191feab73c505d,49,0.0,,49,7.082387858230822,0.5765352570557556,0.8868968597725135,37.0
sort_min_i22,main,sort_min,22,25,False,3,4,29,,7dec82a94ac7594a,49,0.47712125471966244,10.0,10,6.73511025570822,0.3650584412457255,0.8718683055582213,10.0
sort_min_i22,main,sort_min,22,25,False,3,4,29,,7dec82a94ac7594a,49,0.47712125471966244,20.0,20,8.483169438037407,0.48441605097280305,0.9010088533573845,20.0
sort_min_i22,main,sort_min,22,25,False,3,4,29,,7dec82a94ac7594a,49,0.47712125471966244,30.0,30,8.46410865986933,0.531663614910748,0.9021002654565703,30.0
sort_min_i22,main,sort_min,22,25,False,3,4,29,,7dec82a94ac7594a,49,0.47712125471966244,40.0,40,8.439840280231794,0.5805675624770774,0.894211639605603,38.0
sort_min_i22,main,sort_min,22,25,False,3,4,29,,7dec82a94ac7594a,49,0.47712125471966244,,49,9.082181745626844,0.6093992453321531,0.889544681729047,38.0
sort_min_i23,main,sort_min,23,60,False,3,13,29,,5bec0a589f3667a9,49,0.47712125471966244,10.0,10,7.103622990222987,0.3416725463487941,0.8520657665925685,10.0
sort_min_i23,main,sort_min,23,60,False,3,13,29,,5bec0a589f3667a9,49,0.47712125471966244,20.0,20,9.14782903092349,0.48964977798241255,0.8730711818067107,20.0
sort_min_i23,main,sort_min,23,60,False,3,13,29,,5bec0a589f3667a9,49,0.47712125471966244,30.0,30,9.8585940517213,0.5431951297969992,0.8797923767710529,30.0
sort_min_i23,main,sort_min,23,60,False,3,13,29,,5bec0a589f3667a9,49,0.47712125471966244,40.0,40,11.15816952839951,0.5830530857974859,0.8784251107619909,34.0
sort_min_i23,main,sort_min,23,60,False,3,13,29,,5bec0a589f3667a9,49,0.47712125471966244,,49,11.06953803162781,0.6116861056438284,0.8754451094296654,34.0
succ_letter_i00,main,succ_letter,0,o,False,17,6,22,,99570509e84fe63e,48,1.2304489213782739,10.0,10,8.378012053816603,0.13814705705625116,0.8212779956209748,10.0
succ_letter_i00,main,succ_letter,0,o,False,17,6,22,,99570509e84fe63e,48,1.2304489213782739,20.0,20,12.842033069526499,0.24517700720010976,0.8261344118667182,20.0
succ_letter_i00,main,succ_letter,0,o,False,17,6,22,,99570509e84fe63e,48,1.2304489213782739,30.0,30,13.626252702827905,0.33999338919904976,0.8245321490996537,24.0
succ_letter_i00,main,succ_letter,0,o,False,17,6,22,,99570509e84fe63e,48,1.2304489213782739,40.0,40,13.308042049971316,0.4582768046531349,0.8289825512646225,24.0
succ_letter_i00,main,succ_letter,0,o,False,17,6,22,,99570509e84fe63e,48,1.2304489213782739,,48,10.604595211350777,0.5347547635049572,0.8329802716928584,24.0
succ_letter_i01,main,succ_letter,1,n,False,3,9,22,,c3f2f5a93acb1ae0,48,0.47712125471966244,10.0,10,7.982691882158774,0.013321517870252226,0.8366910754414688,10.0
succ_letter_i01,main,succ_letter,1,n,False,3,9,22,,c3f2f5a93acb1ae0,48,0.47712125471966244,20.0,20,12.659948423047897,0.141749830533614,0.8285096287003266,20.0
succ_letter_i01,main,succ_letter,1,n,False,3,9,22,,c3f2f5a93acb1ae0,48,0.47712125471966244,30.0,30,13.832066587972525,0.3064919529808419,0.8250786990291076,25.0
succ_letter_i01,main,succ_letter,1,n,False,3,9,22,,c3f2f5a93acb1ae0,48,0.47712125471966244,40.0,40,11.593032436212816,0.4414696645716707,0.830542852009056,25.0
succ_letter_i01,main,succ_letter,1,n,False,3,9,22,,c3f2f5a93acb1ae0,48,0.47712125471966244,,48,9.842817720061023,0.5140191258451805,0.8336415554107427,25.0
succ_letter_i02,main,succ_letter,2,p,False,51,9,22,,20c15034fa9ea837,49,1.7075701760979363,10.0,10,8.370148283296597,0.07324706610878387,0.8215774543557903,10.0
succ_letter_i02,main,succ_letter,2,p,False,51,9,22,,20c15034fa9ea837,49,1.7075701760979363,20.0,20,9.990492509544245,0.3173441489231469,0.8346554904582727,20.0
succ_letter_i02,main,succ_letter,2,p,False,51,9,22,,20c15034fa9ea837,49,1.7075701760979363,30.0,30,9.795740234251202,0.4575395208619582,0.8268237856709924,26.0
succ_letter_i02,main,succ_letter,2,p,False,51,9,22,,20c15034fa9ea837,49,1.7075701760979363,40.0,40,7.545368196810235,0.5562123742125621,0.8348589528785261,26.0
succ_letter_i02,main,succ_letter,2,p,False,51,9,22,,20c15034fa9ea837,49,1.7075701760979363,,49,6.702384392246913,0.6147819923894384,0.8360026430170678,26.0
succ_letter_i03,main,succ_letter,3,c,False,5,12,22,,14fb697465bd9363,50,0.6989700043360189,10.0,10,7.814287441917554,0.037721993624420684,0.8346235097987899,10.0
succ_letter_i03,main,succ_letter,3,c,False,5,12,22,,14fb697465bd9363,50,0.6989700043360189,20.0,20,10.908688512851734,0.2772255522220491,0.8352228354137847,20.0
succ_letter_i03,main,succ_letter,3,c,False,5,12,22,,14fb697465bd9363,50,0.6989700043360189,30.0,30,10.587047231842442,0.42023711825416415,0.8264670852149439,25.0
succ_letter_i03,main,succ_letter,3,c,False,5,12,22,,14fb697465bd9363,50,0.6989700043360189,40.0,40,8.176094403205473,0.5142736670691782,0.8276134565764002,25.0
succ_letter_i03,main,succ_letter,3,c,False,5,12,22,,14fb697465bd9363,50,0.6989700043360189,,50,7.0473052772467915,0.5703804348971091,0.8284965793097937,25.0
succ_letter_i04,main,succ_letter,4,o,False,12,9,22,,02d3c8bff23f895c,48,1.0791812460476249,10.0,10,8.241491454574472,0.1581036370161662,0.8229262693262002,10.0
succ_letter_i04,main,succ_letter,4,o,False,12,9,22,,02d3c8bff23f895c,48,1.0791812460476249,20.0,20,12.759797973312,0.318469746373861,0.8228012649379921,20.0
succ_letter_i04,main,succ_letter,4,o,False,12,9,22,,02d3c8bff23f895c,48,1.0791812460476249,30.0,30,13.944974267585238,0.428110791246612,0.826221989726327,25.0
succ_letter_i04,main,succ_letter,4,o,False,12,9,22,,02d3c8bff23f895c,48,1.0791812460476249,40.0,40,12.657203649800952,0.529602812600605,0.8326476173183043,25.0
succ_letter_i04,main,succ_letter,4,o,False,12,9,22,,02d3c8bff23f895c,48,1.0791812460476249,,48,10.179868582923948,0.592380416172839,0.8364578093697048,25.0
succ_letter_i05,main,succ_letter,5,v,False,10,5,22,,fb96bce7f7aa5a29,50,1.0,10.0,10,8.3970271292873,0.10009621968363598,0.8318702807005501,10.0
succ_letter_i05,main,succ_letter,5,v,False,10,5,22,,fb96bce7f7aa5a29,50,1.0,20.0,20,13.127913337230842,0.2636584016191076,0.8149010410997601,20.0
succ_letter_i05,main,succ_letter,5,v,False,10,5,22,,fb96bce7f7aa5a29,50,1.0,30.0,30,13.689380551578658,0.3991783216003887,0.8163913907765102,24.0
succ_letter_i05,main,succ_letter,5,v,False,10,5,22,,fb96bce7f7aa5a29,50,1.0,40.0,40,13.320266933926101,0.5061585688372551,0.8185836897818145,24.0
succ_letter_i05,main,succ_letter,5,v,False,10,5,22,,fb96bce7f7aa5a29,50,1.0,,50,11.613310447892765,0.5587593821264395,0.8192433238229975,24.0
succ_letter_i06,main,succ_letter,6,x,False,32,3,22,,706079794d27e0d5,50,1.505149978319906,10.0,10,8.143159177894214,0.13993194576287707,0.823426916746205,10.0
succ_letter_i06,main,succ_letter,6,x,False,32,3,22,,706079794d27e0d5,50,1.505149978319906,20.0,20,10.536941298739961,0.3648849157978149,0.8508029738841918,20.0
succ_letter_i06,main,succ_letter,6,x,False,32,3,22,,706079794d27e0d5,50,1.505149978319906,30.0,30,8.668816193407293,0.4967734002144045,0.8464784237263513,28.0
succ_letter_i06,main,succ_letter,6,x,False,32,3,22,,706079794d27e0d5,50,1.505149978319906,40.0,40,7.479360136720609,0.5744985749461581,0.8392071779180469,28.0
succ_letter_i06,main,succ_letter,6,x,False,32,3,22,,706079794d27e0d5,50,1.505149978319906,,50,6.923855737684821,0.6196626027867842,0.8293345605517113,28.0
succ_letter_i07,main,succ_letter,7,z,False,3,8,22,,981a9c5ceffedf9e,49,0.47712125471966244,10.0,10,8.061362308367743,0.12720743597547995,0.8341455616938855,10.0
succ_letter_i07,main,succ_letter,7,z,False,3,8,22,,981a9c5ceffedf9e,49,0.47712125471966244,20.0,20,12.390511029045289,0.2789871692402489,0.8249730732429409,20.0
succ_letter_i07,main,succ_letter,7,z,False,3,8,22,,981a9c5ceffedf9e,49,0.47712125471966244,30.0,30,13.013825616056334,0.3885806367394308,0.8230266700047316,24.0
succ_letter_i07,main,succ_letter,7,z,False,3,8,22,,981a9c5ceffedf9e,49,0.47712125471966244,40.0,40,9.900592757015348,0.4956579941948063,0.8260071492704667,24.0
succ_letter_i07,main,succ_letter,7,z,False,3,8,22,,981a9c5ceffedf9e,49,0.47712125471966244,,49,8.48713228343582,0.550119891913949,0.8254753830221023,24.0
succ_letter_i08,main,succ_letter,8,q,True,1,3,22,,161ba70a84c78c2b,49,0.0,10.0,10,8.389209498109688,0.07937322309153431,0.8352948204019838,10.0
succ_letter_i08,main,succ_letter,8,q,True,1,3,22,,161ba70a84c78c2b,49,0.0,20.0,20,12.612570187477981,0.1690603069448594,0.8191228827005558,20.0
succ_letter_i08,main,succ_letter,8,q,True,1,3,22,,161ba70a84c78c2b,49,0.0,30.0,30,16.209846133768814,0.2945541247196294,0.81451561002889,24.0
succ_letter_i08,main,succ_letter,8,q,True,1,3,22,,161ba70a84c78c2b,49,0.0,40.0,40,16.170813806733705,0.43023428544807335,0.8261518799512969,24.0
succ_letter_i08,main,succ_letter,8,q,True,1,3,22,,161ba70a84c78c2b,49,0.0,,49,13.083651568607763,0.5135516452159914,0.831261014121269,24.0
succ_letter_i09,main,succ_letter,9,p,False,50,9,22,,790896a3e822bbbf,49,1.6989700043360187,10.0,10,8.39554810899876,0.10520628184784708,0.8275531034549679,10.0
succ_letter_i09,main,succ_letter,9,p,False,50,9,22,,790896a3e822bbbf,49,1.6989700043360187,20.0,20,11.743552060668824,0.25806755824948185,0.8373962622208997,20.0
succ_letter_i09,main,succ_letter,9,p,False,50,9,22,,790896a3e822bbbf,49,1.6989700043360187,30.0,30,12.603511183179965,0.39332927782361443,0.8247225225439808,25.0
succ_letter_i09,main,succ_letter,9,p,False,50,9,22,,790896a3e822bbbf,49,1.6989700043360187,40.0,40,11.277673643383736,0.5067087950941408,0.830733149083305,25.0
succ_letter_i09,main,succ_letter,9,p,False,50,9,22,,790896a3e822bbbf,49,1.6989700043360187,,49,9.491689856170279,0.576786013550079,0.8348929207789257,25.0
succ_letter_i10,main,succ_letter,10,e,False,2,7,22,,5cfe98c9ed70461b,49,0.3010299956639812,10.0,10,8.149705841398136,0.03467936297547228,0.8193310688210207,10.0
succ_letter_i10,main,succ_letter,10,e,False,2,7,22,,5cfe98c9ed70461b,49,0.3010299956639812,20.0,20,12.704525727415678,0.25367531567969204,0.8181289430283972,20.0
succ_letter_i10,main,succ_letter,10,e,False,2,7,22,,5cfe98c9ed70461b,49,0.3010299956639812,30.0,30,12.116819501999583,0.42507271458127477,0.8313941520336809,26.0
succ_letter_i10,main,succ_letter,10,e,False,2,7,22,,5cfe98c9ed70461b,49,0.3010299956639812,40.0,40,9.285192307008622,0.5318791890647406,0.8431948797184888,26.0
succ_letter_i10,main,succ_letter,10,e,False,2,7,22,,5cfe98c9ed70461b,49,0.3010299956639812,,49,8.095643209438972,0.5948812753129485,0.8467449823183171,26.0
succ_letter_i11,main,succ_letter,11,m,False,7,17,22,,e09ebf0ed4277c00,49,0.8450980400142568,10.0,10,7.709309549671335,0.02209273620460146,0.8288099675780706,10.0
succ_letter_i11,main,succ_letter,11,m,False,7,17,22,,e09ebf0ed4277c00,49,0.8450980400142568,20.0,20,11.942424823816289,0.1795312491301859,0.8148709773461581,20.0
succ_letter_i11,main,succ_letter,11,m,False,7,17,22,,e09ebf0ed4277c00,49,0.8450980400142568,30.0,30,14.697264749860608,0.29737883897682316,0.8083266360960148,22.0
succ_letter_i11,main,succ_letter,11,m,False,7,17,22,,e09ebf0ed4277c00,49,0.8450980400142568,40.0,40,13.81964114140506,0.42442918284959863,0.8199880578773268,22.0
succ_letter_i11,main,succ_letter,11,m,False,7,17,22,,e09ebf0ed4277c00,49,0.8450980400142568,,49,11.214306419232432,0.4983741090555562,0.8271650910859218,22.0
succ_letter_i12,main,succ_letter,12,e,False,3,8,22,,176b2ecd1a9a2b49,48,0.47712125471966244,10.0,10,7.945221330384746,0.185790320724457,0.8229784837363778,10.0
succ_letter_i12,main,succ_letter,12,e,False,3,8,22,,176b2ecd1a9a2b49,48,0.47712125471966244,20.0,20,11.838628524164966,0.32167652552742626,0.8245157010540669,20.0
succ_letter_i12,main,succ_letter,12,e,False,3,8,22,,176b2ecd1a9a2b49,48,0.47712125471966244,30.0,30,12.869889305628218,0.43776388732012406,0.8243189833357811,25.0
succ_letter_i12,main,succ_letter,12,e,False,3,8,22,,176b2ecd1a9a2b49,48,0.47712125471966244,40.0,40,11.89574862563374,0.5305431720866712,0.8283618833845026,25.0
succ_letter_i12,main,succ_letter,12,e,False,3,8,22,,176b2ecd1a9a2b49,48,0.47712125471966244,,48,10.531101694662413,0.5857062046368131,0.8334397545471567,25.0
succ_letter_i13,main,succ_letter,13,p,False,57,9,22,,57db980255223e1b,49,1.7558748556724915,10.0,10,8.379719556312565,0.045817951338510535,0.8243601878231425,10.0
succ_letter_i13,main,succ_letter,13,p,False,57,9,22,,57db980255223e1b,49,1.7558748556724915,20.0,20,11.743096557782584,0.19640303879851034,0.8305631357928328,20.0
succ_letter_i13,main,succ_letter,13,p,False,57,9,22,,57db980255223e1b,49,1.7558748556724915,30.0,30,12.948046632839022,0.3277748319205553,0.8201790149166203,24.0
succ_letter_i13,main,succ_letter,13,p,False,57,9,22,,57db980255223e1b,49,1.7558748556724915,40.0,40,11.450068031051314,0.4515776953741769,0.8290076373684487,24.0
succ_letter_i13,main,succ_letter,13,p,False,57,9,22,,57db980255223e1b,49,1.7558748556724915,,49,9.68240685026265,0.5291752994220845,0.8332960606070814,24.0
succ_letter_i14,main,succ_letter,14,f,False,3,12,22,,0dd584d91bae8c96,48,0.47712125471966244,10.0,10,7.980910559411692,0.161075465879065,0.8294867503274233,10.0
succ_letter_i14,main,succ_letter,14,f,False,3,12,22,,0dd584d91bae8c96,48,0.47712125471966244,20.0,20,12.801848842344812,0.2853132035879374,0.824086010159734,20.0
succ_letter_i14,main,succ_letter,14,f,False,3,12,22,,0dd584d91bae8c96,48,0.47712125471966244,30.0,30,13.920497720785473,0.40242508864329934,0.8160559161755935,24.0
succ_letter_i14,main,succ_letter,14,f,False,3,12,22,,0dd584d91bae8c96,48,0.47712125471966244,40.0,40,10.771808875087832,0.51031974546234,0.8277651008436339,24.0
succ_letter_i14,main,succ_letter,14,f,False,3,12,22,,0dd584d91bae8c96,48,0.47712125471966244,,48,9.158763519306634,0.5708199024899091,0.833446640646451,24.0
succ_letter_i15,main,succ_letter,15,x,False,33,10,22,,f6db2197ed44343b,51,1.5185139398778875,10.0,10,8.445083189400155,0.10576768473275582,0.8259820590217631,10.0
succ_letter_i15,main,succ_letter,15,x,False,33,10,22,,f6db2197ed44343b,51,1.5185139398778875,20.0,20,10.682959393516517,0.36137247086097407,0.8445447280026483,20.0
succ_letter_i15,main,succ_letter,15,x,False,33,10,22,,f6db2197ed44343b,51,1.5185139398778875,30.0,30,8.729500103741625,0.4905236067885511,0.8496726043423738,29.0
succ_letter_i15,main,succ_letter,15,x,False,33,10,22,,f6db2197ed44343b,51,1.5185139398778875,40.0,40,7.1601667893100975,0.5681129781094207,0.8453094479678402,29.0
succ_letter_i15,main,succ_letter,15,x,False,33,10,22,,f6db2197ed44343b,51,1.5185139398778875,,51,6.223240691330431,0.6180445175952624,0.8357274034181809,29.0
succ_letter_i16,main,succ_letter,16,k,False,2,8,22,,e50b7fbf76bb49bb,49,0.3010299956639812,10.0,10,8.189353290063703,0.14086469562051435,0.8224631716235972,10.0
succ_letter_i16,main,succ_letter,16,k,False,2,8,22,,e50b7fbf76bb49bb,49,0.3010299956639812,20.0,20,10.357097105029203,0.32850793489625146,0.8344611240785158,20.0
succ_letter_i16,main,succ_letter,16,k,False,2,8,22,,e50b7fbf76bb49bb,49,0.3010299956639812,30.0,30,10.706857217317378,0.43511981182617526,0.8366771779916604,27.0
succ_letter_i16,main,succ_letter,16,k,False,2,8,22,,e50b7fbf76bb49bb,49,0.3010299956639812,40.0,40,9.566353318264985,0.5330243905649884,0.8409856481053993,27.0
succ_letter_i16,main,succ_letter,16,k,False,2,8,22,,e50b7fbf76bb49bb,49,0.3010299956639812,,49,8.018057860480754,0.5892488014523897,0.8414848457382517,27.0
succ_letter_i17,main,succ_letter,17,h,False,4,8,22,,9f9f46a7904d87cf,48,0.6020599913279624,10.0,10,8.388641787701749,0.06214101034533716,0.8341127701831386,10.0
succ_letter_i17,main,succ_letter,17,h,False,4,8,22,,9f9f46a7904d87cf,48,0.6020599913279624,20.0,20,13.415170168786865,0.24011338354908843,0.8124595392921188,20.0
succ_letter_i17,main,succ_letter,17,h,False,4,8,22,,9f9f46a7904d87cf,48,0.6020599913279624,30.0,30,14.020716772789024,0.3806141653418847,0.8258110702206554,26.0
succ_letter_i17,main,succ_letter,17,h,False,4,8,22,,9f9f46a7904d87cf,48,0.6020599913279624,40.0,40,10.764594024464579,0.4897996944716671,0.8427390725646504,26.0
succ_letter_i17,main,succ_letter,17,h,False,4,8,22,,9f9f46a7904d87cf,48,0.6020599913279624,,48,8.274872666053882,0.5464847650337826,0.8493406804183639,26.0
succ_letter_i18,main,succ_letter,18,n,False,3,7,22,,3093208b95509573,48,0.47712125471966244,10.0,10,8.220779638514362,0.06645380800803505,0.8287944735098776,10.0
succ_letter_i18,main,succ_letter,18,n,False,3,7,22,,3093208b95509573,48,0.47712125471966244,20.0,20,12.734028702918318,0.2382015904930012,0.8331099930187762,20.0
succ_letter_i18,main,succ_letter,18,n,False,3,7,22,,3093208b95509573,48,0.47712125471966244,30.0,30,12.182343032037656,0.3850547781410112,0.8346392935726368,26.0
succ_letter_i18,main,succ_letter,18,n,False,3,7,22,,3093208b95509573,48,0.47712125471966244,40.0,40,9.818752042773216,0.4969617735743783,0.8371375539634643,26.0
succ_letter_i18,main,succ_letter,18,n,False,3,7,22,,3093208b95509573,48,0.47712125471966244,,48,8.53160617364416,0.5595242686515065,0.8374784872867217,26.0
succ_letter_i19,main,succ_letter,19,q,True,1,4,22,,c52113a27a446500,49,0.0,10.0,10,8.134881969544415,0.1554828876177203,0.8323284825357197,10.0
succ_letter_i19,main,succ_letter,19,q,True,1,4,22,,c52113a27a446500,49,0.0,20.0,20,13.217426921524291,0.26900283382287654,0.8221485254662135,20.0
succ_letter_i19,main,succ_letter,19,q,True,1,4,22,,c52113a27a446500,49,0.0,30.0,30,14.900856115465098,0.37857805490528035,0.8215626914565558,25.0
succ_letter_i19,main,succ_letter,19,q,True,1,4,22,,c52113a27a446500,49,0.0,40.0,40,13.472167629576273,0.4754910345085688,0.8279816660904916,25.0
succ_letter_i19,main,succ_letter,19,q,True,1,4,22,,c52113a27a446500,49,0.0,,49,11.507451709738422,0.5396924277548237,0.8307090335301763,25.0
succ_letter_i20,main,succ_letter,20,e,False,2,5,22,,70573219c279129e,49,0.3010299956639812,10.0,10,8.076815696995197,0.15684551092779786,0.8107085306558761,10.0
succ_letter_i20,main,succ_letter,20,e,False,2,5,22,,70573219c279129e,49,0.3010299956639812,20.0,20,11.97172432823065,0.3660762448991114,0.82726094006745,20.0
succ_letter_i20,main,succ_letter,20,e,False,2,5,22,,70573219c279129e,49,0.3010299956639812,30.0,30,10.913658048564242,0.49964126047997537,0.8407552856985308,27.0
succ_letter_i20,main,succ_letter,20,e,False,2,5,22,,70573219c279129e,49,0.3010299956639812,40.0,40,8.888379944656407,0.584201483131739,0.8450992868778141,27.0
succ_letter_i20,main,succ_letter,20,e,False,2,5,22,,70573219c279129e,49,0.3010299956639812,,49,7.796013642283626,0.6362451506730519,0.8476586311201738,27.0
succ_letter_i21,main,succ_letter,21,j,False,2,6,22,,48567a03a3a902c0,48,0.3010299956639812,10.0,10,8.200514529760799,0.09990292358594856,0.8204285813967633,10.0
succ_letter_i21,main,succ_letter,21,j,False,2,6,22,,48567a03a3a902c0,48,0.3010299956639812,20.0,20,12.513742715613105,0.1739898685986133,0.8153474559590013,20.0
succ_letter_i21,main,succ_letter,21,j,False,2,6,22,,48567a03a3a902c0,48,0.3010299956639812,30.0,30,13.59127251644558,0.2808275959564552,0.8162595154325202,24.0
succ_letter_i21,main,succ_letter,21,j,False,2,6,22,,48567a03a3a902c0,48,0.3010299956639812,40.0,40,12.677150903000278,0.4031480902722681,0.827357953000075,24.0
succ_letter_i21,main,succ_letter,21,j,False,2,6,22,,48567a03a3a902c0,48,0.3010299956639812,,48,11.142982258005587,0.4795522862703107,0.8327423561254242,24.0
succ_letter_i22,main,succ_letter,22,d,False,2,7,22,,4c9f67255083b0f9,48,0.3010299956639812,10.0,10,8.119471539161566,0.01864075051831991,0.8270455637692947,10.0
succ_letter_i22,main,succ_letter,22,d,False,2,7,22,,4c9f67255083b0f9,48,0.3010299956639812,20.0,20,12.25508968279917,0.18499060959530889,0.8316108951534171,20.0
succ_letter_i22,main,succ_letter,22,d,False,2,7,22,,4c9f67255083b0f9,48,0.3010299956639812,30.0,30,12.625368656153311,0.32012348914082556,0.8226191442424586,25.0
succ_letter_i22,main,succ_letter,22,d,False,2,7,22,,4c9f67255083b0f9,48,0.3010299956639812,40.0,40,12.055524217990053,0.4356820803105151,0.8260533172764251,25.0
succ_letter_i22,main,succ_letter,22,d,False,2,7,22,,4c9f67255083b0f9,48,0.3010299956639812,,48,10.114733117742771,0.5110588612265315,0.830487228692045,25.0
succ_letter_i23,main,succ_letter,23,d,False,2,9,22,,d3ae2600142ea930,49,0.3010299956639812,10.0,10,8.548204517182368,0.11110000606306131,0.8086255554380334,10.0
succ_letter_i23,main,succ_letter,23,d,False,2,9,22,,d3ae2600142ea930,49,0.3010299956639812,20.0,20,12.29230032339242,0.3144894962587848,0.831059623294241,20.0
succ_letter_i23,main,succ_letter,23,d,False,2,9,22,,d3ae2600142ea930,49,0.3010299956639812,30.0,30,11.160947514320101,0.44815035253157204,0.8305299092484483,26.0
succ_letter_i23,main,succ_letter,23,d,False,2,9,22,,d3ae2600142ea930,49,0.3010299956639812,40.0,40,9.012778302119496,0.5357570048746921,0.834365681467539,26.0
succ_letter_i23,main,succ_letter,23,d,False,2,9,22,,d3ae2600142ea930,49,0.3010299956639812,,49,7.77324238554741,0.5931321620072577,0.8368630794921045,26.0
caesar1_letter_i00,main,caesar1_letter,0,n,False,5,4,26,,e1e9512f1949ea9d,50,0.6989700043360189,10.0,10,8.12644939495524,0.10646398445262686,0.8528224678515159,10.0
caesar1_letter_i00,main,caesar1_letter,0,n,False,5,4,26,,e1e9512f1949ea9d,50,0.6989700043360189,20.0,20,13.220295119559756,0.1373218752227173,0.8509302141274379,20.0
caesar1_letter_i00,main,caesar1_letter,0,n,False,5,4,26,,e1e9512f1949ea9d,50,0.6989700043360189,30.0,30,13.772606151491727,0.2508132974374224,0.8494672841083094,29.0
caesar1_letter_i00,main,caesar1_letter,0,n,False,5,4,26,,e1e9512f1949ea9d,50,0.6989700043360189,40.0,40,13.811567210150823,0.35177046970909204,0.8395718271987134,29.0
caesar1_letter_i00,main,caesar1_letter,0,n,False,5,4,26,,e1e9512f1949ea9d,50,0.6989700043360189,,50,13.810183002337173,0.42038992517533347,0.832768166692997,29.0
caesar1_letter_i01,main,caesar1_letter,1,n,False,4,4,26,,2f2a0bf031f6bed1,49,0.6020599913279624,10.0,10,8.25581085418208,0.09268216946164107,0.8550827085804213,10.0
caesar1_letter_i01,main,caesar1_letter,1,n,False,4,4,26,,2f2a0bf031f6bed1,49,0.6020599913279624,20.0,20,13.396191986659879,0.0862334715075105,0.8525581074456183,20.0
caesar1_letter_i01,main,caesar1_letter,1,n,False,4,4,26,,2f2a0bf031f6bed1,49,0.6020599913279624,30.0,30,14.957833238255878,0.19960903959037787,0.8468824797545194,28.0
caesar1_letter_i01,main,caesar1_letter,1,n,False,4,4,26,,2f2a0bf031f6bed1,49,0.6020599913279624,40.0,40,13.833544930402404,0.31094234926904596,0.8398563558130473,28.0
caesar1_letter_i01,main,caesar1_letter,1,n,False,4,4,26,,2f2a0bf031f6bed1,49,0.6020599913279624,,49,11.894156427660494,0.3817122451879625,0.837788638485215,28.0
caesar1_letter_i02,main,caesar1_letter,2,g,False,3,4,26,,1ef964cf09c1110f,50,0.47712125471966244,10.0,10,8.284656655933818,0.10919008281935527,0.8364206726874027,10.0
caesar1_letter_i02,main,caesar1_letter,2,g,False,3,4,26,,1ef964cf09c1110f,50,0.47712125471966244,20.0,20,13.426551958812526,0.1341581817112919,0.8506623804267825,20.0
caesar1_letter_i02,main,caesar1_letter,2,g,False,3,4,26,,1ef964cf09c1110f,50,0.47712125471966244,30.0,30,14.906275240694532,0.1874950723490716,0.8459655519080655,28.0
caesar1_letter_i02,main,caesar1_letter,2,g,False,3,4,26,,1ef964cf09c1110f,50,0.47712125471966244,40.0,40,15.48395964539307,0.2927565360922616,0.8396013734112736,28.0
caesar1_letter_i02,main,caesar1_letter,2,g,False,3,4,26,,1ef964cf09c1110f,50,0.47712125471966244,,50,12.672675143026048,0.381255782486689,0.8383979975292506,28.0
caesar1_letter_i03,main,caesar1_letter,3,j,False,5,12,26,,66233d38e332202f,49,0.6989700043360189,10.0,10,8.132920732625779,0.11932013142236407,0.8354926617981463,10.0
caesar1_letter_i03,main,caesar1_letter,3,j,False,5,12,26,,66233d38e332202f,49,0.6989700043360189,20.0,20,12.514282135855954,0.1442527218678352,0.8464551453771126,20.0
caesar1_letter_i03,main,caesar1_letter,3,j,False,5,12,26,,66233d38e332202f,49,0.6989700043360189,30.0,30,14.078473191560937,0.2668781546476866,0.8378982465189053,27.0
caesar1_letter_i03,main,caesar1_letter,3,j,False,5,12,26,,66233d38e332202f,49,0.6989700043360189,40.0,40,15.96662032803777,0.3587103953652018,0.8333280789021221,27.0
caesar1_letter_i03,main,caesar1_letter,3,j,False,5,12,26,,66233d38e332202f,49,0.6989700043360189,,49,15.442745807610612,0.42780066555629603,0.8339174272258738,27.0
caesar1_letter_i04,main,caesar1_letter,4,b,True,1,10,26,,1ca68413614677d8,51,0.0,10.0,10,7.727940277555927,0.1849797285486408,0.8381967585404801,10.0
caesar1_letter_i04,main,caesar1_letter,4,b,True,1,10,26,,1ca68413614677d8,51,0.0,20.0,20,12.95279483149266,0.3020183418210265,0.8398822519166662,20.0
caesar1_letter_i04,main,caesar1_letter,4,b,True,1,10,26,,1ca68413614677d8,51,0.0,30.0,30,13.49099902860886,0.3641620005015737,0.8413528863120423,27.0
caesar1_letter_i04,main,caesar1_letter,4,b,True,1,10,26,,1ca68413614677d8,51,0.0,40.0,40,13.423284282259207,0.4768676678817103,0.8430667870434383,27.0
caesar1_letter_i04,main,caesar1_letter,4,b,True,1,10,26,,1ca68413614677d8,51,0.0,,51,10.212515896348746,0.5680754724522968,0.847073669245764,27.0
caesar1_letter_i05,main,caesar1_letter,5,t,False,4,8,26,,8c669d4d1aca1502,49,0.6020599913279624,10.0,10,8.747581702505967,0.032302909650672305,0.8523489833264024,10.0
caesar1_letter_i05,main,caesar1_letter,5,t,False,4,8,26,,8c669d4d1aca1502,49,0.6020599913279624,20.0,20,13.822962582463244,0.08686266905853011,0.8479033046971161,20.0
caesar1_letter_i05,main,caesar1_letter,5,t,False,4,8,26,,8c669d4d1aca1502,49,0.6020599913279624,30.0,30,13.856725469332883,0.22394779231478254,0.845723538652936,28.0
caesar1_letter_i05,main,caesar1_letter,5,t,False,4,8,26,,8c669d4d1aca1502,49,0.6020599913279624,40.0,40,13.182414325286613,0.3336951780170314,0.8413840531503196,28.0
caesar1_letter_i05,main,caesar1_letter,5,t,False,4,8,26,,8c669d4d1aca1502,49,0.6020599913279624,,49,12.034723120868586,0.4071607814473294,0.8392735336315881,28.0
caesar1_letter_i06,main,caesar1_letter,6,o,False,10,11,26,,299ed273b4a76b5b,50,1.0,10.0,10,8.070773756946798,0.13316350463614493,0.8474318024539581,10.0
caesar1_letter_i06,main,caesar1_letter,6,o,False,10,11,26,,299ed273b4a76b5b,50,1.0,20.0,20,12.236242085432442,0.1689101287255353,0.8530264623875091,20.0
caesar1_letter_i06,main,caesar1_letter,6,o,False,10,11,26,,299ed273b4a76b5b,50,1.0,30.0,30,14.374605120040709,0.2519984158204673,0.8438562108040868,27.0
caesar1_letter_i06,main,caesar1_letter,6,o,False,10,11,26,,299ed273b4a76b5b,50,1.0,40.0,40,14.492922523626365,0.3699211082489195,0.8407510371322008,27.0
caesar1_letter_i06,main,caesar1_letter,6,o,False,10,11,26,,299ed273b4a76b5b,50,1.0,,50,12.343033014694443,0.4579179330902775,0.8408280472893866,27.0
caesar1_letter_i07,main,caesar1_letter,7,e,False,4,16,26,,fbb0a774e118c9b7,50,0.6020599913279624,10.0,10,8.411715815424666,0.14945303610688018,0.8416373284515397,10.0
caesar1_letter_i07,main,caesar1_letter,7,e,False,4,16,26,,fbb0a774e118c9b7,50,0.6020599913279624,20.0,20,14.247774674732925,0.21099163391246342,0.839930340951514,20.0
caesar1_letter_i07,main,caesar1_letter,7,e,False,4,16,26,,fbb0a774e118c9b7,50,0.6020599913279624,30.0,30,16.46741187446797,0.28956854777704344,0.8426523495758306,27.0
caesar1_letter_i07,main,caesar1_letter,7,e,False,4,16,26,,fbb0a774e118c9b7,50,0.6020599913279624,40.0,40,17.18222014566428,0.39485442283676925,0.8446053890336149,27.0
caesar1_letter_i07,main,caesar1_letter,7,e,False,4,16,26,,fbb0a774e118c9b7,50,0.6020599913279624,,50,13.493197452501395,0.4912642896451359,0.8463607697939782,27.0
caesar1_letter_i08,main,caesar1_letter,8,w,False,9,4,26,,349150353d8de355,50,0.9542425094393249,10.0,10,8.205729677196837,0.1659291451238557,0.8505702450587522,10.0
caesar1_letter_i08,main,caesar1_letter,8,w,False,9,4,26,,349150353d8de355,50,0.9542425094393249,20.0,20,10.636414938504107,0.19581848328057602,0.8648535696366879,20.0
caesar1_letter_i08,main,caesar1_letter,8,w,False,9,4,26,,349150353d8de355,50,0.9542425094393249,30.0,30,11.888458629355593,0.2743374132507361,0.8590517088068699,30.0
caesar1_letter_i08,main,caesar1_letter,8,w,False,9,4,26,,349150353d8de355,50,0.9542425094393249,40.0,40,12.017300128343653,0.35698841886396326,0.8506216667029542,30.0
caesar1_letter_i08,main,caesar1_letter,8,w,False,9,4,26,,349150353d8de355,50,0.9542425094393249,,50,11.511780277073957,0.4014720702248907,0.8477286937634235,30.0
caesar1_letter_i09,main,caesar1_letter,9,g,False,4,13,26,,9f299c9345f6fbed,50,0.6020599913279624,10.0,10,8.032117187184365,0.17903971210318204,0.8426558004480622,10.0
caesar1_letter_i09,main,caesar1_letter,9,g,False,4,13,26,,9f299c9345f6fbed,50,0.6020599913279624,20.0,20,11.752268401024882,0.21010707758846245,0.8561118234162415,20.0
caesar1_letter_i09,main,caesar1_letter,9,g,False,4,13,26,,9f299c9345f6fbed,50,0.6020599913279624,30.0,30,12.486975726381072,0.27886018022971315,0.8544782514534963,29.0
caesar1_letter_i09,main,caesar1_letter,9,g,False,4,13,26,,9f299c9345f6fbed,50,0.6020599913279624,40.0,40,14.051796665954827,0.3636182763873584,0.8425475139950186,29.0
caesar1_letter_i09,main,caesar1_letter,9,g,False,4,13,26,,9f299c9345f6fbed,50,0.6020599913279624,,50,13.808151801358948,0.4418551271961675,0.8368048398478319,29.0
caesar1_letter_i10,main,caesar1_letter,10,u,False,8,4,26,,58023906a845acfa,47,0.9030899869919435,10.0,10,8.150009565206302,0.15375146245606197,0.8424217195159981,10.0
caesar1_letter_i10,main,caesar1_letter,10,u,False,8,4,26,,58023906a845acfa,47,0.9030899869919435,20.0,20,12.749805467618632,0.25133002381930525,0.8474474146633134,20.0
caesar1_letter_i10,main,caesar1_letter,10,u,False,8,4,26,,58023906a845acfa,47,0.9030899869919435,30.0,30,10.333606274550469,0.3949843542342214,0.857390106468184,29.0
caesar1_letter_i10,main,caesar1_letter,10,u,False,8,4,26,,58023906a845acfa,47,0.9030899869919435,40.0,40,10.220584104827347,0.4833278983068418,0.8481336040522819,29.0
caesar1_letter_i10,main,caesar1_letter,10,u,False,8,4,26,,58023906a845acfa,47,0.9030899869919435,,47,9.756069644147146,0.5268811094751736,0.843372969918556,29.0
caesar1_letter_i11,main,caesar1_letter,11,s,False,24,8,26,,9fc7728d4d647ac8,48,1.380211241711606,10.0,10,8.05513855855124,0.10882397996946386,0.8445836202071336,10.0
caesar1_letter_i11,main,caesar1_letter,11,s,False,24,8,26,,9fc7728d4d647ac8,48,1.380211241711606,20.0,20,11.84860436414464,0.11798652529226046,0.8485829010507011,20.0
caesar1_letter_i11,main,caesar1_letter,11,s,False,24,8,26,,9fc7728d4d647ac8,48,1.380211241711606,30.0,30,12.302539909327324,0.2005657838763357,0.8497647155762625,29.0
caesar1_letter_i11,main,caesar1_letter,11,s,False,24,8,26,,9fc7728d4d647ac8,48,1.380211241711606,40.0,40,11.972093587338101,0.33113340611460895,0.8470706589008834,29.0
caesar1_letter_i11,main,caesar1_letter,11,s,False,24,8,26,,9fc7728d4d647ac8,48,1.380211241711606,,48,11.678199780548498,0.4163817734747497,0.8435830017131518,29.0
caesar1_letter_i12,main,caesar1_letter,12,n,False,3,4,26,,d1a6a997d80e634c,49,0.47712125471966244,10.0,10,8.682442850143403,0.11302474454019312,0.8466631060701438,10.0
caesar1_letter_i12,main,caesar1_letter,12,n,False,3,4,26,,d1a6a997d80e634c,49,0.47712125471966244,20.0,20,13.174840025772504,0.1148629655023054,0.8676621077406322,20.0
caesar1_letter_i12,main,caesar1_letter,12,n,False,3,4,26,,d1a6a997d80e634c,49,0.47712125471966244,30.0,30,11.848985768820842,0.2529935288471669,0.8633111287813554,30.0
caesar1_letter_i12,main,caesar1_letter,12,n,False,3,4,26,,d1a6a997d80e634c,49,0.47712125471966244,40.0,40,10.403787532644884,0.37393838897826426,0.8502893035286865,30.0
caesar1_letter_i12,main,caesar1_letter,12,n,False,3,4,26,,d1a6a997d80e634c,49,0.47712125471966244,,49,11.119490365978175,0.444797902344688,0.8408105467629549,30.0
caesar1_letter_i13,main,caesar1_letter,13,o,False,16,11,26,,bfc27eb79dabc8a9,50,1.2041199826559248,10.0,10,8.562111078154858,0.11151394707709615,0.8417918787088245,10.0
caesar1_letter_i13,main,caesar1_letter,13,o,False,16,11,26,,bfc27eb79dabc8a9,50,1.2041199826559248,20.0,20,12.909265976056114,0.12959775780759833,0.8606791852917175,20.0
caesar1_letter_i13,main,caesar1_letter,13,o,False,16,11,26,,bfc27eb79dabc8a9,50,1.2041199826559248,30.0,30,14.54779652638845,0.23742426118325655,0.8484159958720066,28.0
caesar1_letter_i13,main,caesar1_letter,13,o,False,16,11,26,,bfc27eb79dabc8a9,50,1.2041199826559248,40.0,40,15.090640289273015,0.3504838349251779,0.8410208890205269,28.0
caesar1_letter_i13,main,caesar1_letter,13,o,False,16,11,26,,bfc27eb79dabc8a9,50,1.2041199826559248,,50,12.156534162361034,0.4327524293725067,0.8406682431319369,28.0
caesar1_letter_i14,main,caesar1_letter,14,q,False,3,4,26,,f9f33cd28b5a2173,50,0.47712125471966244,10.0,10,7.987441073278897,0.16645913980410254,0.8473026586001492,10.0
caesar1_letter_i14,main,caesar1_letter,14,q,False,3,4,26,,f9f33cd28b5a2173,50,0.47712125471966244,20.0,20,11.794223623483365,0.18829171743767859,0.857605044861958,20.0
caesar1_letter_i14,main,caesar1_letter,14,q,False,3,4,26,,f9f33cd28b5a2173,50,0.47712125471966244,30.0,30,11.82956165746064,0.2656231108280388,0.8606355105388654,30.0
caesar1_letter_i14,main,caesar1_letter,14,q,False,3,4,26,,f9f33cd28b5a2173,50,0.47712125471966244,40.0,40,12.346104389112526,0.3492442599185148,0.8513149870141231,30.0
caesar1_letter_i14,main,caesar1_letter,14,q,False,3,4,26,,f9f33cd28b5a2173,50,0.47712125471966244,,50,10.069200432148778,0.42031775914634384,0.8482358697997928,30.0
caesar1_letter_i15,main,caesar1_letter,15,m,False,6,9,26,,ebaaa47749abb35d,49,0.7781512503836436,10.0,10,8.176373722710156,0.1774079521727058,0.8285480357181161,10.0
caesar1_letter_i15,main,caesar1_letter,15,m,False,6,9,26,,ebaaa47749abb35d,49,0.7781512503836436,20.0,20,12.920288485789063,0.2651631972324169,0.842201852968977,20.0
caesar1_letter_i15,main,caesar1_letter,15,m,False,6,9,26,,ebaaa47749abb35d,49,0.7781512503836436,30.0,30,15.034360580108398,0.31485229117893065,0.8386153515251117,26.0
caesar1_letter_i15,main,caesar1_letter,15,m,False,6,9,26,,ebaaa47749abb35d,49,0.7781512503836436,40.0,40,13.826776908048014,0.43681467334660556,0.8461600821000809,26.0
caesar1_letter_i15,main,caesar1_letter,15,m,False,6,9,26,,ebaaa47749abb35d,49,0.7781512503836436,,49,9.607857802479861,0.5368410330173522,0.8601689703181988,26.0
caesar1_letter_i16,main,caesar1_letter,16,f,False,4,4,26,,5ddab6caba442e86,50,0.6020599913279624,10.0,10,8.073826084727328,0.14157952930357254,0.8438420031079528,10.0
caesar1_letter_i16,main,caesar1_letter,16,f,False,4,4,26,,5ddab6caba442e86,50,0.6020599913279624,20.0,20,13.184578359782016,0.26779937665926284,0.8511524896573304,20.0
caesar1_letter_i16,main,caesar1_letter,16,f,False,4,4,26,,5ddab6caba442e86,50,0.6020599913279624,30.0,30,13.768316068929288,0.3819479172434322,0.84230284199716,27.0
caesar1_letter_i16,main,caesar1_letter,16,f,False,4,4,26,,5ddab6caba442e86,50,0.6020599913279624,40.0,40,11.249442108459357,0.4847083274331615,0.8418077772132219,27.0
caesar1_letter_i16,main,caesar1_letter,16,f,False,4,4,26,,5ddab6caba442e86,50,0.6020599913279624,,50,9.317372908140086,0.5486460526908931,0.8416204105912903,27.0
caesar1_letter_i17,main,caesar1_letter,17,s,False,19,8,26,,6b26b898d72d071b,49,1.2787536009528289,10.0,10,7.952735271028087,0.18410501566499568,0.846363995419482,10.0
caesar1_letter_i17,main,caesar1_letter,17,s,False,19,8,26,,6b26b898d72d071b,49,1.2787536009528289,20.0,20,13.91152046634471,0.22371924686976305,0.8501114449007211,20.0
caesar1_letter_i17,main,caesar1_letter,17,s,False,19,8,26,,6b26b898d72d071b,49,1.2787536009528289,30.0,30,10.932924778142123,0.3689947031902151,0.8583941737820102,30.0
caesar1_letter_i17,main,caesar1_letter,17,s,False,19,8,26,,6b26b898d72d071b,49,1.2787536009528289,40.0,40,7.972921036114047,0.47395437758388564,0.8560133968256308,30.0
caesar1_letter_i17,main,caesar1_letter,17,s,False,19,8,26,,6b26b898d72d071b,49,1.2787536009528289,,49,6.229903649212527,0.5357395461402198,0.853914535499735,30.0
caesar1_letter_i18,main,caesar1_letter,18,c,False,7,14,26,,54bcf836b8972e91,47,0.8450980400142568,10.0,10,8.380892661849442,0.16012740181212118,0.8388539409016648,10.0
caesar1_letter_i18,main,caesar1_letter,18,c,False,7,14,26,,54bcf836b8972e91,47,0.8450980400142568,20.0,20,14.497733049857521,0.25401624801863976,0.8551419867979044,20.0
caesar1_letter_i18,main,caesar1_letter,18,c,False,7,14,26,,54bcf836b8972e91,47,0.8450980400142568,30.0,30,12.262535776911834,0.36563078610703426,0.8570633872629628,29.0
caesar1_letter_i18,main,caesar1_letter,18,c,False,7,14,26,,54bcf836b8972e91,47,0.8450980400142568,40.0,40,11.778517823317321,0.45365276413179006,0.8458883223414928,29.0
caesar1_letter_i18,main,caesar1_letter,18,c,False,7,14,26,,54bcf836b8972e91,47,0.8450980400142568,,47,12.442107724166549,0.5005286599013844,0.8389762735101014,29.0
caesar1_letter_i19,main,caesar1_letter,19,o,False,13,11,26,,99a2dccf78db1ea1,49,1.1139433523068367,10.0,10,8.075904581411868,0.1624404337404664,0.8426574893341062,10.0
caesar1_letter_i19,main,caesar1_letter,19,o,False,13,11,26,,99a2dccf78db1ea1,49,1.1139433523068367,20.0,20,13.735743262922075,0.13685366247733383,0.8559782478293138,20.0
caesar1_letter_i19,main,caesar1_letter,19,o,False,13,11,26,,99a2dccf78db1ea1,49,1.1139433523068367,30.0,30,13.503346369933704,0.24451230907155502,0.8572098313731704,30.0
caesar1_letter_i19,main,caesar1_letter,19,o,False,13,11,26,,99a2dccf78db1ea1,49,1.1139433523068367,40.0,40,11.733222502825077,0.3639419234955266,0.848920772537574,30.0
caesar1_letter_i19,main,caesar1_letter,19,o,False,13,11,26,,99a2dccf78db1ea1,49,1.1139433523068367,,49,11.830044157315015,0.44879953172372056,0.8418879755010608,30.0
caesar1_letter_i20,main,caesar1_letter,20,i,False,23,8,26,,acd982b551909e47,49,1.3617278360175928,10.0,10,8.607379937431292,0.13129398856828908,0.8435254301996569,10.0
caesar1_letter_i20,main,caesar1_letter,20,i,False,23,8,26,,acd982b551909e47,49,1.3617278360175928,20.0,20,12.288177582074814,0.18676826985952155,0.8563893387210526,20.0
caesar1_letter_i20,main,caesar1_letter,20,i,False,23,8,26,,acd982b551909e47,49,1.3617278360175928,30.0,30,12.860684715725196,0.23195395949783654,0.8481788006069693,28.0
caesar1_letter_i20,main,caesar1_letter,20,i,False,23,8,26,,acd982b551909e47,49,1.3617278360175928,40.0,40,13.809965722163877,0.31182637796960716,0.8439185297423075,28.0
caesar1_letter_i20,main,caesar1_letter,20,i,False,23,8,26,,acd982b551909e47,49,1.3617278360175928,,49,13.004943840876487,0.38111861564527755,0.8434218446575463,28.0
caesar1_letter_i21,main,caesar1_letter,21,b,True,1,10,26,,a4b0c2cee5bde1a0,50,0.0,10.0,10,8.034101566057256,0.17503894841424072,0.8280319149189692,10.0
caesar1_letter_i21,main,caesar1_letter,21,b,True,1,10,26,,a4b0c2cee5bde1a0,50,0.0,20.0,20,14.261524352729989,0.21325956533120946,0.8453484810089584,20.0
caesar1_letter_i21,main,caesar1_letter,21,b,True,1,10,26,,a4b0c2cee5bde1a0,50,0.0,30.0,30,16.053846488426313,0.29634584979653067,0.8381808603573572,27.0
caesar1_letter_i21,main,caesar1_letter,21,b,True,1,10,26,,a4b0c2cee5bde1a0,50,0.0,40.0,40,15.051977048889793,0.3902649351995724,0.8400854374795749,27.0
caesar1_letter_i21,main,caesar1_letter,21,b,True,1,10,26,,a4b0c2cee5bde1a0,50,0.0,,50,12.636552532197454,0.45609717057356935,0.840932109328679,27.0
caesar1_letter_i22,main,caesar1_letter,22,f,False,3,4,26,,1e6ec30c1dfd4ef1,49,0.47712125471966244,10.0,10,8.113482035435647,0.13634455395921444,0.8415055390887238,10.0
caesar1_letter_i22,main,caesar1_letter,22,f,False,3,4,26,,1e6ec30c1dfd4ef1,49,0.47712125471966244,20.0,20,13.326108995422155,0.21270671500572755,0.8444890702623272,20.0
caesar1_letter_i22,main,caesar1_letter,22,f,False,3,4,26,,1e6ec30c1dfd4ef1,49,0.47712125471966244,30.0,30,13.560637891533291,0.295877473296091,0.8441648305043602,27.0
caesar1_letter_i22,main,caesar1_letter,22,f,False,3,4,26,,1e6ec30c1dfd4ef1,49,0.47712125471966244,40.0,40,11.548761417321218,0.40381224647254865,0.8382750841421343,27.0
caesar1_letter_i22,main,caesar1_letter,22,f,False,3,4,26,,1e6ec30c1dfd4ef1,49,0.47712125471966244,,49,10.631385895500788,0.4688461206001,0.834456025338357,27.0
caesar1_letter_i23,main,caesar1_letter,23,p,False,64,4,26,,9e224dfbd95b582b,49,1.806179973983887,10.0,10,8.121978959373758,0.08552766514802888,0.8642900808732836,10.0
caesar1_letter_i23,main,caesar1_letter,23,p,False,64,4,26,,9e224dfbd95b582b,49,1.806179973983887,20.0,20,11.680667679369401,0.15169909099832812,0.8570493692478014,20.0
caesar1_letter_i23,main,caesar1_letter,23,p,False,64,4,26,,9e224dfbd95b582b,49,1.806179973983887,30.0,30,11.98929989823509,0.18733561842223076,0.8409878917335288,27.0
caesar1_letter_i23,main,caesar1_letter,23,p,False,64,4,26,,9e224dfbd95b582b,49,1.806179973983887,40.0,40,11.967688295279322,0.300079529435372,0.8431058178282789,27.0
caesar1_letter_i23,main,caesar1_letter,23,p,False,64,4,26,,9e224dfbd95b582b,49,1.806179973983887,,49,9.501653619593752,0.41790349869227833,0.8516134828759472,27.0
caesar1_word_i00,main,caesar1_word,0,gcns,False,2331,21,30,,995aeb19e4894934,47,3.3675422735205767,10.0,10,8.632694737760792,0.14288239606812875,0.831362944221353,10.0
caesar1_word_i00,main,caesar1_word,0,gcns,False,2331,21,30,,995aeb19e4894934,47,3.3675422735205767,20.0,20,14.147734394429929,0.14253033174406815,0.8403047022292672,20.0
caesar1_word_i00,main,caesar1_word,0,gcns,False,2331,21,30,,995aeb19e4894934,47,3.3675422735205767,30.0,30,11.087040779483884,0.06287700360956934,0.8543161633875204,30.0
caesar1_word_i00,main,caesar1_word,0,gcns,False,2331,21,30,,995aeb19e4894934,47,3.3675422735205767,40.0,40,7.5731097879947225,-0.010198313494819285,0.864954202339719,30.0
caesar1_word_i00,main,caesar1_word,0,gcns,False,2331,21,30,,995aeb19e4894934,47,3.3675422735205767,,47,6.321992456789983,-0.04908405713784858,0.8713856117696341,30.0
caesar1_word_i01,main,caesar1_word,1,iekb,False,388,4,31,,8f02ae21b5ff7a98,48,2.5888317255942073,10.0,10,8.438209048558459,0.16378239411921136,0.8417017324576133,10.0
caesar1_word_i01,main,caesar1_word,1,iekb,False,388,4,31,,8f02ae21b5ff7a98,48,2.5888317255942073,20.0,20,14.30864510620911,0.15231880828637145,0.8526019575824364,20.0
caesar1_word_i01,main,caesar1_word,1,iekb,False,388,4,31,,8f02ae21b5ff7a98,48,2.5888317255942073,30.0,30,12.732187914410527,0.10074281859101103,0.8542258093906825,30.0
caesar1_word_i01,main,caesar1_word,1,iekb,False,388,4,31,,8f02ae21b5ff7a98,48,2.5888317255942073,40.0,40,10.693084141844388,0.08774970870058944,0.859327657143768,30.0
caesar1_word_i01,main,caesar1_word,1,iekb,False,388,4,31,,8f02ae21b5ff7a98,48,2.5888317255942073,,48,9.74893838704151,0.058784763883768305,0.8637683990743419,30.0
caesar1_word_i02,main,caesar1_word,2,rhod,False,723,20,30,,ccf24eaf395e8b6b,47,2.859138297294531,10.0,10,8.495501884146883,0.20034419009061483,0.8252213237928729,10.0
caesar1_word_i02,main,caesar1_word,2,rhod,False,723,20,30,,ccf24eaf395e8b6b,47,2.859138297294531,20.0,20,14.254496544491502,0.29649382871148056,0.8380469596495732,20.0
caesar1_word_i02,main,caesar1_word,2,rhod,False,723,20,30,,ccf24eaf395e8b6b,47,2.859138297294531,30.0,30,15.765404568266018,0.2875656383953555,0.8420338809375905,27.0
caesar1_word_i02,main,caesar1_word,2,rhod,False,723,20,30,,ccf24eaf395e8b6b,47,2.859138297294531,40.0,40,13.490120351615937,0.22415456439636033,0.84678265279401,27.0
caesar1_word_i02,main,caesar1_word,2,rhod,False,723,20,30,,ccf24eaf395e8b6b,47,2.859138297294531,,47,11.870560763823448,0.18695950452727522,0.8524720950052801,27.0
caesar1_word_i03,main,caesar1_word,3,vfar,False,8,15,31,,b174934a7bad443b,47,0.9030899869919435,10.0,10,8.812101301505368,0.14669256911654943,0.8361170677494746,10.0
caesar1_word_i03,main,caesar1_word,3,vfar,False,8,15,31,,b174934a7bad443b,47,0.9030899869919435,20.0,20,13.258291474012411,0.2854815476165607,0.8546235515684892,20.0
caesar1_word_i03,main,caesar1_word,3,vfar,False,8,15,31,,b174934a7bad443b,47,0.9030899869919435,30.0,30,12.99150797151816,0.35816029576170627,0.8485407066581183,28.0
caesar1_word_i03,main,caesar1_word,3,vfar,False,8,15,31,,b174934a7bad443b,47,0.9030899869919435,40.0,40,13.1416312537472,0.3761607239615577,0.8494927815342742,28.0
caesar1_word_i03,main,caesar1_word,3,vfar,False,8,15,31,,b174934a7bad443b,47,0.9030899869919435,,47,11.496184039178118,0.38096674948468706,0.8559049850543365,28.0
caesar1_word_i04,main,caesar1_word,4,chkn,False,124,27,30,,2f63458796e1c6ad,45,2.093421685162235,10.0,10,8.725217613275687,0.1630062247597085,0.82495998485546,10.0
caesar1_word_i04,main,caesar1_word,4,chkn,False,124,27,30,,2f63458796e1c6ad,45,2.093421685162235,20.0,20,14.890489653506146,0.24699132085389744,0.8355680016801277,20.0
caesar1_word_i04,main,caesar1_word,4,chkn,False,124,27,30,,2f63458796e1c6ad,45,2.093421685162235,30.0,30,16.779208255461473,0.2253065957413106,0.8367080830988608,26.0
caesar1_word_i04,main,caesar1_word,4,chkn,False,124,27,30,,2f63458796e1c6ad,45,2.093421685162235,40.0,40,15.319972384034132,0.1663573740413308,0.8366052265943136,26.0
caesar1_word_i04,main,caesar1_word,4,chkn,False,124,27,30,,2f63458796e1c6ad,45,2.093421685162235,,45,14.850120456665415,0.12766884495325137,0.8395451143644097,26.0
caesar1_word_i05,main,caesar1_word,5,rtvj,False,616,13,30,,23de4f4b9841a41a,46,2.7895807121644256,10.0,10,8.648530666722534,0.175951511764568,0.8340169431404503,10.0
caesar1_word_i05,main,caesar1_word,5,rtvj,False,616,13,30,,23de4f4b9841a41a,46,2.7895807121644256,20.0,20,14.172770135208186,0.20366357805330593,0.8446389966148629,20.0
caesar1_word_i05,main,caesar1_word,5,rtvj,False,616,13,30,,23de4f4b9841a41a,46,2.7895807121644256,30.0,30,17.41848983522105,0.2697688416080192,0.8471327602376144,28.0
caesar1_word_i05,main,caesar1_word,5,rtvj,False,616,13,30,,23de4f4b9841a41a,46,2.7895807121644256,40.0,40,18.467889907620233,0.29546432290580543,0.8417559920437653,28.0
caesar1_word_i05,main,caesar1_word,5,rtvj,False,616,13,30,,23de4f4b9841a41a,46,2.7895807121644256,,46,18.026609619080215,0.26619468860873735,0.842778427486316,28.0
caesar1_word_i06,main,caesar1_word,6,latw,False,1696,16,31,,37ce5d3e6c2e07bd,47,3.229425847920695,10.0,10,9.041514159642507,0.09864373419135024,0.8479392314653321,10.0
caesar1_word_i06,main,caesar1_word,6,latw,False,1696,16,31,,37ce5d3e6c2e07bd,47,3.229425847920695,20.0,20,14.855477446213634,0.1629757025181473,0.8482849350681338,20.0
caesar1_word_i06,main,caesar1_word,6,latw,False,1696,16,31,,37ce5d3e6c2e07bd,47,3.229425847920695,30.0,30,14.848841934888094,0.14215472776478807,0.8520553576314581,29.0
caesar1_word_i06,main,caesar1_word,6,latw,False,1696,16,31,,37ce5d3e6c2e07bd,47,3.229425847920695,40.0,40,10.058615244523027,0.046985357190756284,0.8604023480885238,29.0
caesar1_word_i06,main,caesar1_word,6,latw,False,1696,16,31,,37ce5d3e6c2e07bd,47,3.229425847920695,,47,8.251123490650498,-0.008597311511691975,0.8669420775224105,29.0
caesar1_word_i07,main,caesar1_word,7,ionj,False,4549,6,31,,b5ca05bd02ed7932,48,3.657915936829955,10.0,10,8.923379148788662,0.10869696211347099,0.8403977295402056,10.0
caesar1_word_i07,main,caesar1_word,7,ionj,False,4549,6,31,,b5ca05bd02ed7932,48,3.657915936829955,20.0,20,14.186027062921788,0.18283668181136414,0.8513481023737658,20.0
caesar1_word_i07,main,caesar1_word,7,ionj,False,4549,6,31,,b5ca05bd02ed7932,48,3.657915936829955,30.0,30,15.917727142028484,0.1895557866972889,0.8473115021929718,28.0
caesar1_word_i07,main,caesar1_word,7,ionj,False,4549,6,31,,b5ca05bd02ed7932,48,3.657915936829955,40.0,40,13.1999141313591,0.14018795617405572,0.8514842882443642,28.0
caesar1_word_i07,main,caesar1_word,7,ionj,False,4549,6,31,,b5ca05bd02ed7932,48,3.657915936829955,,48,11.227352615203106,0.09193547512011183,0.8566017365448501,28.0
caesar1_word_i08,main,caesar1_word,8,fxmq,False,430,4,31,,fa42485398527206,47,2.6334684555795866,10.0,10,8.153129924506025,0.22882352819552715,0.8367472852965332,10.0
caesar1_word_i08,main,caesar1_word,8,fxmq,False,430,4,31,,fa42485398527206,47,2.6334684555795866,20.0,20,13.908412417299573,0.3414596773646579,0.8421994511639708,20.0
caesar1_word_i08,main,caesar1_word,8,fxmq,False,430,4,31,,fa42485398527206,47,2.6334684555795866,30.0,30,16.013475980668716,0.3779222253358134,0.8444855312328103,27.0
caesar1_word_i08,main,caesar1_word,8,fxmq,False,430,4,31,,fa42485398527206,47,2.6334684555795866,40.0,40,15.696709004945166,0.36289049889134734,0.8530155958488899,27.0
caesar1_word_i08,main,caesar1_word,8,fxmq,False,430,4,31,,fa42485398527206,47,2.6334684555795866,,47,13.856922060464909,0.3380179175937777,0.8606060819591149,27.0
caesar1_word_i09,main,caesar1_word,9,rgrt,False,1091,12,30,,aaa06b5e3fb3f2ee,47,3.037824750588342,10.0,10,8.51572164866448,0.17208894425982313,0.8395905689645746,10.0
caesar1_word_i09,main,caesar1_word,9,rgrt,False,1091,12,30,,aaa06b5e3fb3f2ee,47,3.037824750588342,20.0,20,14.273856724625665,0.20413658046429575,0.8583167894827837,20.0
caesar1_word_i09,main,caesar1_word,9,rgrt,False,1091,12,30,,aaa06b5e3fb3f2ee,47,3.037824750588342,30.0,30,14.671433787703851,0.23097445957452437,0.8537911069537863,29.0
caesar1_word_i09,main,caesar1_word,9,rgrt,False,1091,12,30,,aaa06b5e3fb3f2ee,47,3.037824750588342,40.0,40,12.722338224144645,0.2106372490237203,0.8501652209616166,29.0
caesar1_word_i09,main,caesar1_word,9,rgrt,False,1091,12,30,,aaa06b5e3fb3f2ee,47,3.037824750588342,,47,12.500396780551242,0.14372593510558454,0.8487613563625342,29.0
caesar1_word_i10,main,caesar1_word,10,tnab,False,179,12,31,,dca9fbb7d7b7f2e7,47,2.2528530309798933,10.0,10,8.525992116930816,0.17198484215986443,0.8391881470001633,10.0
caesar1_word_i10,main,caesar1_word,10,tnab,False,179,12,31,,dca9fbb7d7b7f2e7,47,2.2528530309798933,20.0,20,14.073128766510184,0.15529691640299145,0.8565605031992051,20.0
caesar1_word_i10,main,caesar1_word,10,tnab,False,179,12,31,,dca9fbb7d7b7f2e7,47,2.2528530309798933,30.0,30,11.37413277928729,0.07773449062178549,0.8589322099452663,30.0
caesar1_word_i10,main,caesar1_word,10,tnab,False,179,12,31,,dca9fbb7d7b7f2e7,47,2.2528530309798933,40.0,40,7.40404916820647,0.011651801596387033,0.8664798731204246,31.0
caesar1_word_i10,main,caesar1_word,10,tnab,False,179,12,31,,dca9fbb7d7b7f2e7,47,2.2528530309798933,,47,6.032812672932084,-0.020237979703280073,0.8705461519902291,31.0
caesar1_word_i11,main,caesar1_word,11,pbyt,False,14,9,31,,c744d38a49dbeec0,48,1.146128035678238,10.0,10,8.504469327247227,0.1214232322227968,0.8536377579261308,10.0
caesar1_word_i11,main,caesar1_word,11,pbyt,False,14,9,31,,c744d38a49dbeec0,48,1.146128035678238,20.0,20,13.190568787118421,0.11313055307058474,0.8534650522530839,20.0
caesar1_word_i11,main,caesar1_word,11,pbyt,False,14,9,31,,c744d38a49dbeec0,48,1.146128035678238,30.0,30,11.562854096115121,0.056146515907552416,0.8629376024964824,30.0
caesar1_word_i11,main,caesar1_word,11,pbyt,False,14,9,31,,c744d38a49dbeec0,48,1.146128035678238,40.0,40,8.428974921417801,-0.0015894434386392632,0.8675496820783543,32.0
caesar1_word_i11,main,caesar1_word,11,pbyt,False,14,9,31,,c744d38a49dbeec0,48,1.146128035678238,,48,7.174888288482873,-0.044304028374159254,0.8692852961596267,32.0
caesar1_word_i12,main,caesar1_word,12,acuj,False,13350,12,31,,f88f1f1abcbf7876,47,4.125481265700594,10.0,10,8.66855592585005,0.16391098004773216,0.8357105226126462,10.0
caesar1_word_i12,main,caesar1_word,12,acuj,False,13350,12,31,,f88f1f1abcbf7876,47,4.125481265700594,20.0,20,13.85290574260725,0.25440288154735735,0.844949453799776,20.0
caesar1_word_i12,main,caesar1_word,12,acuj,False,13350,12,31,,f88f1f1abcbf7876,47,4.125481265700594,30.0,30,16.432843494015422,0.28526446024966196,0.8437252741306849,28.0
caesar1_word_i12,main,caesar1_word,12,acuj,False,13350,12,31,,f88f1f1abcbf7876,47,4.125481265700594,40.0,40,15.835151147555434,0.2330919340145384,0.8522707811359704,28.0
caesar1_word_i12,main,caesar1_word,12,acuj,False,13350,12,31,,f88f1f1abcbf7876,47,4.125481265700594,,47,14.3616274059749,0.1837522592999136,0.8600655751226628,28.0
caesar1_word_i13,main,caesar1_word,13,fthi,False,14,4,30,,744167fd1df16017,48,1.146128035678238,10.0,10,8.471798985460522,0.19132009132451683,0.8398417251677133,10.0
caesar1_word_i13,main,caesar1_word,13,fthi,False,14,4,30,,744167fd1df16017,48,1.146128035678238,20.0,20,13.806851902408233,0.27455137670215174,0.8502640812075358,20.0
caesar1_word_i13,main,caesar1_word,13,fthi,False,14,4,30,,744167fd1df16017,48,1.146128035678238,30.0,30,13.235612051875469,0.3018898129421039,0.8569891617921334,30.0
caesar1_word_i13,main,caesar1_word,13,fthi,False,14,4,30,,744167fd1df16017,48,1.146128035678238,40.0,40,11.70111403557445,0.29327305214873106,0.8597031218696205,30.0
caesar1_word_i13,main,caesar1_word,13,fthi,False,14,4,30,,744167fd1df16017,48,1.146128035678238,,48,11.055148676842816,0.24969014008947796,0.862564058657871,30.0
caesar1_word_i14,main,caesar1_word,14,dmty,False,582,11,30,,6d447760ea3d035f,44,2.7649229846498886,10.0,10,8.903943531727625,0.14495862244865176,0.8404424304598068,10.0
caesar1_word_i14,main,caesar1_word,14,dmty,False,582,11,30,,6d447760ea3d035f,44,2.7649229846498886,20.0,20,14.153705764711074,0.1983987223666494,0.8451851177292856,20.0
caesar1_word_i14,main,caesar1_word,14,dmty,False,582,11,30,,6d447760ea3d035f,44,2.7649229846498886,30.0,30,17.208137703821674,0.2559581385964637,0.8433469138063192,27.0
caesar1_word_i14,main,caesar1_word,14,dmty,False,582,11,30,,6d447760ea3d035f,44,2.7649229846498886,40.0,40,19.18577960290556,0.18996006918030728,0.8401251387962045,27.0
caesar1_word_i14,main,caesar1_word,14,dmty,False,582,11,30,,6d447760ea3d035f,44,2.7649229846498886,,44,17.36961777463276,0.12968163730258103,0.8425702346950544,27.0
caesar1_word_i15,main,caesar1_word,15,tebf,False,206,9,31,,64bd6199d1881e87,48,2.3138672203691533,10.0,10,8.653985933968537,0.1721303251236026,0.8315304595424572,10.0
caesar1_word_i15,main,caesar1_word,15,tebf,False,206,9,31,,64bd6199d1881e87,48,2.3138672203691533,20.0,20,13.534330489638245,0.3020951109007891,0.8548987249367325,20.0
caesar1_word_i15,main,caesar1_word,15,tebf,False,206,9,31,,64bd6199d1881e87,48,2.3138672203691533,30.0,30,13.327213725110841,0.36707364227088424,0.8598735810212209,30.0
caesar1_word_i15,main,caesar1_word,15,tebf,False,206,9,31,,64bd6199d1881e87,48,2.3138672203691533,40.0,40,11.703504227792557,0.37794571026553064,0.8609798346258323,30.0
caesar1_word_i15,main,caesar1_word,15,tebf,False,206,9,31,,64bd6199d1881e87,48,2.3138672203691533,,48,10.227296563978706,0.3725450918433145,0.8634691036870215,30.0
caesar1_word_i16,main,caesar1_word,16,hfkp,False,383,21,30,,f864d3c1dc83f73c,47,2.583198773968623,10.0,10,8.297171560480908,0.19351303944114276,0.827048261803276,10.0
caesar1_word_i16,main,caesar1_word,16,hfkp,False,383,21,30,,f864d3c1dc83f73c,47,2.583198773968623,20.0,20,12.46094103902877,0.2509716029806254,0.8451864507824863,20.0
caesar1_word_i16,main,caesar1_word,16,hfkp,False,383,21,30,,f864d3c1dc83f73c,47,2.583198773968623,30.0,30,12.226002428518724,0.28822344106125125,0.8451347780037127,28.0
caesar1_word_i16,main,caesar1_word,16,hfkp,False,383,21,30,,f864d3c1dc83f73c,47,2.583198773968623,40.0,40,13.015915142639583,0.25162050154582283,0.8491821326110779,28.0
caesar1_word_i16,main,caesar1_word,16,hfkp,False,383,21,30,,f864d3c1dc83f73c,47,2.583198773968623,,47,12.509784012964655,0.20352552382442282,0.8552493135505741,28.0
caesar1_word_i17,main,caesar1_word,17,qdtu,False,25,16,30,,708d54f7f2e221b7,45,1.3979400086720377,10.0,10,8.914538088140187,0.15833121743094347,0.8229591313391887,10.0
caesar1_word_i17,main,caesar1_word,17,qdtu,False,25,16,30,,708d54f7f2e221b7,45,1.3979400086720377,20.0,20,13.950569859114811,0.20518807399957376,0.8440082205560239,20.0
caesar1_word_i17,main,caesar1_word,17,qdtu,False,25,16,30,,708d54f7f2e221b7,45,1.3979400086720377,30.0,30,15.739844929000299,0.21858819244780364,0.8379650190445449,25.0
caesar1_word_i17,main,caesar1_word,17,qdtu,False,25,16,30,,708d54f7f2e221b7,45,1.3979400086720377,40.0,40,17.599470690721336,0.21387564409146448,0.8389657851553176,25.0
caesar1_word_i17,main,caesar1_word,17,qdtu,False,25,16,30,,708d54f7f2e221b7,45,1.3979400086720377,,45,16.46997122982799,0.1881826618592215,0.8439995086976033,25.0
caesar1_word_i18,main,caesar1_word,18,lvfz,False,28,8,31,,84e5bae49efc79bb,48,1.4471580313422192,10.0,10,8.594343616218996,0.13888768736269183,0.848814597788743,10.0
caesar1_word_i18,main,caesar1_word,18,lvfz,False,28,8,31,,84e5bae49efc79bb,48,1.4471580313422192,20.0,20,14.203148962229394,0.14405851928794905,0.8572546526149204,20.0
caesar1_word_i18,main,caesar1_word,18,lvfz,False,28,8,31,,84e5bae49efc79bb,48,1.4471580313422192,30.0,30,14.929681156053656,0.15723552635676294,0.8569820717834319,30.0
caesar1_word_i18,main,caesar1_word,18,lvfz,False,28,8,31,,84e5bae49efc79bb,48,1.4471580313422192,40.0,40,12.109406816971322,0.09586785224104459,0.8597623771586834,30.0
caesar1_word_i18,main,caesar1_word,18,lvfz,False,28,8,31,,84e5bae49efc79bb,48,1.4471580313422192,,48,10.029752576512818,0.023842492740965827,0.8633646845938133,30.0
caesar1_word_i19,main,caesar1_word,19,lgyc,False,28,10,31,,9f0310c02e1e1219,47,1.4471580313422192,10.0,10,8.540816900575816,0.18199314157797597,0.8437369232168418,10.0
caesar1_word_i19,main,caesar1_word,19,lgyc,False,28,10,31,,9f0310c02e1e1219,47,1.4471580313422192,20.0,20,13.255664095083196,0.2150429863784356,0.8572915106169644,20.0
caesar1_word_i19,main,caesar1_word,19,lgyc,False,28,10,31,,9f0310c02e1e1219,47,1.4471580313422192,30.0,30,12.672666111822132,0.25088651069464657,0.8554776538529075,29.0
caesar1_word_i19,main,caesar1_word,19,lgyc,False,28,10,31,,9f0310c02e1e1219,47,1.4471580313422192,40.0,40,13.980217180675822,0.19821717687186963,0.8549427287930823,29.0
caesar1_word_i19,main,caesar1_word,19,lgyc,False,28,10,31,,9f0310c02e1e1219,47,1.4471580313422192,,47,13.113598335402363,0.13713692465544433,0.8594860159427373,29.0
caesar1_word_i20,main,caesar1_word,20,ufcv,False,1059,11,31,,3387f1603eb4a663,46,3.024895960107485,10.0,10,8.61906060795889,0.15492550098643695,0.8504747228683325,10.0
caesar1_word_i20,main,caesar1_word,20,ufcv,False,1059,11,31,,3387f1603eb4a663,46,3.024895960107485,20.0,20,14.632270089247115,0.22807239302311838,0.8390370613729279,20.0
caesar1_word_i20,main,caesar1_word,20,ufcv,False,1059,11,31,,3387f1603eb4a663,46,3.024895960107485,30.0,30,14.148553058196871,0.2999828608404515,0.8435733521789881,28.0
caesar1_word_i20,main,caesar1_word,20,ufcv,False,1059,11,31,,3387f1603eb4a663,46,3.024895960107485,40.0,40,13.099489929554672,0.33271368556230463,0.8496471852776077,28.0
caesar1_word_i20,main,caesar1_word,20,ufcv,False,1059,11,31,,3387f1603eb4a663,46,3.024895960107485,,46,11.597340057415975,0.32114657378413397,0.8554933781545128,28.0
caesar1_word_i21,main,caesar1_word,21,igns,False,2433,9,30,,97952adc52d152da,45,3.3861421089308186,10.0,10,8.678335145039323,0.16390668275122755,0.8350090634299618,10.0
caesar1_word_i21,main,caesar1_word,21,igns,False,2433,9,30,,97952adc52d152da,45,3.3861421089308186,20.0,20,13.630801942113347,0.23420766399986662,0.8406627219521211,20.0
caesar1_word_i21,main,caesar1_word,21,igns,False,2433,9,30,,97952adc52d152da,45,3.3861421089308186,30.0,30,14.880352943356145,0.22433853937105838,0.8375773825428069,26.0
caesar1_word_i21,main,caesar1_word,21,igns,False,2433,9,30,,97952adc52d152da,45,3.3861421089308186,40.0,40,16.86978978079113,0.16053839060348077,0.8408348727415348,26.0
caesar1_word_i21,main,caesar1_word,21,igns,False,2433,9,30,,97952adc52d152da,45,3.3861421089308186,,45,15.479776685941369,0.11423270021144218,0.8465085853012247,26.0
caesar1_word_i22,main,caesar1_word,22,meqi,False,5560,16,31,,cc810d977c3cb4e0,48,3.7450747915820575,10.0,10,8.5656535047902,0.16582228695488846,0.8404414799783673,10.0
caesar1_word_i22,main,caesar1_word,22,meqi,False,5560,16,31,,cc810d977c3cb4e0,48,3.7450747915820575,20.0,20,13.980757231296465,0.1759812113132018,0.8467766218672644,20.0
caesar1_word_i22,main,caesar1_word,22,meqi,False,5560,16,31,,cc810d977c3cb4e0,48,3.7450747915820575,30.0,30,14.919017530267686,0.17593182207694832,0.8526744151730078,29.0
caesar1_word_i22,main,caesar1_word,22,meqi,False,5560,16,31,,cc810d977c3cb4e0,48,3.7450747915820575,40.0,40,11.753796039612222,0.12363426524374699,0.8604831418208926,29.0
caesar1_word_i22,main,caesar1_word,22,meqi,False,5560,16,31,,cc810d977c3cb4e0,48,3.7450747915820575,,48,9.726176029574695,0.0687976153500641,0.867098884752966,29.0
caesar1_word_i23,main,caesar1_word,23,rcvg,False,1000,2,30,,ac9b68ee3492f9c7,48,3.0,10.0,10,8.430850702987792,0.18452240302866083,0.8410701646703257,10.0
caesar1_word_i23,main,caesar1_word,23,rcvg,False,1000,2,30,,ac9b68ee3492f9c7,48,3.0,20.0,20,14.322582029063907,0.19046341896156263,0.8447804170574247,20.0
caesar1_word_i23,main,caesar1_word,23,rcvg,False,1000,2,30,,ac9b68ee3492f9c7,48,3.0,30.0,30,15.857358848757098,0.2162120575890427,0.8453362051806455,29.0
caesar1_word_i23,main,caesar1_word,23,rcvg,False,1000,2,30,,ac9b68ee3492f9c7,48,3.0,40.0,40,15.198506940613168,0.21728962764881324,0.8525726548058915,29.0
caesar1_word_i23,main,caesar1_word,23,rcvg,False,1000,2,30,,ac9b68ee3492f9c7,48,3.0,,48,13.869545301332238,0.18669550492778883,0.8578849314284166,29.0
rot13_word_i00,main,rot13_word,0,uzxq,False,2434,1,26,,4ad6a61238088efb,49,3.386320573894046,10.0,10,7.974003489159042,0.19186790151956873,0.865532738698835,10.0
rot13_word_i00,main,rot13_word,0,uzxq,False,2434,1,26,,4ad6a61238088efb,49,3.386320573894046,20.0,20,12.837686558432171,0.29381294670769814,0.8330381058144197,20.0
rot13_word_i00,main,rot13_word,0,uzxq,False,2434,1,26,,4ad6a61238088efb,49,3.386320573894046,30.0,30,15.910497215534532,0.3743485501940851,0.8294227394044957,26.0
rot13_word_i00,main,rot13_word,0,uzxq,False,2434,1,26,,4ad6a61238088efb,49,3.386320573894046,40.0,40,16.951338422971876,0.42678894582313504,0.8240228374206068,26.0
rot13_word_i00,main,rot13_word,0,uzxq,False,2434,1,26,,4ad6a61238088efb,49,3.386320573894046,,49,17.860698820154614,0.43683774299044265,0.8242465383757355,26.0
rot13_word_i01,main,rot13_word,1,aeqc,False,19,1,26,,5acfdfba92f528a8,47,1.2787536009528289,10.0,10,8.195644970871687,0.20202452655647932,0.8645797345860701,10.0
rot13_word_i01,main,rot13_word,1,aeqc,False,19,1,26,,5acfdfba92f528a8,47,1.2787536009528289,20.0,20,14.087814245172147,0.2687924523504515,0.8482735743299333,20.0
rot13_word_i01,main,rot13_word,1,aeqc,False,19,1,26,,5acfdfba92f528a8,47,1.2787536009528289,30.0,30,17.606979749720214,0.34754786096762047,0.83059289047341,26.0
rot13_word_i01,main,rot13_word,1,aeqc,False,19,1,26,,5acfdfba92f528a8,47,1.2787536009528289,40.0,40,20.120365628328674,0.3137897223765023,0.8272010929771898,26.0
rot13_word_i01,main,rot13_word,1,aeqc,False,19,1,26,,5acfdfba92f528a8,47,1.2787536009528289,,47,18.55160820065,0.2415485384364718,0.8319463501788961,26.0
rot13_word_i02,main,rot13_word,2,svdq,False,5419,2,25,,75a24009fac6d9e6,48,3.733919151012391,10.0,10,8.074837307535855,0.21528326540598325,0.8564103876445484,10.0
rot13_word_i02,main,rot13_word,2,svdq,False,5419,2,25,,75a24009fac6d9e6,48,3.733919151012391,20.0,20,14.649670222097546,0.2693979288866563,0.8357836877060455,20.0
rot13_word_i02,main,rot13_word,2,svdq,False,5419,2,25,,75a24009fac6d9e6,48,3.733919151012391,30.0,30,17.689147212807576,0.3383239009474813,0.8318073824607229,27.0
rot13_word_i02,main,rot13_word,2,svdq,False,5419,2,25,,75a24009fac6d9e6,48,3.733919151012391,40.0,40,18.492801883541862,0.3456556297802995,0.834852091269654,27.0
rot13_word_i02,main,rot13_word,2,svdq,False,5419,2,25,,75a24009fac6d9e6,48,3.733919151012391,,48,16.92390900673796,0.29738892582480114,0.8390504397594557,27.0
rot13_word_i03,main,rot13_word,3,sypi,False,3683,3,25,,8012f26bc48245e4,47,3.566201718854913,10.0,10,7.795878173213879,0.22860755966343088,0.8568416467033695,10.0
rot13_word_i03,main,rot13_word,3,sypi,False,3683,3,25,,8012f26bc48245e4,47,3.566201718854913,20.0,20,14.422672052169462,0.21069165670366843,0.8393513043455931,20.0
rot13_word_i03,main,rot13_word,3,sypi,False,3683,3,25,,8012f26bc48245e4,47,3.566201718854913,30.0,30,19.06062315185453,0.2619958813845354,0.833336947455581,26.0
rot13_word_i03,main,rot13_word,3,sypi,False,3683,3,25,,8012f26bc48245e4,47,3.566201718854913,40.0,40,17.537718399667426,0.20518221798080952,0.8388595112503714,26.0
rot13_word_i03,main,rot13_word,3,sypi,False,3683,3,25,,8012f26bc48245e4,47,3.566201718854913,,47,13.546092438765337,0.14704419351109035,0.8443172694212985,26.0
rot13_word_i04,main,rot13_word,4,jlhi,False,6881,14,26,,0b5531e230552f46,48,3.8376515578463923,10.0,10,8.414423898100704,0.17253214295012378,0.865718706876447,10.0
rot13_word_i04,main,rot13_word,4,jlhi,False,6881,14,26,,0b5531e230552f46,48,3.8376515578463923,20.0,20,13.688987342153313,0.18842420956742903,0.8598591925166869,20.0
rot13_word_i04,main,rot13_word,4,jlhi,False,6881,14,26,,0b5531e230552f46,48,3.8376515578463923,30.0,30,17.16583124662983,0.23605035754541143,0.8339665700184854,26.0
rot13_word_i04,main,rot13_word,4,jlhi,False,6881,14,26,,0b5531e230552f46,48,3.8376515578463923,40.0,40,17.8428209402969,0.25765531534570285,0.8286353382801591,26.0
rot13_word_i04,main,rot13_word,4,jlhi,False,6881,14,26,,0b5531e230552f46,48,3.8376515578463923,,48,14.264140177621632,0.1895943045497864,0.8339068815747291,26.0
rot13_word_i05,main,rot13_word,5,mroq,False,12,13,25,,7da52c2588753694,49,1.0791812460476249,10.0,10,7.86218860350384,0.2112422781711879,0.8688405956825312,10.0
rot13_word_i05,main,rot13_word,5,mroq,False,12,13,25,,7da52c2588753694,49,1.0791812460476249,20.0,20,12.47163877082209,0.3111491593744704,0.8553310354886386,20.0
rot13_word_i05,main,rot13_word,5,mroq,False,12,13,25,,7da52c2588753694,49,1.0791812460476249,30.0,30,15.106016919878396,0.38608424218327037,0.8371806428136402,27.0
rot13_word_i05,main,rot13_word,5,mroq,False,12,13,25,,7da52c2588753694,49,1.0791812460476249,40.0,40,17.406574014488573,0.40594948973252803,0.8248303782766844,27.0
rot13_word_i05,main,rot13_word,5,mroq,False,12,13,25,,7da52c2588753694,49,1.0791812460476249,,49,17.337563126502985,0.3931308805352865,0.8240854627863166,27.0
rot13_word_i06,main,rot13_word,6,xwre,False,2806,13,25,,0fb4290192b76ad2,49,3.448087666692341,10.0,10,7.9911440335358765,0.21951170269418718,0.8686549110356373,10.0
rot13_word_i06,main,rot13_word,6,xwre,False,2806,13,25,,0fb4290192b76ad2,49,3.448087666692341,20.0,20,13.359499063607405,0.32867147084322235,0.8399989098312333,20.0
rot13_word_i06,main,rot13_word,6,xwre,False,2806,13,25,,0fb4290192b76ad2,49,3.448087666692341,30.0,30,15.609743420394382,0.4244871506028521,0.8322225514444253,26.0
rot13_word_i06,main,rot13_word,6,xwre,False,2806,13,25,,0fb4290192b76ad2,49,3.448087666692341,40.0,40,17.835338015626046,0.4683484695857611,0.8266157009552219,26.0
rot13_word_i06,main,rot13_word,6,xwre,False,2806,13,25,,0fb4290192b76ad2,49,3.448087666692341,,49,19.19562600932013,0.46440906524755504,0.8266176886946186,26.0
rot13_word_i07,main,rot13_word,7,xzmb,False,1213,11,25,,7c0fd288d5e3fb1e,49,3.083860800866573,10.0,10,7.70775491018511,0.22692913230830947,0.8725904884487629,10.0
rot13_word_i07,main,rot13_word,7,xzmb,False,1213,11,25,,7c0fd288d5e3fb1e,49,3.083860800866573,20.0,20,13.097237942793154,0.1473400162337159,0.8440577691787701,20.0
rot13_word_i07,main,rot13_word,7,xzmb,False,1213,11,25,,7c0fd288d5e3fb1e,49,3.083860800866573,30.0,30,16.474131825312604,0.17530938043083,0.8293719586857671,25.0
rot13_word_i07,main,rot13_word,7,xzmb,False,1213,11,25,,7c0fd288d5e3fb1e,49,3.083860800866573,40.0,40,17.090647942791644,0.11952970115282764,0.8296194399286533,25.0
rot13_word_i07,main,rot13_word,7,xzmb,False,1213,11,25,,7c0fd288d5e3fb1e,49,3.083860800866573,,49,13.862565173513211,0.0628741128969958,0.8338012351622744,25.0
rot13_word_i08,main,rot13_word,8,ovxf,False,1356,11,25,,5fb286c3f661cb6a,46,3.1322596895310446,10.0,10,7.8875758386862636,0.2183632287710636,0.8597962514060536,10.0
rot13_word_i08,main,rot13_word,8,ovxf,False,1356,11,25,,5fb286c3f661cb6a,46,3.1322596895310446,20.0,20,15.48579327925951,0.12433017525711472,0.8495049606131777,20.0
rot13_word_i08,main,rot13_word,8,ovxf,False,1356,11,25,,5fb286c3f661cb6a,46,3.1322596895310446,30.0,30,17.045126985945895,0.08787920575115972,0.8464027766928716,28.0
rot13_word_i08,main,rot13_word,8,ovxf,False,1356,11,25,,5fb286c3f661cb6a,46,3.1322596895310446,40.0,40,10.659247393607778,-0.01868694188459083,0.8603956886617642,28.0
rot13_word_i08,main,rot13_word,8,ovxf,False,1356,11,25,,5fb286c3f661cb6a,46,3.1322596895310446,,46,8.29082085392535,-0.05991632396928125,0.8682431424686673,28.0
rot13_word_i09,main,rot13_word,9,plez,False,3843,3,25,,55c0abd6afe97cd0,47,3.584670384464349,10.0,10,8.228856792823725,0.1813787148275319,0.8752517049875043,10.0
rot13_word_i09,main,rot13_word,9,plez,False,3843,3,25,,55c0abd6afe97cd0,47,3.584670384464349,20.0,20,13.801711607448869,0.17726588432002993,0.8531972740609717,20.0
rot13_word_i09,main,rot13_word,9,plez,False,3843,3,25,,55c0abd6afe97cd0,47,3.584670384464349,30.0,30,15.020243385407367,0.22842504968249563,0.838752448161437,27.0
rot13_word_i09,main,rot13_word,9,plez,False,3843,3,25,,55c0abd6afe97cd0,47,3.584670384464349,40.0,40,11.02065332568018,0.1364412415358857,0.8434264269521307,27.0
rot13_word_i09,main,rot13_word,9,plez,False,3843,3,25,,55c0abd6afe97cd0,47,3.584670384464349,,47,8.370986874312756,0.06818501477218603,0.851462032355527,27.0
rot13_word_i10,main,rot13_word,10,xali,False,113,13,26,,871942f9a1d1bddb,48,2.0530784434834195,10.0,10,7.83945241492699,0.24497714505248958,0.8565509099063188,10.0
rot13_word_i10,main,rot13_word,10,xali,False,113,13,26,,871942f9a1d1bddb,48,2.0530784434834195,20.0,20,12.027521822375281,0.39690463470770365,0.8410889342375749,20.0
rot13_word_i10,main,rot13_word,10,xali,False,113,13,26,,871942f9a1d1bddb,48,2.0530784434834195,30.0,30,13.554774539661999,0.5066514473875618,0.837820055975071,27.0
rot13_word_i10,main,rot13_word,10,xali,False,113,13,26,,871942f9a1d1bddb,48,2.0530784434834195,40.0,40,15.019358921209172,0.5237346422351237,0.8345137580682602,27.0
rot13_word_i10,main,rot13_word,10,xali,False,113,13,26,,871942f9a1d1bddb,48,2.0530784434834195,,48,13.518491494800374,0.5323807907360664,0.840439458105469,27.0
rot13_word_i11,main,rot13_word,11,knya,False,137,4,26,,3629b8d356f8731e,48,2.1367205671564067,10.0,10,8.307682955217349,0.1680973642993281,0.8624678602762549,10.0
rot13_word_i11,main,rot13_word,11,knya,False,137,4,26,,3629b8d356f8731e,48,2.1367205671564067,20.0,20,13.901034576802198,0.299366283014283,0.8452654591679484,20.0
rot13_word_i11,main,rot13_word,11,knya,False,137,4,26,,3629b8d356f8731e,48,2.1367205671564067,30.0,30,17.70921265989255,0.35650826459623214,0.8343458785462765,26.0
rot13_word_i11,main,rot13_word,11,knya,False,137,4,26,,3629b8d356f8731e,48,2.1367205671564067,40.0,40,17.03880580532171,0.3011875474554863,0.8360325485370064,26.0
rot13_word_i11,main,rot13_word,11,knya,False,137,4,26,,3629b8d356f8731e,48,2.1367205671564067,,48,13.033120439281907,0.22611106680068443,0.8412773749723457,26.0
rot13_word_i12,main,rot13_word,12,mnlr,False,1751,14,25,,d9f6e1bb1a7828c1,48,3.243286146083446,10.0,10,8.21396386919779,0.14025153318043457,0.8944921121282836,10.0
rot13_word_i12,main,rot13_word,12,mnlr,False,1751,14,25,,d9f6e1bb1a7828c1,48,3.243286146083446,20.0,20,14.170026532463948,0.18657157927361903,0.8482204059528383,20.0
rot13_word_i12,main,rot13_word,12,mnlr,False,1751,14,25,,d9f6e1bb1a7828c1,48,3.243286146083446,30.0,30,17.192289381167672,0.29727523340570566,0.8266964678081861,26.0
rot13_word_i12,main,rot13_word,12,mnlr,False,1751,14,25,,d9f6e1bb1a7828c1,48,3.243286146083446,40.0,40,17.56389070083984,0.26692635733412384,0.8245075928748082,26.0
rot13_word_i12,main,rot13_word,12,mnlr,False,1751,14,25,,d9f6e1bb1a7828c1,48,3.243286146083446,,48,14.234556900798639,0.1945983661715,0.8297132420403268,26.0
rot13_word_i13,main,rot13_word,13,fpjz,False,4583,1,25,,ef7b2198dcdca8db,48,3.6611498572447867,10.0,10,7.801551856192955,0.24776467576286432,0.869149975559223,10.0
rot13_word_i13,main,rot13_word,13,fpjz,False,4583,1,25,,ef7b2198dcdca8db,48,3.6611498572447867,20.0,20,14.272964697955546,0.2627172491637018,0.8512769274713142,20.0
rot13_word_i13,main,rot13_word,13,fpjz,False,4583,1,25,,ef7b2198dcdca8db,48,3.6611498572447867,30.0,30,17.614186182538127,0.32666903655590224,0.8382877719141322,27.0
rot13_word_i13,main,rot13_word,13,fpjz,False,4583,1,25,,ef7b2198dcdca8db,48,3.6611498572447867,40.0,40,17.519679908485575,0.26993108080973544,0.8361762978007147,27.0
rot13_word_i13,main,rot13_word,13,fpjz,False,4583,1,25,,ef7b2198dcdca8db,48,3.6611498572447867,,48,14.085874926601955,0.21273051481162475,0.8412101763089866,27.0
rot13_word_i14,main,rot13_word,14,ttly,False,1413,5,26,,6a7a6579b9ea6422,49,3.1501421618485588,10.0,10,7.906356771418665,0.21307882843779327,0.8628740473736165,10.0
rot13_word_i14,main,rot13_word,14,ttly,False,1413,5,26,,6a7a6579b9ea6422,49,3.1501421618485588,20.0,20,14.561962249468928,0.1861018169158436,0.8486734428741154,20.0
rot13_word_i14,main,rot13_word,14,ttly,False,1413,5,26,,6a7a6579b9ea6422,49,3.1501421618485588,30.0,30,17.98521064637533,0.28465983612682233,0.8288718584539212,25.0
rot13_word_i14,main,rot13_word,14,ttly,False,1413,5,26,,6a7a6579b9ea6422,49,3.1501421618485588,40.0,40,19.391100822304995,0.2982908413023994,0.8262202234624251,25.0
rot13_word_i14,main,rot13_word,14,ttly,False,1413,5,26,,6a7a6579b9ea6422,49,3.1501421618485588,,49,18.107710490492522,0.25670875655740116,0.8281581323496107,25.0
rot13_word_i15,main,rot13_word,15,lldm,False,7153,1,25,,f1f58b72ca7ff0cc,48,3.8544882250444306,10.0,10,8.378211990779981,0.18239427814508746,0.8605692017564781,10.0
rot13_word_i15,main,rot13_word,15,lldm,False,7153,1,25,,f1f58b72ca7ff0cc,48,3.8544882250444306,20.0,20,14.328706451092284,0.21909385319698238,0.8522765862361706,20.0
rot13_word_i15,main,rot13_word,15,lldm,False,7153,1,25,,f1f58b72ca7ff0cc,48,3.8544882250444306,30.0,30,17.340877451564914,0.30127730252672186,0.8361080472377075,26.0
rot13_word_i15,main,rot13_word,15,lldm,False,7153,1,25,,f1f58b72ca7ff0cc,48,3.8544882250444306,40.0,40,17.60396006327573,0.2350677401224563,0.8325218458292447,26.0
rot13_word_i15,main,rot13_word,15,lldm,False,7153,1,25,,f1f58b72ca7ff0cc,48,3.8544882250444306,,48,13.894321560672944,0.16990520532764805,0.8367667110188705,26.0
rot13_word_i16,main,rot13_word,16,fifi,False,38,11,26,,3539277320162b88,49,1.5797835966168101,10.0,10,8.007855696481696,0.20936391865663484,0.8573736978846929,10.0
rot13_word_i16,main,rot13_word,16,fifi,False,38,11,26,,3539277320162b88,49,1.5797835966168101,20.0,20,13.481730262986376,0.2988347295000077,0.8418164999160866,20.0
rot13_word_i16,main,rot13_word,16,fifi,False,38,11,26,,3539277320162b88,49,1.5797835966168101,30.0,30,15.720298304601283,0.3892118934891767,0.8333479516491495,26.0
rot13_word_i16,main,rot13_word,16,fifi,False,38,11,26,,3539277320162b88,49,1.5797835966168101,40.0,40,15.843203378740931,0.42505855890052846,0.8284652363449726,26.0
rot13_word_i16,main,rot13_word,16,fifi,False,38,11,26,,3539277320162b88,49,1.5797835966168101,,49,13.452638914300111,0.45357152011458424,0.8334361365352385,26.0
rot13_word_i17,main,rot13_word,17,erqr,False,1341,5,24,,7559d11ea33d1c17,49,3.127428777851599,10.0,10,7.9319392047896775,0.19104786556387732,0.8804400352276248,10.0
rot13_word_i17,main,rot13_word,17,erqr,False,1341,5,24,,7559d11ea33d1c17,49,3.127428777851599,20.0,20,13.559138868639524,0.25068277402765177,0.8427759631078332,20.0
rot13_word_i17,main,rot13_word,17,erqr,False,1341,5,24,,7559d11ea33d1c17,49,3.127428777851599,30.0,30,16.825552009038105,0.30196841420911963,0.83276015343099,27.0
rot13_word_i17,main,rot13_word,17,erqr,False,1341,5,24,,7559d11ea33d1c17,49,3.127428777851599,40.0,40,16.68325043508209,0.26248557881808643,0.8296083124279885,27.0
rot13_word_i17,main,rot13_word,17,erqr,False,1341,5,24,,7559d11ea33d1c17,49,3.127428777851599,,49,14.831381349349375,0.24009589220113767,0.8330683207355278,27.0
rot13_word_i18,main,rot13_word,18,meqt,False,8472,11,26,,f27404602c97969a,48,3.9279859470994287,10.0,10,7.875168467665704,0.2243121760931085,0.8677496788554051,10.0
rot13_word_i18,main,rot13_word,18,meqt,False,8472,11,26,,f27404602c97969a,48,3.9279859470994287,20.0,20,13.295101173744927,0.28613300331803454,0.8466839736462819,20.0
rot13_word_i18,main,rot13_word,18,meqt,False,8472,11,26,,f27404602c97969a,48,3.9279859470994287,30.0,30,15.249801813854395,0.36479326863347683,0.8313684413805827,26.0
rot13_word_i18,main,rot13_word,18,meqt,False,8472,11,26,,f27404602c97969a,48,3.9279859470994287,40.0,40,18.095569046038253,0.3599309484528276,0.8243802793033722,26.0
rot13_word_i18,main,rot13_word,18,meqt,False,8472,11,26,,f27404602c97969a,48,3.9279859470994287,,48,16.971226117174652,0.2916397401794366,0.8284182856851822,26.0
rot13_word_i19,main,rot13_word,19,qavl,False,146,14,26,,b4a8a01a48abe03d,47,2.164352855784437,10.0,10,8.201054160337153,0.15858237095686167,0.8646292535104413,10.0
rot13_word_i19,main,rot13_word,19,qavl,False,146,14,26,,b4a8a01a48abe03d,47,2.164352855784437,20.0,20,15.295990674486182,0.19026985328361162,0.843411334304064,20.0
rot13_word_i19,main,rot13_word,19,qavl,False,146,14,26,,b4a8a01a48abe03d,47,2.164352855784437,30.0,30,18.926627698777956,0.21355660248916344,0.8360186019935018,27.0
rot13_word_i19,main,rot13_word,19,qavl,False,146,14,26,,b4a8a01a48abe03d,47,2.164352855784437,40.0,40,16.565547141667086,0.12339639203428074,0.8445577003120981,27.0
rot13_word_i19,main,rot13_word,19,qavl,False,146,14,26,,b4a8a01a48abe03d,47,2.164352855784437,,47,12.525673019973409,0.0633901051075454,0.8524411490952795,27.0
rot13_word_i20,main,rot13_word,20,nphk,False,41,14,26,,ce8c03cd00b5622f,48,1.6127838567197355,10.0,10,7.771900104919819,0.25893949975451674,0.86318161261456,10.0
rot13_word_i20,main,rot13_word,20,nphk,False,41,14,26,,ce8c03cd00b5622f,48,1.6127838567197355,20.0,20,13.192544089686917,0.34133999341451365,0.8384455303277617,20.0
rot13_word_i20,main,rot13_word,20,nphk,False,41,14,26,,ce8c03cd00b5622f,48,1.6127838567197355,30.0,30,16.330058385380845,0.43246371975307174,0.8287191147226115,25.0
rot13_word_i20,main,rot13_word,20,nphk,False,41,14,26,,ce8c03cd00b5622f,48,1.6127838567197355,40.0,40,17.605443857456255,0.38111304605115026,0.8301831901567276,25.0
rot13_word_i20,main,rot13_word,20,nphk,False,41,14,26,,ce8c03cd00b5622f,48,1.6127838567197355,,48,14.552283122119796,0.2995468085506404,0.8370196880603509,25.0
rot13_word_i21,main,rot13_word,21,newe,False,382,12,25,,2efd0637d56e7f6b,48,2.582063362911709,10.0,10,8.031934084262542,0.20050007220879473,0.8923843940125389,10.0
rot13_word_i21,main,rot13_word,21,newe,False,382,12,25,,2efd0637d56e7f6b,48,2.582063362911709,20.0,20,13.281924466242014,0.19835505098413583,0.8542171051000903,20.0
rot13_word_i21,main,rot13_word,21,newe,False,382,12,25,,2efd0637d56e7f6b,48,2.582063362911709,30.0,30,16.06103948739588,0.21790847376625974,0.8392256795135281,28.0
rot13_word_i21,main,rot13_word,21,newe,False,382,12,25,,2efd0637d56e7f6b,48,2.582063362911709,40.0,40,13.588655141177354,0.14522183025390242,0.8446778042420631,28.0
rot13_word_i21,main,rot13_word,21,newe,False,382,12,25,,2efd0637d56e7f6b,48,2.582063362911709,,48,10.112585898741472,0.07860184717369445,0.8516759595513845,28.0
rot13_word_i22,main,rot13_word,22,xgqp,False,4487,14,26,,7129428b6090e787,47,3.651956069533074,10.0,10,7.984101022977064,0.18289189726061247,0.8628862058474873,10.0
rot13_word_i22,main,rot13_word,22,xgqp,False,4487,14,26,,7129428b6090e787,47,3.651956069533074,20.0,20,13.596488681946507,0.2990368041587073,0.8309193614376021,20.0
rot13_word_i22,main,rot13_word,22,xgqp,False,4487,14,26,,7129428b6090e787,47,3.651956069533074,30.0,30,16.62615473669833,0.35673643139941275,0.8229289568242177,25.0
rot13_word_i22,main,rot13_word,22,xgqp,False,4487,14,26,,7129428b6090e787,47,3.651956069533074,40.0,40,18.209636044397026,0.31879793723724187,0.8281765221698402,25.0
rot13_word_i22,main,rot13_word,22,xgqp,False,4487,14,26,,7129428b6090e787,47,3.651956069533074,,47,15.43759086067899,0.2468112817477844,0.8346268947305139,25.0
rot13_word_i23,main,rot13_word,23,lniu,False,97,15,26,,4daf78fc81e9cf87,50,1.9867717342662448,10.0,10,8.59192562162051,0.148144670049076,0.8697728237095924,10.0
rot13_word_i23,main,rot13_word,23,lniu,False,97,15,26,,4daf78fc81e9cf87,50,1.9867717342662448,20.0,20,14.972989772501093,0.15663493424889913,0.8546562263167682,20.0
rot13_word_i23,main,rot13_word,23,lniu,False,97,15,26,,4daf78fc81e9cf87,50,1.9867717342662448,30.0,30,15.677706124519123,0.27666120240916015,0.8430390107753365,27.0
rot13_word_i23,main,rot13_word,23,lniu,False,97,15,26,,4daf78fc81e9cf87,50,1.9867717342662448,40.0,40,14.182618628092829,0.29643665997809654,0.8336105791064873,27.0
rot13_word_i23,main,rot13_word,23,lniu,False,97,15,26,,4daf78fc81e9cf87,50,1.9867717342662448,,50,13.405426404574063,0.33016026373684426,0.830363904480132,27.0
rep_caesar1_word_r00,rep,caesar1_word,0,gcns,False,2303,21,30,,ca91c8713761ae26,47,3.362293937964231,10.0,10,8.524517275306959,0.1778153922275919,0.8314344848844368,10.0
rep_caesar1_word_r00,rep,caesar1_word,0,gcns,False,2303,21,30,,ca91c8713761ae26,47,3.362293937964231,20.0,20,13.842355081035116,0.15120000429833755,0.850830423769066,20.0
rep_caesar1_word_r00,rep,caesar1_word,0,gcns,False,2303,21,30,,ca91c8713761ae26,47,3.362293937964231,30.0,30,9.427090013706731,0.05696770672897106,0.862410754634564,30.0
rep_caesar1_word_r00,rep,caesar1_word,0,gcns,False,2303,21,30,,ca91c8713761ae26,47,3.362293937964231,40.0,40,6.457468092238551,-0.02090732813888247,0.8709278624460907,32.0
rep_caesar1_word_r00,rep,caesar1_word,0,gcns,False,2303,21,30,,ca91c8713761ae26,47,3.362293937964231,,47,5.448556299059132,-0.0613833688482388,0.8761690516367494,32.0
rep_caesar1_word_r01,rep,caesar1_word,0,gcns,False,2260,11,30,,8d470211d330d19d,47,3.3541084391474008,10.0,10,8.593739944974025,0.14257437175305152,0.8489139899504661,10.0
rep_caesar1_word_r01,rep,caesar1_word,0,gcns,False,2260,11,30,,8d470211d330d19d,47,3.3541084391474008,20.0,20,13.02259208488874,0.1365154079733667,0.8445028463704211,20.0
rep_caesar1_word_r01,rep,caesar1_word,0,gcns,False,2260,11,30,,8d470211d330d19d,47,3.3541084391474008,30.0,30,10.820601169903462,0.07230771125060517,0.8573462032281665,30.0
rep_caesar1_word_r01,rep,caesar1_word,0,gcns,False,2260,11,30,,8d470211d330d19d,47,3.3541084391474008,40.0,40,7.353236961553722,-0.0019671503088965025,0.8669664414770323,31.0
rep_caesar1_word_r01,rep,caesar1_word,0,gcns,False,2260,11,30,,8d470211d330d19d,47,3.3541084391474008,,47,6.062570837784243,-0.04262213199198241,0.8725848933497554,31.0
rep_caesar1_word_r02,rep,caesar1_word,0,gcns,False,2375,24,30,,679b7729a1561ab3,47,3.3756636139608855,10.0,10,8.410815032323587,0.1651432103476217,0.8482850863870465,10.0
rep_caesar1_word_r02,rep,caesar1_word,0,gcns,False,2375,24,30,,679b7729a1561ab3,47,3.3756636139608855,20.0,20,14.336762313134999,0.19327455581292788,0.8435234372523875,20.0
rep_caesar1_word_r02,rep,caesar1_word,0,gcns,False,2375,24,30,,679b7729a1561ab3,47,3.3756636139608855,30.0,30,14.96334868593188,0.15666250714264146,0.8504167452802792,30.0
rep_caesar1_word_r02,rep,caesar1_word,0,gcns,False,2375,24,30,,679b7729a1561ab3,47,3.3756636139608855,40.0,40,10.634117930401487,0.07760746464530217,0.8583032599283104,30.0
rep_caesar1_word_r02,rep,caesar1_word,0,gcns,False,2375,24,30,,679b7729a1561ab3,47,3.3756636139608855,,47,8.453908978870732,0.027796604150655754,0.8645949659453537,30.0
rep_caesar1_word_r03,rep,caesar1_word,0,gcns,False,1923,11,30,,8d06d1f6b8b6d165,47,3.28397928423848,10.0,10,8.608083664217197,0.13090452235183395,0.8563643347858491,10.0
rep_caesar1_word_r03,rep,caesar1_word,0,gcns,False,1923,11,30,,8d06d1f6b8b6d165,47,3.28397928423848,20.0,20,13.35104849990299,0.0614305212753543,0.8605542778934693,20.0
rep_caesar1_word_r03,rep,caesar1_word,0,gcns,False,1923,11,30,,8d06d1f6b8b6d165,47,3.28397928423848,30.0,30,8.858340187838655,-0.009995430058107994,0.8666940367449593,30.0
rep_caesar1_word_r03,rep,caesar1_word,0,gcns,False,1923,11,30,,8d06d1f6b8b6d165,47,3.28397928423848,40.0,40,5.942117793156966,-0.07002216285807093,0.874074959524766,34.0
rep_caesar1_word_r03,rep,caesar1_word,0,gcns,False,1923,11,30,,8d06d1f6b8b6d165,47,3.28397928423848,,47,4.950069744480592,-0.09967601335194243,0.8784121196059377,34.0
rep_caesar1_word_r04,rep,caesar1_word,0,gcns,False,2104,11,30,,0d8ee8bf667b9756,47,3.3230457354817013,10.0,10,8.249505265314314,0.17581301670295263,0.849028142594907,10.0
rep_caesar1_word_r04,rep,caesar1_word,0,gcns,False,2104,11,30,,0d8ee8bf667b9756,47,3.3230457354817013,20.0,20,13.498717669206767,0.12964133498166217,0.8521779698463774,20.0
rep_caesar1_word_r04,rep,caesar1_word,0,gcns,False,2104,11,30,,0d8ee8bf667b9756,47,3.3230457354817013,30.0,30,10.818459953138147,0.06912077211243209,0.8611152099779013,30.0
rep_caesar1_word_r04,rep,caesar1_word,0,gcns,False,2104,11,30,,0d8ee8bf667b9756,47,3.3230457354817013,40.0,40,7.258405475059304,-0.004811133452075504,0.8688426753841079,32.0
rep_caesar1_word_r04,rep,caesar1_word,0,gcns,False,2104,11,30,,0d8ee8bf667b9756,47,3.3230457354817013,,47,5.912808949841616,-0.04579058359723248,0.8738990506894768,32.0
rep_caesar1_word_r05,rep,caesar1_word,0,gcns,False,2288,21,30,,d83cf5afedc3b68b,47,3.3594560201209864,10.0,10,8.169980395069436,0.1816396282078457,0.8471882036074038,10.0
rep_caesar1_word_r05,rep,caesar1_word,0,gcns,False,2288,21,30,,d83cf5afedc3b68b,47,3.3594560201209864,20.0,20,12.803592575332317,0.13203803814997234,0.8536051543551537,20.0
rep_caesar1_word_r05,rep,caesar1_word,0,gcns,False,2288,21,30,,d83cf5afedc3b68b,47,3.3594560201209864,30.0,30,9.354075195819112,0.04645056687531128,0.8619651784976531,30.0
rep_caesar1_word_r05,rep,caesar1_word,0,gcns,False,2288,21,30,,d83cf5afedc3b68b,47,3.3594560201209864,40.0,40,6.370017532879083,-0.02883279231043825,0.8702684594872748,32.0
rep_caesar1_word_r05,rep,caesar1_word,0,gcns,False,2288,21,30,,d83cf5afedc3b68b,47,3.3594560201209864,,47,5.345703019730388,-0.06981315093807904,0.8754888320944694,32.0
rep_caesar1_word_r06,rep,caesar1_word,0,gcns,False,2316,20,30,,6ff9b42536b692fb,46,3.3647385550553985,10.0,10,8.46069072584839,0.17886159578561545,0.8307476224554551,10.0
rep_caesar1_word_r06,rep,caesar1_word,0,gcns,False,2316,20,30,,6ff9b42536b692fb,46,3.3647385550553985,20.0,20,13.26313159201159,0.2369641576260411,0.8461101694956221,20.0
rep_caesar1_word_r06,rep,caesar1_word,0,gcns,False,2316,20,30,,6ff9b42536b692fb,46,3.3647385550553985,30.0,30,13.79047197232868,0.1782010212207279,0.8479520054525872,28.0
rep_caesar1_word_r06,rep,caesar1_word,0,gcns,False,2316,20,30,,6ff9b42536b692fb,46,3.3647385550553985,40.0,40,10.223213449497928,0.0782483108759624,0.8554046330371524,28.0
rep_caesar1_word_r06,rep,caesar1_word,0,gcns,False,2316,20,30,,6ff9b42536b692fb,46,3.3647385550553985,,46,8.581642360496055,0.028486360837715004,0.8614276792603217,28.0
rep_caesar1_word_r07,rep,caesar1_word,0,gcns,False,2365,21,30,,86899387ebc6ff2a,47,3.3738311450738303,10.0,10,8.709403830852157,0.09285536176995325,0.8407211031101357,10.0
rep_caesar1_word_r07,rep,caesar1_word,0,gcns,False,2365,21,30,,86899387ebc6ff2a,47,3.3738311450738303,20.0,20,12.627960229604929,0.08883047068499805,0.8452272938730065,20.0
rep_caesar1_word_r07,rep,caesar1_word,0,gcns,False,2365,21,30,,86899387ebc6ff2a,47,3.3738311450738303,30.0,30,9.777906767597418,0.025856138159512286,0.8580971831544604,30.0
rep_caesar1_word_r07,rep,caesar1_word,0,gcns,False,2365,21,30,,86899387ebc6ff2a,47,3.3738311450738303,40.0,40,6.81999763249862,-0.03550545647678406,0.8683332690692218,31.0
rep_caesar1_word_r07,rep,caesar1_word,0,gcns,False,2365,21,30,,86899387ebc6ff2a,47,3.3738311450738303,,47,5.742613535258211,-0.07052648556317144,0.8741039624906597,31.0
rep_caesar1_word_r08,rep,caesar1_word,0,gcns,False,2353,24,30,,e895f54e0ce38705,47,3.3716219271760215,10.0,10,8.158453712810644,0.1925552728025085,0.8413143706192608,10.0
rep_caesar1_word_r08,rep,caesar1_word,0,gcns,False,2353,24,30,,e895f54e0ce38705,47,3.3716219271760215,20.0,20,13.051124060135141,0.2242406998679698,0.8482244625735206,20.0
rep_caesar1_word_r08,rep,caesar1_word,0,gcns,False,2353,24,30,,e895f54e0ce38705,47,3.3716219271760215,30.0,30,11.398509619592781,0.14172858244346298,0.8587144346175921,30.0
rep_caesar1_word_r08,rep,caesar1_word,0,gcns,False,2353,24,30,,e895f54e0ce38705,47,3.3716219271760215,40.0,40,7.635548162842014,0.05360717594067127,0.8668669996486509,31.0
rep_caesar1_word_r08,rep,caesar1_word,0,gcns,False,2353,24,30,,e895f54e0ce38705,47,3.3716219271760215,,47,6.16295228899611,0.00886684703471817,0.8722398399685108,31.0
rep_caesar1_word_r09,rep,caesar1_word,0,gcns,False,2229,11,30,,2793863fa076443f,47,3.3481100684802376,10.0,10,8.61138636673279,0.12403671482103627,0.8562229267216115,10.0
rep_caesar1_word_r09,rep,caesar1_word,0,gcns,False,2229,11,30,,2793863fa076443f,47,3.3481100684802376,20.0,20,13.224385483287197,0.08275814374824227,0.8486435832135948,20.0
rep_caesar1_word_r09,rep,caesar1_word,0,gcns,False,2229,11,30,,2793863fa076443f,47,3.3481100684802376,30.0,30,10.873122340420458,0.03260878492199641,0.859658101299941,30.0
rep_caesar1_word_r09,rep,caesar1_word,0,gcns,False,2229,11,30,,2793863fa076443f,47,3.3481100684802376,40.0,40,7.419367989047511,-0.021835675262905162,0.8679863954409942,32.0
rep_caesar1_word_r09,rep,caesar1_word,0,gcns,False,2229,11,30,,2793863fa076443f,47,3.3481100684802376,,47,6.014354531513793,-0.05417153160789324,0.8730641181233968,32.0
rep_rot13_word_r00,rep,rot13_word,0,uzxq,False,3200,1,26,,677c54b0a2e8fb2d,49,3.505149978319906,10.0,10,7.874695185041373,0.20991811237180164,0.8665394842274415,10.0
rep_rot13_word_r00,rep,rot13_word,0,uzxq,False,3200,1,26,,677c54b0a2e8fb2d,49,3.505149978319906,20.0,20,13.757062066135724,0.17896028040225148,0.8435110943604429,20.0
rep_rot13_word_r00,rep,rot13_word,0,uzxq,False,3200,1,26,,677c54b0a2e8fb2d,49,3.505149978319906,30.0,30,16.703829157383108,0.24651121281564456,0.8306812910273854,26.0
rep_rot13_word_r00,rep,rot13_word,0,uzxq,False,3200,1,26,,677c54b0a2e8fb2d,49,3.505149978319906,40.0,40,18.36448661453192,0.22484468102689442,0.8286080019492871,26.0
rep_rot13_word_r00,rep,rot13_word,0,uzxq,False,3200,1,26,,677c54b0a2e8fb2d,49,3.505149978319906,,49,18.163400909355595,0.15559688997895468,0.8306950735312799,26.0
rep_rot13_word_r01,rep,rot13_word,0,uzxq,False,1080,1,26,,d609a044327f7b44,49,3.03342375548695,10.0,10,7.31154472761288,0.2786323030573885,0.8616941129261046,10.0
rep_rot13_word_r01,rep,rot13_word,0,uzxq,False,1080,1,26,,d609a044327f7b44,49,3.03342375548695,20.0,20,14.14715680824395,0.2426170947674648,0.8546353448794712,20.0
rep_rot13_word_r01,rep,rot13_word,0,uzxq,False,1080,1,26,,d609a044327f7b44,49,3.03342375548695,30.0,30,18.51337793879562,0.29948508049688416,0.8339658316945366,26.0
rep_rot13_word_r01,rep,rot13_word,0,uzxq,False,1080,1,26,,d609a044327f7b44,49,3.03342375548695,40.0,40,19.994106897735172,0.2868190734805292,0.8302309122791205,26.0
rep_rot13_word_r01,rep,rot13_word,0,uzxq,False,1080,1,26,,d609a044327f7b44,49,3.03342375548695,,49,16.957795366307842,0.241269093545786,0.8348793638770298,26.0
rep_rot13_word_r02,rep,rot13_word,0,uzxq,False,1464,1,26,,1b7da22a37b9805c,49,3.165541076722373,10.0,10,8.75551942847965,0.10061121629796194,0.8580131540228982,10.0
rep_rot13_word_r02,rep,rot13_word,0,uzxq,False,1464,1,26,,1b7da22a37b9805c,49,3.165541076722373,20.0,20,14.40109321096725,0.16830341125109405,0.8478395460818817,20.0
rep_rot13_word_r02,rep,rot13_word,0,uzxq,False,1464,1,26,,1b7da22a37b9805c,49,3.165541076722373,30.0,30,18.226763679059374,0.22763126602100592,0.8325330026493992,26.0
rep_rot13_word_r02,rep,rot13_word,0,uzxq,False,1464,1,26,,1b7da22a37b9805c,49,3.165541076722373,40.0,40,18.432651617303858,0.3371616791384068,0.824708581081531,26.0
rep_rot13_word_r02,rep,rot13_word,0,uzxq,False,1464,1,26,,1b7da22a37b9805c,49,3.165541076722373,,49,19.058754023103173,0.3886324155433347,0.8227502829804867,26.0
rep_rot13_word_r03,rep,rot13_word,0,uzxq,False,2769,1,26,,1fa942f91792d78d,49,3.4423229557455746,10.0,10,8.270013269844661,0.13991735595427127,0.8657940877779854,10.0
rep_rot13_word_r03,rep,rot13_word,0,uzxq,False,2769,1,26,,1fa942f91792d78d,49,3.4423229557455746,20.0,20,15.243019936954479,0.11257112054731519,0.8453850051281188,20.0
rep_rot13_word_r03,rep,rot13_word,0,uzxq,False,2769,1,26,,1fa942f91792d78d,49,3.4423229557455746,30.0,30,19.2919380058507,0.11344820939049685,0.8344957495544815,27.0
rep_rot13_word_r03,rep,rot13_word,0,uzxq,False,2769,1,26,,1fa942f91792d78d,49,3.4423229557455746,40.0,40,19.327996032935555,0.05680659337310868,0.8332457854639252,27.0
rep_rot13_word_r03,rep,rot13_word,0,uzxq,False,2769,1,26,,1fa942f91792d78d,49,3.4423229557455746,,49,17.677855189558485,0.012380027917518762,0.8366392625317407,27.0
rep_rot13_word_r04,rep,rot13_word,0,uzxq,False,1195,1,26,,49ac10e9c95f6c6c,49,3.0773679052841563,10.0,10,8.305434712525049,0.19164935517566573,0.851956022260491,10.0
rep_rot13_word_r04,rep,rot13_word,0,uzxq,False,1195,1,26,,49ac10e9c95f6c6c,49,3.0773679052841563,20.0,20,13.697388113628053,0.21400311294888835,0.856492298433643,20.0
rep_rot13_word_r04,rep,rot13_word,0,uzxq,False,1195,1,26,,49ac10e9c95f6c6c,49,3.0773679052841563,30.0,30,17.56679620655407,0.24982260056722888,0.8361649971077328,26.0
rep_rot13_word_r04,rep,rot13_word,0,uzxq,False,1195,1,26,,49ac10e9c95f6c6c,49,3.0773679052841563,40.0,40,19.100471427921512,0.29774274053288347,0.8282839310920996,26.0
rep_rot13_word_r04,rep,rot13_word,0,uzxq,False,1195,1,26,,49ac10e9c95f6c6c,49,3.0773679052841563,,49,19.519786580876076,0.2947789665071773,0.8291553614671198,26.0
rep_rot13_word_r05,rep,rot13_word,0,uzxq,False,2270,1,26,,73a418e98e6ba753,49,3.3560258571931225,10.0,10,8.457859482671068,0.16101962521210533,0.8569997664058469,10.0
rep_rot13_word_r05,rep,rot13_word,0,uzxq,False,2270,1,26,,73a418e98e6ba753,49,3.3560258571931225,20.0,20,14.758777454407957,0.2147892548945875,0.847305861683625,20.0
rep_rot13_word_r05,rep,rot13_word,0,uzxq,False,2270,1,26,,73a418e98e6ba753,49,3.3560258571931225,30.0,30,18.765399044044575,0.2423225971571714,0.8340158592698418,27.0
rep_rot13_word_r05,rep,rot13_word,0,uzxq,False,2270,1,26,,73a418e98e6ba753,49,3.3560258571931225,40.0,40,20.188464070799547,0.2503150899156729,0.8309066011414861,27.0
rep_rot13_word_r05,rep,rot13_word,0,uzxq,False,2270,1,26,,73a418e98e6ba753,49,3.3560258571931225,,49,19.10577245614566,0.21944705364716813,0.833975582812933,27.0
rep_rot13_word_r06,rep,rot13_word,0,uzxq,False,3986,16,26,,b155d5ba7b0e9ca9,49,3.600537294364469,10.0,10,7.7966051581359315,0.22679454525120135,0.871613167660972,10.0
rep_rot13_word_r06,rep,rot13_word,0,uzxq,False,3986,16,26,,b155d5ba7b0e9ca9,49,3.600537294364469,20.0,20,14.338215061964764,0.17091492719325682,0.8592012807698303,20.0
rep_rot13_word_r06,rep,rot13_word,0,uzxq,False,3986,16,26,,b155d5ba7b0e9ca9,49,3.600537294364469,30.0,30,18.954275495967572,0.21139044733515552,0.8387581897024228,27.0
rep_rot13_word_r06,rep,rot13_word,0,uzxq,False,3986,16,26,,b155d5ba7b0e9ca9,49,3.600537294364469,40.0,40,20.790798754028092,0.1746213465536135,0.8337577428192781,27.0
rep_rot13_word_r06,rep,rot13_word,0,uzxq,False,3986,16,26,,b155d5ba7b0e9ca9,49,3.600537294364469,,49,20.052776787910553,0.13368935482159358,0.8353491433352633,27.0
rep_rot13_word_r07,rep,rot13_word,0,uzxq,False,891,1,26,,1edc1ffa0b925771,49,2.949877704036875,10.0,10,8.123361233891764,0.185818015292357,0.8731036199964425,10.0
rep_rot13_word_r07,rep,rot13_word,0,uzxq,False,891,1,26,,1edc1ffa0b925771,49,2.949877704036875,20.0,20,14.533749357453466,0.20246580589884824,0.8415892960622321,20.0
rep_rot13_word_r07,rep,rot13_word,0,uzxq,False,891,1,26,,1edc1ffa0b925771,49,2.949877704036875,30.0,30,18.795087424201817,0.1950685057372508,0.8311865212341801,26.0
rep_rot13_word_r07,rep,rot13_word,0,uzxq,False,891,1,26,,1edc1ffa0b925771,49,2.949877704036875,40.0,40,20.31335525711746,0.18064956114407552,0.8297287377511823,26.0
rep_rot13_word_r07,rep,rot13_word,0,uzxq,False,891,1,26,,1edc1ffa0b925771,49,2.949877704036875,,49,19.036978358169364,0.14111935999982997,0.8341014129685864,26.0
rep_rot13_word_r08,rep,rot13_word,0,uzxq,False,2631,1,26,,67fa6d9d75aab24f,49,3.420120848085703,10.0,10,8.091704800860319,0.19104515126522362,0.8610423799449022,10.0
rep_rot13_word_r08,rep,rot13_word,0,uzxq,False,2631,1,26,,67fa6d9d75aab24f,49,3.420120848085703,20.0,20,13.583734096057757,0.21923432028223433,0.8362121227434544,20.0
rep_rot13_word_r08,rep,rot13_word,0,uzxq,False,2631,1,26,,67fa6d9d75aab24f,49,3.420120848085703,30.0,30,17.145893817749023,0.22179431695144378,0.8294941130662746,26.0
rep_rot13_word_r08,rep,rot13_word,0,uzxq,False,2631,1,26,,67fa6d9d75aab24f,49,3.420120848085703,40.0,40,18.360284266591435,0.20892363792834387,0.8262378929717203,26.0
rep_rot13_word_r08,rep,rot13_word,0,uzxq,False,2631,1,26,,67fa6d9d75aab24f,49,3.420120848085703,,49,17.46707877731573,0.14816600281213974,0.8277717888814293,26.0
rep_rot13_word_r09,rep,rot13_word,0,uzxq,False,3241,1,26,,bd9010440aec78e1,49,3.51067903103221,10.0,10,7.900320796383299,0.22362583809266473,0.8655182420926799,10.0
rep_rot13_word_r09,rep,rot13_word,0,uzxq,False,3241,1,26,,bd9010440aec78e1,49,3.51067903103221,20.0,20,12.905146533448793,0.28652928836473673,0.8392130783517553,20.0
rep_rot13_word_r09,rep,rot13_word,0,uzxq,False,3241,1,26,,bd9010440aec78e1,49,3.51067903103221,30.0,30,15.780545431909037,0.38029038696235795,0.8274989268658729,26.0
rep_rot13_word_r09,rep,rot13_word,0,uzxq,False,3241,1,26,,bd9010440aec78e1,49,3.51067903103221,40.0,40,16.931739188783727,0.42034860313667766,0.8235575478367442,26.0
rep_rot13_word_r09,rep,rot13_word,0,uzxq,False,3241,1,26,,bd9010440aec78e1,49,3.51067903103221,,49,16.121910531642918,0.4229792907893539,0.8255983874853512,26.0
rep_count16_r00,rep,count16,0,7,False,14,1,40,,81dc466dc0a005ea,41,1.146128035678238,10.0,10,7.41211220840361,0.23232494573210355,0.8447473417080903,10.0
rep_count16_r00,rep,count16,0,7,False,14,1,40,,81dc466dc0a005ea,41,1.146128035678238,20.0,20,11.232794738790563,0.46013902740306867,0.8805872473511454,20.0
rep_count16_r00,rep,count16,0,7,False,14,1,40,,81dc466dc0a005ea,41,1.146128035678238,30.0,30,12.841975586378322,0.5729544766542947,0.8913827941819644,30.0
rep_count16_r00,rep,count16,0,7,False,14,1,40,,81dc466dc0a005ea,41,1.146128035678238,40.0,40,12.13676753699098,0.6600537191960585,0.9060366019286817,40.0
rep_count16_r00,rep,count16,0,7,False,14,1,40,,81dc466dc0a005ea,41,1.146128035678238,,41,12.228587978712023,0.6662664523183842,0.9065595867014068,41.0
rep_count16_r01,rep,count16,0,7,False,17,4,40,,9fec291692562147,41,1.2304489213782739,10.0,10,7.451611324506688,0.2384040864600158,0.8564951149869316,10.0
rep_count16_r01,rep,count16,0,7,False,17,4,40,,9fec291692562147,41,1.2304489213782739,20.0,20,12.503932581696441,0.27831966854620965,0.8969559234028904,20.0
rep_count16_r01,rep,count16,0,7,False,17,4,40,,9fec291692562147,41,1.2304489213782739,30.0,30,14.688052470009772,0.34804746970690925,0.8983412959856032,30.0
rep_count16_r01,rep,count16,0,7,False,17,4,40,,9fec291692562147,41,1.2304489213782739,40.0,40,14.150886549893125,0.46822688995636924,0.9074062930199184,40.0
rep_count16_r01,rep,count16,0,7,False,17,4,40,,9fec291692562147,41,1.2304489213782739,,41,14.227757420286764,0.4767934714966131,0.9076691743486844,41.0
rep_count16_r02,rep,count16,0,7,False,15,2,40,,8848bd2e1dec2175,41,1.1760912590556813,10.0,10,7.365100275476316,0.2502865255228493,0.8365730852839365,10.0
rep_count16_r02,rep,count16,0,7,False,15,2,40,,8848bd2e1dec2175,41,1.1760912590556813,20.0,20,12.00667508736209,0.4314518930639685,0.8715432655251073,20.0
rep_count16_r02,rep,count16,0,7,False,15,2,40,,8848bd2e1dec2175,41,1.1760912590556813,30.0,30,14.404266947685207,0.5207228039757518,0.8900101592652164,30.0
rep_count16_r02,rep,count16,0,7,False,15,2,40,,8848bd2e1dec2175,41,1.1760912590556813,40.0,40,14.054126937051668,0.5955985902260388,0.9032994765476436,40.0
rep_count16_r02,rep,count16,0,7,False,15,2,40,,8848bd2e1dec2175,41,1.1760912590556813,,41,14.19764316692217,0.6006376200651606,0.9035834401965036,41.0
rep_count16_r03,rep,count16,0,7,False,12,3,40,,6401d630f58362af,41,1.0791812460476249,10.0,10,7.286755228112971,0.26705644988513644,0.8454799973438436,10.0
rep_count16_r03,rep,count16,0,7,False,12,3,40,,6401d630f58362af,41,1.0791812460476249,20.0,20,12.677111252869192,0.39586536731593885,0.8815151667180314,20.0
rep_count16_r03,rep,count16,0,7,False,12,3,40,,6401d630f58362af,41,1.0791812460476249,30.0,30,15.322102812722212,0.48340005582309364,0.890569095397245,30.0
rep_count16_r03,rep,count16,0,7,False,12,3,40,,6401d630f58362af,41,1.0791812460476249,40.0,40,14.232092747821191,0.5813994522236511,0.9030596746192195,40.0
rep_count16_r03,rep,count16,0,7,False,12,3,40,,6401d630f58362af,41,1.0791812460476249,,41,14.30848600076742,0.5881999683989283,0.9034003260106835,41.0
rep_count16_r04,rep,count16,0,7,False,14,3,40,,ba46100e75228ce1,40,1.146128035678238,10.0,10,6.896759082645689,0.30824321502149515,0.8476525283224375,10.0
rep_count16_r04,rep,count16,0,7,False,14,3,40,,ba46100e75228ce1,40,1.146128035678238,20.0,20,12.177388110134777,0.4457719854395313,0.8759211434412597,20.0
rep_count16_r04,rep,count16,0,7,False,14,3,40,,ba46100e75228ce1,40,1.146128035678238,30.0,30,13.52863959008177,0.5544339456816005,0.8886057973492062,30.0
rep_count16_r04,rep,count16,0,7,False,14,3,40,,ba46100e75228ce1,40,1.146128035678238,40.0,40,12.306763793452625,0.6463407850446661,0.9052115266412378,40.0
rep_count16_r04,rep,count16,0,7,False,14,3,40,,ba46100e75228ce1,40,1.146128035678238,,40,12.306763793452625,0.6463407850446661,0.9052115266412378,40.0
rep_count16_r05,rep,count16,0,7,False,11,3,40,,2b1223547b35cf77,41,1.0413926851582251,10.0,10,7.00691370663212,0.2792277153392343,0.8500927953345628,10.0
rep_count16_r05,rep,count16,0,7,False,11,3,40,,2b1223547b35cf77,41,1.0413926851582251,20.0,20,11.429545993228082,0.4669389647186529,0.8720247483623198,20.0
rep_count16_r05,rep,count16,0,7,False,11,3,40,,2b1223547b35cf77,41,1.0413926851582251,30.0,30,12.908954166458043,0.5797747541326391,0.8873328580909687,30.0
rep_count16_r05,rep,count16,0,7,False,11,3,40,,2b1223547b35cf77,41,1.0413926851582251,40.0,40,12.405362622898624,0.6560127589369867,0.9039430319852526,40.0
rep_count16_r05,rep,count16,0,7,False,11,3,40,,2b1223547b35cf77,41,1.0413926851582251,,41,12.532210481275708,0.6615213763349066,0.9045349939350572,41.0
rep_count16_r06,rep,count16,0,7,False,10,4,40,,a42c6cb5f6b2a613,41,1.0,10.0,10,7.393351600192682,0.2479904438613546,0.8407863397992753,10.0
rep_count16_r06,rep,count16,0,7,False,10,4,40,,a42c6cb5f6b2a613,41,1.0,20.0,20,11.785956348718802,0.4596382604500159,0.8746594572259172,20.0
rep_count16_r06,rep,count16,0,7,False,10,4,40,,a42c6cb5f6b2a613,41,1.0,30.0,30,12.95067092443093,0.5625513249105748,0.890680045274017,30.0
rep_count16_r06,rep,count16,0,7,False,10,4,40,,a42c6cb5f6b2a613,41,1.0,40.0,40,11.823599665917204,0.6504542815512635,0.9068526211278168,40.0
rep_count16_r06,rep,count16,0,7,False,10,4,40,,a42c6cb5f6b2a613,41,1.0,,41,11.9265678216648,0.6564626779826984,0.9073145389009464,41.0
rep_count16_r07,rep,count16,0,7,False,8,1,40,,d2c6f55a730273f9,41,0.9030899869919435,10.0,10,7.333051991353907,0.2582775369936762,0.8497885199504066,10.0
rep_count16_r07,rep,count16,0,7,False,8,1,40,,d2c6f55a730273f9,41,0.9030899869919435,20.0,20,12.413725387452338,0.42547212115288996,0.8819453995399191,20.0
rep_count16_r07,rep,count16,0,7,False,8,1,40,,d2c6f55a730273f9,41,0.9030899869919435,30.0,30,14.934306391031448,0.5130182690709901,0.8920757901265859,30.0
rep_count16_r07,rep,count16,0,7,False,8,1,40,,d2c6f55a730273f9,41,0.9030899869919435,40.0,40,13.498055832901484,0.606243589057145,0.9066925360887556,40.0
rep_count16_r07,rep,count16,0,7,False,8,1,40,,d2c6f55a730273f9,41,0.9030899869919435,,41,13.603599403947221,0.6125450434289709,0.9070865404559239,41.0
rep_count16_r08,rep,count16,0,7,False,10,1,40,,bfce22d08becf289,41,1.0,10.0,10,7.103537184972171,0.2585343030761498,0.8424539463356913,10.0
rep_count16_r08,rep,count16,0,7,False,10,1,40,,bfce22d08becf289,41,1.0,20.0,20,12.565555397118947,0.3969241691741634,0.8753762307076628,20.0
rep_count16_r08,rep,count16,0,7,False,10,1,40,,bfce22d08becf289,41,1.0,30.0,30,14.849565405205517,0.4866031149609279,0.8905098920300317,30.0
rep_count16_r08,rep,count16,0,7,False,10,1,40,,bfce22d08becf289,41,1.0,40.0,40,13.765177029338238,0.5824495831629563,0.9054634352659555,40.0
rep_count16_r08,rep,count16,0,7,False,10,1,40,,bfce22d08becf289,41,1.0,,41,13.881343718549429,0.5891233156792264,0.9059333595509745,41.0
rep_count16_r09,rep,count16,0,7,False,12,1,40,,3a9e88e739d6b445,41,1.0791812460476249,10.0,10,7.181090229383344,0.2815832037998433,0.8342135743995474,10.0
rep_count16_r09,rep,count16,0,7,False,12,1,40,,3a9e88e739d6b445,41,1.0791812460476249,20.0,20,11.944827957793425,0.45893522422892813,0.8706010477191392,20.0
rep_count16_r09,rep,count16,0,7,False,12,1,40,,3a9e88e739d6b445,41,1.0791812460476249,30.0,30,13.24777985770518,0.5707566175269908,0.8878526532881715,30.0
rep_count16_r09,rep,count16,0,7,False,12,1,40,,3a9e88e739d6b445,41,1.0791812460476249,40.0,40,12.483879797046765,0.6535411595453055,0.9050943675328699,40.0
rep_count16_r09,rep,count16,0,7,False,12,1,40,,3a9e88e739d6b445,41,1.0791812460476249,,41,12.583776970732918,0.6593025242466997,0.9055785135954828,41.0
rep_local_last_r00,rep,local_last,0,Subtract,False,2,24,46,,8a27b7335cf38e8e,47,0.3010299956639812,10.0,10,7.8926802699320024,0.1999986724033408,0.8848471037504816,10.0
rep_local_last_r00,rep,local_last,0,Subtract,False,2,24,46,,8a27b7335cf38e8e,47,0.3010299956639812,20.0,20,11.18193006104083,0.38245220008652137,0.8691388186385334,20.0
rep_local_last_r00,rep,local_last,0,Subtract,False,2,24,46,,8a27b7335cf38e8e,47,0.3010299956639812,30.0,30,12.961812441583788,0.5049692583017658,0.8794179642347093,30.0
rep_local_last_r00,rep,local_last,0,Subtract,False,2,24,46,,8a27b7335cf38e8e,47,0.3010299956639812,40.0,40,12.727033357824567,0.588782965248153,0.883983617000848,36.0
rep_local_last_r00,rep,local_last,0,Subtract,False,2,24,46,,8a27b7335cf38e8e,47,0.3010299956639812,,47,11.077883765049148,0.6310072095150586,0.8884892218228078,36.0
rep_local_last_r01,rep,local_last,0,Subtract,False,2,24,46,,a30bf9aff510a4ff,46,0.3010299956639812,10.0,10,7.586343817854706,0.19758628614911103,0.8741031819123909,10.0
rep_local_last_r01,rep,local_last,0,Subtract,False,2,24,46,,a30bf9aff510a4ff,46,0.3010299956639812,20.0,20,12.45776063559497,0.3290401719384289,0.8667672716214514,20.0
rep_local_last_r01,rep,local_last,0,Subtract,False,2,24,46,,a30bf9aff510a4ff,46,0.3010299956639812,30.0,30,16.351175750525112,0.3908200598431101,0.8751003045845095,30.0
rep_local_last_r01,rep,local_last,0,Subtract,False,2,24,46,,a30bf9aff510a4ff,46,0.3010299956639812,40.0,40,15.95148259299752,0.39310406193774355,0.8813630324498546,36.0
rep_local_last_r01,rep,local_last,0,Subtract,False,2,24,46,,a30bf9aff510a4ff,46,0.3010299956639812,,46,13.588289627574273,0.37490977940696585,0.8855695664479198,36.0
rep_local_last_r02,rep,local_last,0,Subtract,False,2,24,46,,c29abfc4b84cbb42,46,0.3010299956639812,10.0,10,7.441983531462766,0.20956158132610528,0.8831113990688737,10.0
rep_local_last_r02,rep,local_last,0,Subtract,False,2,24,46,,c29abfc4b84cbb42,46,0.3010299956639812,20.0,20,12.738486365549722,0.32328546271828923,0.8658504536991048,20.0
rep_local_last_r02,rep,local_last,0,Subtract,False,2,24,46,,c29abfc4b84cbb42,46,0.3010299956639812,30.0,30,15.870604065172321,0.40444735561320644,0.8775450394026596,30.0
rep_local_last_r02,rep,local_last,0,Subtract,False,2,24,46,,c29abfc4b84cbb42,46,0.3010299956639812,40.0,40,15.806504566014267,0.4295796622367373,0.8853334687771071,37.0
rep_local_last_r02,rep,local_last,0,Subtract,False,2,24,46,,c29abfc4b84cbb42,46,0.3010299956639812,,46,14.23675827363942,0.427673311528312,0.8901464045517774,37.0
rep_local_last_r03,rep,local_last,0,Subtract,False,2,24,46,,8606094eb7b3912a,47,0.3010299956639812,10.0,10,7.526097773730285,0.195612568889227,0.8789128654214936,10.0
rep_local_last_r03,rep,local_last,0,Subtract,False,2,24,46,,8606094eb7b3912a,47,0.3010299956639812,20.0,20,12.327984147106818,0.3203708483845434,0.8711910033669771,20.0
rep_local_last_r03,rep,local_last,0,Subtract,False,2,24,46,,8606094eb7b3912a,47,0.3010299956639812,30.0,30,14.957042954900519,0.42215968816846433,0.884151664097526,30.0
rep_local_last_r03,rep,local_last,0,Subtract,False,2,24,46,,8606094eb7b3912a,47,0.3010299956639812,40.0,40,14.756085010844826,0.48440994587296105,0.8902531843905375,39.0
rep_local_last_r03,rep,local_last,0,Subtract,False,2,24,46,,8606094eb7b3912a,47,0.3010299956639812,,47,13.001849859812408,0.5071017173485243,0.8954163099924504,39.0
rep_local_last_r04,rep,local_last,0,Subtract,False,2,24,46,,ff582fb2833f18ee,46,0.3010299956639812,10.0,10,7.86136946556143,0.19956884888044465,0.8705640743914828,10.0
rep_local_last_r04,rep,local_last,0,Subtract,False,2,24,46,,ff582fb2833f18ee,46,0.3010299956639812,20.0,20,13.366006947556023,0.30656391573904984,0.8617119517188644,20.0
rep_local_last_r04,rep,local_last,0,Subtract,False,2,24,46,,ff582fb2833f18ee,46,0.3010299956639812,30.0,30,16.32411647770028,0.3948143023819508,0.8731091685215848,30.0
rep_local_last_r04,rep,local_last,0,Subtract,False,2,24,46,,ff582fb2833f18ee,46,0.3010299956639812,40.0,40,16.516152760738773,0.4121523850988386,0.8814089607070633,35.0
rep_local_last_r04,rep,local_last,0,Subtract,False,2,24,46,,ff582fb2833f18ee,46,0.3010299956639812,,46,14.851837475328546,0.40765438985649716,0.8862733739969897,35.0
rep_local_last_r05,rep,local_last,0,Subtract,False,2,7,46,,03e4d5b61a18e851,47,0.3010299956639812,10.0,10,7.334239505227426,0.2536037640671096,0.8743574126410301,10.0
rep_local_last_r05,rep,local_last,0,Subtract,False,2,7,46,,03e4d5b61a18e851,47,0.3010299956639812,20.0,20,11.330706835331029,0.39261048955135275,0.8739964953259975,20.0
rep_local_last_r05,rep,local_last,0,Subtract,False,2,7,46,,03e4d5b61a18e851,47,0.3010299956639812,30.0,30,14.428186111870048,0.45793202967203234,0.8839786719599256,30.0
rep_local_last_r05,rep,local_last,0,Subtract,False,2,7,46,,03e4d5b61a18e851,47,0.3010299956639812,40.0,40,15.574517850239385,0.48405898801851077,0.8900517792718801,39.0
rep_local_last_r05,rep,local_last,0,Subtract,False,2,7,46,,03e4d5b61a18e851,47,0.3010299956639812,,47,14.485734732915375,0.4875341566395857,0.8946011064377221,39.0
rep_local_last_r06,rep,local_last,0,Subtract,False,2,24,46,,183568f964cdd57c,46,0.3010299956639812,10.0,10,7.559891644560318,0.20965360068361685,0.870586704550456,10.0
rep_local_last_r06,rep,local_last,0,Subtract,False,2,24,46,,183568f964cdd57c,46,0.3010299956639812,20.0,20,12.23199881061141,0.3638509601285909,0.8665257422653396,20.0
rep_local_last_r06,rep,local_last,0,Subtract,False,2,24,46,,183568f964cdd57c,46,0.3010299956639812,30.0,30,15.238830264281857,0.43597289789828525,0.8755809597640873,30.0
rep_local_last_r06,rep,local_last,0,Subtract,False,2,24,46,,183568f964cdd57c,46,0.3010299956639812,40.0,40,15.999955540451959,0.4315434508020562,0.87940221295573,35.0
rep_local_last_r06,rep,local_last,0,Subtract,False,2,24,46,,183568f964cdd57c,46,0.3010299956639812,,46,14.04372892914516,0.4101477645157328,0.8836211020676848,35.0
rep_local_last_r07,rep,local_last,0,Subtract,False,2,16,46,,85ee129aff5d27ec,47,0.3010299956639812,10.0,10,7.795710703703747,0.1644561514973459,0.8887663362626985,10.0
rep_local_last_r07,rep,local_last,0,Subtract,False,2,16,46,,85ee129aff5d27ec,47,0.3010299956639812,20.0,20,11.822180200564313,0.3245404184171573,0.8726267676202565,20.0
rep_local_last_r07,rep,local_last,0,Subtract,False,2,16,46,,85ee129aff5d27ec,47,0.3010299956639812,30.0,30,14.167478254178068,0.44816331853947616,0.8758701268045473,30.0
rep_local_last_r07,rep,local_last,0,Subtract,False,2,16,46,,85ee129aff5d27ec,47,0.3010299956639812,40.0,40,14.604925370852767,0.5369328680062828,0.8792601511793322,35.0
rep_local_last_r07,rep,local_last,0,Subtract,False,2,16,46,,85ee129aff5d27ec,47,0.3010299956639812,,47,13.223616245735847,0.5844828454014735,0.8834219969755891,35.0
rep_local_last_r08,rep,local_last,0,Subtract,False,2,25,46,,63a3477fe11807b7,45,0.3010299956639812,10.0,10,7.571049354429222,0.2088234796956639,0.8769455263953825,10.0
rep_local_last_r08,rep,local_last,0,Subtract,False,2,25,46,,63a3477fe11807b7,45,0.3010299956639812,20.0,20,12.906753507851011,0.34509492214754656,0.8622903639510199,20.0
rep_local_last_r08,rep,local_last,0,Subtract,False,2,25,46,,63a3477fe11807b7,45,0.3010299956639812,30.0,30,15.848309540221644,0.3860631843702772,0.8727651462439575,30.0
rep_local_last_r08,rep,local_last,0,Subtract,False,2,25,46,,63a3477fe11807b7,45,0.3010299956639812,40.0,40,15.301541161753962,0.39544330997754923,0.8824971759545219,36.0
rep_local_last_r08,rep,local_last,0,Subtract,False,2,25,46,,63a3477fe11807b7,45,0.3010299956639812,,45,13.935636616192228,0.38959167844333875,0.8868421667164793,36.0
rep_local_last_r09,rep,local_last,0,Subtract,False,2,22,46,,53a9206980efb87e,46,0.3010299956639812,10.0,10,7.688890850841765,0.2494125381889354,0.8748064182996875,10.0
rep_local_last_r09,rep,local_last,0,Subtract,False,2,22,46,,53a9206980efb87e,46,0.3010299956639812,20.0,20,12.339805061363908,0.3869843216993251,0.883573884842384,20.0
rep_local_last_r09,rep,local_last,0,Subtract,False,2,22,46,,53a9206980efb87e,46,0.3010299956639812,30.0,30,15.228836573454432,0.4516886173871324,0.8892216230003933,30.0
rep_local_last_r09,rep,local_last,0,Subtract,False,2,22,46,,53a9206980efb87e,46,0.3010299956639812,40.0,40,14.424260703912656,0.44454692083378705,0.8927894653210544,39.0
rep_local_last_r09,rep,local_last,0,Subtract,False,2,22,46,,53a9206980efb87e,46,0.3010299956639812,,46,12.444132864832829,0.4302340925923601,0.8962264088143043,39.0
rep_parity8_r00,rep,parity8,0,1,True,1,4,44,,43be6557dcaf4239,42,0.0,10.0,10,7.006063907962921,0.2363770572209813,0.847173950048011,10.0
rep_parity8_r00,rep,parity8,0,1,True,1,4,44,,43be6557dcaf4239,42,0.0,20.0,20,11.676304425695292,0.36911271099557524,0.866915300746966,20.0
rep_parity8_r00,rep,parity8,0,1,True,1,4,44,,43be6557dcaf4239,42,0.0,30.0,30,14.354333884925392,0.4606091394129864,0.8721121288389094,30.0
rep_parity8_r00,rep,parity8,0,1,True,1,4,44,,43be6557dcaf4239,42,0.0,40.0,40,16.87086064624382,0.509053177396443,0.8711514013467394,32.0
rep_parity8_r00,rep,parity8,0,1,True,1,4,44,,43be6557dcaf4239,42,0.0,,42,17.25341798203702,0.518225449777449,0.8721241516672914,32.0
rep_parity8_r01,rep,parity8,0,1,False,2,5,44,,a7e257e2f5c64be4,43,0.3010299956639812,10.0,10,6.930383179551158,0.24592467320065683,0.8521057695276041,10.0
rep_parity8_r01,rep,parity8,0,1,False,2,5,44,,a7e257e2f5c64be4,43,0.3010299956639812,20.0,20,11.955990454457268,0.33659073231315745,0.8753117487635543,20.0
rep_parity8_r01,rep,parity8,0,1,False,2,5,44,,a7e257e2f5c64be4,43,0.3010299956639812,30.0,30,13.676380898307794,0.42556609714901744,0.8848447049254441,30.0
rep_parity8_r01,rep,parity8,0,1,False,2,5,44,,a7e257e2f5c64be4,43,0.3010299956639812,40.0,40,11.96296397569112,0.47697490558136213,0.8882259240517475,37.0
rep_parity8_r01,rep,parity8,0,1,False,2,5,44,,a7e257e2f5c64be4,43,0.3010299956639812,,43,10.974945664400472,0.48816087767952643,0.8904130033121656,37.0
rep_parity8_r02,rep,parity8,0,1,True,1,5,44,,c8fe134b1e75b231,42,0.0,10.0,10,7.251912791740952,0.24108040856295126,0.8426337009989548,10.0
rep_parity8_r02,rep,parity8,0,1,True,1,5,44,,c8fe134b1e75b231,42,0.0,20.0,20,12.006115629352898,0.38661490225042716,0.8689086919133974,20.0
rep_parity8_r02,rep,parity8,0,1,True,1,5,44,,c8fe134b1e75b231,42,0.0,30.0,30,15.794413912217546,0.4541345462328781,0.8743323636152867,30.0
rep_parity8_r02,rep,parity8,0,1,True,1,5,44,,c8fe134b1e75b231,42,0.0,40.0,40,19.000768483924773,0.4990395838572959,0.8731672106786609,32.0
rep_parity8_r02,rep,parity8,0,1,True,1,5,44,,c8fe134b1e75b231,42,0.0,,42,19.286280055797512,0.5076451839391442,0.8735890346775756,32.0
rep_parity8_r03,rep,parity8,0,1,False,2,5,44,,aa19deec1996c16b,44,0.3010299956639812,10.0,10,6.772751442467224,0.2523131961307398,0.8621380645328707,10.0
rep_parity8_r03,rep,parity8,0,1,False,2,5,44,,aa19deec1996c16b,44,0.3010299956639812,20.0,20,11.868982770360264,0.3405022980303457,0.8680587212835926,20.0
rep_parity8_r03,rep,parity8,0,1,False,2,5,44,,aa19deec1996c16b,44,0.3010299956639812,30.0,30,15.248602416941374,0.41273632896269175,0.8746903555423391,30.0
rep_parity8_r03,rep,parity8,0,1,False,2,5,44,,aa19deec1996c16b,44,0.3010299956639812,40.0,40,18.02069326644547,0.4393449125789564,0.8749085674601064,33.0
rep_parity8_r03,rep,parity8,0,1,False,2,5,44,,aa19deec1996c16b,44,0.3010299956639812,,44,18.616361121168165,0.44765540894564354,0.8771661362308579,33.0
rep_parity8_r04,rep,parity8,0,1,True,1,3,44,,50f07f9d983bc9c3,44,0.0,10.0,10,7.044920950093361,0.23916607523248753,0.850181084739479,10.0
rep_parity8_r04,rep,parity8,0,1,True,1,3,44,,50f07f9d983bc9c3,44,0.0,20.0,20,11.899614136023494,0.3696782813841687,0.869531833138501,20.0
rep_parity8_r04,rep,parity8,0,1,True,1,3,44,,50f07f9d983bc9c3,44,0.0,30.0,30,13.786533126418998,0.44957737454723506,0.8785754188287784,30.0
rep_parity8_r04,rep,parity8,0,1,True,1,3,44,,50f07f9d983bc9c3,44,0.0,40.0,40,14.494587066376322,0.48658111909588825,0.8795368144247852,34.0
rep_parity8_r04,rep,parity8,0,1,True,1,3,44,,50f07f9d983bc9c3,44,0.0,,44,13.698841051933794,0.4987334840434798,0.8824818278299457,34.0
rep_parity8_r05,rep,parity8,0,1,True,1,5,44,,7410843ee2becf68,44,0.0,10.0,10,7.616895737752404,0.18382249197457035,0.8545193766316473,10.0
rep_parity8_r05,rep,parity8,0,1,True,1,5,44,,7410843ee2becf68,44,0.0,20.0,20,12.672427561006081,0.3142563101645397,0.8711920614872782,20.0
rep_parity8_r05,rep,parity8,0,1,True,1,5,44,,7410843ee2becf68,44,0.0,30.0,30,14.107618792210205,0.40493551403221484,0.8782635037984965,30.0
rep_parity8_r05,rep,parity8,0,1,True,1,5,44,,7410843ee2becf68,44,0.0,40.0,40,13.433573985937187,0.44532667514720753,0.8816418631324074,35.0
rep_parity8_r05,rep,parity8,0,1,True,1,5,44,,7410843ee2becf68,44,0.0,,44,12.282817144427163,0.4595530094819807,0.8850173329735158,35.0
rep_parity8_r06,rep,parity8,0,1,False,2,1,44,,e0f6c836d29ffc5f,44,0.3010299956639812,10.0,10,7.310833464250277,0.1965949178829232,0.8576225572833094,10.0
rep_parity8_r06,rep,parity8,0,1,False,2,1,44,,e0f6c836d29ffc5f,44,0.3010299956639812,20.0,20,12.785236072423798,0.3174982923783931,0.8720556434424134,20.0
rep_parity8_r06,rep,parity8,0,1,False,2,1,44,,e0f6c836d29ffc5f,44,0.3010299956639812,30.0,30,14.541264506445891,0.4163432232004571,0.8795700474591253,30.0
rep_parity8_r06,rep,parity8,0,1,False,2,1,44,,e0f6c836d29ffc5f,44,0.3010299956639812,40.0,40,14.315263714224717,0.4576403643772265,0.8797250073290515,35.0
rep_parity8_r06,rep,parity8,0,1,False,2,1,44,,e0f6c836d29ffc5f,44,0.3010299956639812,,44,13.429922656283708,0.47132411770993576,0.8825794263196722,35.0
rep_parity8_r07,rep,parity8,0,1,True,1,2,44,,0de42dd8e2240336,44,0.0,10.0,10,6.852708399676602,0.2394067332366382,0.853656299930417,10.0
rep_parity8_r07,rep,parity8,0,1,True,1,2,44,,0de42dd8e2240336,44,0.0,20.0,20,11.717001468959978,0.3273105773373896,0.8726178763332579,20.0
rep_parity8_r07,rep,parity8,0,1,True,1,2,44,,0de42dd8e2240336,44,0.0,30.0,30,12.492540126961083,0.42295226847371714,0.8830352315291973,30.0
rep_parity8_r07,rep,parity8,0,1,True,1,2,44,,0de42dd8e2240336,44,0.0,40.0,40,11.850995037722912,0.4682322131667692,0.8830034576583239,36.0
rep_parity8_r07,rep,parity8,0,1,True,1,2,44,,0de42dd8e2240336,44,0.0,,44,11.120837436222379,0.48034707847778824,0.8852908611835857,36.0
rep_parity8_r08,rep,parity8,0,1,False,2,2,44,,43ecd0514c14c0e4,42,0.3010299956639812,10.0,10,7.410428570411757,0.2242332441356027,0.8448805596584676,10.0
rep_parity8_r08,rep,parity8,0,1,False,2,2,44,,43ecd0514c14c0e4,42,0.3010299956639812,20.0,20,11.966131412513224,0.3261604598217412,0.8738234753732822,20.0
rep_parity8_r08,rep,parity8,0,1,False,2,2,44,,43ecd0514c14c0e4,42,0.3010299956639812,30.0,30,14.949146589065686,0.4128397724590443,0.8805613410337969,30.0
rep_parity8_r08,rep,parity8,0,1,False,2,2,44,,43ecd0514c14c0e4,42,0.3010299956639812,40.0,40,15.335855640451486,0.4678191235128064,0.8837954088747476,36.0
rep_parity8_r08,rep,parity8,0,1,False,2,2,44,,43ecd0514c14c0e4,42,0.3010299956639812,,42,15.000041554527781,0.47652754257303487,0.884363359363515,36.0
rep_parity8_r09,rep,parity8,0,1,False,2,7,44,,5441e3873ecea902,44,0.3010299956639812,10.0,10,6.811383417999644,0.24288508063364306,0.8567662570441534,10.0
rep_parity8_r09,rep,parity8,0,1,False,2,7,44,,5441e3873ecea902,44,0.3010299956639812,20.0,20,11.746453380698155,0.34829802391250336,0.8692216568066303,20.0
rep_parity8_r09,rep,parity8,0,1,False,2,7,44,,5441e3873ecea902,44,0.3010299956639812,30.0,30,12.278781713845648,0.4400085997740232,0.8820359239812331,30.0
rep_parity8_r09,rep,parity8,0,1,False,2,7,44,,5441e3873ecea902,44,0.3010299956639812,40.0,40,12.319515023260276,0.4698281057752037,0.8817020868923946,36.0
rep_parity8_r09,rep,parity8,0,1,False,2,7,44,,5441e3873ecea902,44,0.3010299956639812,,44,11.843623878178548,0.4824817535054222,0.8836661107081373,36.0
rep_count_mod3_r00,rep,count_mod3,0,2,False,6,4,42,,b851456469560e73,46,0.7781512503836436,10.0,10,7.329861905090158,0.2687548155240592,0.8413418775395911,10.0
rep_count_mod3_r00,rep,count_mod3,0,2,False,6,4,42,,b851456469560e73,46,0.7781512503836436,20.0,20,12.388574845191672,0.32782710356403233,0.868351419321203,20.0
rep_count_mod3_r00,rep,count_mod3,0,2,False,6,4,42,,b851456469560e73,46,0.7781512503836436,30.0,30,14.33885878389741,0.3426404031095314,0.8763197715280059,30.0
rep_count_mod3_r00,rep,count_mod3,0,2,False,6,4,42,,b851456469560e73,46,0.7781512503836436,40.0,40,13.980820119059976,0.31060625209633036,0.8779732510042834,33.0
rep_count_mod3_r00,rep,count_mod3,0,2,False,6,4,42,,b851456469560e73,46,0.7781512503836436,,46,13.12479742402961,0.28658993071840433,0.8798223411235461,33.0
rep_count_mod3_r01,rep,count_mod3,0,2,False,3,2,42,,f0e2d57eedb3fe93,46,0.47712125471966244,10.0,10,7.485466156677476,0.2217731454636333,0.8424485521741237,10.0
rep_count_mod3_r01,rep,count_mod3,0,2,False,3,2,42,,f0e2d57eedb3fe93,46,0.47712125471966244,20.0,20,13.278375036152278,0.3137324284330773,0.860109037264229,20.0
rep_count_mod3_r01,rep,count_mod3,0,2,False,3,2,42,,f0e2d57eedb3fe93,46,0.47712125471966244,30.0,30,14.713919322628207,0.37179678418164647,0.8669291798365076,30.0
rep_count_mod3_r01,rep,count_mod3,0,2,False,3,2,42,,f0e2d57eedb3fe93,46,0.47712125471966244,40.0,40,15.722602834469255,0.36496937875274643,0.8689564979673714,31.0
rep_count_mod3_r01,rep,count_mod3,0,2,False,3,2,42,,f0e2d57eedb3fe93,46,0.47712125471966244,,46,15.00065557055752,0.34673002265670816,0.8719700183454004,31.0
rep_count_mod3_r02,rep,count_mod3,0,2,False,4,2,42,,fdc00c4be7857cd2,46,0.6020599913279624,10.0,10,7.694068776684469,0.18770830728874308,0.8502523292277855,10.0
rep_count_mod3_r02,rep,count_mod3,0,2,False,4,2,42,,fdc00c4be7857cd2,46,0.6020599913279624,20.0,20,11.60875599815979,0.21662530564796487,0.8803237314572472,20.0
rep_count_mod3_r02,rep,count_mod3,0,2,False,4,2,42,,fdc00c4be7857cd2,46,0.6020599913279624,30.0,30,12.089375632342428,0.2299544623602402,0.8783514659850028,30.0
rep_count_mod3_r02,rep,count_mod3,0,2,False,4,2,42,,fdc00c4be7857cd2,46,0.6020599913279624,40.0,40,10.559640801264075,0.19801910701426664,0.8780216892112395,34.0
rep_count_mod3_r02,rep,count_mod3,0,2,False,4,2,42,,fdc00c4be7857cd2,46,0.6020599913279624,,46,9.574283573920184,0.17594934454023567,0.8796640657171243,34.0
rep_count_mod3_r03,rep,count_mod3,0,2,False,2,3,42,,79024570c5c2e305,46,0.3010299956639812,10.0,10,8.065824912057616,0.16027569358156124,0.8400881573025356,10.0
rep_count_mod3_r03,rep,count_mod3,0,2,False,2,3,42,,79024570c5c2e305,46,0.3010299956639812,20.0,20,13.560660364351616,0.26029204818836527,0.8698874737720397,20.0
rep_count_mod3_r03,rep,count_mod3,0,2,False,2,3,42,,79024570c5c2e305,46,0.3010299956639812,30.0,30,15.106858653257564,0.3128477668818863,0.8802454536924291,30.0
rep_count_mod3_r03,rep,count_mod3,0,2,False,2,3,42,,79024570c5c2e305,46,0.3010299956639812,40.0,40,13.759397722267842,0.3047626530521084,0.8827461547136998,35.0
rep_count_mod3_r03,rep,count_mod3,0,2,False,2,3,42,,79024570c5c2e305,46,0.3010299956639812,,46,12.129521794019809,0.29381655869416035,0.8845558325551105,35.0
rep_count_mod3_r04,rep,count_mod3,0,2,True,1,2,42,,2c00d68ea946d8f6,46,0.0,10.0,10,7.370158739195603,0.24911144804512,0.8506970192210317,10.0
rep_count_mod3_r04,rep,count_mod3,0,2,True,1,2,42,,2c00d68ea946d8f6,46,0.0,20.0,20,12.295972979670108,0.26660059698204336,0.8783028242642611,20.0
rep_count_mod3_r04,rep,count_mod3,0,2,True,1,2,42,,2c00d68ea946d8f6,46,0.0,30.0,30,12.728404510106252,0.26336495933406856,0.8837165149996464,30.0
rep_count_mod3_r04,rep,count_mod3,0,2,True,1,2,42,,2c00d68ea946d8f6,46,0.0,40.0,40,12.094251758331795,0.24752027729206733,0.8835581880253263,35.0
rep_count_mod3_r04,rep,count_mod3,0,2,True,1,2,42,,2c00d68ea946d8f6,46,0.0,,46,11.179045166047436,0.23406848342310527,0.8853317498319819,35.0
rep_count_mod3_r05,rep,count_mod3,0,2,False,2,3,42,,c6fe292191f25655,46,0.3010299956639812,10.0,10,7.942881726814913,0.20863196893862043,0.8356922471378616,10.0
rep_count_mod3_r05,rep,count_mod3,0,2,False,2,3,42,,c6fe292191f25655,46,0.3010299956639812,20.0,20,13.783404452987613,0.289989987810697,0.8644564818334993,20.0
rep_count_mod3_r05,rep,count_mod3,0,2,False,2,3,42,,c6fe292191f25655,46,0.3010299956639812,30.0,30,14.070474152157393,0.30413340902521946,0.8820224849279114,30.0
rep_count_mod3_r05,rep,count_mod3,0,2,False,2,3,42,,c6fe292191f25655,46,0.3010299956639812,40.0,40,11.233322574565772,0.29472067839754645,0.8864291047830413,37.0
rep_count_mod3_r05,rep,count_mod3,0,2,False,2,3,42,,c6fe292191f25655,46,0.3010299956639812,,46,9.677937134561361,0.28614296410635615,0.8884226979429636,37.0
rep_count_mod3_r06,rep,count_mod3,0,2,False,2,3,42,,62c907a8b9ece302,47,0.3010299956639812,10.0,10,7.2113646176424915,0.25386695141332494,0.8423469386611638,10.0
rep_count_mod3_r06,rep,count_mod3,0,2,False,2,3,42,,62c907a8b9ece302,47,0.3010299956639812,20.0,20,12.80345033806105,0.3472564768315944,0.8680192611433069,20.0
rep_count_mod3_r06,rep,count_mod3,0,2,False,2,3,42,,62c907a8b9ece302,47,0.3010299956639812,30.0,30,15.389549649535304,0.3931249175382885,0.8726350611285505,30.0
rep_count_mod3_r06,rep,count_mod3,0,2,False,2,3,42,,62c907a8b9ece302,47,0.3010299956639812,40.0,40,15.527458368118365,0.3800974231969154,0.8747075403599656,33.0
rep_count_mod3_r06,rep,count_mod3,0,2,False,2,3,42,,62c907a8b9ece302,47,0.3010299956639812,,47,14.32199813926669,0.35954902984945664,0.8777000737893846,33.0
rep_count_mod3_r07,rep,count_mod3,0,2,False,2,3,42,,58cac73d4bd1052a,46,0.3010299956639812,10.0,10,7.838653262773761,0.23518318265771576,0.836845787174894,10.0
rep_count_mod3_r07,rep,count_mod3,0,2,False,2,3,42,,58cac73d4bd1052a,46,0.3010299956639812,20.0,20,12.87558648504613,0.346846716879035,0.8665296502435954,20.0
rep_count_mod3_r07,rep,count_mod3,0,2,False,2,3,42,,58cac73d4bd1052a,46,0.3010299956639812,30.0,30,15.062316325238283,0.41080480811594333,0.8759357300824124,30.0
rep_count_mod3_r07,rep,count_mod3,0,2,False,2,3,42,,58cac73d4bd1052a,46,0.3010299956639812,40.0,40,16.493758310370975,0.39990947090381423,0.8746774969561373,33.0
rep_count_mod3_r07,rep,count_mod3,0,2,False,2,3,42,,58cac73d4bd1052a,46,0.3010299956639812,,46,15.63002503516097,0.3735739361513993,0.8754904599174065,33.0
rep_count_mod3_r08,rep,count_mod3,0,2,False,3,2,42,,df38d3cebb1abe16,47,0.47712125471966244,10.0,10,7.558371797366559,0.2320482435609067,0.8362979299480522,10.0
rep_count_mod3_r08,rep,count_mod3,0,2,False,3,2,42,,df38d3cebb1abe16,47,0.47712125471966244,20.0,20,12.771002709109107,0.33669822963347584,0.8631046844654666,20.0
rep_count_mod3_r08,rep,count_mod3,0,2,False,3,2,42,,df38d3cebb1abe16,47,0.47712125471966244,30.0,30,15.275172212821307,0.4095176580889558,0.8713958359160033,30.0
rep_count_mod3_r08,rep,count_mod3,0,2,False,3,2,42,,df38d3cebb1abe16,47,0.47712125471966244,40.0,40,16.579758988659517,0.4040269591984977,0.8728437600247381,32.0
rep_count_mod3_r08,rep,count_mod3,0,2,False,3,2,42,,df38d3cebb1abe16,47,0.47712125471966244,,47,15.728849560430127,0.3805429227379938,0.8747886313655695,32.0
rep_count_mod3_r09,rep,count_mod3,0,2,False,2,3,42,,19e90a2627fbaa40,46,0.3010299956639812,10.0,10,7.29824960653336,0.2675652907648456,0.8380472047669102,10.0
rep_count_mod3_r09,rep,count_mod3,0,2,False,2,3,42,,19e90a2627fbaa40,46,0.3010299956639812,20.0,20,12.370344756282266,0.40126994097704355,0.8683978777031431,20.0
rep_count_mod3_r09,rep,count_mod3,0,2,False,2,3,42,,19e90a2627fbaa40,46,0.3010299956639812,30.0,30,14.834764689243473,0.426655903212724,0.8774920121056112,30.0
rep_count_mod3_r09,rep,count_mod3,0,2,False,2,3,42,,19e90a2627fbaa40,46,0.3010299956639812,40.0,40,13.498071045188155,0.4109449414779063,0.8793110777523869,34.0
rep_count_mod3_r09,rep,count_mod3,0,2,False,2,3,42,,19e90a2627fbaa40,46,0.3010299956639812,,46,11.565338567387242,0.39340934992320736,0.8815107598284974,34.0
rep_add1_r00,rep,add1,0,2,True,1,5,18,,e8e2f21456c65170,49,0.0,10.0,10,7.858157136668138,0.1792173805441919,0.8429730593119121,10.0
rep_add1_r00,rep,add1,0,2,True,1,5,18,,e8e2f21456c65170,49,0.0,20.0,20,12.103192223237327,0.33928949740576375,0.8456776441179427,20.0
rep_add1_r00,rep,add1,0,2,True,1,5,18,,e8e2f21456c65170,49,0.0,30.0,30,12.599875181640046,0.45920390759914065,0.8397990793578528,27.0
rep_add1_r00,rep,add1,0,2,True,1,5,18,,e8e2f21456c65170,49,0.0,40.0,40,11.865661018201504,0.5407399032860837,0.8394389141985603,27.0
rep_add1_r00,rep,add1,0,2,True,1,5,18,,e8e2f21456c65170,49,0.0,,49,10.244262520736287,0.5995318184361972,0.8416918193777201,27.0
rep_add1_r01,rep,add1,0,2,True,1,2,18,,cc60873243e92d50,49,0.0,10.0,10,7.649978253902486,0.12789434598964977,0.8610283971189182,10.0
rep_add1_r01,rep,add1,0,2,True,1,2,18,,cc60873243e92d50,49,0.0,20.0,20,12.333565438990057,0.3231004074595711,0.8390463928376464,20.0
rep_add1_r01,rep,add1,0,2,True,1,2,18,,cc60873243e92d50,49,0.0,30.0,30,13.890871204404117,0.4684985949550806,0.8357535102310417,27.0
rep_add1_r01,rep,add1,0,2,True,1,2,18,,cc60873243e92d50,49,0.0,40.0,40,12.767620994243927,0.5616139783299995,0.8370722431563676,27.0
rep_add1_r01,rep,add1,0,2,True,1,2,18,,cc60873243e92d50,49,0.0,,49,9.435417831630295,0.6259795168444028,0.8417205259494365,27.0
rep_add1_r02,rep,add1,0,2,True,1,5,18,,3b0f7632033a2512,49,0.0,10.0,10,7.649384939575644,0.21667608184030474,0.8599188562332157,10.0
rep_add1_r02,rep,add1,0,2,True,1,5,18,,3b0f7632033a2512,49,0.0,20.0,20,12.630774101556936,0.32888362370917895,0.8511398145144958,20.0
rep_add1_r02,rep,add1,0,2,True,1,5,18,,3b0f7632033a2512,49,0.0,30.0,30,15.299504073535145,0.43104630865524796,0.8365570559156073,27.0
rep_add1_r02,rep,add1,0,2,True,1,5,18,,3b0f7632033a2512,49,0.0,40.0,40,15.367666900671532,0.5135064343770636,0.8325409204173542,27.0
rep_add1_r02,rep,add1,0,2,True,1,5,18,,3b0f7632033a2512,49,0.0,,49,13.603580425488998,0.5740298972654084,0.834748232942234,27.0
rep_add1_r03,rep,add1,0,2,True,1,5,18,,0bbb678870aa857a,49,0.0,10.0,10,7.653301306281151,0.11463341995667078,0.8634443083880842,10.0
rep_add1_r03,rep,add1,0,2,True,1,5,18,,0bbb678870aa857a,49,0.0,20.0,20,12.069094719525204,0.3326132617166482,0.8380020414473446,20.0
rep_add1_r03,rep,add1,0,2,True,1,5,18,,0bbb678870aa857a,49,0.0,30.0,30,14.055109047968626,0.4629931731784492,0.8334556512522696,27.0
rep_add1_r03,rep,add1,0,2,True,1,5,18,,0bbb678870aa857a,49,0.0,40.0,40,12.575718552295061,0.5595261149618599,0.8356518620236706,27.0
rep_add1_r03,rep,add1,0,2,True,1,5,18,,0bbb678870aa857a,49,0.0,,49,9.042780533787093,0.6243992044385888,0.8410445342339681,27.0
rep_add1_r04,rep,add1,0,2,True,1,2,18,,c5e715ada73a5643,50,0.0,10.0,10,7.55673156070482,0.11486148422015338,0.8596439365486297,10.0
rep_add1_r04,rep,add1,0,2,True,1,2,18,,c5e715ada73a5643,50,0.0,20.0,20,11.984678783608851,0.3249857183321648,0.8407978572135081,20.0
rep_add1_r04,rep,add1,0,2,True,1,2,18,,c5e715ada73a5643,50,0.0,30.0,30,13.56225015241444,0.44531980375933056,0.8339860902361159,26.0
rep_add1_r04,rep,add1,0,2,True,1,2,18,,c5e715ada73a5643,50,0.0,40.0,40,13.162373846797559,0.5224516770685266,0.833629357297216,26.0
rep_add1_r04,rep,add1,0,2,True,1,2,18,,c5e715ada73a5643,50,0.0,,50,12.014623610635223,0.5823365663860612,0.8370523015254334,26.0
rep_add1_r05,rep,add1,0,2,True,1,5,18,,c8e8a42208a2ca00,49,0.0,10.0,10,8.08938527793271,0.174742178135215,0.8424035903769995,10.0
rep_add1_r05,rep,add1,0,2,True,1,5,18,,c8e8a42208a2ca00,49,0.0,20.0,20,12.725183974651864,0.360025133667762,0.8359028347471342,20.0
rep_add1_r05,rep,add1,0,2,True,1,5,18,,c8e8a42208a2ca00,49,0.0,30.0,30,14.829406247774747,0.4826273392361503,0.833718035546344,26.0
rep_add1_r05,rep,add1,0,2,True,1,5,18,,c8e8a42208a2ca00,49,0.0,40.0,40,13.85922296957081,0.5662440558610271,0.8354436564429526,26.0
rep_add1_r05,rep,add1,0,2,True,1,5,18,,c8e8a42208a2ca00,49,0.0,,49,10.205272902687879,0.627346593122913,0.8410253350498651,26.0
rep_add1_r06,rep,add1,0,2,True,1,2,18,,e0c94cb2be1da546,49,0.0,10.0,10,7.765661300423924,0.10057247502338977,0.8534365864012915,10.0
rep_add1_r06,rep,add1,0,2,True,1,2,18,,e0c94cb2be1da546,49,0.0,20.0,20,12.242909373962979,0.3142356636097903,0.8364811338967628,20.0
rep_add1_r06,rep,add1,0,2,True,1,2,18,,e0c94cb2be1da546,49,0.0,30.0,30,14.706914544024869,0.45654748169405013,0.8310234548151236,26.0
rep_add1_r06,rep,add1,0,2,True,1,2,18,,e0c94cb2be1da546,49,0.0,40.0,40,13.685484888272239,0.5546840822652868,0.8344369811506457,26.0
rep_add1_r06,rep,add1,0,2,True,1,2,18,,e0c94cb2be1da546,49,0.0,,49,10.140485050454549,0.6199568263902718,0.8398738844702782,26.0
rep_add1_r07,rep,add1,0,2,False,2,2,18,,38083c02ff3b9335,49,0.3010299956639812,10.0,10,7.75539903412732,0.10182994774637748,0.8526965210973891,10.0
rep_add1_r07,rep,add1,0,2,False,2,2,18,,38083c02ff3b9335,49,0.3010299956639812,20.0,20,11.842022456980139,0.3513096779606916,0.8309638948824539,20.0
rep_add1_r07,rep,add1,0,2,False,2,2,18,,38083c02ff3b9335,49,0.3010299956639812,30.0,30,12.706663584109606,0.49019238659917974,0.8330923029387528,27.0
rep_add1_r07,rep,add1,0,2,False,2,2,18,,38083c02ff3b9335,49,0.3010299956639812,40.0,40,10.29205578753992,0.5859859776060394,0.8385405638849959,27.0
rep_add1_r07,rep,add1,0,2,False,2,2,18,,38083c02ff3b9335,49,0.3010299956639812,,49,7.046070592921136,0.6517858997793294,0.8452931807525119,27.0
rep_add1_r08,rep,add1,0,2,True,1,5,18,,5ac2d42a163dffae,50,0.0,10.0,10,8.091762546797435,0.13260303483075234,0.8472213622898243,10.0
rep_add1_r08,rep,add1,0,2,True,1,5,18,,5ac2d42a163dffae,50,0.0,20.0,20,12.978213807346208,0.30961244621124484,0.8358548587489087,20.0
rep_add1_r08,rep,add1,0,2,True,1,5,18,,5ac2d42a163dffae,50,0.0,30.0,30,15.827701027799007,0.44838989619974723,0.8329846678016287,26.0
rep_add1_r08,rep,add1,0,2,True,1,5,18,,5ac2d42a163dffae,50,0.0,40.0,40,14.553557278829699,0.5451899743583974,0.8326472767541108,26.0
rep_add1_r08,rep,add1,0,2,True,1,5,18,,5ac2d42a163dffae,50,0.0,,50,9.538737207098686,0.6220665377444033,0.8390412209355583,26.0
rep_add1_r09,rep,add1,0,2,True,1,5,18,,ed8f0619776a5ef9,49,0.0,10.0,10,7.911941705196613,0.20229710028767003,0.8455689001890123,10.0
rep_add1_r09,rep,add1,0,2,True,1,5,18,,ed8f0619776a5ef9,49,0.0,20.0,20,11.995238056097895,0.3862728500914098,0.8427035111641612,20.0
rep_add1_r09,rep,add1,0,2,True,1,5,18,,ed8f0619776a5ef9,49,0.0,30.0,30,13.97819212960304,0.4975099748113033,0.8379250869532332,27.0
rep_add1_r09,rep,add1,0,2,True,1,5,18,,ed8f0619776a5ef9,49,0.0,40.0,40,14.835912615109248,0.568144006171206,0.8346613693391497,27.0
rep_add1_r09,rep,add1,0,2,True,1,5,18,,ed8f0619776a5ef9,49,0.0,,49,12.856034037799933,0.6231605099281231,0.8377624649760177,27.0
rep_echo_digit_r00,rep,echo_digit,0,4,True,1,4,21,,dd9da5c4fad60e58,48,0.0,10.0,10,7.588916088734456,0.1426139795851578,0.8650624506091095,10.0
rep_echo_digit_r00,rep,echo_digit,0,4,True,1,4,21,,dd9da5c4fad60e58,48,0.0,20.0,20,10.352326371934247,0.12023788277133032,0.8576305586232895,20.0
rep_echo_digit_r00,rep,echo_digit,0,4,True,1,4,21,,dd9da5c4fad60e58,48,0.0,30.0,30,9.960060895497854,0.14420319438903662,0.8625505168696347,30.0
rep_echo_digit_r00,rep,echo_digit,0,4,True,1,4,21,,dd9da5c4fad60e58,48,0.0,40.0,40,10.539613795380735,0.21226519095946159,0.8627992293664789,31.0
rep_echo_digit_r00,rep,echo_digit,0,4,True,1,4,21,,dd9da5c4fad60e58,48,0.0,,48,10.811646129451567,0.2698801260444497,0.8637276026124248,31.0
rep_echo_digit_r01,rep,echo_digit,0,4,True,1,5,21,,8af01926b2fc9ef8,48,0.0,10.0,10,8.003351254726075,0.08695149836967031,0.8542266402053799,10.0
rep_echo_digit_r01,rep,echo_digit,0,4,True,1,5,21,,8af01926b2fc9ef8,48,0.0,20.0,20,8.8284398778832,0.0417693624127643,0.8628658523476721,20.0
rep_echo_digit_r01,rep,echo_digit,0,4,True,1,5,21,,8af01926b2fc9ef8,48,0.0,30.0,30,7.40317357235243,0.03603246401366275,0.8638052751399029,30.0
rep_echo_digit_r01,rep,echo_digit,0,4,True,1,5,21,,8af01926b2fc9ef8,48,0.0,40.0,40,7.312159819926057,0.07603062261732295,0.863443484898268,32.0
rep_echo_digit_r01,rep,echo_digit,0,4,True,1,5,21,,8af01926b2fc9ef8,48,0.0,,48,7.642953700098105,0.12402462382037126,0.8631941997855318,32.0
rep_echo_digit_r02,rep,echo_digit,0,4,True,1,2,21,,871e1b8322213252,49,0.0,10.0,10,7.916211080559201,0.05379533495704087,0.8622911036133395,10.0
rep_echo_digit_r02,rep,echo_digit,0,4,True,1,2,21,,871e1b8322213252,49,0.0,20.0,20,7.980910022882138,-0.015023778464642465,0.8742213687199651,20.0
rep_echo_digit_r02,rep,echo_digit,0,4,True,1,2,21,,871e1b8322213252,49,0.0,30.0,30,6.0895816047857725,-0.04545894227466262,0.8717626950773734,30.0
rep_echo_digit_r02,rep,echo_digit,0,4,True,1,2,21,,871e1b8322213252,49,0.0,40.0,40,5.547443059771001,-0.03092804725383325,0.8663133568200649,33.0
rep_echo_digit_r02,rep,echo_digit,0,4,True,1,2,21,,871e1b8322213252,49,0.0,,49,5.663482943955037,0.013808853914329436,0.8644731223680746,33.0
rep_echo_digit_r03,rep,echo_digit,0,4,True,1,2,21,,f5e37716c0c2af16,49,0.0,10.0,10,7.109217420615998,0.01903534739767028,0.8793935108096951,10.0
rep_echo_digit_r03,rep,echo_digit,0,4,True,1,2,21,,f5e37716c0c2af16,49,0.0,20.0,20,6.625548789944343,-0.058407529049351606,0.895556828633649,20.0
rep_echo_digit_r03,rep,echo_digit,0,4,True,1,2,21,,f5e37716c0c2af16,49,0.0,30.0,30,5.502538521805873,-0.08420670401287843,0.8851413155642958,30.0
rep_echo_digit_r03,rep,echo_digit,0,4,True,1,2,21,,f5e37716c0c2af16,49,0.0,40.0,40,5.168364249165784,-0.06228873117752412,0.874515091233514,35.0
rep_echo_digit_r03,rep,echo_digit,0,4,True,1,2,21,,f5e37716c0c2af16,49,0.0,,49,5.168386985121888,-0.023276176719858547,0.869030746970715,35.0
rep_echo_digit_r04,rep,echo_digit,0,4,True,1,2,21,,d7d3bd6d6dd93140,49,0.0,10.0,10,7.718592380542814,0.021198238429509617,0.8652606076366153,10.0
rep_echo_digit_r04,rep,echo_digit,0,4,True,1,2,21,,d7d3bd6d6dd93140,49,0.0,20.0,20,9.016357948360172,0.012365977184509096,0.8607382181182852,20.0
rep_echo_digit_r04,rep,echo_digit,0,4,True,1,2,21,,d7d3bd6d6dd93140,49,0.0,30.0,30,7.008162161067757,-0.00569463808907312,0.8588037167090962,30.0
rep_echo_digit_r04,rep,echo_digit,0,4,True,1,2,21,,d7d3bd6d6dd93140,49,0.0,40.0,40,6.313663955333745,0.01065937702171675,0.8570375540883801,30.0
rep_echo_digit_r04,rep,echo_digit,0,4,True,1,2,21,,d7d3bd6d6dd93140,49,0.0,,49,6.396643314004075,0.05803796265931022,0.8576705690558969,30.0
rep_echo_digit_r05,rep,echo_digit,0,4,True,1,2,21,,37fac3040eed123b,49,0.0,10.0,10,7.621023511221715,0.12638565943486446,0.8439634650690234,10.0
rep_echo_digit_r05,rep,echo_digit,0,4,True,1,2,21,,37fac3040eed123b,49,0.0,20.0,20,8.987540724932513,0.05177713485490979,0.8695517958620907,20.0
rep_echo_digit_r05,rep,echo_digit,0,4,True,1,2,21,,37fac3040eed123b,49,0.0,30.0,30,7.1732170502271435,0.016374921522764287,0.8699975719652575,30.0
rep_echo_digit_r05,rep,echo_digit,0,4,True,1,2,21,,37fac3040eed123b,49,0.0,40.0,40,6.984519284356848,0.05344699072331743,0.867591075742396,31.0
rep_echo_digit_r05,rep,echo_digit,0,4,True,1,2,21,,37fac3040eed123b,49,0.0,,49,7.206180093983283,0.10639896761762108,0.8664783047599411,31.0
rep_echo_digit_r06,rep,echo_digit,0,4,True,1,4,21,,396d0ec931566fa6,49,0.0,10.0,10,8.015756230436889,0.11614934948218814,0.8466251222856608,10.0
rep_echo_digit_r06,rep,echo_digit,0,4,True,1,4,21,,396d0ec931566fa6,49,0.0,20.0,20,10.89227417395126,0.1252414475847859,0.8604164069197083,20.0
rep_echo_digit_r06,rep,echo_digit,0,4,True,1,4,21,,396d0ec931566fa6,49,0.0,30.0,30,9.080374977795964,0.11687170285257548,0.859363878192564,30.0
rep_echo_digit_r06,rep,echo_digit,0,4,True,1,4,21,,396d0ec931566fa6,49,0.0,40.0,40,8.618936453551603,0.15255908087440656,0.8588103617293198,30.0
rep_echo_digit_r06,rep,echo_digit,0,4,True,1,4,21,,396d0ec931566fa6,49,0.0,,49,8.949003370406528,0.2078679844859431,0.8610990752794528,30.0
rep_echo_digit_r07,rep,echo_digit,0,4,True,1,2,21,,54dfb7baf93fc003,49,0.0,10.0,10,7.805069151774732,0.044548415579394346,0.8597008442471378,10.0
rep_echo_digit_r07,rep,echo_digit,0,4,True,1,2,21,,54dfb7baf93fc003,49,0.0,20.0,20,8.460441336069813,-0.0065267690699889955,0.8769837151667558,20.0
rep_echo_digit_r07,rep,echo_digit,0,4,True,1,2,21,,54dfb7baf93fc003,49,0.0,30.0,30,7.027357567934392,-0.014913065553098445,0.8760691424604189,30.0
rep_echo_digit_r07,rep,echo_digit,0,4,True,1,2,21,,54dfb7baf93fc003,49,0.0,40.0,40,6.93656617834237,0.025976633408393426,0.8713245880773143,33.0
rep_echo_digit_r07,rep,echo_digit,0,4,True,1,2,21,,54dfb7baf93fc003,49,0.0,,49,7.167000469747895,0.08133990444967765,0.8688332911300773,33.0
rep_echo_digit_r08,rep,echo_digit,0,4,True,1,2,21,,c908d4936bc8522d,49,0.0,10.0,10,8.199349324835428,0.12036626517675576,0.8501864049955625,10.0
rep_echo_digit_r08,rep,echo_digit,0,4,True,1,2,21,,c908d4936bc8522d,49,0.0,20.0,20,10.331593571630831,0.0990955918712091,0.8632216653048533,20.0
rep_echo_digit_r08,rep,echo_digit,0,4,True,1,2,21,,c908d4936bc8522d,49,0.0,30.0,30,7.795090386169215,0.0482745807388337,0.8639653918704477,30.0
rep_echo_digit_r08,rep,echo_digit,0,4,True,1,2,21,,c908d4936bc8522d,49,0.0,40.0,40,7.267334991028236,0.07524629529800042,0.8629434744574439,31.0
rep_echo_digit_r08,rep,echo_digit,0,4,True,1,2,21,,c908d4936bc8522d,49,0.0,,49,7.53035704428851,0.12780184665549146,0.8632716101741065,31.0
rep_echo_digit_r09,rep,echo_digit,0,4,True,1,2,21,,c98197c963a1f96a,48,0.0,10.0,10,7.863871057077562,0.10544151079028509,0.8598811594658254,10.0
rep_echo_digit_r09,rep,echo_digit,0,4,True,1,2,21,,c98197c963a1f96a,48,0.0,20.0,20,10.142605218946033,0.09329218234854923,0.8622758319721839,20.0
rep_echo_digit_r09,rep,echo_digit,0,4,True,1,2,21,,c98197c963a1f96a,48,0.0,30.0,30,8.334691795684048,0.07630278115782979,0.8664421755792789,30.0
rep_echo_digit_r09,rep,echo_digit,0,4,True,1,2,21,,c98197c963a1f96a,48,0.0,40.0,40,7.962504613655294,0.11048070457060585,0.8652831613063414,32.0
rep_echo_digit_r09,rep,echo_digit,0,4,True,1,2,21,,c98197c963a1f96a,48,0.0,,48,8.214072986175005,0.1636448816206345,0.8655910349882961,32.0
fix_caesar1_word_r00,fix,caesar1_word,0,gcns,False,2166,11,30,20260809.0,8680e33c4b123115,47,3.3356584522893016,10.0,10,8.157566384286145,0.16206177294754368,0.8486746439575614,10.0
fix_caesar1_word_r00,fix,caesar1_word,0,gcns,False,2166,11,30,20260809.0,8680e33c4b123115,47,3.3356584522893016,20.0,20,12.894806845875435,0.14479807676662512,0.8507295856422191,20.0
fix_caesar1_word_r00,fix,caesar1_word,0,gcns,False,2166,11,30,20260809.0,8680e33c4b123115,47,3.3356584522893016,30.0,30,10.4063037783737,0.06359514740062198,0.8593960800914204,30.0
fix_caesar1_word_r00,fix,caesar1_word,0,gcns,False,2166,11,30,20260809.0,8680e33c4b123115,47,3.3356584522893016,40.0,40,7.05238314542548,-0.011322320769506442,0.8671595234689562,31.0
fix_caesar1_word_r00,fix,caesar1_word,0,gcns,False,2166,11,30,20260809.0,8680e33c4b123115,47,3.3356584522893016,,47,5.768577574039381,-0.0498644205241941,0.8725180997936696,31.0
fix_caesar1_word_r01,fix,caesar1_word,0,gcns,False,2166,11,30,20260809.0,8680e33c4b123115,47,3.3356584522893016,10.0,10,8.157566384286145,0.16206177294754368,0.8486746439575614,10.0
fix_caesar1_word_r01,fix,caesar1_word,0,gcns,False,2166,11,30,20260809.0,8680e33c4b123115,47,3.3356584522893016,20.0,20,12.894806845875435,0.14479807676662512,0.8507295856422191,20.0
fix_caesar1_word_r01,fix,caesar1_word,0,gcns,False,2166,11,30,20260809.0,8680e33c4b123115,47,3.3356584522893016,30.0,30,10.4063037783737,0.06359514740062198,0.8593960800914204,30.0
fix_caesar1_word_r01,fix,caesar1_word,0,gcns,False,2166,11,30,20260809.0,8680e33c4b123115,47,3.3356584522893016,40.0,40,7.05238314542548,-0.011322320769506442,0.8671595234689562,31.0
fix_caesar1_word_r01,fix,caesar1_word,0,gcns,False,2166,11,30,20260809.0,8680e33c4b123115,47,3.3356584522893016,,47,5.768577574039381,-0.0498644205241941,0.8725180997936696,31.0
fix_caesar1_word_r02,fix,caesar1_word,0,gcns,False,2166,11,30,20260809.0,8680e33c4b123115,47,3.3356584522893016,10.0,10,8.157566384286145,0.16206177294754368,0.8486746439575614,10.0
fix_caesar1_word_r02,fix,caesar1_word,0,gcns,False,2166,11,30,20260809.0,8680e33c4b123115,47,3.3356584522893016,20.0,20,12.894806845875435,0.14479807676662512,0.8507295856422191,20.0
fix_caesar1_word_r02,fix,caesar1_word,0,gcns,False,2166,11,30,20260809.0,8680e33c4b123115,47,3.3356584522893016,30.0,30,10.4063037783737,0.06359514740062198,0.8593960800914204,30.0
fix_caesar1_word_r02,fix,caesar1_word,0,gcns,False,2166,11,30,20260809.0,8680e33c4b123115,47,3.3356584522893016,40.0,40,7.05238314542548,-0.011322320769506442,0.8671595234689562,31.0
fix_caesar1_word_r02,fix,caesar1_word,0,gcns,False,2166,11,30,20260809.0,8680e33c4b123115,47,3.3356584522893016,,47,5.768577574039381,-0.0498644205241941,0.8725180997936696,31.0
fix_rot13_word_r00,fix,rot13_word,0,uzxq,False,2610,1,26,20260809.0,f27b60b82fd25e41,49,3.416640507338281,10.0,10,7.753871625712022,0.24017510394641153,0.8566052025699935,10.0
fix_rot13_word_r00,fix,rot13_word,0,uzxq,False,2610,1,26,20260809.0,f27b60b82fd25e41,49,3.416640507338281,20.0,20,13.99587518727875,0.23441595677704363,0.8487031257756857,20.0
fix_rot13_word_r00,fix,rot13_word,0,uzxq,False,2610,1,26,20260809.0,f27b60b82fd25e41,49,3.416640507338281,30.0,30,19.15505864475494,0.23324511838103718,0.8348649171671583,26.0
fix_rot13_word_r00,fix,rot13_word,0,uzxq,False,2610,1,26,20260809.0,f27b60b82fd25e41,49,3.416640507338281,40.0,40,21.38154043964776,0.19373405414618725,0.8296047207073651,26.0
fix_rot13_word_r00,fix,rot13_word,0,uzxq,False,2610,1,26,20260809.0,f27b60b82fd25e41,49,3.416640507338281,,49,20.27473444143098,0.15340131529490467,0.8321218029095989,26.0
fix_rot13_word_r01,fix,rot13_word,0,uzxq,False,2610,1,26,20260809.0,f27b60b82fd25e41,49,3.416640507338281,10.0,10,7.753871625712022,0.24017510394641153,0.8566052025699935,10.0
fix_rot13_word_r01,fix,rot13_word,0,uzxq,False,2610,1,26,20260809.0,f27b60b82fd25e41,49,3.416640507338281,20.0,20,13.99587518727875,0.23441595677704363,0.8487031257756857,20.0
fix_rot13_word_r01,fix,rot13_word,0,uzxq,False,2610,1,26,20260809.0,f27b60b82fd25e41,49,3.416640507338281,30.0,30,19.15505864475494,0.23324511838103718,0.8348649171671583,26.0
fix_rot13_word_r01,fix,rot13_word,0,uzxq,False,2610,1,26,20260809.0,f27b60b82fd25e41,49,3.416640507338281,40.0,40,21.38154043964776,0.19373405414618725,0.8296047207073651,26.0
fix_rot13_word_r01,fix,rot13_word,0,uzxq,False,2610,1,26,20260809.0,f27b60b82fd25e41,49,3.416640507338281,,49,20.27473444143098,0.15340131529490467,0.8321218029095989,26.0
fix_rot13_word_r02,fix,rot13_word,0,uzxq,False,2610,1,26,20260809.0,f27b60b82fd25e41,49,3.416640507338281,10.0,10,7.753871625712022,0.24017510394641153,0.8566052025699935,10.0
fix_rot13_word_r02,fix,rot13_word,0,uzxq,False,2610,1,26,20260809.0,f27b60b82fd25e41,49,3.416640507338281,20.0,20,13.99587518727875,0.23441595677704363,0.8487031257756857,20.0
fix_rot13_word_r02,fix,rot13_word,0,uzxq,False,2610,1,26,20260809.0,f27b60b82fd25e41,49,3.416640507338281,30.0,30,19.15505864475494,0.23324511838103718,0.8348649171671583,26.0
fix_rot13_word_r02,fix,rot13_word,0,uzxq,False,2610,1,26,20260809.0,f27b60b82fd25e41,49,3.416640507338281,40.0,40,21.38154043964776,0.19373405414618725,0.8296047207073651,26.0
fix_rot13_word_r02,fix,rot13_word,0,uzxq,False,2610,1,26,20260809.0,f27b60b82fd25e41,49,3.416640507338281,,49,20.27473444143098,0.15340131529490467,0.8321218029095989,26.0
fix_count16_r00,fix,count16,0,7,False,13,3,40,20260809.0,9e07c04749c89d5e,41,1.1139433523068367,10.0,10,7.269700268901512,0.25104538506389246,0.8448685750590358,10.0
fix_count16_r00,fix,count16,0,7,False,13,3,40,20260809.0,9e07c04749c89d5e,41,1.1139433523068367,20.0,20,11.325588525848612,0.4687577892183242,0.8720409699359843,20.0
fix_count16_r00,fix,count16,0,7,False,13,3,40,20260809.0,9e07c04749c89d5e,41,1.1139433523068367,30.0,30,12.865718390948093,0.581257747003991,0.8899397794989716,30.0
fix_count16_r00,fix,count16,0,7,False,13,3,40,20260809.0,9e07c04749c89d5e,41,1.1139433523068367,40.0,40,12.47202235764752,0.6612624617769881,0.9073191816884195,40.0
fix_count16_r00,fix,count16,0,7,False,13,3,40,20260809.0,9e07c04749c89d5e,41,1.1139433523068367,,41,12.60316622871701,0.6668090848632875,0.9078759334306703,41.0
fix_count16_r01,fix,count16,0,7,False,13,3,40,20260809.0,9e07c04749c89d5e,41,1.1139433523068367,10.0,10,7.269700268901512,0.25104538506389246,0.8448685750590358,10.0
fix_count16_r01,fix,count16,0,7,False,13,3,40,20260809.0,9e07c04749c89d5e,41,1.1139433523068367,20.0,20,11.325588525848612,0.4687577892183242,0.8720409699359843,20.0
fix_count16_r01,fix,count16,0,7,False,13,3,40,20260809.0,9e07c04749c89d5e,41,1.1139433523068367,30.0,30,12.865718390948093,0.581257747003991,0.8899397794989716,30.0
fix_count16_r01,fix,count16,0,7,False,13,3,40,20260809.0,9e07c04749c89d5e,41,1.1139433523068367,40.0,40,12.47202235764752,0.6612624617769881,0.9073191816884195,40.0
fix_count16_r01,fix,count16,0,7,False,13,3,40,20260809.0,9e07c04749c89d5e,41,1.1139433523068367,,41,12.60316622871701,0.6668090848632875,0.9078759334306703,41.0
fix_count16_r02,fix,count16,0,7,False,13,3,40,20260809.0,9e07c04749c89d5e,41,1.1139433523068367,10.0,10,7.269700268901512,0.25104538506389246,0.8448685750590358,10.0
fix_count16_r02,fix,count16,0,7,False,13,3,40,20260809.0,9e07c04749c89d5e,41,1.1139433523068367,20.0,20,11.325588525848612,0.4687577892183242,0.8720409699359843,20.0
fix_count16_r02,fix,count16,0,7,False,13,3,40,20260809.0,9e07c04749c89d5e,41,1.1139433523068367,30.0,30,12.865718390948093,0.581257747003991,0.8899397794989716,30.0
fix_count16_r02,fix,count16,0,7,False,13,3,40,20260809.0,9e07c04749c89d5e,41,1.1139433523068367,40.0,40,12.47202235764752,0.6612624617769881,0.9073191816884195,40.0
fix_count16_r02,fix,count16,0,7,False,13,3,40,20260809.0,9e07c04749c89d5e,41,1.1139433523068367,,41,12.60316622871701,0.6668090848632875,0.9078759334306703,41.0
fix_local_last_r00,fix,local_last,0,Subtract,False,2,16,46,20260809.0,cf2c360f041dd69e,47,0.3010299956639812,10.0,10,7.671720319108406,0.21653720624419803,0.8816369064227859,10.0
fix_local_last_r00,fix,local_last,0,Subtract,False,2,16,46,20260809.0,cf2c360f041dd69e,47,0.3010299956639812,20.0,20,12.25808306145502,0.33474853171157104,0.8738405075255157,20.0
fix_local_last_r00,fix,local_last,0,Subtract,False,2,16,46,20260809.0,cf2c360f041dd69e,47,0.3010299956639812,30.0,30,15.615744424545621,0.3934876948270668,0.8793455573919637,30.0
fix_local_last_r00,fix,local_last,0,Subtract,False,2,16,46,20260809.0,cf2c360f041dd69e,47,0.3010299956639812,40.0,40,15.546739108257528,0.4065428441266968,0.8867051048679501,39.0
fix_local_last_r00,fix,local_last,0,Subtract,False,2,16,46,20260809.0,cf2c360f041dd69e,47,0.3010299956639812,,47,13.629868076442541,0.4014515177353716,0.892058486632191,39.0
fix_local_last_r01,fix,local_last,0,Subtract,False,2,16,46,20260809.0,cf2c360f041dd69e,47,0.3010299956639812,10.0,10,7.671720319108406,0.21653720624419803,0.8816369064227859,10.0
fix_local_last_r01,fix,local_last,0,Subtract,False,2,16,46,20260809.0,cf2c360f041dd69e,47,0.3010299956639812,20.0,20,12.25808306145502,0.33474853171157104,0.8738405075255157,20.0
fix_local_last_r01,fix,local_last,0,Subtract,False,2,16,46,20260809.0,cf2c360f041dd69e,47,0.3010299956639812,30.0,30,15.615744424545621,0.3934876948270668,0.8793455573919637,30.0
fix_local_last_r01,fix,local_last,0,Subtract,False,2,16,46,20260809.0,cf2c360f041dd69e,47,0.3010299956639812,40.0,40,15.546739108257528,0.4065428441266968,0.8867051048679501,39.0
fix_local_last_r01,fix,local_last,0,Subtract,False,2,16,46,20260809.0,cf2c360f041dd69e,47,0.3010299956639812,,47,13.629868076442541,0.4014515177353716,0.892058486632191,39.0
fix_local_last_r02,fix,local_last,0,Subtract,False,2,16,46,20260809.0,cf2c360f041dd69e,47,0.3010299956639812,10.0,10,7.671720319108406,0.21653720624419803,0.8816369064227859,10.0
fix_local_last_r02,fix,local_last,0,Subtract,False,2,16,46,20260809.0,cf2c360f041dd69e,47,0.3010299956639812,20.0,20,12.25808306145502,0.33474853171157104,0.8738405075255157,20.0
fix_local_last_r02,fix,local_last,0,Subtract,False,2,16,46,20260809.0,cf2c360f041dd69e,47,0.3010299956639812,30.0,30,15.615744424545621,0.3934876948270668,0.8793455573919637,30.0
fix_local_last_r02,fix,local_last,0,Subtract,False,2,16,46,20260809.0,cf2c360f041dd69e,47,0.3010299956639812,40.0,40,15.546739108257528,0.4065428441266968,0.8867051048679501,39.0
fix_local_last_r02,fix,local_last,0,Subtract,False,2,16,46,20260809.0,cf2c360f041dd69e,47,0.3010299956639812,,47,13.629868076442541,0.4014515177353716,0.892058486632191,39.0
fix_parity8_r00,fix,parity8,0,1,False,2,5,44,20260809.0,04c6b96d87efb2ac,44,0.3010299956639812,10.0,10,7.475542002451601,0.21406076189646062,0.8375584897210931,10.0
fix_parity8_r00,fix,parity8,0,1,False,2,5,44,20260809.0,04c6b96d87efb2ac,44,0.3010299956639812,20.0,20,11.55050646520666,0.36871522645631766,0.8697723926532879,20.0
fix_parity8_r00,fix,parity8,0,1,False,2,5,44,20260809.0,04c6b96d87efb2ac,44,0.3010299956639812,30.0,30,11.474123329097853,0.4563279313985623,0.8848966100602971,30.0
fix_parity8_r00,fix,parity8,0,1,False,2,5,44,20260809.0,04c6b96d87efb2ac,44,0.3010299956639812,40.0,40,10.491000855862694,0.4856335052956863,0.8878246662313276,36.0
fix_parity8_r00,fix,parity8,0,1,False,2,5,44,20260809.0,04c6b96d87efb2ac,44,0.3010299956639812,,44,9.808435226528127,0.4934804873774409,0.8903355710556322,36.0
fix_parity8_r01,fix,parity8,0,1,False,2,5,44,20260809.0,04c6b96d87efb2ac,44,0.3010299956639812,10.0,10,7.475542002451601,0.21406076189646062,0.8375584897210931,10.0
fix_parity8_r01,fix,parity8,0,1,False,2,5,44,20260809.0,04c6b96d87efb2ac,44,0.3010299956639812,20.0,20,11.55050646520666,0.36871522645631766,0.8697723926532879,20.0
fix_parity8_r01,fix,parity8,0,1,False,2,5,44,20260809.0,04c6b96d87efb2ac,44,0.3010299956639812,30.0,30,11.474123329097853,0.4563279313985623,0.8848966100602971,30.0
fix_parity8_r01,fix,parity8,0,1,False,2,5,44,20260809.0,04c6b96d87efb2ac,44,0.3010299956639812,40.0,40,10.491000855862694,0.4856335052956863,0.8878246662313276,36.0
fix_parity8_r01,fix,parity8,0,1,False,2,5,44,20260809.0,04c6b96d87efb2ac,44,0.3010299956639812,,44,9.808435226528127,0.4934804873774409,0.8903355710556322,36.0
fix_parity8_r02,fix,parity8,0,1,False,2,5,44,20260809.0,04c6b96d87efb2ac,44,0.3010299956639812,10.0,10,7.475542002451601,0.21406076189646062,0.8375584897210931,10.0
fix_parity8_r02,fix,parity8,0,1,False,2,5,44,20260809.0,04c6b96d87efb2ac,44,0.3010299956639812,20.0,20,11.55050646520666,0.36871522645631766,0.8697723926532879,20.0
fix_parity8_r02,fix,parity8,0,1,False,2,5,44,20260809.0,04c6b96d87efb2ac,44,0.3010299956639812,30.0,30,11.474123329097853,0.4563279313985623,0.8848966100602971,30.0
fix_parity8_r02,fix,parity8,0,1,False,2,5,44,20260809.0,04c6b96d87efb2ac,44,0.3010299956639812,40.0,40,10.491000855862694,0.4856335052956863,0.8878246662313276,36.0
fix_parity8_r02,fix,parity8,0,1,False,2,5,44,20260809.0,04c6b96d87efb2ac,44,0.3010299956639812,,44,9.808435226528127,0.4934804873774409,0.8903355710556322,36.0
fix_count_mod3_r00,fix,count_mod3,0,2,False,5,2,42,20260809.0,bf96cd36e337353e,47,0.6989700043360189,10.0,10,7.709158543790239,0.21759915137625038,0.8374453444451074,10.0
fix_count_mod3_r00,fix,count_mod3,0,2,False,5,2,42,20260809.0,bf96cd36e337353e,47,0.6989700043360189,20.0,20,13.157001043893345,0.33239270660698833,0.8696747051991599,20.0
fix_count_mod3_r00,fix,count_mod3,0,2,False,5,2,42,20260809.0,bf96cd36e337353e,47,0.6989700043360189,30.0,30,15.83383626779257,0.3946507883736357,0.8734028887672142,30.0
fix_count_mod3_r00,fix,count_mod3,0,2,False,5,2,42,20260809.0,bf96cd36e337353e,47,0.6989700043360189,40.0,40,16.802444748289307,0.38000267685490696,0.8732189657944618,32.0
fix_count_mod3_r00,fix,count_mod3,0,2,False,5,2,42,20260809.0,bf96cd36e337353e,47,0.6989700043360189,,47,15.737803614600995,0.3542366723391974,0.8753634281448807,32.0
fix_count_mod3_r01,fix,count_mod3,0,2,False,5,2,42,20260809.0,bf96cd36e337353e,47,0.6989700043360189,10.0,10,7.709158543790239,0.21759915137625038,0.8374453444451074,10.0
fix_count_mod3_r01,fix,count_mod3,0,2,False,5,2,42,20260809.0,bf96cd36e337353e,47,0.6989700043360189,20.0,20,13.157001043893345,0.33239270660698833,0.8696747051991599,20.0
fix_count_mod3_r01,fix,count_mod3,0,2,False,5,2,42,20260809.0,bf96cd36e337353e,47,0.6989700043360189,30.0,30,15.83383626779257,0.3946507883736357,0.8734028887672142,30.0
fix_count_mod3_r01,fix,count_mod3,0,2,False,5,2,42,20260809.0,bf96cd36e337353e,47,0.6989700043360189,40.0,40,16.802444748289307,0.38000267685490696,0.8732189657944618,32.0
fix_count_mod3_r01,fix,count_mod3,0,2,False,5,2,42,20260809.0,bf96cd36e337353e,47,0.6989700043360189,,47,15.737803614600995,0.3542366723391974,0.8753634281448807,32.0
fix_count_mod3_r02,fix,count_mod3,0,2,False,5,2,42,20260809.0,bf96cd36e337353e,47,0.6989700043360189,10.0,10,7.709158543790239,0.21759915137625038,0.8374453444451074,10.0
fix_count_mod3_r02,fix,count_mod3,0,2,False,5,2,42,20260809.0,bf96cd36e337353e,47,0.6989700043360189,20.0,20,13.157001043893345,0.33239270660698833,0.8696747051991599,20.0
fix_count_mod3_r02,fix,count_mod3,0,2,False,5,2,42,20260809.0,bf96cd36e337353e,47,0.6989700043360189,30.0,30,15.83383626779257,0.3946507883736357,0.8734028887672142,30.0
fix_count_mod3_r02,fix,count_mod3,0,2,False,5,2,42,20260809.0,bf96cd36e337353e,47,0.6989700043360189,40.0,40,16.802444748289307,0.38000267685490696,0.8732189657944618,32.0
fix_count_mod3_r02,fix,count_mod3,0,2,False,5,2,42,20260809.0,bf96cd36e337353e,47,0.6989700043360189,,47,15.737803614600995,0.3542366723391974,0.8753634281448807,32.0
fix_add1_r00,fix,add1,0,2,True,1,5,18,20260809.0,428b17dfa908c141,50,0.0,10.0,10,7.786082246024703,0.2147137688732369,0.8484953661941913,10.0
fix_add1_r00,fix,add1,0,2,True,1,5,18,20260809.0,428b17dfa908c141,50,0.0,20.0,20,12.046563134044987,0.3930884964507289,0.8402516181445946,20.0
fix_add1_r00,fix,add1,0,2,True,1,5,18,20260809.0,428b17dfa908c141,50,0.0,30.0,30,13.455205846554298,0.5068024221512417,0.8359931414458299,26.0
fix_add1_r00,fix,add1,0,2,True,1,5,18,20260809.0,428b17dfa908c141,50,0.0,40.0,40,12.740801799804073,0.5757618884506381,0.8361712093799933,26.0
fix_add1_r00,fix,add1,0,2,True,1,5,18,20260809.0,428b17dfa908c141,50,0.0,,50,11.340474415180658,0.6295809239814191,0.8391433722377686,26.0
fix_add1_r01,fix,add1,0,2,True,1,5,18,20260809.0,428b17dfa908c141,50,0.0,10.0,10,7.786082246024703,0.2147137688732369,0.8484953661941913,10.0
fix_add1_r01,fix,add1,0,2,True,1,5,18,20260809.0,428b17dfa908c141,50,0.0,20.0,20,12.046563134044987,0.3930884964507289,0.8402516181445946,20.0
fix_add1_r01,fix,add1,0,2,True,1,5,18,20260809.0,428b17dfa908c141,50,0.0,30.0,30,13.455205846554298,0.5068024221512417,0.8359931414458299,26.0
fix_add1_r01,fix,add1,0,2,True,1,5,18,20260809.0,428b17dfa908c141,50,0.0,40.0,40,12.740801799804073,0.5757618884506381,0.8361712093799933,26.0
fix_add1_r01,fix,add1,0,2,True,1,5,18,20260809.0,428b17dfa908c141,50,0.0,,50,11.340474415180658,0.6295809239814191,0.8391433722377686,26.0
fix_add1_r02,fix,add1,0,2,True,1,5,18,20260809.0,428b17dfa908c141,50,0.0,10.0,10,7.786082246024703,0.2147137688732369,0.8484953661941913,10.0
fix_add1_r02,fix,add1,0,2,True,1,5,18,20260809.0,428b17dfa908c141,50,0.0,20.0,20,12.046563134044987,0.3930884964507289,0.8402516181445946,20.0
fix_add1_r02,fix,add1,0,2,True,1,5,18,20260809.0,428b17dfa908c141,50,0.0,30.0,30,13.455205846554298,0.5068024221512417,0.8359931414458299,26.0
fix_add1_r02,fix,add1,0,2,True,1,5,18,20260809.0,428b17dfa908c141,50,0.0,40.0,40,12.740801799804073,0.5757618884506381,0.8361712093799933,26.0
fix_add1_r02,fix,add1,0,2,True,1,5,18,20260809.0,428b17dfa908c141,50,0.0,,50,11.340474415180658,0.6295809239814191,0.8391433722377686,26.0
fix_echo_digit_r00,fix,echo_digit,0,4,True,1,2,21,20260809.0,db40178f2165bd20,49,0.0,10.0,10,8.039748873349048,0.146774849851228,0.8488232725322366,10.0
fix_echo_digit_r00,fix,echo_digit,0,4,True,1,2,21,20260809.0,db40178f2165bd20,49,0.0,20.0,20,11.573121178452107,0.13904839908410965,0.8629603756895483,20.0
fix_echo_digit_r00,fix,echo_digit,0,4,True,1,2,21,20260809.0,db40178f2165bd20,49,0.0,30.0,30,10.977011056274048,0.14871757297542001,0.8698381359295079,30.0
fix_echo_digit_r00,fix,echo_digit,0,4,True,1,2,21,20260809.0,db40178f2165bd20,49,0.0,40.0,40,11.17400889214533,0.20044210462673206,0.8682905747637297,32.0
fix_echo_digit_r00,fix,echo_digit,0,4,True,1,2,21,20260809.0,db40178f2165bd20,49,0.0,,49,10.966697107471779,0.2560347034298258,0.8680029293583776,32.0
fix_echo_digit_r01,fix,echo_digit,0,4,True,1,2,21,20260809.0,db40178f2165bd20,49,0.0,10.0,10,8.039748873349048,0.146774849851228,0.8488232725322366,10.0
fix_echo_digit_r01,fix,echo_digit,0,4,True,1,2,21,20260809.0,db40178f2165bd20,49,0.0,20.0,20,11.573121178452107,0.13904839908410965,0.8629603756895483,20.0
fix_echo_digit_r01,fix,echo_digit,0,4,True,1,2,21,20260809.0,db40178f2165bd20,49,0.0,30.0,30,10.977011056274048,0.14871757297542001,0.8698381359295079,30.0
fix_echo_digit_r01,fix,echo_digit,0,4,True,1,2,21,20260809.0,db40178f2165bd20,49,0.0,40.0,40,11.17400889214533,0.20044210462673206,0.8682905747637297,32.0
fix_echo_digit_r01,fix,echo_digit,0,4,True,1,2,21,20260809.0,db40178f2165bd20,49,0.0,,49,10.966697107471779,0.2560347034298258,0.8680029293583776,32.0
fix_echo_digit_r02,fix,echo_digit,0,4,True,1,2,21,20260809.0,db40178f2165bd20,49,0.0,10.0,10,8.039748873349048,0.146774849851228,0.8488232725322366,10.0
fix_echo_digit_r02,fix,echo_digit,0,4,True,1,2,21,20260809.0,db40178f2165bd20,49,0.0,20.0,20,11.573121178452107,0.13904839908410965,0.8629603756895483,20.0
fix_echo_digit_r02,fix,echo_digit,0,4,True,1,2,21,20260809.0,db40178f2165bd20,49,0.0,30.0,30,10.977011056274048,0.14871757297542001,0.8698381359295079,30.0
fix_echo_digit_r02,fix,echo_digit,0,4,True,1,2,21,20260809.0,db40178f2165bd20,49,0.0,40.0,40,11.17400889214533,0.20044210462673206,0.8682905747637297,32.0
fix_echo_digit_r02,fix,echo_digit,0,4,True,1,2,21,20260809.0,db40178f2165bd20,49,0.0,,49,10.966697107471779,0.2560347034298258,0.8680029293583776,32.0
