bank,tag,family,window,rank,rank_requested,rank_clamped,r2_linear,r2_scalar,r2_scalar_in_basis,r2_persistence,in_basis,rho,n_train,n_test,achieved
ds_bank,trained_track_n4_ns128_seed0,track,89,2,2,False,0.9444727408624145,0.7989273357110549,0.8021056568615578,0.9205797070074924,0.9461212894772427,0.609249589386948,52,36,0.9982575715892208
ds_bank,trained_track_n4_ns128_seed0,track,89,4,4,False,0.9473453513855759,0.7989273357110549,0.803364045342989,0.9205797070074924,0.9494157457924396,0.609249589386948,52,36,0.9978192963240401
ds_bank,trained_track_n4_ns128_seed0,track,89,8,8,False,0.9490143785931199,0.7989273357110549,0.8040564626379888,0.9205797070074924,0.9517311448261159,0.609249589386948,52,36,0.9971454478002899
ds_bank,trained_track_n4_ns128_seed0,track,89,16,16,False,0.9504148995367435,0.7989273357110549,0.8042399223787968,0.9205797070074924,0.953990335394929,0.609249589386948,52,36,0.9962521257024001
ds_bank,trained_track_n4_ns128_seed0,track,89,32,32,False,0.9673968990040519,0.7989273357110549,0.812673986764108,0.9205797070074924,0.9703252849675508,0.609249589386948,52,36,0.9969820574513867
ds_bank,trained_local_n4_ns128_seed0,local,96,2,2,False,0.8950949944084654,0.8633473127735335,0.8192345192556942,0.928877942077382,0.8955478816348166,0.7059912663001201,57,38,0.9994942903270293
ds_bank,trained_local_n4_ns128_seed0,local,96,4,4,False,0.9188994480290877,0.8633473127735335,0.8437414221019157,0.928877942077382,0.9227546541285311,0.7059912663001201,57,38,0.9958220681064087
ds_bank,trained_local_n4_ns128_seed0,local,96,8,8,False,0.9631894920529495,0.8633473127735335,0.8817200795267012,0.928877942077382,0.9651465553887792,0.7059912663001201,57,38,0.997972263046578
ds_bank,trained_local_n4_ns128_seed0,local,96,16,16,False,0.963642227287694,0.8633473127735335,0.8819170266520837,0.928877942077382,0.9663612263578902,0.7059912663001201,57,38,0.99718635330554
ds_bank,trained_local_n4_ns128_seed0,local,96,32,32,False,0.970348963533364,0.8633473127735335,0.8835482077005572,0.928877942077382,0.9729762576216845,0.7059912663001201,57,38,0.9972997346361333
ds_bank,trained_count_ones_n4_ns128_seed0,count_ones,102,2,2,False,0.9324686198983784,0.28130286178121944,0.2951931845430903,0.062017257081166455,0.9333034612877574,0.50517644312526,60,41,0.9991054984536035
ds_bank,trained_count_ones_n4_ns128_seed0,count_ones,102,4,4,False,0.9351862861078535,0.28130286178121944,0.2961628386355739,0.062017257081166455,0.9366137330800021,0.50517644312526,60,41,0.9984759491327823
ds_bank,trained_count_ones_n4_ns128_seed0,count_ones,102,8,8,False,0.9372648208759874,0.28130286178121944,0.296804912427016,0.062017257081166455,0.9408655904307401,0.50517644312526,60,41,0.9961729182240534
ds_bank,trained_count_ones_n4_ns128_seed0,count_ones,102,16,16,False,0.9514660026286176,0.28130286178121944,0.2989232308368517,0.062017257081166455,0.9550616231997834,0.50517644312526,60,41,0.9962351952127243
ds_bank,trained_count_ones_n4_ns128_seed0,count_ones,102,32,32,False,0.9622677330678903,0.28130286178121944,0.2972251159981646,0.062017257081166455,0.9659464286635971,0.50517644312526,60,41,0.9961916153043845
ds_bank,trained_track_n4_ns128_seed1,track,106,2,2,False,0.9833244872048148,0.8351794187851787,0.8404260050819881,0.9700064011587073,0.9842122035625384,0.6175091375437832,63,42,0.9990980437404553
ds_bank,trained_track_n4_ns128_seed1,track,106,4,4,False,0.984184300097715,0.8351794187851787,0.8408836202972376,0.9700064011587073,0.9850088059996548,0.6175091375437832,63,42,0.99916294565397
ds_bank,trained_track_n4_ns128_seed1,track,106,8,8,False,0.9850386560517511,0.8351794187851787,0.8415589623789792,0.9700064011587073,0.9862273905104781,0.6175091375437832,63,42,0.9987946649320785
ds_bank,trained_track_n4_ns128_seed1,track,106,16,16,False,0.9859127620222375,0.8351794187851787,0.8419414354026111,0.9700064011587073,0.987335874557021,0.6175091375437832,63,42,0.9985586338231436
ds_bank,trained_track_n4_ns128_seed1,track,106,32,32,False,0.9881678988336847,0.8351794187851787,0.8421915859720612,0.9700064011587073,0.9894956052594897,0.6175091375437832,63,42,0.9986581987643526
ds_bank,trained_local_n4_ns128_seed1,local,105,2,2,False,0.9096898075331163,0.9374094884961117,0.8559891777149224,0.9993551676029919,0.9126108775656538,0.7507884858902271,62,42,0.9967992162877465
ds_bank,trained_local_n4_ns128_seed1,local,105,4,4,False,0.9447346603585789,0.9374094884961117,0.8876242428481821,0.9993551676029919,0.9466089678484135,0.7507884858902271,62,42,0.9980199770406836
ds_bank,trained_local_n4_ns128_seed1,local,105,8,8,False,0.9725402822665352,0.9374094884961117,0.914110551719087,0.9993551676029919,0.9748818129388402,0.7507884858902271,62,42,0.9975981389320965
ds_bank,trained_local_n4_ns128_seed1,local,105,16,16,False,0.9828341541822696,0.9374094884961117,0.9220250988179497,0.9993551676029919,0.98335366540055,0.7507884858902271,62,42,0.9994716944304379
ds_bank,trained_local_n4_ns128_seed1,local,105,32,32,False,0.9968202050369027,0.9374094884961117,0.9348975800473678,0.9993551676029919,0.997149883072588,0.7507884858902271,62,42,0.9996693796576805
ds_bank,trained_count_ones_n4_ns128_seed1,count_ones,87,2,2,False,0.06920018345384393,0.6071577601185096,0.07532654617881263,0.6055404629628425,0.10706010228435536,0.6096840216314557,51,35,0.6463676194708449
ds_bank,trained_count_ones_n4_ns128_seed1,count_ones,87,4,4,False,0.21303272423532416,0.6071577601185096,0.1912834722983927,0.6055404629628425,0.2969213069555776,0.6096840216314557,51,35,0.717472000981041
ds_bank,trained_count_ones_n4_ns128_seed1,count_ones,87,8,8,False,0.6860285497704826,0.6071577601185096,0.5228029091657991,0.6055404629628425,0.7060772929532173,0.6096840216314557,51,35,0.9716054554043517
ds_bank,trained_count_ones_n4_ns128_seed1,count_ones,87,16,16,False,0.7658522900788336,0.6071577601185096,0.5514929944186957,0.6055404629628425,0.7785976564705084,0.6096840216314557,51,35,0.9836303560821756
ds_bank,trained_count_ones_n4_ns128_seed1,count_ones,87,32,32,False,0.8285602188323369,0.6071577601185096,0.5680229324066198,0.6055404629628425,0.8436751058254116,0.6096840216314557,51,35,0.9820844696154842
ds_bank,trained_track_n8_ns128_seed0,track,107,2,2,False,0.9587606887811881,0.8745546995524518,0.8684932604615019,0.9556412109800193,0.9593979689936599,0.6922012136966699,63,43,0.9993357498837107
ds_bank,trained_track_n8_ns128_seed0,track,107,4,4,False,0.9589321171468573,0.8745546995524518,0.8691174863719338,0.9556412109800193,0.9612861472561562,0.6922012136966699,63,43,0.9975511660955293
ds_bank,trained_track_n8_ns128_seed0,track,107,8,8,False,0.9716302721996912,0.8745546995524518,0.8798467403622117,0.9556412109800193,0.973893692953427,0.6922012136966699,63,43,0.9976759057275834
ds_bank,trained_track_n8_ns128_seed0,track,107,16,16,False,0.9745827783443763,0.8745546995524518,0.8798285029167674,0.9556412109800193,0.9765257625872242,0.6922012136966699,63,43,0.9980103092849285
ds_bank,trained_track_n8_ns128_seed0,track,107,32,32,False,0.9857751175176509,0.8745546995524518,0.8854067124405112,0.9556412109800193,0.9873176096088762,0.6922012136966699,63,43,0.9984376941358958
ds_bank,trained_local_n8_ns128_seed0,local,92,2,2,False,0.9470259517240116,0.8561108060332725,0.8511751033919557,0.9399307037933953,0.9487572125790689,0.678894951740976,54,37,0.9981752329973324
ds_bank,trained_local_n8_ns128_seed0,local,92,4,4,False,0.9529654685012252,0.8561108060332725,0.8549273524883366,0.9399307037933953,0.9540156696325081,0.678894951740976,54,37,0.9988991783209521
ds_bank,trained_local_n8_ns128_seed0,local,92,8,8,False,0.9565053204707699,0.8561108060332725,0.8585445718026552,0.9399307037933953,0.9586325486752969,0.678894951740976,54,37,0.997780976446641
ds_bank,trained_local_n8_ns128_seed0,local,92,16,16,False,0.9675591464874969,0.8561108060332725,0.867641662140201,0.9399307037933953,0.9704360024832901,0.678894951740976,54,37,0.9970355015802881
ds_bank,trained_local_n8_ns128_seed0,local,92,32,32,False,0.9724458996414728,0.8561108060332725,0.8688455689213256,0.9399307037933953,0.9749170793857295,0.678894951740976,54,37,0.9974652410994649
ds_bank,trained_count_ones_n8_ns128_seed0,count_ones,106,2,2,False,0.9478319121323913,0.30344473285420814,0.3009451049164108,0.10200437318515498,0.948374577063384,0.5384054895813202,63,42,0.9994277947299335
ds_bank,trained_count_ones_n8_ns128_seed0,count_ones,106,4,4,False,0.9659658555712736,0.30344473285420814,0.306657922756595,0.10200437318515498,0.9666814772164434,0.5384054895813202,63,42,0.9992597130885031
ds_bank,trained_count_ones_n8_ns128_seed0,count_ones,106,8,8,False,0.9706903724540948,0.30344473285420814,0.30818404227858565,0.10200437318515498,0.9717012649534572,0.5384054895813202,63,42,0.9989596674041473
ds_bank,trained_count_ones_n8_ns128_seed0,count_ones,106,16,16,False,0.9733636643060729,0.30344473285420814,0.30872608582936756,0.10200437318515498,0.9745529758667234,0.5384054895813202,63,42,0.9987796337499326
ds_bank,trained_count_ones_n8_ns128_seed0,count_ones,106,32,32,False,0.9843010217169309,0.30344473285420814,0.3104809610049545,0.10200437318515498,0.9856901145138441,0.5384054895813202,63,42,0.9985907408662626
ds_bank,trained_track_n8_ns128_seed1,track,80,2,2,False,0.029430881298930567,0.6034125428379873,0.032537560051693504,0.7596808821575856,0.05686970575577732,0.4666738174028994,47,32,0.5175142179444232
ds_bank,trained_track_n8_ns128_seed1,track,80,4,4,False,0.13400275840168197,0.6034125428379873,0.10212849280883818,0.7596808821575856,0.1881679755180088,0.4666738174028994,47,32,0.7121443382317577
ds_bank,trained_track_n8_ns128_seed1,track,80,8,8,False,0.1487617244322681,0.6034125428379873,0.15222573831614317,0.7596808821575856,0.26631604728186087,0.4666738174028994,47,32,0.5585909146316789
ds_bank,trained_track_n8_ns128_seed1,track,80,16,16,False,0.646145247079376,0.6034125428379873,0.4380147602611165,0.7596808821575856,0.6794622842628415,0.4666738174028994,47,32,0.9509655827039589
ds_bank,trained_track_n8_ns128_seed1,track,80,32,32,False,0.7184521309458669,0.6034125428379873,0.48184030441575976,0.7596808821575856,0.7521836772513357,0.4666738174028994,47,32,0.9551551737619032
ds_bank,trained_local_n8_ns128_seed1,local,110,2,2,False,0.8055776699226339,0.931618132785623,0.7532048501962638,0.9998353924596138,0.8079111363977315,0.7387333428548364,65,44,0.997111728790493
ds_bank,trained_local_n8_ns128_seed1,local,110,4,4,False,0.8867805524491347,0.931618132785623,0.8393467132242396,0.9998353924596138,0.9005194353644348,0.7387333428548364,65,44,0.9847433799030222
ds_bank,trained_local_n8_ns128_seed1,local,110,8,8,False,0.9545861147891371,0.931618132785623,0.8947465229112448,0.9998353924596138,0.9601492960932768,0.7387333428548364,65,44,0.9942059205513397
ds_bank,trained_local_n8_ns128_seed1,local,110,16,16,False,0.966957220965195,0.931618132785623,0.9028062102059464,0.9998353924596138,0.9688273744197331,0.7387333428548364,65,44,0.9980696731905844
ds_bank,trained_local_n8_ns128_seed1,local,110,32,32,False,0.9866815947783624,0.931618132785623,0.9208239696307473,0.9998353924596138,0.9882530766236294,0.7387333428548364,65,44,0.9984098386512127
ds_bank,trained_count_ones_n8_ns128_seed1,count_ones,94,2,2,False,0.42461998272490253,0.3086116597053097,0.1430850982592311,0.11402968772341526,0.4379876160965286,0.5976827252544338,55,38,0.9694794261747347
ds_bank,trained_count_ones_n8_ns128_seed1,count_ones,94,4,4,False,0.5374257957560704,0.3086116597053097,0.20585027895107488,0.11402968772341526,0.5453505800602317,0.5976827252544338,55,38,0.9854684590171591
ds_bank,trained_count_ones_n8_ns128_seed1,count_ones,94,8,8,False,0.626147019278126,0.3086116597053097,0.2552234090619465,0.11402968772341526,0.6929532916622024,0.5976827252544338,55,38,0.9035919546268021
ds_bank,trained_count_ones_n8_ns128_seed1,count_ones,94,16,16,False,0.8027964156881441,0.3086116597053097,0.2978229712236158,0.11402968772341526,0.8177274176547434,0.5976827252544338,55,38,0.9817408568622761
ds_bank,trained_count_ones_n8_ns128_seed1,count_ones,94,32,32,False,0.868198297241693,0.3086116597053097,0.3112980778116319,0.11402968772341526,0.8795998321983008,0.5976827252544338,55,38,0.9870378159030418
ds_bank,trained_track_n16_ns128_seed0,track,91,2,2,False,0.921162756370192,0.8885791986081816,0.8193396706028289,0.999912764209527,0.9215509165728419,0.6662895310334199,54,36,0.9995787967917242
ds_bank,trained_track_n16_ns128_seed0,track,91,4,4,False,0.9261821178734051,0.8885791986081816,0.8242441062389324,0.999912764209527,0.9271137775168342,0.6662895310334199,54,36,0.9989950967550881
ds_bank,trained_track_n16_ns128_seed0,track,91,8,8,False,0.9297855621191217,0.8885791986081816,0.8323299798534088,0.999912764209527,0.9362649771574904,0.6662895310334199,54,36,0.9930795071945976
ds_bank,trained_track_n16_ns128_seed0,track,91,16,16,False,0.963534799064003,0.8885791986081816,0.8577147604729541,0.999912764209527,0.9649626534065014,0.6662895310334199,54,36,0.9985203009282713
ds_bank,trained_track_n16_ns128_seed0,track,91,32,32,False,0.9945675186148468,0.8885791986081816,0.8844467772969935,0.999912764209527,0.9952666098660327,0.6662895310334199,54,36,0.9992975839395638
ds_bank,trained_local_n16_ns128_seed0,local,107,2,2,False,0.9588377848778835,0.4510028545800967,0.45002757075734,0.35036125497038473,0.9606154788103081,0.6054237271010623,63,43,0.9981494219366253
ds_bank,trained_local_n16_ns128_seed0,local,107,4,4,False,0.971398989829294,0.4510028545800967,0.45626823744835,0.35036125497038473,0.9728005473159824,0.6054237271010623,63,43,0.9985592550389127
ds_bank,trained_local_n16_ns128_seed0,local,107,8,8,False,0.9739114973649867,0.4510028545800967,0.457441275391372,0.35036125497038473,0.9758396420350078,0.6054237271010623,63,43,0.9980241172965671
ds_bank,trained_local_n16_ns128_seed0,local,107,16,16,False,0.9767159636763035,0.4510028545800967,0.4578441249882421,0.35036125497038473,0.9787210836114177,0.6054237271010623,63,43,0.9979512856433873
ds_bank,trained_local_n16_ns128_seed0,local,107,32,32,False,0.9846535627947097,0.4510028545800967,0.4594365728423949,0.35036125497038473,0.9864458489173918,0.6054237271010623,63,43,0.9981830871662655
ds_bank,trained_count_ones_n16_ns128_seed0,count_ones,105,2,2,False,0.8445078439070646,0.2710356562194197,0.26825318697685796,0.042272449153796465,0.845552758865738,0.5445308467547321,62,42,0.9987642226369469
ds_bank,trained_count_ones_n16_ns128_seed0,count_ones,105,4,4,False,0.8465734219115117,0.2710356562194197,0.27057399039153485,0.042272449153796465,0.8532645012715451,0.5445308467547321,62,42,0.9921582588399468
ds_bank,trained_count_ones_n16_ns128_seed0,count_ones,105,8,8,False,0.8715028198435802,0.2710356562194197,0.2782116088139439,0.042272449153796465,0.8798175334018167,0.5445308467547321,62,42,0.9905495023200008
ds_bank,trained_count_ones_n16_ns128_seed0,count_ones,105,16,16,False,0.9011691852263047,0.2710356562194197,0.28519335346919883,0.042272449153796465,0.9070126798224568,0.5445308467547321,62,42,0.993557427888113
ds_bank,trained_count_ones_n16_ns128_seed0,count_ones,105,32,32,False,0.9374122212702408,0.2710356562194197,0.2901492344712603,0.042272449153796465,0.9441275601721404,0.5445308467547321,62,42,0.9928872546622035
ds_bank,trained_track_n16_ns128_seed1,track,88,2,2,False,0.09726577886929277,0.6350793639668488,0.06535694700662587,0.763238665999988,0.12352453781700434,0.5045606050112289,52,35,0.7874207067537249
ds_bank,trained_track_n16_ns128_seed1,track,88,4,4,False,0.1489709474596479,0.6350793639668488,0.10976820903573903,0.763238665999988,0.20195065031475945,0.5045606050112289,52,35,0.7376601522573084
ds_bank,trained_track_n16_ns128_seed1,track,88,8,8,False,0.5074722995272656,0.6350793639668488,0.42157079659428864,0.763238665999988,0.6233461290132207,0.5045606050112289,52,35,0.8141099718235395
ds_bank,trained_track_n16_ns128_seed1,track,88,16,16,False,0.6712216180861181,0.6350793639668488,0.4827361686240734,0.763238665999988,0.7088028801521976,0.5045606050112289,52,35,0.9469792475194093
ds_bank,trained_track_n16_ns128_seed1,track,88,32,32,False,0.7337627606522479,0.6350793639668488,0.5222091563585773,0.763238665999988,0.7698659615261442,0.5045606050112289,52,35,0.9531045627704762
ds_bank,trained_local_n16_ns128_seed1,local,95,2,2,False,0.8662467332121656,0.8243591623243434,0.7816850405196155,0.8929711914194122,0.886558592243437,0.6791359733766759,56,38,0.9770890957360503
ds_bank,trained_local_n16_ns128_seed1,local,95,4,4,False,0.931926907502164,0.8243591623243434,0.8119833245594658,0.8929711914194122,0.9350343240072749,0.6791359733766759,56,38,0.9966766818871489
ds_bank,trained_local_n16_ns128_seed1,local,95,8,8,False,0.9401188755591205,0.8243591623243434,0.8196971381690157,0.8929711914194122,0.9447081540596977,0.6791359733766759,56,38,0.9951421203671678
ds_bank,trained_local_n16_ns128_seed1,local,95,16,16,False,0.9489433484061798,0.8243591623243434,0.8256242294325115,0.8929711914194122,0.9539897728512245,0.6791359733766759,56,38,0.9947101902046996
ds_bank,trained_local_n16_ns128_seed1,local,95,32,32,False,0.9641074353565819,0.8243591623243434,0.8340762608143637,0.8929711914194122,0.9687249572813482,0.6791359733766759,56,38,0.9952334025359221
ds_bank,trained_count_ones_n16_ns128_seed1,count_ones,107,2,2,False,0.8406364147534658,0.28902599574666443,0.2597368700486258,0.0784342053523801,0.8417087506450964,0.5807994074684978,63,43,0.998726001255412
ds_bank,trained_count_ones_n16_ns128_seed1,count_ones,107,4,4,False,0.8463230287362551,0.28902599574666443,0.26306354469648563,0.0784342053523801,0.8527035116665572,0.5807994074684978,63,43,0.9925173488287484
ds_bank,trained_count_ones_n16_ns128_seed1,count_ones,107,8,8,False,0.9062074065166348,0.28902599574666443,0.2791226470156669,0.0784342053523801,0.9085659316668169,0.5807994074684978,63,43,0.9974041232804589
ds_bank,trained_count_ones_n16_ns128_seed1,count_ones,107,16,16,False,0.9513290991952332,0.28902599574666443,0.2925843955168965,0.0784342053523801,0.9546454193691158,0.5807994074684978,63,43,0.9965261236197266
ds_bank,trained_count_ones_n16_ns128_seed1,count_ones,107,32,32,False,0.9717094310621527,0.28902599574666443,0.2967927365371891,0.0784342053523801,0.9742680723323713,0.5807994074684978,63,43,0.9973737810538189
ds_bank,trained_track_n32_ns128_seed0,track,64,2,2,False,0.4548667913422991,-0.11774738859836709,0.36073399645348736,-0.7062828660035554,0.47698020751965686,0.5201075821330763,37,26,0.9536387132448333
ds_bank,trained_track_n32_ns128_seed0,track,64,4,4,False,0.46804623682491153,-0.11774738859836709,0.36796582992212046,-0.7062828660035554,0.4925714121796354,0.5201075821330763,37,26,0.9502099091658616
ds_bank,trained_track_n32_ns128_seed0,track,64,8,8,False,0.4683708609006486,-0.11774738859836709,0.35125640173629447,-0.7062828660035554,0.5230490013346021,0.5201075821330763,37,26,0.8954626807537387
ds_bank,trained_track_n32_ns128_seed0,track,64,16,16,False,0.5432847193282795,-0.11774738859836709,0.2741925948754175,-0.7062828660035554,0.6046580147197324,0.5201075821330763,37,26,0.8984991616791844
ds_bank,trained_track_n32_ns128_seed0,track,64,32,32,False,0.9101579426268307,-0.11774738859836709,-0.08496711868628348,-0.7062828660035554,0.9252644599162938,0.5201075821330763,37,26,0.9836732978041437
ds_bank,trained_local_n32_ns128_seed0,local,68,2,2,False,0.1949101171277433,-0.42281247446563186,0.10721370676224751,-1.3114584346174691,0.22145051923297865,0.5128992771403301,40,27,0.8801519987527628
ds_bank,trained_local_n32_ns128_seed0,local,68,4,4,False,0.38763766062004723,-0.42281247446563186,0.18192871224782858,-1.3114584346174691,0.39589370562467385,0.5128992771403301,40,27,0.9791458038172152
ds_bank,trained_local_n32_ns128_seed0,local,68,8,8,False,0.3906233154102333,-0.42281247446563186,0.17211209819809714,-1.3114584346174691,0.42374116314659727,0.5128992771403301,40,27,0.9218441571962492
ds_bank,trained_local_n32_ns128_seed0,local,68,16,16,False,0.4205673500139506,-0.42281247446563186,0.1454441772985886,-1.3114584346174691,0.4694494196739798,0.5128992771403301,40,27,0.8958736178777759
ds_bank,trained_local_n32_ns128_seed0,local,68,32,32,False,0.9507901822128245,-0.42281247446563186,-0.4230017303632436,-1.3114584346174691,0.9647645371836538,0.5128992771403301,40,27,0.9855152688223561
ds_bank,trained_count_ones_n32_ns128_seed0,count_ones,108,2,2,False,0.9171511877859277,0.30594013916449303,0.2896057953367538,0.10627922026971992,0.9179287605048935,0.5579654919871051,64,43,0.9991529051573261
ds_bank,trained_count_ones_n32_ns128_seed0,count_ones,108,4,4,False,0.9215219373954525,0.30594013916449303,0.2944438689711054,0.10627922026971992,0.9350382348390989,0.5579654919871051,64,43,0.9855446580256986
ds_bank,trained_count_ones_n32_ns128_seed0,count_ones,108,8,8,False,0.9516534210293588,0.30594013916449303,0.29958780754330916,0.10627922026971992,0.954402085208049,0.5579654919871051,64,43,0.9971200144872996
ds_bank,trained_count_ones_n32_ns128_seed0,count_ones,108,16,16,False,0.9581137291222955,0.30594013916449303,0.3016763143968476,0.10627922026971992,0.9625934508810362,0.5579654919871051,64,43,0.9953461954736545
ds_bank,trained_count_ones_n32_ns128_seed0,count_ones,108,32,32,False,0.9768734133494333,0.30594013916449303,0.3060317088231973,0.10627922026971992,0.9797193000011618,0.5579654919871051,64,43,0.9970952020117139
ds_bank,trained_track_n32_ns128_seed1,track,105,2,2,False,0.9860843297993389,0.8961672975592821,0.8870170811211497,0.9961862078052899,0.9868922287027094,0.6818296907503586,62,42,0.9991813706908681
ds_bank,trained_track_n32_ns128_seed1,track,105,4,4,False,0.9878794230499491,0.8961672975592821,0.8881750407979702,0.9961862078052899,0.9882295463917409,0.6818296907503586,62,42,0.9996457064625621
ds_bank,trained_track_n32_ns128_seed1,track,105,8,8,False,0.9882567376352539,0.8961672975592821,0.8886695708491263,0.9961862078052899,0.9888432018938828,0.6818296907503586,62,42,0.9994069188547733
ds_bank,trained_track_n32_ns128_seed1,track,105,16,16,False,0.9890445771747087,0.8961672975592821,0.8893341024719678,0.9961862078052899,0.9896770092786289,0.6818296907503586,62,42,0.9993609712077871
ds_bank,trained_track_n32_ns128_seed1,track,105,32,32,False,0.9949329111815491,0.8961672975592821,0.8940981648106368,0.9961862078052899,0.9952151604428491,0.6818296907503586,62,42,0.9997163937281921
ds_bank,trained_local_n32_ns128_seed1,local,107,2,2,False,0.8527720860692256,0.790791453513737,0.7574267639947593,0.8605846230238603,0.8746445358404131,0.6570665232991901,63,43,0.9749927554853228
ds_bank,trained_local_n32_ns128_seed1,local,107,4,4,False,0.9172615542150646,0.790791453513737,0.7820446779844384,0.8605846230238603,0.9212072388161797,0.6570665232991901,63,43,0.9957168328310299
ds_bank,trained_local_n32_ns128_seed1,local,107,8,8,False,0.9184868706764607,0.790791453513737,0.7843821034552213,0.8605846230238603,0.9269699428459193,0.6570665232991901,63,43,0.9908486006100539
ds_bank,trained_local_n32_ns128_seed1,local,107,16,16,False,0.93192099737494,0.790791453513737,0.7905116983723267,0.8605846230238603,0.9404262439507888,0.6570665232991901,63,43,0.9909559663710387
ds_bank,trained_local_n32_ns128_seed1,local,107,32,32,False,0.95892596947337,0.790791453513737,0.8011887612498282,0.8605846230238603,0.9642217945711782,0.6570665232991901,63,43,0.9945076691611567
ds_bank,trained_count_ones_n32_ns128_seed1,count_ones,108,2,2,False,0.38542046148033593,0.24135995598573223,0.10439216938906393,-0.008045339837804422,0.391497386597519,0.5640475582916897,64,43,0.9844777377187693
ds_bank,trained_count_ones_n32_ns128_seed1,count_ones,108,4,4,False,0.38918003707995874,0.24135995598573223,0.11309680788441057,-0.008045339837804422,0.42328737001635486,0.5640475582916897,64,43,0.9194227483445152
ds_bank,trained_count_ones_n32_ns128_seed1,count_ones,108,8,8,False,0.8901271813119535,0.24135995598573223,0.23133163750177343,-0.008045339837804422,0.8991327332854809,0.5640475582916897,64,43,0.9899841795986888
ds_bank,trained_count_ones_n32_ns128_seed1,count_ones,108,16,16,False,0.9129878613675555,0.24135995598573223,0.23760629621935803,-0.008045339837804422,0.9222363930222831,0.5640475582916897,64,43,0.9899716257949667
ds_bank,trained_count_ones_n32_ns128_seed1,count_ones,108,32,32,False,0.9449539308648536,0.24135995598573223,0.24396524470935121,-0.008045339837804422,0.9509602418422046,0.5640475582916897,64,43,0.9936839515333306
b6bank,count_mod3_i00,count_mod3,47,2,2,False,0.23925661537144138,0.036961776202576124,-0.011755535501976055,-0.5761678992431079,0.2912620422275727,0.30105995766000965,27,19,0.8214479770230487
b6bank,count_mod3_i00,count_mod3,47,4,4,False,0.26187993198384496,0.036961776202576124,-0.010761383181097317,-0.5761678992431079,0.3553864957436519,0.30105995766000965,27,19,0.7368876845921144
b6bank,count_mod3_i00,count_mod3,47,8,8,False,0.5625817645534532,0.036961776202576124,-0.022234598260491456,-0.5761678992431079,0.5897104918287968,0.30105995766000965,27,19,0.953996532788127
b6bank,count_mod3_i00,count_mod3,47,16,16,False,0.6639490335544865,0.036961776202576124,-0.012641068224644725,-0.5761678992431079,0.6812561864038871,0.30105995766000965,27,19,0.9745952356913499
b6bank,count_mod3_i00,count_mod3,47,27,32,True,0.7102104332601454,0.036961776202576124,-0.011966915050290794,-0.5761678992431079,0.726242081961315,0.30105995766000965,27,19,0.9779252000133702
b6bank,count_mod3_i01,count_mod3,48,2,2,False,0.004239703289949159,0.06574043469030066,-0.04147683384555578,-0.41734657692717114,0.13203113868790528,0.42964091241369395,28,19,0.03211138926833733
b6bank,count_mod3_i01,count_mod3,48,4,4,False,0.18170657544817126,0.06574043469030066,-0.062483765582679984,-0.41734657692717114,0.23212208547574964,0.42964091241369395,28,19,0.7828060611972857
b6bank,count_mod3_i01,count_mod3,48,8,8,False,0.22267171593073254,0.06574043469030066,-0.06097446156723696,-0.41734657692717114,0.32094883360771786,0.42964091241369395,28,19,0.6937919462978785
b6bank,count_mod3_i01,count_mod3,48,16,16,False,0.4888665547233423,0.06574043469030066,-0.06238162883810783,-0.41734657692717114,0.5165280501081777,0.42964091241369395,28,19,0.9464472541635596
b6bank,count_mod3_i01,count_mod3,48,28,32,True,0.5537821092164237,0.06574043469030066,-0.05904701059927042,-0.41734657692717114,0.5820096692049537,0.42964091241369395,28,19,0.9514998435900732
b6bank,count_mod3_i02,count_mod3,47,2,2,False,0.1154913170951466,0.12118979449029421,0.01865530530232129,-0.3036294952762588,0.23061878795333668,0.35475605687922845,27,19,0.500788847778157
b6bank,count_mod3_i02,count_mod3,47,4,4,False,0.28254487228396463,0.12118979449029421,0.023906912075668973,-0.3036294952762588,0.3366018582205541,0.35475605687922845,27,19,0.8394037804117845
b6bank,count_mod3_i02,count_mod3,47,8,8,False,0.49818981233812276,0.12118979449029421,0.02726980093092901,-0.3036294952762588,0.5197526041679107,0.35475605687922845,27,19,0.9585133548983202
b6bank,count_mod3_i02,count_mod3,47,16,16,False,0.5754114625049811,0.12118979449029421,0.04133590151383504,-0.3036294952762588,0.5952046143708529,0.35475605687922845,27,19,0.9667456343785343
b6bank,count_mod3_i02,count_mod3,47,27,32,True,0.6301403452838017,0.12118979449029421,0.04500267726047158,-0.3036294952762588,0.6509508259734518,0.35475605687922845,27,19,0.9680306409343141
b6bank,count_mod3_i03,count_mod3,48,2,2,False,0.08289176638246654,0.029530034776986236,-0.025794425123985443,-0.5303224725091484,0.14970965267741443,0.39489878430175906,28,19,0.5536835127196297
b6bank,count_mod3_i03,count_mod3,48,4,4,False,0.11410850212976265,0.029530034776986236,-0.043258290410905786,-0.5303224725091484,0.24369805942777556,0.39489878430175906,28,19,0.468237221082923
b6bank,count_mod3_i03,count_mod3,48,8,8,False,0.3525975010289052,0.029530034776986236,-0.06319776565589552,-0.5303224725091484,0.38931544076650293,0.39489878430175906,28,19,0.9056858888892111
b6bank,count_mod3_i03,count_mod3,48,16,16,False,0.5292544946245019,0.029530034776986236,-0.06391313046529912,-0.5303224725091484,0.5563514866477492,0.39489878430175906,28,19,0.9512951925651928
b6bank,count_mod3_i03,count_mod3,48,28,32,True,0.5757156063854895,0.029530034776986236,-0.06713885596894764,-0.5303224725091484,0.6058546362779313,0.39489878430175906,28,19,0.9502536943884741
b6bank,count_mod3_i04,count_mod3,47,2,2,False,0.3879018747609516,0.130485163075862,0.03154212715130944,-0.2775453973198043,0.4025086876829108,0.36121474794113206,27,19,0.9637105648425999
b6bank,count_mod3_i04,count_mod3,47,4,4,False,0.43856840643895423,0.130485163075862,0.042047426597421445,-0.2775453973198043,0.47659041871428065,0.36121474794113206,27,19,0.9202207791379858
b6bank,count_mod3_i04,count_mod3,47,8,8,False,0.5740298652804972,0.130485163075862,0.04592457984231024,-0.2775453973198043,0.5916045253119131,0.36121474794113206,27,19,0.9702932292105947
b6bank,count_mod3_i04,count_mod3,47,16,16,False,0.635247594153955,0.130485163075862,0.052955432741152,-0.2775453973198043,0.6498599362991435,0.36121474794113206,27,19,0.9775146284160805
b6bank,count_mod3_i04,count_mod3,47,27,32,True,0.663696799791049,0.130485163075862,0.05427923432520798,-0.2775453973198043,0.6832684811152715,0.36121474794113206,27,19,0.9713557966375437
b6bank,count_mod3_i05,count_mod3,46,2,2,False,0.28279267609519154,0.056356890625169465,0.0037848921618037767,-0.5015273230522801,0.3223323021874003,0.32514326695003476,27,18,0.8773327220887069
b6bank,count_mod3_i05,count_mod3,46,4,4,False,0.3230605111912961,0.056356890625169465,0.004413391644182751,-0.5015273230522801,0.4116812955874365,0.32514326695003476,27,18,0.7847344891642803
b6bank,count_mod3_i05,count_mod3,46,8,8,False,0.6564580704107514,0.056356890625169465,0.00828347954654618,-0.5015273230522801,0.667813953830418,0.32514326695003476,27,18,0.9829954385431272
b6bank,count_mod3_i05,count_mod3,46,16,16,False,0.698473260817614,0.056356890625169465,0.013577224374974772,-0.5015273230522801,0.7101366671440792,0.32514326695003476,27,18,0.9835758286170867
b6bank,count_mod3_i05,count_mod3,46,27,32,True,0.7348075235013466,0.056356890625169465,0.013128143996507191,-0.5015273230522801,0.7508069610569588,0.32514326695003476,27,18,0.9786903446751629
b6bank,count_mod3_i06,count_mod3,46,2,2,False,0.04598207398455889,0.07528021195275514,-0.00564263494534023,-0.4403143616555836,0.15775789873893487,0.3349045253707446,27,18,0.29147240393111584
b6bank,count_mod3_i06,count_mod3,46,4,4,False,0.23219492150646903,0.07528021195275514,-0.011525931797070399,-0.4403143616555836,0.2924213967925877,0.3349045253707446,27,18,0.7940421735662632
b6bank,count_mod3_i06,count_mod3,46,8,8,False,0.5468908010635083,0.07528021195275514,0.003258145061557083,-0.4403143616555836,0.5621504077514277,0.3349045253707446,27,18,0.9728549397500982
b6bank,count_mod3_i06,count_mod3,46,16,16,False,0.6065285100702178,0.07528021195275514,0.010009681313375873,-0.4403143616555836,0.6210795062879696,0.3349045253707446,27,18,0.9765714436389645
b6bank,count_mod3_i06,count_mod3,46,27,32,True,0.6592273375201292,0.07528021195275514,0.012427632749374307,-0.4403143616555836,0.6801082277309611,0.3349045253707446,27,18,0.9692976950440716
b6bank,count_mod3_i07,count_mod3,46,2,2,False,0.007149082303960608,0.1447781792655911,0.0049249105462065845,-0.2132727570804549,0.03895332336920887,0.4931471843464333,27,18,0.18352945745347332
b6bank,count_mod3_i07,count_mod3,46,4,4,False,0.047194675202497094,0.1447781792655911,0.009356521523251615,-0.2132727570804549,0.07008697254889973,0.4931471843464333,27,18,0.6733730033719082
b6bank,count_mod3_i07,count_mod3,46,8,8,False,0.3452832715482287,0.1447781792655911,0.030830383052687926,-0.2132727570804549,0.3975944397155843,0.4931471843464333,27,18,0.8684308356908212
b6bank,count_mod3_i07,count_mod3,46,16,16,False,0.5392998478463318,0.1447781792655911,0.04204257776524878,-0.2132727570804549,0.5611565013166876,0.4931471843464333,27,18,0.9610506990134272
b6bank,count_mod3_i07,count_mod3,46,27,32,True,0.5942705908251695,0.1447781792655911,0.042920833029657435,-0.2132727570804549,0.6154278295234245,0.4931471843464333,27,18,0.9656219012477244
b6bank,count_mod3_i08,count_mod3,47,2,2,False,0.00016368115869924704,0.1261887089370033,-0.008303362666156833,-0.28248215966932544,0.08174960587211377,0.4089510894868115,27,19,0.002002225661556144
b6bank,count_mod3_i08,count_mod3,47,4,4,False,0.11039885380390135,0.1261887089370033,-0.0034393561786567606,-0.28248215966932544,0.15973629161397906,0.4089510894868115,27,19,0.6911319443341827
b6bank,count_mod3_i08,count_mod3,47,8,8,False,0.19097721940456747,0.1261887089370033,0.005211775023511445,-0.28248215966932544,0.267622288499444,0.4089510894868115,27,19,0.7136073025732467
b6bank,count_mod3_i08,count_mod3,47,16,16,False,0.45013604118865,0.1261887089370033,-0.007874012123159746,-0.28248215966932544,0.47407121017832454,0.4089510894868115,27,19,0.9495114479095426
b6bank,count_mod3_i08,count_mod3,47,27,32,True,0.4914917580535786,0.1261887089370033,-0.011099433666191816,-0.28248215966932544,0.5210054108970323,0.4089510894868115,27,19,0.9433525022463027
b6bank,count_mod3_i09,count_mod3,47,2,2,False,0.015867963794451767,-0.0014908254059269321,-0.03778589768140317,-0.6423546805490583,0.18419340349663738,0.36176628229050706,27,19,0.08614838258711828
b6bank,count_mod3_i09,count_mod3,47,4,4,False,0.28394374739426886,-0.0014908254059269321,-0.07108753994421879,-0.6423546805490583,0.3236856762375735,0.36176628229050706,27,19,0.8772206132033612
b6bank,count_mod3_i09,count_mod3,47,8,8,False,0.3642629309807659,-0.0014908254059269321,-0.07770971374175395,-0.6423546805490583,0.417026763596291,0.36176628229050706,27,19,0.873476147764454
b6bank,count_mod3_i09,count_mod3,47,16,16,False,0.5902008135165737,-0.0014908254059269321,-0.06506315734652723,-0.6423546805490583,0.6094379531949197,0.36176628229050706,27,19,0.9684346214778763
b6bank,count_mod3_i09,count_mod3,47,27,32,True,0.633577158735892,-0.0014908254059269321,-0.0679988319521947,-0.6423546805490583,0.6534127972733512,0.36176628229050706,27,19,0.9696430210423915
b6bank,count_mod3_i10,count_mod3,46,2,2,False,0.35295338077991334,0.010938487899976868,-0.04224723163649613,-0.7140620711522396,0.3817754940085736,0.2404453045709121,27,18,0.9245050725335111
b6bank,count_mod3_i10,count_mod3,46,4,4,False,0.41879683423948055,0.010938487899976868,-0.041202959304536435,-0.7140620711522396,0.5243316056067002,0.2404453045709121,27,18,0.7987251383690552
b6bank,count_mod3_i10,count_mod3,46,8,8,False,0.6716085641450118,0.010938487899976868,-0.031182887070290155,-0.7140620711522396,0.6843059333152595,0.2404453045709121,27,18,0.9814448939398601
b6bank,count_mod3_i10,count_mod3,46,16,16,False,0.7159581938186352,0.010938487899976868,-0.02794909025549641,-0.7140620711522396,0.7309098064276126,0.2404453045709121,27,18,0.9795438336201088
b6bank,count_mod3_i10,count_mod3,46,27,32,True,0.7482542245368611,0.010938487899976868,-0.027673960886359872,-0.7140620711522396,0.7648681234129371,0.2404453045709121,27,18,0.9782787406514698
b6bank,count_mod3_i11,count_mod3,47,2,2,False,0.0425506383311377,0.13290894426462108,0.017166475773031986,-0.2702440053372104,0.19361326642182108,0.3799448042906779,27,19,0.21977129520883934
b6bank,count_mod3_i11,count_mod3,47,4,4,False,0.27444980715422695,0.13290894426462108,0.019221451011187107,-0.2702440053372104,0.3296814004563118,0.3799448042906779,27,19,0.8324697928799173
b6bank,count_mod3_i11,count_mod3,47,8,8,False,0.47048135735701635,0.13290894426462108,0.02350291349292577,-0.2702440053372104,0.4940320087346869,0.3799448042906779,27,19,0.9523297054415798
b6bank,count_mod3_i11,count_mod3,47,16,16,False,0.5604792626632841,0.13290894426462108,0.038999096248549914,-0.2702440053372104,0.5802142016188516,0.3799448042906779,27,19,0.965986804699876
b6bank,count_mod3_i11,count_mod3,47,27,32,True,0.6045032917081494,0.13290894426462108,0.041389207530015404,-0.2702440053372104,0.6235233978976984,0.3799448042906779,27,19,0.9694957619013528
b6bank,count_mod3_i12,count_mod3,47,2,2,False,0.38167954952412475,0.1101354056604521,0.03390022655289959,-0.3361933885401165,0.4492307138562187,0.32696380231248995,27,19,0.8496292389444359
b6bank,count_mod3_i12,count_mod3,47,4,4,False,0.5815054611794,0.1101354056604521,0.04623427663613866,-0.3361933885401165,0.611124751105325,0.32696380231248995,27,19,0.9515331528098749
b6bank,count_mod3_i12,count_mod3,47,8,8,False,0.6375529385348824,0.1101354056604521,0.045209845590674536,-0.3361933885401165,0.6463975149161236,0.32696380231248995,27,19,0.986317125024237
b6bank,count_mod3_i12,count_mod3,47,16,16,False,0.6761268459813425,0.1101354056604521,0.05229183682039462,-0.3361933885401165,0.6901487951609018,0.32696380231248995,27,19,0.9796827158463848
b6bank,count_mod3_i12,count_mod3,47,27,32,True,0.7047741308027528,0.1101354056604521,0.053213262485818924,-0.3361933885401165,0.7244058678073517,0.32696380231248995,27,19,0.9728995334286554
b6bank,count_mod3_i13,count_mod3,48,2,2,False,0.01891818823513569,0.32520145626944397,0.017764112445794455,0.1424485875205237,0.02516456430295999,0.5381223676461219,28,19,0.7517788906406948
b6bank,count_mod3_i13,count_mod3,48,4,4,False,0.02747758288770097,0.32520145626944397,0.022202598557226505,0.1424485875205237,0.04416786837346964,0.5381223676461219,28,19,0.622117025330703
b6bank,count_mod3_i13,count_mod3,48,8,8,False,0.055009448696685115,0.32520145626944397,0.02213282735021671,0.1424485875205237,0.08815541436300744,0.5381223676461219,28,19,0.6240053330152421
b6bank,count_mod3_i13,count_mod3,48,16,16,False,0.124980222440778,0.32520145626944397,0.025680554812700263,0.1424485875205237,0.16787315103945444,0.5381223676461219,28,19,0.7444920266696161
b6bank,count_mod3_i13,count_mod3,48,28,32,True,0.2936492374384575,0.32520145626944397,0.041838252634274875,0.1424485875205237,0.320304650556946,0.5381223676461219,28,19,0.9167810611799109
b6bank,count_mod3_i14,count_mod3,47,2,2,False,0.032883306117048816,0.2073605070130239,0.0039728294201705205,-0.08509450314978939,0.09246541219253557,0.4138349764891284,27,19,0.3556281785515404
b6bank,count_mod3_i14,count_mod3,47,4,4,False,0.10414061726445245,0.2073605070130239,-0.002538085210427088,-0.08509450314978939,0.13879173495554709,0.4138349764891284,27,19,0.7503373114963015
b6bank,count_mod3_i14,count_mod3,47,8,8,False,0.2187101072933858,0.2073605070130239,-0.00035726303395899883,-0.08509450314978939,0.24859962243170042,0.4138349764891284,27,19,0.8797684612472556
b6bank,count_mod3_i14,count_mod3,47,16,16,False,0.37362050839486094,0.2073605070130239,0.023255933854585464,-0.08509450314978939,0.40171913361438416,0.4138349764891284,27,19,0.9300540530227881
b6bank,count_mod3_i14,count_mod3,47,27,32,True,0.41306657259970714,0.2073605070130239,0.025253703992843657,-0.08509450314978939,0.450340049458975,0.4138349764891284,27,19,0.9172325958927102
b6bank,count_mod3_i15,count_mod3,46,2,2,False,0.2151574249435857,0.05576183527670531,0.011212757623141112,-0.49809414833775123,0.239518438857226,0.33589723527264315,27,18,0.8982916971659054
b6bank,count_mod3_i15,count_mod3,46,4,4,False,0.2116702923939735,0.05576183527670531,0.007544549371130804,-0.49809414833775123,0.2763632300954142,0.33589723527264315,27,18,0.7659133681455905
b6bank,count_mod3_i15,count_mod3,46,8,8,False,0.4905801079351605,0.05576183527670531,0.00045774001654974583,-0.49809414833775123,0.5204688686496566,0.33589723527264315,27,18,0.9425733938860902
b6bank,count_mod3_i15,count_mod3,46,16,16,False,0.6012288215868455,0.05576183527670531,0.003474367518975674,-0.49809414833775123,0.6195176799350139,0.33589723527264315,27,18,0.9704788758408205
b6bank,count_mod3_i15,count_mod3,46,27,32,True,0.6496812107298507,0.05576183527670531,0.0033980550515815278,-0.49809414833775123,0.6705582058708587,0.33589723527264315,27,18,0.9688662446328655
b6bank,count_mod3_i16,count_mod3,46,2,2,False,0.04281369827178183,0.1290021689310803,0.0319933586288772,-0.2573194919162607,0.049247043894584674,0.4656345557827486,27,18,0.8693658519570497
b6bank,count_mod3_i16,count_mod3,46,4,4,False,0.08734940546800773,0.1290021689310803,-0.0034330687922037306,-0.2573194919162607,0.15188568792843504,0.4656345557827486,27,18,0.5750996467103913
b6bank,count_mod3_i16,count_mod3,46,8,8,False,0.20691893139400974,0.1290021689310803,-0.02898321380606017,-0.2573194919162607,0.2517856372252454,0.4656345557827486,27,18,0.8218059364875596
b6bank,count_mod3_i16,count_mod3,46,16,16,False,0.39054673150966257,0.1290021689310803,-0.032548998124108275,-0.2573194919162607,0.44069419716786995,0.4656345557827486,27,18,0.8862080191196502
b6bank,count_mod3_i16,count_mod3,46,27,32,True,0.5232348378339433,0.1290021689310803,-0.029870595482014428,-0.2573194919162607,0.5494517670911536,0.4656345557827486,27,18,0.9522852944927176
b6bank,count_mod3_i17,count_mod3,47,2,2,False,0.053514170117573756,0.21983954888709045,0.03883205508780774,-0.062258516150034415,0.14032738551078527,0.46934376009956097,27,19,0.381352292161538
b6bank,count_mod3_i17,count_mod3,47,4,4,False,0.11326703665192961,0.21983954888709045,0.04841992524322414,-0.062258516150034415,0.21636397799241835,0.46934376009956097,27,19,0.5235022839887822
b6bank,count_mod3_i17,count_mod3,47,8,8,False,0.3389239815836924,0.21983954888709045,0.0699767745192631,-0.062258516150034415,0.3634353247637886,0.46934376009956097,27,19,0.9325565196612985
b6bank,count_mod3_i17,count_mod3,47,16,16,False,0.5077735061079054,0.21983954888709045,0.08415744990878249,-0.062258516150034415,0.5366373034230336,0.46934376009956097,27,19,0.9462135838656472
b6bank,count_mod3_i17,count_mod3,47,27,32,True,0.5679436082515776,0.21983954888709045,0.09302957839007975,-0.062258516150034415,0.5890969657910279,0.46934376009956097,27,19,0.9640918918822712
b6bank,count_mod3_i18,count_mod3,46,2,2,False,0.04190675144304301,0.05338301696833547,-0.017967648825073734,-0.5091601178491794,0.14623384549882545,0.3281721646656096,27,18,0.28657354458602136
b6bank,count_mod3_i18,count_mod3,46,4,4,False,0.20162550978967153,0.05338301696833547,-0.038614679445672984,-0.5091601178491794,0.23723764477922005,0.3281721646656096,27,18,0.8498883470931008
b6bank,count_mod3_i18,count_mod3,46,8,8,False,0.290650088141274,0.05338301696833547,-0.03262039567076225,-0.5091601178491794,0.39673362446440075,0.3281721646656096,27,18,0.7326076496129063
b6bank,count_mod3_i18,count_mod3,46,16,16,False,0.5946839889393474,0.05338301696833547,-0.009813158464937466,-0.5091601178491794,0.6138499670446242,0.3281721646656096,27,18,0.9687774226044984
b6bank,count_mod3_i18,count_mod3,46,27,32,True,0.6255274428824781,0.05338301696833547,-0.011719510907394426,-0.5091601178491794,0.6507244598452111,0.3281721646656096,27,18,0.961278515688919
b6bank,count_mod3_i19,count_mod3,49,2,2,False,0.012833954166030503,0.1498566359176945,0.010751045017140748,-0.1971451860223421,0.019291245438313398,0.5076692403882973,28,20,
b6bank,count_mod3_i19,count_mod3,49,4,4,False,0.040374305267887656,0.1498566359176945,0.0004216434035768657,-0.1971451860223421,0.0769549098433926,0.5076692403882973,28,20,0.5246488541153717
b6bank,count_mod3_i19,count_mod3,49,8,8,False,0.11030331761169931,0.1498566359176945,-0.03280573538470111,-0.1971451860223421,0.21215541693899553,0.5076692403882973,28,20,0.5199175170880346
b6bank,count_mod3_i19,count_mod3,49,16,16,False,0.3683351943814549,0.1498566359176945,-0.06337627258521361,-0.1971451860223421,0.39364552452329904,0.5076692403882973,28,20,0.9357027361799815
b6bank,count_mod3_i19,count_mod3,49,28,32,True,0.44928857539270894,0.1498566359176945,-0.06920839488928188,-0.1971451860223421,0.47484399956916457,0.5076692403882973,28,20,0.9461814317973006
b6bank,count_mod3_i20,count_mod3,49,2,2,False,0.04916789691687096,0.3001513408975942,0.03812475465766385,0.10587233494625425,0.07801074418705356,0.4781894993047335,28,20,0.6302708355015375
b6bank,count_mod3_i20,count_mod3,49,4,4,False,0.09156519838796018,0.3001513408975942,0.04282191338701935,0.10587233494625425,0.12916814415747346,0.4781894993047335,28,20,0.7088837498224779
b6bank,count_mod3_i20,count_mod3,49,8,8,False,0.1746672878526544,0.3001513408975942,0.03341176927077105,0.10587233494625425,0.20858854386081882,0.4781894993047335,28,20,0.8373771858209123
b6bank,count_mod3_i20,count_mod3,49,16,16,False,0.2785830239338696,0.3001513408975942,0.0431293551223515,0.10587233494625425,0.30980732113599707,0.4781894993047335,28,20,0.899213817518467
b6bank,count_mod3_i20,count_mod3,49,28,32,True,0.34547718983209175,0.3001513408975942,0.029425856253764926,0.10587233494625425,0.3791778622091615,0.4781894993047335,28,20,0.9111217301012161
b6bank,count_mod3_i21,count_mod3,47,2,2,False,0.00846715484585192,0.17453824670703677,0.007387619687826752,-0.15533986413318024,0.09069842539632622,0.4841721213728121,27,19,0.09335503685816894
b6bank,count_mod3_i21,count_mod3,47,4,4,False,0.09813152848402851,0.17453824670703677,0.022077672383002622,-0.15533986413318024,0.15910547389509833,0.4841721213728121,27,19,0.6167702850294688
b6bank,count_mod3_i21,count_mod3,47,8,8,False,0.3532085024332964,0.17453824670703677,0.03734910963045368,-0.15533986413318024,0.37927199698041714,0.4841721213728121,27,19,0.9312802032456236
b6bank,count_mod3_i21,count_mod3,47,16,16,False,0.4732294423442255,0.17453824670703677,0.04300927584671965,-0.15533986413318024,0.5036274696060368,0.4841721213728121,27,19,0.9396418402562708
b6bank,count_mod3_i21,count_mod3,47,27,32,True,0.5310324550711021,0.17453824670703677,0.04140426817384524,-0.15533986413318024,0.5537632645930822,0.4841721213728121,27,19,0.9589521173119289
b6bank,count_mod3_i22,count_mod3,47,2,2,False,0.009450333468228989,0.12845023398366928,-0.020025829479574542,-0.2825365622089324,0.09661699529271317,0.37416584206709697,27,19,0.0978123304248702
b6bank,count_mod3_i22,count_mod3,47,4,4,False,0.14831464901336733,0.12845023398366928,-0.03875625349524214,-0.2825365622089324,0.1911753875426042,0.37416584206709697,27,19,0.7758040975871687
b6bank,count_mod3_i22,count_mod3,47,8,8,False,0.19379979082888987,0.12845023398366928,-0.02624271548236079,-0.2825365622089324,0.23241824780885278,0.37416584206709697,27,19,0.8338406844383243
b6bank,count_mod3_i22,count_mod3,47,16,16,False,0.4037792983441272,0.12845023398366928,-0.006456284282346347,-0.2825365622089324,0.44239925969847194,0.37416584206709697,27,19,0.912703377079186
b6bank,count_mod3_i22,count_mod3,47,27,32,True,0.49871736657591625,0.12845023398366928,0.0017266450034917336,-0.2825365622089324,0.5315547811581277,0.37416584206709697,27,19,0.9382238374177224
b6bank,count_mod3_i23,count_mod3,46,2,2,False,-0.00030980606567165836,0.22550013983078776,0.002984019042371111,-0.049755293008105106,0.030740213791151216,0.4906501015857471,27,18,-0.010078201400174978
b6bank,count_mod3_i23,count_mod3,46,4,4,False,0.05487845805923697,0.22550013983078776,0.0028227864602659025,-0.049755293008105106,0.07858187401824368,0.4906501015857471,27,18,0.6983602611270928
b6bank,count_mod3_i23,count_mod3,46,8,8,False,0.12608017396290605,0.22550013983078776,0.011846027438138673,-0.049755293008105106,0.15321714087778426,0.4906501015857471,27,18,0.8228855677673532
b6bank,count_mod3_i23,count_mod3,46,16,16,False,0.22157939067411947,0.22550013983078776,0.008869849243039019,-0.049755293008105106,0.25102855848842587,0.4906501015857471,27,18,0.8826859860422447
b6bank,count_mod3_i23,count_mod3,46,27,32,True,0.3163307330867975,0.22550013983078776,0.015774772448058694,-0.049755293008105106,0.35163023116262104,0.4906501015857471,27,18,0.8996118793338382
b6bank,count_mod3_i24,count_mod3,48,2,2,False,0.05376402959929083,0.28286689879301996,0.04980302371521772,0.06394902944510716,0.0678771684129722,0.543375634021827,28,19,0.7920782621953899
b6bank,count_mod3_i24,count_mod3,48,4,4,False,0.07983823377026544,0.28286689879301996,0.05081254045675232,0.06394902944510716,0.09618930868665165,0.543375634021827,28,19,0.8300115143809608
b6bank,count_mod3_i24,count_mod3,48,8,8,False,0.13906418975739998,0.28286689879301996,0.059280719613078015,0.06394902944510716,0.16343622941347413,0.543375634021827,28,19,0.8508773743524405
b6bank,count_mod3_i24,count_mod3,48,16,16,False,0.21045674350600851,0.28286689879301996,0.06661133618386972,0.06394902944510716,0.2603923882426431,0.543375634021827,28,19,0.80822924558723
b6bank,count_mod3_i24,count_mod3,48,28,32,True,0.36401373850260565,0.28286689879301996,0.06757575863108678,0.06394902944510716,0.3976316718236571,0.543375634021827,28,19,0.9154545884967623
b6bank,count_mod3_i25,count_mod3,46,2,2,False,0.2449804458658842,0.07991966216810142,0.005447693829414124,-0.42912446000403115,0.28473961573524376,0.32487199844638825,27,18,0.8603665676562253
b6bank,count_mod3_i25,count_mod3,46,4,4,False,0.3088661989206345,0.07991966216810142,0.0037653847846816912,-0.42912446000403115,0.36883640406583607,0.32487199844638825,27,18,0.8374070333510325
b6bank,count_mod3_i25,count_mod3,46,8,8,False,0.5515425476373594,0.07991966216810142,0.008795620475956278,-0.42912446000403115,0.5724141768709878,0.32487199844638825,27,18,0.963537539640056
b6bank,count_mod3_i25,count_mod3,46,16,16,False,0.6407019728643166,0.07991966216810142,0.019691143267404954,-0.42912446000403115,0.6577878696586876,0.32487199844638825,27,18,0.9740252175777633
b6bank,count_mod3_i25,count_mod3,46,27,32,True,0.6827676952681208,0.07991966216810142,0.02034173906747483,-0.42912446000403115,0.7020946473324221,0.32487199844638825,27,18,0.9724724406634728
b6bank,count_mod3_i26,count_mod3,47,2,2,False,0.006309208158626567,0.0648846966692137,-0.030163070559192207,-0.4266645871322996,0.1154533487811793,0.41817313310070076,27,19,0.05464725125110504
b6bank,count_mod3_i26,count_mod3,47,4,4,False,0.1245395502669967,0.0648846966692137,-0.044026804018925114,-0.4266645871322996,0.19386420119794334,0.41817313310070076,27,19,0.6424061249959021
b6bank,count_mod3_i26,count_mod3,47,8,8,False,0.18798493778867897,0.0648846966692137,-0.05056753458039509,-0.4266645871322996,0.2845313952655536,0.41817313310070076,27,19,0.6606825851791587
b6bank,count_mod3_i26,count_mod3,47,16,16,False,0.49716320454144514,0.0648846966692137,-0.048948632796892655,-0.4266645871322996,0.5240792821693774,0.41817313310070076,27,19,0.9486412103212406
b6bank,count_mod3_i26,count_mod3,47,27,32,True,0.5403347580443449,0.0648846966692137,-0.05024720890256695,-0.4266645871322996,0.5686128412255462,0.41817313310070076,27,19,0.9502683000963313
b6bank,count_mod3_i27,count_mod3,46,2,2,False,0.026793329218831596,0.09483661216859618,-0.026146852448693858,-0.3719547466680624,0.1561433106338127,0.3754522440308709,27,18,0.1715944737566588
b6bank,count_mod3_i27,count_mod3,46,4,4,False,0.24618893672339048,0.09483661216859618,-0.05306443153302265,-0.3719547466680624,0.3041733826489197,0.3754522440308709,27,18,0.8093704142664728
b6bank,count_mod3_i27,count_mod3,46,8,8,False,0.3689574885386795,0.09483661216859618,-0.053233802277552256,-0.3719547466680624,0.4051028985970032,0.3754522440308709,27,18,0.9107747434454148
b6bank,count_mod3_i27,count_mod3,46,16,16,False,0.4920231342356972,0.09483661216859618,-0.045380207717115706,-0.3719547466680624,0.5222445794468389,0.3754522440308709,27,18,0.9421316249119288
b6bank,count_mod3_i27,count_mod3,46,27,32,True,0.5247584292887318,0.09483661216859618,-0.04533356756252083,-0.3719547466680624,0.5632978452128168,0.3754522440308709,27,18,0.931582525565095
b6bank,count_mod3_i28,count_mod3,46,2,2,False,0.40690446763827903,0.012967736459814971,-0.07432765382649453,-0.6853208036019931,0.4190345201742848,0.26591221307775076,27,18,0.971052378856614
b6bank,count_mod3_i28,count_mod3,46,4,4,False,0.4278671456054566,0.012967736459814971,-0.07378222578269744,-0.6853208036019931,0.4561729732233397,0.26591221307775076,27,18,0.9379493541279467
b6bank,count_mod3_i28,count_mod3,46,8,8,False,0.5620509414366736,0.012967736459814971,-0.06361724054987072,-0.6853208036019931,0.580835812236267,0.26591221307775076,27,18,0.9676588970516985
b6bank,count_mod3_i28,count_mod3,46,16,16,False,0.6803134550610589,0.012967736459814971,-0.049537195716249816,-0.6853208036019931,0.6937707272785236,0.26591221307775076,27,18,0.9806027096729002
b6bank,count_mod3_i28,count_mod3,46,27,32,True,0.7071538280270041,0.012967736459814971,-0.04913094009764296,-0.6853208036019931,0.7247407796118388,0.26591221307775076,27,18,0.9757334593559728
b6bank,count_mod3_i29,count_mod3,47,2,2,False,0.03651338347955335,0.1343617756965204,0.017775962986995353,-0.25031160492827276,0.23432306841784345,0.4532431562648227,27,19,0.155824963056744
b6bank,count_mod3_i29,count_mod3,47,4,4,False,0.4302861210889537,0.1343617756965204,0.027917855303926986,-0.25031160492827276,0.44036683305989044,0.4532431562648227,27,19,0.9771083759853327
b6bank,count_mod3_i29,count_mod3,47,8,8,False,0.47256166182037285,0.1343617756965204,0.03745481576850063,-0.25031160492827276,0.4920120670179394,0.4532431562648227,27,19,0.9604676256916735
b6bank,count_mod3_i29,count_mod3,47,16,16,False,0.622242493084864,0.1343617756965204,0.040177823442488325,-0.25031160492827276,0.6396906765890891,0.4532431562648227,27,19,0.97272403031218
b6bank,count_mod3_i29,count_mod3,47,27,32,True,0.6640762110401495,0.1343617756965204,0.03888141046286275,-0.25031160492827276,0.6840175716535655,0.4532431562648227,27,19,0.9708467129503572
b6bank,count_mod3_i30,count_mod3,46,2,2,False,0.005468811867239354,0.12901033954896002,-0.0009169453922583948,-0.26790611728646185,0.05435691476180915,0.43661622453072485,27,18,0.10060931329902684
b6bank,count_mod3_i30,count_mod3,46,4,4,False,0.07786739070103676,0.12901033954896002,0.0033471611352173802,-0.26790611728646185,0.10168952484326133,0.43661622453072485,27,18,0.7657365969706055
b6bank,count_mod3_i30,count_mod3,46,8,8,False,0.11076659479441575,0.12901033954896002,-0.007346751258631601,-0.26790611728646185,0.15993871859280973,0.43661622453072485,27,18,0.6925564726851289
b6bank,count_mod3_i30,count_mod3,46,16,16,False,0.36496306908402554,0.12901033954896002,0.002692242596449068,-0.26790611728646185,0.4005406964988062,0.43661622453072485,27,18,0.9111759985295609
b6bank,count_mod3_i30,count_mod3,46,27,32,True,0.45186601685882266,0.12901033954896002,0.00898591164213336,-0.26790611728646185,0.48250023337168235,0.43661622453072485,27,18,0.9365094265368751
b6bank,count_mod3_i31,count_mod3,47,2,2,False,0.08645141319975702,0.03127821450305768,-0.03641873598372358,-0.5937645878975515,0.195378803660891,0.3030105887228829,27,19,0.44248102445036114
b6bank,count_mod3_i31,count_mod3,47,4,4,False,0.2751893901217739,0.03127821450305768,-0.060851461083579306,-0.5937645878975515,0.3164363838185311,0.3030105887228829,27,19,0.8696515451256976
b6bank,count_mod3_i31,count_mod3,47,8,8,False,0.4125889110587577,0.03127821450305768,-0.05415369827099381,-0.5937645878975515,0.44788462287594977,0.3030105887228829,27,19,0.9211946335854271
b6bank,count_mod3_i31,count_mod3,47,16,16,False,0.5682497892830606,0.03127821450305768,-0.040505092274267795,-0.5937645878975515,0.5977485067501511,0.3030105887228829,27,19,0.9506502866440107
b6bank,count_mod3_i31,count_mod3,47,27,32,True,0.6188488935322976,0.03127821450305768,-0.037162810208618335,-0.5937645878975515,0.6513869630391725,0.3030105887228829,27,19,0.9500480185310092
b6bank,sub1_i00,sub1,50,2,2,False,0.07014538441116613,0.6314466458768446,0.06244220325158634,0.6532266173346348,0.07831771585224401,0.5989229131977563,29,20,0.8956515604145557
b6bank,sub1_i00,sub1,50,4,4,False,0.14695547909113205,0.6314466458768446,0.12396883922830582,0.6532266173346348,0.1626748464456128,0.5989229131977563,29,20,0.9033694040723362
b6bank,sub1_i00,sub1,50,8,8,False,0.19214575909152332,0.6314466458768446,0.15468901448878536,0.6532266173346348,0.20883980484436848,0.5989229131977563,29,20,0.9200629125023082
b6bank,sub1_i00,sub1,50,16,16,False,0.22658171187831877,0.6314466458768446,0.17168760134304262,0.6532266173346348,0.24424376834459383,0.5989229131977563,29,20,0.9276867672572249
b6bank,sub1_i00,sub1,50,29,32,True,0.2700370230038399,0.6314466458768446,0.20384987650330233,0.6532266173346348,0.29879475942773037,0.5989229131977563,29,20,0.9037542141670456
b6bank,sub1_i01,sub1,49,2,2,False,0.08761882366968476,0.6624671044870819,0.07199018201731222,0.7317980454734005,0.11129616019236477,0.5704095760735569,28,20,0.7872582802339633
b6bank,sub1_i01,sub1,49,4,4,False,0.2712840618770467,0.6624671044870819,0.2080038540911231,0.7317980454734005,0.28974940790822645,0.5704095760735569,28,20,0.9362713243678883
b6bank,sub1_i01,sub1,49,8,8,False,0.31709205572381816,0.6624671044870819,0.24228732124792707,0.7317980454734005,0.3440829364238305,0.5704095760735569,28,20,0.9215570496446653
b6bank,sub1_i01,sub1,49,16,16,False,0.36443958202669025,0.6624671044870819,0.2693552545113411,0.7317980454734005,0.39161527486092307,0.5704095760735569,28,20,0.9306061469540893
b6bank,sub1_i01,sub1,49,28,32,True,0.394034423892095,0.6624671044870819,0.2909039833110505,0.7317980454734005,0.42883536724562354,0.5704095760735569,28,20,0.9188477769987762
b6bank,sub1_i02,sub1,50,2,2,False,0.1696200632712973,0.6671574317882691,0.14589495136317898,0.7112337266747385,0.17850881088255566,0.6008173636537764,29,20,0.9502055525029158
b6bank,sub1_i02,sub1,50,4,4,False,0.19841011930647612,0.6671574317882691,0.16920134827087951,0.7112337266747385,0.2153427352166759,0.6008173636537764,29,20,0.9213689939752908
b6bank,sub1_i02,sub1,50,8,8,False,0.2502964789528145,0.6671574317882691,0.20289918795790785,0.7112337266747385,0.26550433206015744,0.6008173636537764,29,20,0.9427208852324971
b6bank,sub1_i02,sub1,50,16,16,False,0.2781119042770003,0.6671574317882691,0.21820933991023939,0.7112337266747385,0.2946936340278491,0.6008173636537764,29,20,0.9437323109963013
b6bank,sub1_i02,sub1,50,29,32,True,0.3224825461944547,0.6671574317882691,0.2515150483147136,0.7112337266747385,0.34845659262114537,0.6008173636537764,29,20,0.9254597359421161
b6bank,sub1_i03,sub1,50,2,2,False,0.04501607759278148,0.5947901921445522,0.034707762815584076,0.6170179787219561,0.0550367823035971,0.5658227851116268,29,20,0.8179271336115032
b6bank,sub1_i03,sub1,50,4,4,False,0.0701991666573154,0.5947901921445522,0.0494996111802678,0.6170179787219561,0.08143131775708201,0.5658227851116268,29,20,0.8620659543632431
b6bank,sub1_i03,sub1,50,8,8,False,0.17979823308795173,0.5947901921445522,0.1300826729727429,0.6170179787219561,0.19070383709545413,0.5658227851116268,29,20,0.9428139245984665
b6bank,sub1_i03,sub1,50,16,16,False,0.2099592488114569,0.5947901921445522,0.14283322336559046,0.6170179787219561,0.22469850979670414,0.5658227851116268,29,20,0.9344042779875016
b6bank,sub1_i03,sub1,50,29,32,True,0.26749898635628033,0.5947901921445522,0.17467841932145833,0.6170179787219561,0.28718508216593575,0.5658227851116268,29,20,0.9314515375896831
b6bank,sub1_i04,sub1,50,2,2,False,0.04025788490430193,0.5337115735141517,0.034073778844592284,0.5260336272552881,0.05973774784748331,0.5428280664938924,29,20,0.6739103222820603
b6bank,sub1_i04,sub1,50,4,4,False,0.13053397801619693,0.5337115735141517,0.08494385730970211,0.5260336272552881,0.14197021060146753,0.5428280664938924,29,20,0.9194462518804464
b6bank,sub1_i04,sub1,50,8,8,False,0.24876123885879087,0.5337115735141517,0.1342255400663681,0.5260336272552881,0.2721903551998561,0.5428280664938924,29,20,0.9139237820389984
b6bank,sub1_i04,sub1,50,16,16,False,0.30458219666485786,0.5337115735141517,0.15276208339295505,0.5260336272552881,0.32007025753090157,0.5428280664938924,29,20,0.9516104339543376
b6bank,sub1_i04,sub1,50,29,32,True,0.35462803073784044,0.5337115735141517,0.17836530584263632,0.5260336272552881,0.37699085496170803,0.5428280664938924,29,20,0.9406807249312744
b6bank,sub1_i05,sub1,50,2,2,False,0.12267383026784184,0.6212254177631701,0.09376450337399134,0.6457876045688196,0.13205166096341048,0.5864011130212463,29,20,0.9289836218102013
b6bank,sub1_i05,sub1,50,4,4,False,0.18275382510263294,0.6212254177631701,0.13698678258196428,0.6457876045688196,0.1977359391468969,0.5864011130212463,29,20,0.9242317096785636
b6bank,sub1_i05,sub1,50,8,8,False,0.24644140906920364,0.6212254177631701,0.17798124665260207,0.6457876045688196,0.2616716737252742,0.5864011130212463,29,20,0.941796280662535
b6bank,sub1_i05,sub1,50,16,16,False,0.27508163930046226,0.6212254177631701,0.1951634424309654,0.6457876045688196,0.29284677083014277,0.5864011130212463,29,20,0.9393364267622925
b6bank,sub1_i05,sub1,50,29,32,True,0.32797581839724654,0.6212254177631701,0.23123065508596086,0.6457876045688196,0.3501098437328237,0.5864011130212463,29,20,0.9367797686017988
b6bank,sub1_i06,sub1,50,2,2,False,0.12499927855412696,0.6072038372738204,0.0966997709342774,0.6471659311328525,0.13117872613077564,0.5569651418985987,29,20,0.9528929136688808
b6bank,sub1_i06,sub1,50,4,4,False,0.16173230920322934,0.6072038372738204,0.11880992311638061,0.6471659311328525,0.17302649242502777,0.5569651418985987,29,20,0.9347256997266347
b6bank,sub1_i06,sub1,50,8,8,False,0.22460525018747968,0.6072038372738204,0.15766666262570228,0.6471659311328525,0.24131920682229568,0.5569651418985987,29,20,0.9307392194143753
b6bank,sub1_i06,sub1,50,16,16,False,0.25090614209707085,0.6072038372738204,0.16836498311792947,0.6471659311328525,0.2753752528246487,0.5569651418985987,29,20,0.9111426663195509
b6bank,sub1_i06,sub1,50,29,32,True,0.28823798057687144,0.6072038372738204,0.18561455527041537,0.6471659311328525,0.31803196820393254,0.5569651418985987,29,20,0.9063176327986115
b6bank,sub1_i07,sub1,48,2,2,False,0.4168459200392509,0.8073928040785159,0.3537855641311033,0.9480511104340007,0.42046574047482255,0.5980827694938667,28,19,0.9913909265675632
b6bank,sub1_i07,sub1,48,4,4,False,0.42161497793122205,0.8073928040785159,0.35887519956668334,0.9480511104340007,0.427501773050991,0.5980827694938667,28,19,0.9862297761299184
b6bank,sub1_i07,sub1,48,8,8,False,0.4933326234382708,0.8073928040785159,0.42189311623813874,0.9480511104340007,0.5035433770927411,0.5980827694938667,28,19,0.9797221964998861
b6bank,sub1_i07,sub1,48,16,16,False,0.5432255427945188,0.8073928040785159,0.4697230962598198,0.9480511104340007,0.561878799252391,0.5980827694938667,28,19,0.9668019927381291
b6bank,sub1_i07,sub1,48,28,32,True,0.6423581655870272,0.8073928040785159,0.5486971427795624,0.9480511104340007,0.6601877192995975,0.5980827694938667,28,19,0.9729932060361771
b6bank,sub1_i08,sub1,50,2,2,False,0.08777484302200678,0.5845390388611849,0.0710469008455894,0.5950815600563147,0.09985633343504752,0.5705336062500213,29,20,0.8790112755251598
b6bank,sub1_i08,sub1,50,4,4,False,0.13196857770173376,0.5845390388611849,0.1015888031780452,0.5950815600563147,0.15269134527091277,0.5705336062500213,29,20,0.8642832864402915
b6bank,sub1_i08,sub1,50,8,8,False,0.1931670823107451,0.5845390388611849,0.13123559269074703,0.5950815600563147,0.20945373422690583,0.5705336062500213,29,20,0.9222422461157124
b6bank,sub1_i08,sub1,50,16,16,False,0.22494271177462155,0.5845390388611849,0.14996870654350436,0.5950815600563147,0.24627822527648657,0.5705336062500213,29,20,0.9133682505714319
b6bank,sub1_i08,sub1,50,29,32,True,0.27861522303196407,0.5845390388611849,0.18379535629860366,0.5950815600563147,0.31016841651831706,0.5705336062500213,29,20,0.8982707722451502
b6bank,sub1_i09,sub1,50,2,2,False,0.2203098262377028,0.6983196121849817,0.18426013232691862,0.8127941232247795,0.23199418449470388,0.5553471775295254,29,20,0.949635124335335
b6bank,sub1_i09,sub1,50,4,4,False,0.23955478077463943,0.6983196121849817,0.19977162052089315,0.8127941232247795,0.25797925631139407,0.5553471775295254,29,20,0.9285815619434326
b6bank,sub1_i09,sub1,50,8,8,False,0.27671237632960133,0.6983196121849817,0.2236678333271085,0.8127941232247795,0.2968017227314409,0.5553471775295254,29,20,0.9323139157786584
b6bank,sub1_i09,sub1,50,16,16,False,0.2912039283960042,0.6983196121849817,0.23280716866711537,0.8127941232247795,0.31413008667643927,0.5553471775295254,29,20,0.9270169931094517
b6bank,sub1_i09,sub1,50,29,32,True,0.3084121365333663,0.6983196121849817,0.2467084150286143,0.8127941232247795,0.33866509401466793,0.5553471775295254,29,20,0.9106699863199029
b6bank,sub1_i10,sub1,50,2,2,False,0.08518000458456709,0.45746724701875585,0.06720082740004796,0.38236652381746183,0.10051492211445423,0.548820856323417,29,20,0.8474364083730216
b6bank,sub1_i10,sub1,50,4,4,False,0.16302194131022996,0.45746724701875585,0.08598921531231629,0.38236652381746183,0.1806083823266753,0.548820856323417,29,20,0.902626662229686
b6bank,sub1_i10,sub1,50,8,8,False,0.20145022832179937,0.45746724701875585,0.10479107353642259,0.38236652381746183,0.22278236113687522,0.548820856323417,29,20,0.9042467603529456
b6bank,sub1_i10,sub1,50,16,16,False,0.2289296897213291,0.45746724701875585,0.11440558583224314,0.38236652381746183,0.25400214375906705,0.548820856323417,29,20,0.901290384141323
b6bank,sub1_i10,sub1,50,29,32,True,0.29039061749087713,0.45746724701875585,0.13706661616733862,0.38236652381746183,0.3187904168761384,0.548820856323417,29,20,0.9109138861087671
b6bank,sub1_i11,sub1,50,2,2,False,0.07906039761984052,0.6982597679355578,0.06959084300242857,0.7981532694515252,0.08917279959701896,0.5672950391327511,29,20,0.8865976842391691
b6bank,sub1_i11,sub1,50,4,4,False,0.2231111079508168,0.6982597679355578,0.18521096304734141,0.7981532694515252,0.24007373570782864,0.5672950391327511,29,20,0.9293440921098696
b6bank,sub1_i11,sub1,50,8,8,False,0.2434664968440413,0.6982597679355578,0.1993408704033689,0.7981532694515252,0.2659330942812387,0.5672950391327511,29,20,0.9155178579863485
b6bank,sub1_i11,sub1,50,16,16,False,0.2703229406800116,0.6982597679355578,0.21538165688969835,0.7981532694515252,0.2959937067213835,0.5672950391327511,29,20,0.9132725951314379
b6bank,sub1_i11,sub1,50,29,32,True,0.31214648297960446,0.6982597679355578,0.2424763153337649,0.7981532694515252,0.3408645893631572,0.5672950391327511,29,20,0.9157492233581457
b6bank,sub1_i12,sub1,48,2,2,False,0.46365366870475955,0.8020238656813645,0.3885314772089249,0.9553037144197558,0.4674997411877384,0.585504833474444,28,19,0.991773102433795
b6bank,sub1_i12,sub1,48,4,4,False,0.46541573659799174,0.8020238656813645,0.3901239076637093,0.9553037144197558,0.47002458516139545,0.585504833474444,28,19,0.9901944521437721
b6bank,sub1_i12,sub1,48,8,8,False,0.5218961427079833,0.8020238656813645,0.4407642661211397,0.9553037144197558,0.5323213906790423,0.585504833474444,28,19,0.9804155005723888
b6bank,sub1_i12,sub1,48,16,16,False,0.5652469679817104,0.8020238656813645,0.48127341321356953,0.9553037144197558,0.5819203358963744,0.585504833474444,28,19,0.9713476795943541
b6bank,sub1_i12,sub1,48,28,32,True,0.6587579472323999,0.8020238656813645,0.5581930866204499,0.9553037144197558,0.6772906124908081,0.585504833474444,28,19,0.9726370557680515
b6bank,sub1_i13,sub1,50,2,2,False,0.19128950299629666,0.677836465856211,0.1616242962081893,0.7363780214709842,0.20205258234320533,0.5926609858348272,29,20,0.9467312952792329
b6bank,sub1_i13,sub1,50,4,4,False,0.20174829786522186,0.677836465856211,0.17001374834853666,0.7363780214709842,0.21760689345399764,0.5926609858348272,29,20,0.9271227333975598
b6bank,sub1_i13,sub1,50,8,8,False,0.2816617191294897,0.677836465856211,0.21506469571353704,0.7363780214709842,0.2938966553559751,0.5926609858348272,29,20,0.9583699371751402
b6bank,sub1_i13,sub1,50,16,16,False,0.29046186445642586,0.677836465856211,0.22119652014590818,0.7363780214709842,0.3076314582907237,0.5926609858348272,29,20,0.9441877825834317
b6bank,sub1_i13,sub1,50,29,32,True,0.3457770207100024,0.677836465856211,0.25894453751141033,0.7363780214709842,0.3656019334248366,0.5926609858348272,29,20,0.9457745955303872
b6bank,sub1_i14,sub1,50,2,2,False,0.08333028334183012,0.3906734889266147,0.043261266643833785,0.2601896470958428,0.11064072405194714,0.5504330526959539,29,20,0.7531610449576014
b6bank,sub1_i14,sub1,50,4,4,False,0.16768716314978105,0.3906734889266147,0.07246027567972513,0.2601896470958428,0.1918159003522918,0.5504330526959539,29,20,0.8742088786268731
b6bank,sub1_i14,sub1,50,8,8,False,0.2760655591478228,0.3906734889266147,0.11478605223360305,0.2601896470958428,0.2955657871967686,0.5504330526959539,29,20,0.9340240687736845
b6bank,sub1_i14,sub1,50,16,16,False,0.34116045741610956,0.3906734889266147,0.1356207215079014,0.2601896470958428,0.3619798692772702,0.5504330526959539,29,20,0.9424846141230762
b6bank,sub1_i14,sub1,50,29,32,True,0.4211903632246974,0.3906734889266147,0.16093864970933747,0.2601896470958428,0.45007426643051374,0.5504330526959539,29,20,0.9358241397916588
b6bank,sub1_i15,sub1,50,2,2,False,0.07797756049419424,0.6617421510441333,0.07307378677737142,0.7362709569308712,0.09735893438206733,0.5649572174929879,29,20,0.8009286563078594
b6bank,sub1_i15,sub1,50,4,4,False,0.18875682719442233,0.6617421510441333,0.1480413737675187,0.7362709569308712,0.20073703080451,0.5649572174929879,29,20,0.9403189159365681
b6bank,sub1_i15,sub1,50,8,8,False,0.21871411556556652,0.6617421510441333,0.16729764779861545,0.7362709569308712,0.24024816581174113,0.5649572174929879,29,20,0.9103674728445222
b6bank,sub1_i15,sub1,50,16,16,False,0.2565364761373916,0.6617421510441333,0.18763633088658804,0.7362709569308712,0.27661772794703443,0.5649572174929879,29,20,0.927404320906403
b6bank,sub1_i15,sub1,50,29,32,True,0.28775659704543277,0.6617421510441333,0.20770873365854192,0.7362709569308712,0.3124123964396801,0.5649572174929879,29,20,0.9210793179936834
b6bank,sub1_i16,sub1,50,2,2,False,0.12204929063524761,0.5022399036910116,0.09457725021240226,0.44535411686055326,0.1327573290552294,0.5811771393828586,29,20,0.9193412635205468
b6bank,sub1_i16,sub1,50,4,4,False,0.16389755396767502,0.5022399036910116,0.10757962329799953,0.44535411686055326,0.1853584489383746,0.5811771393828586,29,20,0.8842194942091115
b6bank,sub1_i16,sub1,50,8,8,False,0.23965366290015633,0.5022399036910116,0.1402888661825008,0.44535411686055326,0.25644279072469534,0.5811771393828586,29,20,0.934530708478512
b6bank,sub1_i16,sub1,50,16,16,False,0.2771985350365299,0.5022399036910116,0.14849421431461596,0.44535411686055326,0.2990097849484007,0.5811771393828586,29,20,0.9270550630453961
b6bank,sub1_i16,sub1,50,29,32,True,0.33236339117163105,0.5022399036910116,0.1732989532838719,0.44535411686055326,0.3595416272199985,0.5811771393828586,29,20,0.924408652598834
b6bank,sub1_i17,sub1,50,2,2,False,0.2300567583278117,0.7176271599420592,0.19740544288946782,0.8006408598578758,0.24061006362454518,0.5954438703095267,29,20,0.9561393852868882
b6bank,sub1_i17,sub1,50,4,4,False,0.23388817230420922,0.7176271599420592,0.20405773173945518,0.8006408598578758,0.25101696718329813,0.5954438703095267,29,20,0.931762402074673
b6bank,sub1_i17,sub1,50,8,8,False,0.3043755029371302,0.7176271599420592,0.2436683042527601,0.8006408598578758,0.3174928163748898,0.5954438703095267,29,20,0.958684692184434
b6bank,sub1_i17,sub1,50,16,16,False,0.31724539910305793,0.7176271599420592,0.2530114445332824,0.8006408598578758,0.333811524613126,0.5954438703095267,29,20,0.9503728173277793
b6bank,sub1_i17,sub1,50,29,32,True,0.35827790668397574,0.7176271599420592,0.28630700895288697,0.8006408598578758,0.3818082303480379,0.5954438703095267,29,20,0.9383713555817981
b6bank,sub1_i18,sub1,50,2,2,False,0.11191775778639845,0.6001314238955846,0.08211212729421269,0.6034020984973492,0.1187108266011474,0.5953199733942224,29,20,0.9427763329660507
b6bank,sub1_i18,sub1,50,4,4,False,0.16108626256491443,0.6001314238955846,0.11857110864108944,0.6034020984973492,0.17518095242892395,0.5953199733942224,29,20,0.9195421096381574
b6bank,sub1_i18,sub1,50,8,8,False,0.23891799997882812,0.6001314238955846,0.16589441209336298,0.6034020984973492,0.2537401708491108,0.5953199733942224,29,20,0.9415852412304992
b6bank,sub1_i18,sub1,50,16,16,False,0.27439643098819144,0.6001314238955846,0.181032541045538,0.6034020984973492,0.29326518590561057,0.5953199733942224,29,20,0.9356597515686974
b6bank,sub1_i18,sub1,50,29,32,True,0.3153392591472792,0.6001314238955846,0.2090409853029923,0.6034020984973492,0.3456756456209914,0.5953199733942224,29,20,0.9122403129696506
b6bank,sub1_i19,sub1,50,2,2,False,0.1889717501690532,0.6631062293612944,0.15099332399284238,0.7519695840759364,0.19671879405396686,0.5531177504860192,29,20,0.9606186896266334
b6bank,sub1_i19,sub1,50,4,4,False,0.23060558902237582,0.6631062293612944,0.1766455647429428,0.7519695840759364,0.24400744949752107,0.5531177504860192,29,20,0.9450760191840725
b6bank,sub1_i19,sub1,50,8,8,False,0.2623405199616433,0.6631062293612944,0.19763667947556063,0.7519695840759364,0.2794956565376263,0.5531177504860192,29,20,0.9386210977712509
b6bank,sub1_i19,sub1,50,16,16,False,0.2812261279558249,0.6631062293612944,0.20930631632299868,0.7519695840759364,0.3018197886904135,0.5531177504860192,29,20,0.9317683548055486
b6bank,sub1_i19,sub1,50,29,32,True,0.3108916850630301,0.6631062293612944,0.23056106194498527,0.7519695840759364,0.3388833873077969,0.5531177504860192,29,20,0.9174001934200958
b6bank,sub1_i20,sub1,50,2,2,False,0.17213495880781127,0.617469366326757,0.13026510041024897,0.6117129974838806,0.17816421846846142,0.6271519094391979,29,20,0.9661589756210367
b6bank,sub1_i20,sub1,50,4,4,False,0.21714034940422466,0.617469366326757,0.1654265493567444,0.6117129974838806,0.22793145543938031,0.6271519094391979,29,20,0.9526563544537818
b6bank,sub1_i20,sub1,50,8,8,False,0.27260327678843954,0.617469366326757,0.19871886397989846,0.6117129974838806,0.2834341696530217,0.6271519094391979,29,20,0.9617869190653997
b6bank,sub1_i20,sub1,50,16,16,False,0.30722671220713127,0.617469366326757,0.21692458939225068,0.6117129974838806,0.3218182528319993,0.6271519094391979,29,20,0.9546590645606254
b6bank,sub1_i20,sub1,50,29,32,True,0.3562357860571679,0.617469366326757,0.24523346591809836,0.6117129974838806,0.3800678945166911,0.6271519094391979,29,20,0.9372951285721488
b6bank,sub1_i21,sub1,50,2,2,False,0.14056659060948784,0.6014210139563223,0.10078915518671416,0.6136808471176645,0.14488967477307002,0.5841961891123201,29,20,0.9701629245123705
b6bank,sub1_i21,sub1,50,4,4,False,0.18017280979398453,0.6014210139563223,0.12812185462242098,0.6136808471176645,0.19183307545909545,0.5841961891123201,29,20,0.9392166046589957
b6bank,sub1_i21,sub1,50,8,8,False,0.21282138531526906,0.6014210139563223,0.15337051878113672,0.6136808471176645,0.2297347739419987,0.5841961891123201,29,20,0.9263786307291914
b6bank,sub1_i21,sub1,50,16,16,False,0.24480764540374977,0.6014210139563223,0.17024862788286155,0.6136808471176645,0.26136685042586627,0.5841961891123201,29,20,0.9366438207632864
b6bank,sub1_i21,sub1,50,29,32,True,0.2776051072480804,0.6014210139563223,0.1991840415905891,0.6136808471176645,0.30793124959712537,0.5841961891123201,29,20,0.9015165158173408
b6bank,sub1_i22,sub1,50,2,2,False,0.09374298697051109,0.6483417249409289,0.07842788028198577,0.7209716151155128,0.10144748354496225,0.5570157100730202,29,20,0.9240543352557733
b6bank,sub1_i22,sub1,50,4,4,False,0.173305079412436,0.6483417249409289,0.13850781701262316,0.7209716151155128,0.18642179616098442,0.5570157100730202,29,20,0.9296395753143507
b6bank,sub1_i22,sub1,50,8,8,False,0.19817947824423643,0.6483417249409289,0.15330137137353217,0.7209716151155128,0.21588708245514532,0.5570157100730202,29,20,0.9179774722529405
b6bank,sub1_i22,sub1,50,16,16,False,0.22431890845200597,0.6483417249409289,0.16863885462120243,0.7209716151155128,0.24702014459316168,0.5570157100730202,29,20,0.9080996564934237
b6bank,sub1_i22,sub1,50,29,32,True,0.26872269756044065,0.6483417249409289,0.19479230744142018,0.7209716151155128,0.29382112104917857,0.5570157100730202,29,20,0.914579239916054
b6bank,sub1_i23,sub1,50,2,2,False,0.08175788350562807,0.6764386199537432,0.07626989076504742,0.7577083316680641,0.10188813061610502,0.569102612407598,29,20,0.8024279473109202
b6bank,sub1_i23,sub1,50,4,4,False,0.2580303468861571,0.6764386199537432,0.20440757600023374,0.7577083316680641,0.2719030888769909,0.569102612407598,29,20,0.9489790938082729
b6bank,sub1_i23,sub1,50,8,8,False,0.27956584291082776,0.6764386199537432,0.2220171271586866,0.7577083316680641,0.302599008317206,0.569102612407598,29,20,0.923882217808747
b6bank,sub1_i23,sub1,50,16,16,False,0.3146639416430441,0.6764386199537432,0.24144368751880962,0.7577083316680641,0.33827084513676464,0.569102612407598,29,20,0.9302130117534186
b6bank,sub1_i23,sub1,50,29,32,True,0.3430640309507553,0.6764386199537432,0.26071137594480154,0.7577083316680641,0.3718136016992579,0.569102612407598,29,20,0.9226774636078087
b6bank,sub1_i24,sub1,50,2,2,False,0.17806035497815154,0.6837947441961248,0.15161558498316907,0.7669573113044542,0.1877826148819024,0.5724484468349137,29,20,0.948225985084587
b6bank,sub1_i24,sub1,50,4,4,False,0.19113421844296208,0.6837947441961248,0.15916953159037273,0.7669573113044542,0.2049662866657569,0.5724484468349137,29,20,0.9325153982744925
b6bank,sub1_i24,sub1,50,8,8,False,0.23045939985154906,0.6837947441961248,0.18558412142072656,0.7669573113044542,0.24697119900009934,0.5724484468349137,29,20,0.9331428149703253
b6bank,sub1_i24,sub1,50,16,16,False,0.24168210084298625,0.6837947441961248,0.19316813389762955,0.7669573113044542,0.2640058839563926,0.5724484468349137,29,20,0.9154421000817782
b6bank,sub1_i24,sub1,50,29,32,True,0.27119495516418735,0.6837947441961248,0.210452307553327,0.7669573113044542,0.29878102812705865,0.5724484468349137,29,20,0.9076712697061202
b6bank,sub1_i25,sub1,50,2,2,False,0.03449528483017228,0.5599511703690122,0.032176404919611934,0.5552922791001681,0.049275059164994084,0.5660277377317718,29,20,0.7000556755227271
b6bank,sub1_i25,sub1,50,4,4,False,0.14039555834547435,0.5599511703690122,0.1040186989409172,0.5552922791001681,0.14972820660041486,0.5660277377317718,29,20,0.9376694046710458
b6bank,sub1_i25,sub1,50,8,8,False,0.16409756188188673,0.5599511703690122,0.11383050181853849,0.5552922791001681,0.18283448902474897,0.5660277377317718,29,20,0.8975197335972758
b6bank,sub1_i25,sub1,50,16,16,False,0.21639797251982484,0.5599511703690122,0.12919051754826394,0.5552922791001681,0.2321133681245915,0.5660277377317718,29,20,0.9322943106132039
b6bank,sub1_i25,sub1,50,29,32,True,0.26044949020576746,0.5599511703690122,0.15585792437628743,0.5552922791001681,0.28638601416610954,0.5660277377317718,29,20,0.9094350887355191
b6bank,sub1_i26,sub1,50,2,2,False,0.22754458813645284,0.705559700344713,0.19306526548712577,0.7773134111718848,0.24146735641019645,0.5985687188678653,29,20,0.9423409918395259
b6bank,sub1_i26,sub1,50,4,4,False,0.2356298985206544,0.705559700344713,0.20201345558203254,0.7773134111718848,0.25553569109588625,0.5985687188678653,29,20,0.9221017131115259
b6bank,sub1_i26,sub1,50,8,8,False,0.3235408297630433,0.705559700344713,0.25077564999829727,0.7773134111718848,0.33737424861518683,0.5985687188678653,29,20,0.9589968146385646
b6bank,sub1_i26,sub1,50,16,16,False,0.3414415433049657,0.705559700344713,0.26255167894714826,0.7773134111718848,0.3558424138742089,0.5985687188678653,29,20,0.9595302021126296
b6bank,sub1_i26,sub1,50,29,32,True,0.38953454404318744,0.705559700344713,0.29819328566647185,0.7773134111718848,0.4095604769662641,0.5985687188678653,29,20,0.9511038441223267
b6bank,sub1_i27,sub1,50,2,2,False,0.1212140197192706,0.6571946318925828,0.10272058039287157,0.7503422458742902,0.1334273738412477,0.5454290077463786,29,20,0.9084644044893772
b6bank,sub1_i27,sub1,50,4,4,False,0.17149212238432,0.6571946318925828,0.13904697102885355,0.7503422458742902,0.18829029340329506,0.5454290077463786,29,20,0.9107857834020396
b6bank,sub1_i27,sub1,50,8,8,False,0.22373118180881746,0.6571946318925828,0.1736071936532465,0.7503422458742902,0.23986790568031624,0.5454290077463786,29,20,0.9327266237401306
b6bank,sub1_i27,sub1,50,16,16,False,0.23483795937202057,0.6571946318925828,0.17998186337046496,0.7503422458742902,0.25566413431164525,0.5454290077463786,29,20,0.9185408817873596
b6bank,sub1_i27,sub1,50,29,32,True,0.266077748065808,0.6571946318925828,0.19950163783888208,0.7503422458742902,0.2934038937743555,0.5454290077463786,29,20,0.9068650884041679
b6bank,sub1_i28,sub1,50,2,2,False,0.1415103055902195,0.5690921359638613,0.11326473304213258,0.5663687739252656,0.14817143589130555,0.5727428320877135,29,20,0.9550444371344793
b6bank,sub1_i28,sub1,50,4,4,False,0.17029238035874794,0.5690921359638613,0.12244649525490736,0.5663687739252656,0.18478382536275828,0.5727428320877135,29,20,0.9215762257569814
b6bank,sub1_i28,sub1,50,8,8,False,0.21411022731601448,0.5690921359638613,0.14836228996108702,0.5663687739252656,0.24071014225064213,0.5727428320877135,29,20,0.889494000186622
b6bank,sub1_i28,sub1,50,16,16,False,0.27359503930685025,0.5690921359638613,0.16008714283489345,0.5663687739252656,0.29743902092382146,0.5727428320877135,29,20,0.9198357312268117
b6bank,sub1_i28,sub1,50,29,32,True,0.31215509033492816,0.5690921359638613,0.1754496255106417,0.5663687739252656,0.3436032984019073,0.5727428320877135,29,20,0.9084752439419407
b6bank,sub1_i29,sub1,50,2,2,False,0.06855429592416229,0.7017701284447591,0.05964621295037131,0.7921746203786033,0.07872348112076266,0.5779641594480538,29,20,0.8708239898461714
b6bank,sub1_i29,sub1,50,4,4,False,0.19343010331353905,0.7017701284447591,0.16201891119862388,0.7921746203786033,0.21169967676933155,0.5779641594480538,29,20,0.9137005132242169
b6bank,sub1_i29,sub1,50,8,8,False,0.259877869298099,0.7017701284447591,0.20913509971473976,0.7921746203786033,0.2820384446595747,0.5779641594480538,29,20,0.9214271111577574
b6bank,sub1_i29,sub1,50,16,16,False,0.2914404710218267,0.7017701284447591,0.22691152977512563,0.7921746203786033,0.3137538194293452,0.5779641594480538,29,20,0.9288826238096416
b6bank,sub1_i29,sub1,50,29,32,True,0.3242769376970488,0.7017701284447591,0.24727485907031999,0.7921746203786033,0.3503800053087106,0.5779641594480538,29,20,0.925500692915787
b6bank,sub1_i30,sub1,50,2,2,False,0.07180381575896555,0.498866331658818,0.05972692410971514,0.4458547704684894,0.09369362442188867,0.5687921437649297,29,20,0.7663682155750906
b6bank,sub1_i30,sub1,50,4,4,False,0.18067884389896416,0.498866331658818,0.10472860620334412,0.4458547704684894,0.20378720792650096,0.5687921437649297,29,20,0.8866054240466792
b6bank,sub1_i30,sub1,50,8,8,False,0.2592775898603422,0.498866331658818,0.13992492019571334,0.4458547704684894,0.2759450544090799,0.5687921437649297,29,20,0.9395986110915084
b6bank,sub1_i30,sub1,50,16,16,False,0.3044164807264579,0.498866331658818,0.1552012427789492,0.4458547704684894,0.32494428656467345,0.5687921437649297,29,20,0.9368266909529738
b6bank,sub1_i30,sub1,50,29,32,True,0.3570325246006065,0.498866331658818,0.17981120912294057,0.4458547704684894,0.38177787643288075,0.5687921437649297,29,20,0.9351839031022935
b6bank,sub1_i31,sub1,50,2,2,False,0.05653096057033424,0.6633412090084249,0.054266999161168505,0.7218703866390861,0.0775393994744199,0.5818864554837769,29,20,0.7290611089783291
b6bank,sub1_i31,sub1,50,4,4,False,0.22790341956091098,0.6633412090084249,0.18156905901428166,0.7218703866390861,0.2433371197923,0.5818864554837769,29,20,0.9365748216114236
b6bank,sub1_i31,sub1,50,8,8,False,0.28396432240328184,0.6633412090084249,0.21656063726078012,0.7218703866390861,0.30101711126396524,0.5818864554837769,29,20,0.9433494368839065
b6bank,sub1_i31,sub1,50,16,16,False,0.30731814933154855,0.6633412090084249,0.22984805634143157,0.7218703866390861,0.3304588388111689,0.5818864554837769,29,20,0.9299740640532741
b6bank,sub1_i31,sub1,50,29,32,True,0.34314964990160657,0.6633412090084249,0.2520510152048354,0.7218703866390861,0.3710380227855282,0.5818864554837769,29,20,0.9248368868652526
b6bank,nth_item_i00,nth_item,49,2,2,False,0.07042136528168119,0.44307950579765865,0.04942723962848328,0.49185762642948927,0.09107236915621397,0.40928317075624093,28,20,0.7732462209354555
b6bank,nth_item_i00,nth_item,49,4,4,False,0.07314371533174113,0.44307950579765865,0.05136052216877973,0.49185762642948927,0.10160918358725435,0.40928317075624093,28,20,0.7198533907019418
b6bank,nth_item_i00,nth_item,49,8,8,False,0.11079552126388137,0.44307950579765865,0.07134549012421942,0.49185762642948927,0.14700590586376516,0.40928317075624093,28,20,0.7536807491704377
b6bank,nth_item_i00,nth_item,49,16,16,False,0.1665631423747186,0.44307950579765865,0.09649479639225478,0.49185762642948927,0.20088989556875114,0.40928317075624093,28,20,0.8291265317409416
b6bank,nth_item_i00,nth_item,49,28,32,True,0.21060912334161297,0.44307950579765865,0.12050232087767798,0.49185762642948927,0.25079150418037677,0.40928317075624093,28,20,0.8397777429897967
b6bank,nth_item_i01,nth_item,49,2,2,False,0.044561536777657174,0.4570376958696367,0.03260819298327733,0.4629735694930248,0.06399279434218297,0.4521389363761448,28,20,0.6963524133573108
b6bank,nth_item_i01,nth_item,49,4,4,False,0.0861944704585339,0.4570376958696367,0.05402912840450891,0.4629735694930248,0.10987463667808428,0.4521389363761448,28,20,0.7844801408633586
b6bank,nth_item_i01,nth_item,49,8,8,False,0.11323814110404729,0.4570376958696367,0.05774496902625226,0.4629735694930248,0.13782315642883913,0.4521389363761448,28,20,0.8216191243777994
b6bank,nth_item_i01,nth_item,49,16,16,False,0.15567973930334822,0.4570376958696367,0.07458137677164134,0.4629735694930248,0.18152081795977149,0.4521389363761448,28,20,0.8576412394629571
b6bank,nth_item_i01,nth_item,49,28,32,True,0.18711985691540745,0.4570376958696367,0.08859047165669465,0.4629735694930248,0.2198033407123331,0.4521389363761448,28,20,0.8513057913905865
b6bank,nth_item_i02,nth_item,48,2,2,False,0.049165101165049574,0.379509012976861,0.030915251191856896,0.28887720704324416,0.06261824051963705,0.4552505998532147,28,19,0.7851562221655114
b6bank,nth_item_i02,nth_item,48,4,4,False,0.0754468415870938,0.379509012976861,0.032908465433274636,0.28887720704324416,0.09888539501523186,0.4552505998532147,28,19,0.7629725458999513
b6bank,nth_item_i02,nth_item,48,8,8,False,0.1229418944019881,0.379509012976861,0.03571237464072452,0.28887720704324416,0.1439581055009842,0.4552505998532147,28,19,0.8540116166029122
b6bank,nth_item_i02,nth_item,48,16,16,False,0.16942481574578705,0.379509012976861,0.03915860257852033,0.28887720704324416,0.19109597510432252,0.4552505998532147,28,19,0.8865954170583403
b6bank,nth_item_i02,nth_item,48,28,32,True,0.19713497067120678,0.379509012976861,0.05178272619091384,0.28887720704324416,0.23308115581085753,0.4552505998532147,28,19,0.8457782440000399
b6bank,nth_item_i03,nth_item,49,2,2,False,0.05354176462798199,0.524724866030409,0.032076941796599256,0.61876512842512,0.0633880403355267,0.4483074069102475,28,20,0.8446666649508926
b6bank,nth_item_i03,nth_item,49,4,4,False,0.09267403098896732,0.524724866030409,0.05881296148034143,0.61876512842512,0.11659120464224593,0.4483074069102475,28,20,0.7948629682087323
b6bank,nth_item_i03,nth_item,49,8,8,False,0.10761802542737109,0.524724866030409,0.0694885368084528,0.61876512842512,0.1372855810287854,0.4483074069102475,28,20,0.7838989690024784
b6bank,nth_item_i03,nth_item,49,16,16,False,0.18658597169994517,0.524724866030409,0.11384575682995701,0.61876512842512,0.2192268612792212,0.4483074069102475,28,20,0.8511090776522019
b6bank,nth_item_i03,nth_item,49,28,32,True,0.21989299743666924,0.524724866030409,0.1373819758609086,0.61876512842512,0.26189806478453226,0.4483074069102475,28,20,0.8396129143511569
b6bank,nth_item_i04,nth_item,50,2,2,False,0.06936763673559854,0.5041367815067594,0.051119803005344244,0.5204536813704392,0.08602187435172282,0.4885504379714931,29,20,0.8063953181486246
b6bank,nth_item_i04,nth_item,50,4,4,False,0.09231276996052462,0.5041367815067594,0.06121395213875047,0.5204536813704392,0.1099225866536202,0.4885504379714931,29,20,0.8397980139551636
b6bank,nth_item_i04,nth_item,50,8,8,False,0.12419176644804719,0.5041367815067594,0.084202518995251,0.5204536813704392,0.15279360718378832,0.4885504379714931,29,20,0.8128073467017681
b6bank,nth_item_i04,nth_item,50,16,16,False,0.1927461369465494,0.5041367815067594,0.11801988428883203,0.5204536813704392,0.22268751877992154,0.4885504379714931,29,20,0.8655453076247047
b6bank,nth_item_i04,nth_item,50,29,32,True,0.2594973149073959,0.5041367815067594,0.142465959955571,0.5204536813704392,0.29220141389659005,0.4885504379714931,29,20,0.888076862623368
b6bank,nth_item_i05,nth_item,50,2,2,False,0.025171640355242886,0.3960377744418808,0.015220488053549142,0.32338416354918653,0.040288284056155255,0.4572449330018258,29,20,0.6247880977049742
b6bank,nth_item_i05,nth_item,50,4,4,False,0.05328881911344607,0.3960377744418808,0.035347534103248535,0.32338416354918653,0.07721052946009621,0.4572449330018258,29,20,0.6901755432332153
b6bank,nth_item_i05,nth_item,50,8,8,False,0.10232249473571997,0.3960377744418808,0.05081596710507186,0.32338416354918653,0.13421710030539202,0.4572449330018258,29,20,0.7623655592536243
b6bank,nth_item_i05,nth_item,50,16,16,False,0.17981946079377242,0.3960377744418808,0.06581584183648448,0.32338416354918653,0.21874460748295588,0.4572449330018258,29,20,0.8220520855938521
b6bank,nth_item_i05,nth_item,50,29,32,True,0.25654743377174394,0.3960377744418808,0.08244045731478611,0.32338416354918653,0.2920100435920252,0.4572449330018258,29,20,0.8785568832357459
b6bank,nth_item_i06,nth_item,49,2,2,False,0.03913370383196657,0.4890089747385653,0.03072408682547767,0.5092266038003845,0.05386971316000211,0.4710074827318521,28,20,0.7264509412874148
b6bank,nth_item_i06,nth_item,49,4,4,False,0.07115058642844052,0.4890089747385653,0.0445719648908639,0.5092266038003845,0.09082424322665705,0.4710074827318521,28,20,0.7833876055634198
b6bank,nth_item_i06,nth_item,49,8,8,False,0.11107937472676555,0.4890089747385653,0.06656764205403543,0.5092266038003845,0.1451260155922588,0.4710074827318521,28,20,0.7653994652402671
b6bank,nth_item_i06,nth_item,49,16,16,False,0.18695238997034314,0.4890089747385653,0.09891704114483368,0.5092266038003845,0.21494329868097295,0.4710074827318521,28,20,0.8697753831712847
b6bank,nth_item_i06,nth_item,49,28,32,True,0.23694352021277076,0.4890089747385653,0.12550970871096612,0.5092266038003845,0.2702945314694254,0.4710074827318521,28,20,0.876612334421471
b6bank,nth_item_i07,nth_item,50,2,2,False,0.07359013999010033,0.5096003639405758,0.040679065340731624,0.5389129559112019,0.08068852397867088,0.4822929225951367,29,20,0.9120273412059573
b6bank,nth_item_i07,nth_item,50,4,4,False,0.09923293514439613,0.5096003639405758,0.057849158163668535,0.5389129559112019,0.11398208125200215,0.4822929225951367,29,20,0.8706011862075299
b6bank,nth_item_i07,nth_item,50,8,8,False,0.13361374090031575,0.5096003639405758,0.07559276527041037,0.5389129559112019,0.15613242679973172,0.4822929225951367,29,20,0.8557718831316169
b6bank,nth_item_i07,nth_item,50,16,16,False,0.18228553899588262,0.5096003639405758,0.09807932616992987,0.5389129559112019,0.20638426516618535,0.4822929225951367,29,20,0.883233704125177
b6bank,nth_item_i07,nth_item,50,29,32,True,0.21672903770049012,0.5096003639405758,0.11857740184500931,0.5389129559112019,0.2461626696478606,0.4822929225951367,29,20,0.8804301562479976
b6bank,nth_item_i08,nth_item,49,2,2,False,0.055084662002649054,0.46271681001352527,0.03519166785204886,0.5124052381998764,0.07306101991041913,0.42586099120529797,28,20,0.7539541888436395
b6bank,nth_item_i08,nth_item,49,4,4,False,0.17363007858647317,0.46271681001352527,0.08921187438054123,0.5124052381998764,0.18659209957932232,0.42586099120529797,28,20,0.9305328520228218
b6bank,nth_item_i08,nth_item,49,8,8,False,0.21657554901960197,0.46271681001352527,0.11487344763584173,0.5124052381998764,0.234981771123857,0.42586099120529797,28,20,0.9216695745537076
b6bank,nth_item_i08,nth_item,49,16,16,False,0.275647356176856,0.46271681001352527,0.14285722815996382,0.5124052381998764,0.29858640115385116,0.42586099120529797,28,20,0.923174515355187
b6bank,nth_item_i08,nth_item,49,28,32,True,0.31264924010315864,0.46271681001352527,0.16323454960609707,0.5124052381998764,0.34039013308491695,0.42586099120529797,28,20,0.9185026524407575
b6bank,nth_item_i09,nth_item,50,2,2,False,0.07751572885156788,0.5357617883844001,0.05821788884515244,0.5964511468189764,0.09689285531034297,0.47978833051772785,29,20,0.8000149092860239
b6bank,nth_item_i09,nth_item,50,4,4,False,0.12351809631687904,0.5357617883844001,0.0834391999714027,0.5964511468189764,0.14824668206914426,0.47978833051772785,29,20,0.8331929901761209
b6bank,nth_item_i09,nth_item,50,8,8,False,0.15639640351446382,0.5357617883844001,0.10049122906429986,0.5964511468189764,0.18654388170186353,0.47978833051772785,29,20,0.8383893488633322
b6bank,nth_item_i09,nth_item,50,16,16,False,0.24158891374349145,0.5357617883844001,0.1472626383371367,0.5964511468189764,0.2731559239415816,0.47978833051772785,29,20,0.8844359304290935
b6bank,nth_item_i09,nth_item,50,29,32,True,0.2759333863496678,0.5357617883844001,0.16881125201990055,0.5964511468189764,0.3133721088783583,0.47978833051772785,29,20,0.8805295000161514
b6bank,nth_item_i10,nth_item,49,2,2,False,0.02281503791179218,0.4742403974221684,0.020377153042372642,0.5021307335159267,0.03972812114343005,0.45130081294763436,28,20,0.5742793078339464
b6bank,nth_item_i10,nth_item,49,4,4,False,0.051073849307420316,0.4742403974221684,0.03201277649158052,0.5021307335159267,0.07230782052227946,0.45130081294763436,28,20,0.7063392166782769
b6bank,nth_item_i10,nth_item,49,8,8,False,0.0769203909337367,0.4742403974221684,0.03611532859556166,0.5021307335159267,0.1015412146771617,0.45130081294763436,28,20,0.757528764830084
b6bank,nth_item_i10,nth_item,49,16,16,False,0.13615784911273965,0.4742403974221684,0.06103467505434779,0.5021307335159267,0.1643615790374573,0.45130081294763436,28,20,0.828404362565231
b6bank,nth_item_i10,nth_item,49,28,32,True,0.16229557403524986,0.4742403974221684,0.07081689514319522,0.5021307335159267,0.20129070676885807,0.45130081294763436,28,20,0.8062745500795211
b6bank,nth_item_i11,nth_item,49,2,2,False,0.06881287172328465,0.4828654772999684,0.05038664740054899,0.5084347872971205,0.08424765161331771,0.4609966583959883,28,20,0.8167927580833225
b6bank,nth_item_i11,nth_item,49,4,4,False,0.0980906324204478,0.4828654772999684,0.06118717851027644,0.5084347872971205,0.1128436488232879,0.4609966583959883,28,20,0.8692614377797798
b6bank,nth_item_i11,nth_item,49,8,8,False,0.1271289314364299,0.4828654772999684,0.07799698016681167,0.5084347872971205,0.14885140642141081,0.4609966583959883,28,20,0.8540660413816799
b6bank,nth_item_i11,nth_item,49,16,16,False,0.17018052487268975,0.4828654772999684,0.1013429549742696,0.5084347872971205,0.19769171106064154,0.4609966583959883,28,20,0.8608379378156488
b6bank,nth_item_i11,nth_item,49,28,32,True,0.2161926176229274,0.4828654772999684,0.12182630418131057,0.5084347872971205,0.24495050644044336,0.4609966583959883,28,20,0.8825971448868669
b6bank,nth_item_i12,nth_item,49,2,2,False,0.030826628958738334,0.3933723088933312,0.016893350118945327,0.30730949077569214,0.043353393901469084,0.4695563551865227,28,20,0.7110545723086684
b6bank,nth_item_i12,nth_item,49,4,4,False,0.054995810530600986,0.3933723088933312,0.029234019533171618,0.30730949077569214,0.07095478931704269,0.4695563551865227,28,20,0.7750824300931508
b6bank,nth_item_i12,nth_item,49,8,8,False,0.0887751499548356,0.3933723088933312,0.03353017053615481,0.30730949077569214,0.1117568425068377,0.4695563551865227,28,20,0.7943598616738299
b6bank,nth_item_i12,nth_item,49,16,16,False,0.1396948843310979,0.3933723088933312,0.045795773389514016,0.30730949077569214,0.16635386783253114,0.4695563551865227,28,20,0.839745334155555
b6bank,nth_item_i12,nth_item,49,28,32,True,0.17717455883607836,0.3933723088933312,0.05491784377148101,0.30730949077569214,0.22350029513668712,0.4695563551865227,28,20,0.7927262857873314
b6bank,nth_item_i13,nth_item,49,2,2,False,0.06197706074881282,0.47433705322932274,0.04744223228309963,0.5172973099252017,0.07687475918338715,0.4405123187052649,28,20,0.8062081937839257
b6bank,nth_item_i13,nth_item,49,4,4,False,0.0822968760406072,0.47433705322932274,0.05154992693692295,0.5172973099252017,0.09821262624799532,0.4405123187052649,28,20,0.8379459870342997
b6bank,nth_item_i13,nth_item,49,8,8,False,0.09685558972869523,0.47433705322932274,0.06078813799900229,0.5172973099252017,0.12038399476442818,0.4405123187052649,28,20,0.8045553723169414
b6bank,nth_item_i13,nth_item,49,16,16,False,0.15501983249610163,0.47433705322932274,0.08764725581490007,0.5172973099252017,0.17573885858888505,0.4405123187052649,28,20,0.8821033307081361
b6bank,nth_item_i13,nth_item,49,28,32,True,0.1945659767660688,0.47433705322932274,0.1078556318928019,0.5172973099252017,0.21660841520540464,0.4405123187052649,28,20,0.8982383098162021
b6bank,nth_item_i14,nth_item,50,2,2,False,0.12479388651825363,0.5516212009016676,0.07654723770319438,0.6594840904688034,0.13488666393063986,0.4598087259346928,29,20,0.9251758689978719
b6bank,nth_item_i14,nth_item,50,4,4,False,0.16325612913529142,0.5516212009016676,0.10216830820207079,0.6594840904688034,0.18616749506954178,0.4598087259346928,29,20,0.8769314378662507
b6bank,nth_item_i14,nth_item,50,8,8,False,0.20001794777113013,0.5516212009016676,0.12150290157223043,0.6594840904688034,0.22354337247355838,0.4598087259346928,29,20,0.8947612517333255
b6bank,nth_item_i14,nth_item,50,16,16,False,0.2751569434067216,0.5516212009016676,0.1682060451263071,0.6594840904688034,0.2979942018166535,0.4598087259346928,29,20,0.9233634135472779
b6bank,nth_item_i14,nth_item,50,29,32,True,0.31415965724628414,0.5516212009016676,0.19552356696252038,0.6594840904688034,0.3434429634850318,0.4598087259346928,29,20,0.9147360425102321
b6bank,nth_item_i15,nth_item,49,2,2,False,0.057843686456336085,0.4943712248277736,0.038693240413457786,0.4760762115114666,0.07041085227590538,0.5136968016681059,28,20,0.8215166353856254
b6bank,nth_item_i15,nth_item,49,4,4,False,0.07467962063168687,0.4943712248277736,0.05271805973177057,0.4760762115114666,0.09467780929955638,0.5136968016681059,28,20,0.7887763899923357
b6bank,nth_item_i15,nth_item,49,8,8,False,0.10835956355778398,0.4943712248277736,0.07140008940955256,0.4760762115114666,0.13498876806113336,0.5136968016681059,28,20,0.8027302205522047
b6bank,nth_item_i15,nth_item,49,16,16,False,0.15286155556537506,0.4943712248277736,0.08347075182729236,0.4760762115114666,0.17911200300782837,0.5136968016681059,28,20,0.8534411597121943
b6bank,nth_item_i15,nth_item,49,28,32,True,0.19539843362493914,0.4943712248277736,0.10636075488257535,0.4760762115114666,0.2343231999977763,0.5136968016681059,28,20,0.8338842830193232
b6bank,nth_item_i16,nth_item,48,2,2,False,0.09150179638602762,0.369237036756795,0.04844288297564325,0.3259996519285786,0.11169076780524356,0.39779852040211267,28,19,0.81924225416357
b6bank,nth_item_i16,nth_item,48,4,4,False,0.14257230512107366,0.369237036756795,0.04568318539926197,0.3259996519285786,0.16593009205433962,0.39779852040211267,28,19,0.8592311578684797
b6bank,nth_item_i16,nth_item,48,8,8,False,0.18324028616938381,0.369237036756795,0.05748635489342169,0.3259996519285786,0.20513760954508609,0.39779852040211267,28,19,0.8932554424112582
b6bank,nth_item_i16,nth_item,48,16,16,False,0.22524694987994753,0.369237036756795,0.06862110108086517,0.3259996519285786,0.2479605854039053,0.39779852040211267,28,19,0.9083982017264586
b6bank,nth_item_i16,nth_item,48,28,32,True,0.24231871211339528,0.369237036756795,0.07752283413050853,0.3259996519285786,0.27860935164287803,0.39779852040211267,28,19,0.8697436417137923
b6bank,nth_item_i17,nth_item,50,2,2,False,0.029931348697547877,0.32614405363263166,0.020518135334544496,0.16747434989735233,0.04867828275036368,0.46288587878504517,29,20,0.6148809490886212
b6bank,nth_item_i17,nth_item,50,4,4,False,0.0740151892621459,0.32614405363263166,0.03238989695425576,0.16747434989735233,0.10730102137736242,0.46288587878504517,29,20,0.6897901652011775
b6bank,nth_item_i17,nth_item,50,8,8,False,0.17580163648525227,0.32614405363263166,0.0444741005941548,0.16747434989735233,0.2234200631245138,0.46288587878504517,29,20,0.786865933285842
b6bank,nth_item_i17,nth_item,50,16,16,False,0.30803823109561934,0.32614405363263166,0.03956747271408467,0.16747434989735233,0.33243467633993407,0.46288587878504517,29,20,0.9266128145447501
b6bank,nth_item_i17,nth_item,50,29,32,True,0.3559140381707939,0.32614405363263166,0.03994381136623271,0.16747434989735233,0.3885702185884219,0.46288587878504517,29,20,0.9159580975190027
b6bank,nth_item_i18,nth_item,50,2,2,False,0.02989800683757038,0.5635009916919456,0.024745282468271457,0.6092604093799716,0.03753878183238624,0.5149255713002125,29,20,0.79645650120101
b6bank,nth_item_i18,nth_item,50,4,4,False,0.07938528639507203,0.5635009916919456,0.059537728740270524,0.6092604093799716,0.0966080842942485,0.5149255713002125,29,20,0.8217250862079063
b6bank,nth_item_i18,nth_item,50,8,8,False,0.1378741031646733,0.5635009916919456,0.10093265029226972,0.6092604093799716,0.1689597246330813,0.5149255713002125,29,20,0.8160175655120497
b6bank,nth_item_i18,nth_item,50,16,16,False,0.219457955158745,0.5635009916919456,0.1353522715584724,0.6092604093799716,0.24387380046881524,0.5149255713002125,29,20,0.8998832787157375
b6bank,nth_item_i18,nth_item,50,29,32,True,0.24677832956324042,0.5635009916919456,0.15037772796816884,0.6092604093799716,0.27721555305152157,0.5149255713002125,29,20,0.8902037668765854
b6bank,nth_item_i19,nth_item,49,2,2,False,0.054237667984929794,0.507715009774777,0.030763577760836158,0.5391653861221538,0.06510791895678059,0.47882074286063775,28,20,0.8330425676933924
b6bank,nth_item_i19,nth_item,49,4,4,False,0.14916318064294565,0.507715009774777,0.08699178051132361,0.5391653861221538,0.17131317943672142,0.47882074286063775,28,20,0.870704642418026
b6bank,nth_item_i19,nth_item,49,8,8,False,0.20103482364911596,0.507715009774777,0.11893215019416947,0.5391653861221538,0.22599629345229544,0.47882074286063775,28,20,0.8895492071048126
b6bank,nth_item_i19,nth_item,49,16,16,False,0.26434159543083147,0.507715009774777,0.14919728015818767,0.5391653861221538,0.2854060197426722,0.47882074286063775,28,20,0.9261948842885905
b6bank,nth_item_i19,nth_item,49,28,32,True,0.300047288475098,0.507715009774777,0.17010003575767008,0.5391653861221538,0.3303204859140717,0.47882074286063775,28,20,0.9083520437577436
b6bank,nth_item_i20,nth_item,50,2,2,False,0.04103109270730698,0.5598312643447245,0.03344740439102556,0.6429634160199871,0.054091789353312714,0.4823638343284493,29,20,0.7585456720483612
b6bank,nth_item_i20,nth_item,50,4,4,False,0.06865545508051629,0.5598312643447245,0.05024732277517718,0.6429634160199871,0.08902540284833727,0.4823638343284493,29,20,0.7711894906836535
b6bank,nth_item_i20,nth_item,50,8,8,False,0.10972517486998201,0.5598312643447245,0.07683711749465316,0.6429634160199871,0.14388270291669225,0.4823638343284493,29,20,0.7626015681225604
b6bank,nth_item_i20,nth_item,50,16,16,False,0.20766595865704984,0.5598312643447245,0.13226157352364998,0.6429634160199871,0.2425642785108426,0.4823638343284493,29,20,0.8561275383661539
b6bank,nth_item_i20,nth_item,50,29,32,True,0.26133428537063497,0.5598312643447245,0.161881901364896,0.6429634160199871,0.2948983880087599,0.4823638343284493,29,20,0.8861841773203321
b6bank,nth_item_i21,nth_item,50,2,2,False,0.03956720226188215,0.5220008660373285,0.03670646663230459,0.5505605376584883,0.06565114471045708,0.4941066050578722,29,20,0.6026886878574075
b6bank,nth_item_i21,nth_item,50,4,4,False,0.16744067674822083,0.5220008660373285,0.12480440962535688,0.5505605376584883,0.19882378270226153,0.4941066050578722,29,20,0.8421561770553532
b6bank,nth_item_i21,nth_item,50,8,8,False,0.2136346071368912,0.5220008660373285,0.14219380223725042,0.5505605376584883,0.2346761699754054,0.4941066050578722,29,20,0.9103378803194231
b6bank,nth_item_i21,nth_item,50,16,16,False,0.25646699581198606,0.5220008660373285,0.1573890429728596,0.5505605376584883,0.27767529407879343,0.4941066050578722,29,20,0.9236219472201611
b6bank,nth_item_i21,nth_item,50,29,32,True,0.29283926753171463,0.5220008660373285,0.1692315924084461,0.5505605376584883,0.319889277337156,0.4941066050578722,29,20,0.9154394607077396
b6bank,nth_item_i22,nth_item,49,2,2,False,0.0363310343587393,0.5190733214598288,0.028533880270382617,0.5626309052272808,0.04844376136166095,0.4790233504458382,28,20,0.749963118831895
b6bank,nth_item_i22,nth_item,49,4,4,False,0.060404615358372715,0.5190733214598288,0.042609801529478686,0.5626309052272808,0.07888925581498063,0.4790233504458382,28,20,0.7656887460066801
b6bank,nth_item_i22,nth_item,49,8,8,False,0.12599199905297753,0.5190733214598288,0.09067456718570133,0.5626309052272808,0.16088162170605946,0.4790233504458382,28,20,0.7831348150080971
b6bank,nth_item_i22,nth_item,49,16,16,False,0.22751228327913764,0.5190733214598288,0.14006381616767494,0.5626309052272808,0.25095768517077643,0.4790233504458382,28,20,0.906576274499487
b6bank,nth_item_i22,nth_item,49,28,32,True,0.2512054649429579,0.5190733214598288,0.1502053367706605,0.5626309052272808,0.2830197983287671,0.4790233504458382,28,20,0.8875897249108615
b6bank,nth_item_i23,nth_item,50,2,2,False,0.04900800591175991,0.45765904948580505,0.037530301956035794,0.5016597247814398,0.07006957650054668,0.4251207394422488,29,20,0.6994191824661242
b6bank,nth_item_i23,nth_item,50,4,4,False,0.08213185583162996,0.45765904948580505,0.05085748109329624,0.5016597247814398,0.10473719630657019,0.4251207394422488,29,20,0.7841708459640886
b6bank,nth_item_i23,nth_item,50,8,8,False,0.11368734496519972,0.45765904948580505,0.05812584501231033,0.5016597247814398,0.1423874163597093,0.4251207394422488,29,20,0.7984367430194435
b6bank,nth_item_i23,nth_item,50,16,16,False,0.16007922637108896,0.45765904948580505,0.0735995731475736,0.5016597247814398,0.18464482780268232,0.4251207394422488,29,20,0.8669575437128139
b6bank,nth_item_i23,nth_item,50,29,32,True,0.20490107178813133,0.45765904948580505,0.08862744544975354,0.5016597247814398,0.2334937766800178,0.4251207394422488,29,20,0.8775440386530292
b6bank,nth_item_i24,nth_item,49,2,2,False,0.07822211304465265,0.49669073801041974,0.05467458441820128,0.5966665332534292,0.09823264246327823,0.4233062454769564,28,20,0.7962945013302885
b6bank,nth_item_i24,nth_item,49,4,4,False,0.12142817696504937,0.49669073801041974,0.07817897156705522,0.5966665332534292,0.15275874329736772,0.4233062454769564,28,20,0.7949016491230966
b6bank,nth_item_i24,nth_item,49,8,8,False,0.14385462665309612,0.49669073801041974,0.08509863813152196,0.5966665332534292,0.1743643594672697,0.4233062454769564,28,20,0.8250231130525236
b6bank,nth_item_i24,nth_item,49,16,16,False,0.22179860631742787,0.49669073801041974,0.1267701223743639,0.5966665332534292,0.25240768795196344,0.4233062454769564,28,20,0.8787315795216155
b6bank,nth_item_i24,nth_item,49,28,32,True,0.25607329594321304,0.49669073801041974,0.14914787781415162,0.5966665332534292,0.29663055805997574,0.4233062454769564,28,20,0.8632734861100776
b6bank,nth_item_i25,nth_item,50,2,2,False,0.08941408085440405,0.47817679504189137,0.04128926383250897,0.4715396642351133,0.09953620676441055,0.48441261457167795,29,20,0.8983070960905284
b6bank,nth_item_i25,nth_item,50,4,4,False,0.1239010119844508,0.47817679504189137,0.0585801649501928,0.4715396642351133,0.13797993390288887,0.48441261457167795,29,20,0.8979639899788117
b6bank,nth_item_i25,nth_item,50,8,8,False,0.15635300014480902,0.47817679504189137,0.0747238550923468,0.4715396642351133,0.17314591602818474,0.48441261457167795,29,20,0.9030129253488014
b6bank,nth_item_i25,nth_item,50,16,16,False,0.19833465049881727,0.47817679504189137,0.09658891796775859,0.4715396642351133,0.22630799863094486,0.48441261457167795,29,20,0.8763925786920791
b6bank,nth_item_i25,nth_item,50,29,32,True,0.24504558111980235,0.47817679504189137,0.1188556900903055,0.4715396642351133,0.2771819692606319,0.48441261457167795,29,20,0.8840603224425037
b6bank,nth_item_i26,nth_item,49,2,2,False,0.04217489431542509,0.33609610223228936,0.02119182373683215,0.26196566438809143,0.05106867356793854,0.38189804283241097,28,20,0.8258466760316043
b6bank,nth_item_i26,nth_item,49,4,4,False,0.07579984860859135,0.33609610223228936,0.01663744534437972,0.26196566438809143,0.08851718559605304,0.38189804283241097,28,20,0.8563291760596966
b6bank,nth_item_i26,nth_item,49,8,8,False,0.10465450980531321,0.33609610223228936,0.031121375687556907,0.26196566438809143,0.13203615476892183,0.38189804283241097,28,20,0.7926200970368337
b6bank,nth_item_i26,nth_item,49,16,16,False,0.1628308182969851,0.33609610223228936,0.04141309318254316,0.26196566438809143,0.18728353110653795,0.38189804283241097,28,20,0.8694347940522186
b6bank,nth_item_i26,nth_item,49,28,32,True,0.212539829890815,0.33609610223228936,0.05784571196670141,0.26196566438809143,0.24076946683068245,0.38189804283241097,28,20,0.8827524215945557
b6bank,nth_item_i27,nth_item,50,2,2,False,0.039083857453262816,0.4367964902567709,0.03018021057727116,0.40705327205091546,0.06239242572455306,0.462376812595031,29,20,0.6264199059323045
b6bank,nth_item_i27,nth_item,50,4,4,False,0.08752494075820894,0.4367964902567709,0.05282361412736292,0.40705327205091546,0.1069125019107402,0.462376812595031,29,20,0.8186595505105878
b6bank,nth_item_i27,nth_item,50,8,8,False,0.13750961267809603,0.4367964902567709,0.06163324406144588,0.40705327205091546,0.16456141813352687,0.462376812595031,29,20,0.8356127106690299
b6bank,nth_item_i27,nth_item,50,16,16,False,0.18457407472969045,0.4367964902567709,0.07272795372537288,0.40705327205091546,0.2143883009291988,0.462376812595031,29,20,0.8609335207644823
b6bank,nth_item_i27,nth_item,50,29,32,True,0.23742480057960613,0.4367964902567709,0.08949832249131195,0.40705327205091546,0.2718317727098106,0.462376812595031,29,20,0.8734254947932997
b6bank,nth_item_i28,nth_item,50,2,2,False,0.05570581103875605,0.5381460670046007,0.05385655579582571,0.6146818474796234,0.08008496117116848,0.47021587254893416,29,20,0.6955839176807991
b6bank,nth_item_i28,nth_item,50,4,4,False,0.08611009002748027,0.5381460670046007,0.07509190958374545,0.6146818474796234,0.12092946260584347,0.47021587254893416,29,20,0.7120687396763418
b6bank,nth_item_i28,nth_item,50,8,8,False,0.16203104662716616,0.5381460670046007,0.11052383907843366,0.6146818474796234,0.18655812498755675,0.47021587254893416,29,20,0.8685284901848873
b6bank,nth_item_i28,nth_item,50,16,16,False,0.22297769159949077,0.5381460670046007,0.13639356278891002,0.6146818474796234,0.24677594561043503,0.47021587254893416,29,20,0.9035633154922132
b6bank,nth_item_i28,nth_item,50,29,32,True,0.26902875324037745,0.5381460670046007,0.16288304516561392,0.6146818474796234,0.29597138169619286,0.47021587254893416,29,20,0.9089688053574337
b6bank,nth_item_i29,nth_item,49,2,2,False,0.05923061486262182,0.4459676558295784,0.05014046310068032,0.43743847588406803,0.08073526658404939,0.4530320399847375,28,20,0.7336399242697716
b6bank,nth_item_i29,nth_item,49,4,4,False,0.07459677508534224,0.4459676558295784,0.056940858878911316,0.43743847588406803,0.10347412456453442,0.4530320399847375,28,20,0.720922021802832
b6bank,nth_item_i29,nth_item,49,8,8,False,0.11207192280264844,0.4459676558295784,0.06810722473454134,0.43743847588406803,0.14596642198331544,0.4530320399847375,28,20,0.7677924914502509
b6bank,nth_item_i29,nth_item,49,16,16,False,0.18010335537076094,0.4459676558295784,0.09236586125794943,0.43743847588406803,0.20753968930496658,0.4530320399847375,28,20,0.8678019899418388
b6bank,nth_item_i29,nth_item,49,28,32,True,0.20991472008175982,0.4459676558295784,0.10147679938324816,0.43743847588406803,0.24330449251819553,0.4530320399847375,28,20,0.8627654915416794
b6bank,nth_item_i30,nth_item,50,2,2,False,0.08173765094799545,0.4802279015809767,0.059087548813584356,0.4555082851455273,0.09233772658349026,0.5054971056743974,29,20,0.8852031988689867
b6bank,nth_item_i30,nth_item,50,4,4,False,0.10201724244114163,0.4802279015809767,0.06823575420692252,0.4555082851455273,0.11459179108890827,0.5054971056743974,29,20,0.8902665842965102
b6bank,nth_item_i30,nth_item,50,8,8,False,0.14507365742845102,0.4802279015809767,0.09856950025223232,0.4555082851455273,0.16690748178164938,0.5054971056743974,29,20,0.8691860657165646
b6bank,nth_item_i30,nth_item,50,16,16,False,0.19010037182827344,0.4802279015809767,0.11885852760073712,0.4555082851455273,0.21870177306354588,0.5054971056743974,29,20,0.8692219050873354
b6bank,nth_item_i30,nth_item,50,29,32,True,0.25576163193840107,0.4802279015809767,0.12904943660431134,0.4555082851455273,0.28551296589101793,0.5054971056743974,29,20,0.8957969076473636
b6bank,nth_item_i31,nth_item,50,2,2,False,0.0509658755139496,0.4710342497486908,0.042370008091048184,0.4430141474270677,0.06653867016164416,0.4989352703107307,29,20,0.7659587333220943
b6bank,nth_item_i31,nth_item,50,4,4,False,0.06775007049136339,0.4710342497486908,0.04724792919563581,0.4430141474270677,0.08552916657788523,0.4989352703107307,29,20,0.7921282669072696
b6bank,nth_item_i31,nth_item,50,8,8,False,0.11430514228866462,0.4710342497486908,0.07762739192886436,0.4430141474270677,0.14110608493208154,0.4989352703107307,29,20,0.8100652948005963
b6bank,nth_item_i31,nth_item,50,16,16,False,0.1659381978383625,0.4710342497486908,0.0965416915618178,0.4430141474270677,0.19693802514709446,0.4989352703107307,29,20,0.8425909507035121
b6bank,nth_item_i31,nth_item,50,29,32,True,0.22195191469777487,0.4710342497486908,0.11590623908236974,0.4430141474270677,0.2516645247853513,0.4989352703107307,29,20,0.8819356438380865
b6bank,local_last_i00,local_last,46,2,2,False,0.014658366294831193,0.13331199112845604,0.008716100716866237,-0.26606452451831175,0.03436400590558086,0.4037553635704209,27,18,0.42656162774231776
b6bank,local_last_i00,local_last,46,4,4,False,0.14632094409482144,0.13331199112845604,-0.003610806194702443,-0.26606452451831175,0.19186352941346518,0.4037553635704209,27,18,0.7626303161530004
b6bank,local_last_i00,local_last,46,8,8,False,0.30735926450924056,0.13331199112845604,-0.016851555103946314,-0.26606452451831175,0.3418879966542758,0.4037553635704209,27,18,0.8990057197592947
b6bank,local_last_i00,local_last,46,16,16,False,0.3717303855977693,0.13331199112845604,-0.011612168013622526,-0.26606452451831175,0.4177099605218171,0.4037553635704209,27,18,0.8899246384582054
b6bank,local_last_i00,local_last,46,27,32,True,0.4683230554804013,0.13331199112845604,-0.010172776291206054,-0.26606452451831175,0.5114142982439156,0.4037553635704209,27,18,0.9157410285330697
b6bank,local_last_i01,local_last,46,2,2,False,0.19263775057079102,0.5511253433343983,0.16825032268275697,0.6229941950424389,0.2558448996508995,0.48377435502237304,27,18,0.7529473944317253
b6bank,local_last_i01,local_last,46,4,4,False,0.3128743678550203,0.5511253433343983,0.2278167173428609,0.6229941950424389,0.3537930768037447,0.48377435502237304,27,18,0.884342821746558
b6bank,local_last_i01,local_last,46,8,8,False,0.40281554477617465,0.5511253433343983,0.268649513882554,0.6229941950424389,0.4247703091314511,0.48377435502237304,27,18,0.9483137971668302
b6bank,local_last_i01,local_last,46,16,16,False,0.4545410553095126,0.5511253433343983,0.29860157578697255,0.6229941950424389,0.48635704767562216,0.48377435502237304,27,18,0.9345830547369196
b6bank,local_last_i01,local_last,46,27,32,True,0.49014465406982444,0.5511253433343983,0.31800586686351096,0.6229941950424389,0.5292122715994148,0.48377435502237304,27,18,0.9261777936261417
b6bank,local_last_i02,local_last,44,2,2,False,0.05168921599269416,0.15109802160602326,0.0038719146424157636,-0.21922569896429112,0.0691476074382944,0.35427474706105483,25,18,0.7475199491004851
b6bank,local_last_i02,local_last,44,4,4,False,0.08855774901145907,0.15109802160602326,0.014118256613115165,-0.21922569896429112,0.12133638261956647,0.35427474706105483,25,18,0.7298532154953037
b6bank,local_last_i02,local_last,44,8,8,False,0.18685930777600468,0.15109802160602326,0.011877855766071255,-0.21922569896429112,0.21547368490831365,0.35427474706105483,25,18,0.8672024514525535
b6bank,local_last_i02,local_last,44,16,16,False,0.2522124244412244,0.15109802160602326,0.015854202493757352,-0.21922569896429112,0.3063817057507394,0.35427474706105483,25,18,0.8231967500253259
b6bank,local_last_i02,local_last,44,25,32,True,0.3273828211282521,0.15109802160602326,0.02354537240406651,-0.21922569896429112,0.3825961093338309,0.35427474706105483,25,18,0.8556877948871066
b6bank,local_last_i03,local_last,46,2,2,False,0.20318477235304178,0.04667856558599659,-0.014926012405825695,-0.4865706710710529,0.2371310951487663,0.3953647757702732,27,18,0.85684575540619
b6bank,local_last_i03,local_last,46,4,4,False,0.3029723878977304,0.04667856558599659,-0.024221969424774947,-0.4865706710710529,0.3404657050684887,0.3953647757702732,27,18,0.8898763763498115
b6bank,local_last_i03,local_last,46,8,8,False,0.4703814039710378,0.04667856558599659,-0.041700266810546616,-0.4865706710710529,0.5183932240395968,0.3953647757702732,27,18,0.9073833957658142
b6bank,local_last_i03,local_last,46,16,16,False,0.6090397898087041,0.04667856558599659,-0.04591827210281818,-0.4865706710710529,0.6264583908062265,0.3953647757702732,27,18,0.9721951190164357
b6bank,local_last_i03,local_last,46,27,32,True,0.6692292809110232,0.04667856558599659,-0.04253745479806326,-0.4865706710710529,0.6876038433373484,0.3953647757702732,27,18,0.973277400054743
b6bank,local_last_i04,local_last,46,2,2,False,0.2317381142982623,0.6041329861336451,0.17657355583005752,0.7630208109501938,0.27562006447109877,0.4656647504211759,27,18,0.8407882595302205
b6bank,local_last_i04,local_last,46,4,4,False,0.42397310305723734,0.6041329861336451,0.2776552127073417,0.7630208109501938,0.4352386946639274,0.4656647504211759,27,18,0.9741162912562522
b6bank,local_last_i04,local_last,46,8,8,False,0.4840136057049368,0.6041329861336451,0.3189343817255481,0.7630208109501938,0.5010325316000931,0.4656647504211759,27,18,0.9660322936700242
b6bank,local_last_i04,local_last,46,16,16,False,0.5704986097814719,0.6041329861336451,0.36893067284941816,0.7630208109501938,0.5847129040906707,0.4656647504211759,27,18,0.9756901306440219
b6bank,local_last_i04,local_last,46,27,32,True,0.6005804792359763,0.6041329861336451,0.3911972236377922,0.7630208109501938,0.620581581061163,0.4656647504211759,27,18,0.9677703908147164
b6bank,local_last_i05,local_last,45,2,2,False,0.08569650949578567,0.36577188562406693,0.06184961419232948,0.2576459519486076,0.09841719185384123,0.45664153246452016,26,18,0.8707473550256649
b6bank,local_last_i05,local_last,45,4,4,False,0.12172184662457142,0.36577188562406693,0.0728490641104318,0.2576459519486076,0.14933097821555574,0.45664153246452016,26,18,0.8151145065752452
b6bank,local_last_i05,local_last,45,8,8,False,0.2720678972057746,0.36577188562406693,0.16066947447277913,0.2576459519486076,0.2943066114111701,0.45664153246452016,26,18,0.9244369193788644
b6bank,local_last_i05,local_last,45,16,16,False,0.3425045305394,0.36577188562406693,0.1966614067344401,0.2576459519486076,0.37138392528556774,0.45664153246452016,26,18,0.9222384363459954
b6bank,local_last_i05,local_last,45,26,32,True,0.42373022032097873,0.36577188562406693,0.20342830714096405,0.2576459519486076,0.4599180890011668,0.45664153246452016,26,18,0.9213167093323519
b6bank,local_last_i06,local_last,34,2,2,False,0.032446377103560686,0.1347165570458958,-0.003869675269456918,-0.26591320366018034,0.0581163410319776,0.36911682389053285,19,14,0.5583004113371071
b6bank,local_last_i06,local_last,34,4,4,False,0.048363119259374865,0.1347165570458958,-0.0008459938376368381,-0.26591320366018034,0.07733497607969597,0.36911682389053285,19,14,0.6253718784309863
b6bank,local_last_i06,local_last,34,8,8,False,0.09359496196076234,0.1347165570458958,-0.0015992414168710667,-0.26591320366018034,0.12683349853129122,0.36911682389053285,19,14,0.7379356640365118
b6bank,local_last_i06,local_last,34,16,16,False,0.19449647747718435,0.1347165570458958,0.0001428116477020236,-0.26591320366018034,0.24301549666930755,0.36911682389053285,19,14,0.8003459867493665
b6bank,local_last_i06,local_last,34,19,32,True,0.23026913555324013,0.1347165570458958,-0.00221502863177947,-0.26591320366018034,0.2731480799111239,0.36911682389053285,19,14,0.8430194187276162
b6bank,local_last_i07,local_last,41,2,2,False,0.02512388979702551,0.021053226159225114,-0.0005699593070986886,-0.5517906519154399,0.06409309141578179,0.39489600511142814,24,16,0.3919906068197422
b6bank,local_last_i07,local_last,41,4,4,False,0.3003758912804446,0.021053226159225114,-0.02920860918584478,-0.5517906519154399,0.34266005888263895,0.39489600511142814,24,16,0.8766002441601265
b6bank,local_last_i07,local_last,41,8,8,False,0.45864905227038644,0.021053226159225114,-0.035045643471140586,-0.5517906519154399,0.495982996909502,0.39489600511142814,24,16,0.9247273699466606
b6bank,local_last_i07,local_last,41,16,16,False,0.581289054053961,0.021053226159225114,-0.025260923636392985,-0.5517906519154399,0.6038930422010758,0.39489600511142814,24,16,0.9625695502886944
b6bank,local_last_i07,local_last,41,24,32,True,0.6432179821293339,0.021053226159225114,-0.03257839209834601,-0.5517906519154399,0.6657173850512819,0.39489600511142814,24,16,0.9662027709848455
b6bank,local_last_i08,local_last,41,2,2,False,0.06390752266588406,0.0916087621838062,0.003389506617442861,-0.38404924239073845,0.11582996962976022,0.3648970070846594,24,16,0.5517356420808756
b6bank,local_last_i08,local_last,41,4,4,False,0.21151603312006384,0.0916087621838062,0.00033029756791458365,-0.38404924239073845,0.25562491024073974,0.3648970070846594,24,16,0.8274468748795432
b6bank,local_last_i08,local_last,41,8,8,False,0.30313441264070684,0.0916087621838062,0.035657303144369656,-0.38404924239073845,0.3553132797877383,0.3648970070846594,24,16,0.8531468703387536
b6bank,local_last_i08,local_last,41,16,16,False,0.5766495996393688,0.0916087621838062,0.02322471359533751,-0.38404924239073845,0.6149890071305476,0.3648970070846594,24,16,0.9376583856838919
b6bank,local_last_i08,local_last,41,24,32,True,0.6616649562263639,0.0916087621838062,0.021066763700213764,-0.38404924239073845,0.6835161159021612,0.3648970070846594,24,16,0.9680312443738707
b6bank,local_last_i09,local_last,46,2,2,False,0.04388080221954049,0.5190734298121042,0.016842270648935398,0.6289825827074766,0.053518020441456704,0.4345931025202353,27,18,0.8199257345017394
b6bank,local_last_i09,local_last,46,4,4,False,0.2417757312037252,0.5190734298121042,0.1637659179999401,0.6289825827074766,0.2942760112800208,0.4345931025202353,27,18,0.821595107776765
b6bank,local_last_i09,local_last,46,8,8,False,0.389451800324883,0.5190734298121042,0.23062296977385344,0.6289825827074766,0.4090461794710012,0.4345931025202353,27,18,0.9520973911271862
b6bank,local_last_i09,local_last,46,16,16,False,0.45592496032597696,0.5190734298121042,0.26842484025419744,0.6289825827074766,0.4793586651757761,0.4345931025202353,27,18,0.9511144649044652
b6bank,local_last_i09,local_last,46,27,32,True,0.49288141995842494,0.5190734298121042,0.2826737249466643,0.6289825827074766,0.5194085560894324,0.4345931025202353,27,18,0.9489281879938074
b6bank,local_last_i10,local_last,42,2,2,False,0.06637469179178879,0.43678652843108945,0.025075803472833225,0.4527117540904696,0.09184257312522792,0.4250149875412333,24,17,0.7227006989589292
b6bank,local_last_i10,local_last,42,4,4,False,0.10463647161006362,0.43678652843108945,0.037053475215391485,0.4527117540904696,0.1274908343836917,0.4250149875412333,24,17,0.8207372091953965
b6bank,local_last_i10,local_last,42,8,8,False,0.20454027751987924,0.43678652843108945,0.09371696881835323,0.4527117540904696,0.23091712633617278,0.4250149875412333,24,17,0.8857735273481028
b6bank,local_last_i10,local_last,42,16,16,False,0.28051107410357545,0.43678652843108945,0.1162218227159092,0.4527117540904696,0.3007659202810402,0.4250149875412333,24,17,0.932655780420407
b6bank,local_last_i10,local_last,42,24,32,True,0.29958572053451105,0.43678652843108945,0.1295056159375556,0.4527117540904696,0.3350990620523421,0.4250149875412333,24,17,0.8940213640100135
b6bank,local_last_i11,local_last,35,2,2,False,0.01527797109941087,0.11303873178330492,0.012537309834568466,-0.32262598713800084,0.0465912790059656,0.3795545551938871,20,14,0.32791482494942154
b6bank,local_last_i11,local_last,35,4,4,False,0.12221759821716305,0.11303873178330492,0.007062580645847305,-0.32262598713800084,0.15472276846717314,0.3795545551938871,20,14,0.789913465406311
b6bank,local_last_i11,local_last,35,8,8,False,0.1618141600498164,0.11303873178330492,0.016152937846401594,-0.32262598713800084,0.20585167847026065,0.3795545551938871,20,14,0.7860716087053605
b6bank,local_last_i11,local_last,35,16,16,False,0.28371729035692683,0.11303873178330492,0.01037409535282563,-0.32262598713800084,0.32081050353357143,0.3795545551938871,20,14,0.8843765625873189
b6bank,local_last_i11,local_last,35,20,32,True,0.32464780717357733,0.11303873178330492,0.008345195406459394,-0.32262598713800084,0.35785338189859595,0.3795545551938871,20,14,0.9072089956259572
b6bank,local_last_i12,local_last,30,2,2,False,0.03535440731501083,0.07557260135464183,0.0024045976656653645,-0.444926822527864,0.06823658735296245,0.315667373315085,17,12,0.5181151151674049
b6bank,local_last_i12,local_last,30,4,4,False,0.09005294147901433,0.07557260135464183,0.004890670495202087,-0.444926822527864,0.11373410868051204,0.315667373315085,17,12,0.7917848262387148
b6bank,local_last_i12,local_last,30,8,8,False,0.1223504570469065,0.07557260135464183,0.004213586184410478,-0.444926822527864,0.1473311198584767,0.315667373315085,17,12,0.8304454426494137
b6bank,local_last_i12,local_last,30,16,16,False,0.14136852517254417,0.07557260135464183,0.0005489991947099648,-0.444926822527864,0.18572198350730795,0.315667373315085,17,12,0.7611835847476908
b6bank,local_last_i12,local_last,30,17,32,True,0.15195921319307137,0.07557260135464183,-0.0018760161523481145,-0.444926822527864,0.2028814974219172,0.315667373315085,17,12,0.7490047891210768
b6bank,local_last_i13,local_last,47,2,2,False,0.04175571748404894,0.2741028152314815,-0.0027614651584024763,0.07722919519803173,0.05416862582249904,0.41211214894576526,27,19,0.7708469035355447
b6bank,local_last_i13,local_last,47,4,4,False,0.09166471800037668,0.2741028152314815,0.018568735758791255,0.07722919519803173,0.11945594204483245,0.41211214894576526,27,19,0.7673516815595026
b6bank,local_last_i13,local_last,47,8,8,False,0.2129497378766244,0.2741028152314815,0.07359410059859106,0.07722919519803173,0.2521066030966175,0.41211214894576526,27,19,0.8446813183826583
b6bank,local_last_i13,local_last,47,16,16,False,0.3663296025226924,0.2741028152314815,0.07689720151810342,0.07722919519803173,0.4004726033688184,0.41211214894576526,27,19,0.9147432294770943
b6bank,local_last_i13,local_last,47,27,32,True,0.4896517780092774,0.2741028152314815,0.08789790824875587,0.07722919519803173,0.5214177753155388,0.41211214894576526,27,19,0.9390776478860199
b6bank,local_last_i14,local_last,45,2,2,False,0.08752610442435227,0.3188591117345272,0.07240211532106733,0.1456551518786111,0.1268005317295311,0.4765346892758883,26,18,0.6902660677405342
b6bank,local_last_i14,local_last,45,4,4,False,0.14899253142972713,0.3188591117345272,0.09151504097124175,0.1456551518786111,0.1842250835498983,0.4765346892758883,26,18,0.808752687520816
b6bank,local_last_i14,local_last,45,8,8,False,0.2989124907523837,0.3188591117345272,0.16819708284421409,0.1456551518786111,0.32570197826056935,0.4765346892758883,26,18,0.9177484654798337
b6bank,local_last_i14,local_last,45,16,16,False,0.3969882105228356,0.3188591117345272,0.1667213910664871,0.1456551518786111,0.4273325455536283,0.4765346892758883,26,18,0.9289912847815505
b6bank,local_last_i14,local_last,45,26,32,True,0.49273524298856,0.3188591117345272,0.16409745567021106,0.1456551518786111,0.5251904696695142,0.4765346892758883,26,18,0.9382029405419765
b6bank,local_last_i15,local_last,40,2,2,False,0.023933791896739054,0.15637928174629812,0.015274019911162617,-0.20875172006032217,0.059355137599095054,0.3838267512512882,23,16,0.40323033295611393
b6bank,local_last_i15,local_last,40,4,4,False,0.05267704335725576,0.15637928174629812,0.015153196918250234,-0.20875172006032217,0.0827859206914262,0.3838267512512882,23,16,0.6363043729815195
b6bank,local_last_i15,local_last,40,8,8,False,0.19854682768274945,0.15637928174629812,0.0431538495446393,-0.20875172006032217,0.24922193173412,0.3838267512512882,23,16,0.7966667552138518
b6bank,local_last_i15,local_last,40,16,16,False,0.2861829526971562,0.15637928174629812,0.048163835572012426,-0.20875172006032217,0.34089484977599627,0.3838267512512882,23,16,0.8395050640548206
b6bank,local_last_i15,local_last,40,23,32,True,0.3538290225767696,0.15637928174629812,0.04112358239975378,-0.20875172006032217,0.40277651653732605,0.3838267512512882,23,16,0.8784748068696792
b6bank,local_last_i16,local_last,43,2,2,False,0.03210650510569146,0.33624262249383485,0.027809103748277164,0.19842551166745503,0.06080313074009469,0.44817201874596235,25,17,0.5280403281030371
b6bank,local_last_i16,local_last,43,4,4,False,0.10516904003133976,0.33624262249383485,0.06612713643807133,0.19842551166745503,0.16914092778183554,0.44817201874596235,25,17,0.62178351159922
b6bank,local_last_i16,local_last,43,8,8,False,0.3251952847094316,0.33624262249383485,0.10617459240185301,0.19842551166745503,0.3474927485191247,0.44817201874596235,25,17,0.9358332975156576
b6bank,local_last_i16,local_last,43,16,16,False,0.4015182092375532,0.33624262249383485,0.13274521906351633,0.19842551166745503,0.434085837750415,0.44817201874596235,25,17,0.9249742201182175
b6bank,local_last_i16,local_last,43,25,32,True,0.4450178366880203,0.33624262249383485,0.1347660031334842,0.19842551166745503,0.4768539822157587,0.44817201874596235,25,17,0.9332371192963348
b6bank,local_last_i17,local_last,46,2,2,False,0.08991260469785756,0.2824269099906872,0.06275380999537383,0.06995060439789014,0.11944808910252247,0.4735614277717006,27,18,0.7527337220161424
b6bank,local_last_i17,local_last,46,4,4,False,0.18406487246358916,0.2824269099906872,0.12021278848523553,0.06995060439789014,0.2339244666351452,0.4735614277717006,27,18,0.7868560100242842
b6bank,local_last_i17,local_last,46,8,8,False,0.2750139526197882,0.2824269099906872,0.13174463269906755,0.06995060439789014,0.31167650124479307,0.4735614277717006,27,18,0.8823698659392682
b6bank,local_last_i17,local_last,46,16,16,False,0.4717111106419144,0.2824269099906872,0.16754108416974411,0.06995060439789014,0.5070569349652341,0.4735614277717006,27,18,0.9302921982010893
b6bank,local_last_i17,local_last,46,27,32,True,0.5620785905375261,0.2824269099906872,0.16611037721667843,0.06995060439789014,0.6002306991341788,0.4735614277717006,27,18,0.936437591993068
b6bank,local_last_i18,local_last,41,2,2,False,0.4845319156147905,0.013956429804912518,-0.03293706340135438,-0.6260059284810715,0.505672401245262,0.33195034402772633,24,16,0.9581933172971052
b6bank,local_last_i18,local_last,41,4,4,False,0.5351834886999122,0.013956429804912518,-0.025916173739320758,-0.6260059284810715,0.5545675507297945,0.33195034402772633,24,16,0.965046526785829
b6bank,local_last_i18,local_last,41,8,8,False,0.5802986664354381,0.013956429804912518,-0.024609509527437012,-0.6260059284810715,0.6169406309541252,0.33195034402772633,24,16,0.940606984399749
b6bank,local_last_i18,local_last,41,16,16,False,0.673967259642444,0.013956429804912518,-0.022278058800180967,-0.6260059284810715,0.6921929169838505,0.33195034402772633,24,16,0.9736696852940612
b6bank,local_last_i18,local_last,41,24,32,True,0.7188074278270933,0.013956429804912518,-0.025578856670778638,-0.6260059284810715,0.7375784931742091,0.33195034402772633,24,16,0.9745504166392739
b6bank,local_last_i19,local_last,45,2,2,False,0.04941166667976893,0.11431854629715643,0.014728712462175664,-0.314513683300202,0.05560942466640073,0.39890654765741407,26,18,0.8885484245914794
b6bank,local_last_i19,local_last,45,4,4,False,0.07210563388714541,0.11431854629715643,0.022285829882270902,-0.314513683300202,0.08693346716419725,0.39890654765741407,26,18,0.8294346957421417
b6bank,local_last_i19,local_last,45,8,8,False,0.157342550363182,0.11431854629715643,0.015004769889862213,-0.314513683300202,0.18846202528198697,0.39890654765741407,26,18,0.834876682067688
b6bank,local_last_i19,local_last,45,16,16,False,0.3305796032385605,0.11431854629715643,0.00048420688286987534,-0.314513683300202,0.3708659337584673,0.39890654765741407,26,18,0.8913722538178878
b6bank,local_last_i19,local_last,45,26,32,True,0.4344693552295711,0.11431854629715643,-0.0025809575600139745,-0.314513683300202,0.4833929486937151,0.39890654765741407,26,18,0.8987912554447651
b6bank,local_last_i20,local_last,47,2,2,False,0.007418761668563811,0.12847058145374057,0.005177493800171851,-0.2669514953611345,0.023898179283869947,0.44313656258729095,27,19,0.31043208691513574
b6bank,local_last_i20,local_last,47,4,4,False,0.10001176475278861,0.12847058145374057,0.0211933838459043,-0.2669514953611345,0.1634687395899337,0.44313656258729095,27,19,0.6118097258452666
b6bank,local_last_i20,local_last,47,8,8,False,0.20112223606671398,0.12847058145374057,0.03940308297907358,-0.2669514953611345,0.24864108636219873,0.44313656258729095,27,19,0.8088857678723965
b6bank,local_last_i20,local_last,47,16,16,False,0.44661832643620647,0.12847058145374057,0.03132322426326417,-0.2669514953611345,0.4875246259168934,0.44313656258729095,27,19,0.9160938805834599
b6bank,local_last_i20,local_last,47,27,32,True,0.5981155262589852,0.12847058145374057,0.021570641084288744,-0.2669514953611345,0.6256362643118563,0.44313656258729095,27,19,0.9560116003135761
b6bank,local_last_i21,local_last,43,2,2,False,0.06296145314701695,0.2004234358360264,-0.011248468472104811,-0.0894816907258349,0.1492789964263771,0.37257020709967187,25,17,0.4217703404649355
b6bank,local_last_i21,local_last,43,4,4,False,0.25738658125111635,0.2004234358360264,-0.009316280586785242,-0.0894816907258349,0.2907687461818034,0.37257020709967187,25,17,0.8851934213389812
b6bank,local_last_i21,local_last,43,8,8,False,0.38831662090555863,0.2004234358360264,0.026499024067232146,-0.0894816907258349,0.4240155450798766,0.37257020709967187,25,17,0.9158075108600253
b6bank,local_last_i21,local_last,43,16,16,False,0.44594100853602703,0.2004234358360264,0.03810809790502512,-0.0894816907258349,0.5020552480410059,0.37257020709967187,25,17,0.8882309472434882
b6bank,local_last_i21,local_last,43,25,32,True,0.5615077393225001,0.2004234358360264,0.06162202221862412,-0.0894816907258349,0.6004745012019781,0.37257020709967187,25,17,0.9351067167690257
b6bank,local_last_i22,local_last,37,2,2,False,0.09702864880347561,0.1840595248064799,-0.0008185451354358886,-0.13305927293942488,0.13459750400800097,0.37152658860011567,21,15,0.7208800008483655
b6bank,local_last_i22,local_last,37,4,4,False,0.1344764146354791,0.1840595248064799,0.0030358426176894104,-0.13305927293942488,0.16400171252498097,0.37152658860011567,21,15,0.8199695757140064
b6bank,local_last_i22,local_last,37,8,8,False,0.16294443890804855,0.1840595248064799,0.003013538153607498,-0.13305927293942488,0.20696497748175757,0.37152658860011567,21,15,0.7873044072029572
b6bank,local_last_i22,local_last,37,16,16,False,0.29522575290511266,0.1840595248064799,0.03538034126810641,-0.13305927293942488,0.3270217358819435,0.37152658860011567,21,15,0.902771040918487
b6bank,local_last_i22,local_last,37,21,32,True,0.31556116904429743,0.1840595248064799,0.034365870878218296,-0.13305927293942488,0.35489821753581385,0.37152658860011567,21,15,0.889159633529163
b6bank,local_last_i23,local_last,45,2,2,False,0.21204836255006576,0.40184124837297175,0.13881092964024755,0.3638067317673168,0.2873524263087256,0.43060483419178663,26,18,0.7379383054947493
b6bank,local_last_i23,local_last,45,4,4,False,0.35140821648075926,0.40184124837297175,0.17817455569402818,0.3638067317673168,0.38467800470863256,0.43060483419178663,26,18,0.9135126318098876
b6bank,local_last_i23,local_last,45,8,8,False,0.4723480191543774,0.40184124837297175,0.2244300845533419,0.3638067317673168,0.49809481216710627,0.43060483419178663,26,18,0.9483094535742905
b6bank,local_last_i23,local_last,45,16,16,False,0.6135475903537599,0.40184124837297175,0.2446142570651364,0.3638067317673168,0.6301585569301669,0.43060483419178663,26,18,0.9736400206047702
b6bank,local_last_i23,local_last,45,26,32,True,0.6496228766656942,0.40184124837297175,0.2536343076771299,0.3638067317673168,0.6751462383893612,0.43060483419178663,26,18,0.96219580252042
b6bank,local_last_i24,local_last,45,2,2,False,0.0070116157577402305,0.08427528817861762,0.0022685886121249776,-0.3849656730310502,0.01065806945317982,0.4089642810330754,26,18,
b6bank,local_last_i24,local_last,45,4,4,False,0.006784814252270177,0.08427528817861762,0.0032683918953136937,-0.3849656730310502,0.042697466225748215,0.4089642810330754,26,18,0.15890437658285853
b6bank,local_last_i24,local_last,45,8,8,False,0.0821119806050622,0.08427528817861762,0.003137692983084417,-0.3849656730310502,0.10225873048919754,0.4089642810330754,26,18,0.8029825933907558
b6bank,local_last_i24,local_last,45,16,16,False,0.1341722559761982,0.08427528817861762,0.0028597140592315773,-0.3849656730310502,0.188300385752609,0.4089642810330754,26,18,0.7125437127488157
b6bank,local_last_i24,local_last,45,26,32,True,0.20176700206793685,0.08427528817861762,-0.006478711085564193,-0.3849656730310502,0.27948562068911875,0.4089642810330754,26,18,0.7219226576682064
b6bank,local_last_i25,local_last,44,2,2,False,0.03183993165667032,0.3469302321905877,0.013192537503133206,0.2940047996070262,0.037499346284402435,0.3792676931237155,25,18,0.8490796456874208
b6bank,local_last_i25,local_last,44,4,4,False,0.047931021745987734,0.3469302321905877,0.01834195237646652,0.2940047996070262,0.064129215695786,0.3792676931237155,25,18,0.7474131911009374
b6bank,local_last_i25,local_last,44,8,8,False,0.08447087336429293,0.3469302321905877,0.029886904306094086,0.2940047996070262,0.10902636958373835,0.3792676931237155,25,18,0.7747747053011297
b6bank,local_last_i25,local_last,44,16,16,False,0.1518587161692514,0.3469302321905877,0.04960193543628655,0.2940047996070262,0.18579945434862166,0.3792676931237155,25,18,0.8173259534138021
b6bank,local_last_i25,local_last,44,25,32,True,0.18099699738711106,0.3469302321905877,0.05744645478854893,0.2940047996070262,0.2192466618282669,0.3792676931237155,25,18,0.8255404934232644
b6bank,local_last_i26,local_last,48,2,2,False,0.32080092622739365,0.5937005315916091,0.23722799630666502,0.6575662146421075,0.3667779799749925,0.5235276284363459,28,19,0.8746460903930665
b6bank,local_last_i26,local_last,48,4,4,False,0.4459514326401055,0.5937005315916091,0.30570522168555425,0.6575662146421075,0.46981622770243536,0.5235276284363459,28,19,0.949203978800313
b6bank,local_last_i26,local_last,48,8,8,False,0.5046042804065971,0.5937005315916091,0.3406472450794893,0.6575662146421075,0.5259949331939338,0.5235276284363459,28,19,0.9593329679861194
b6bank,local_last_i26,local_last,48,16,16,False,0.5576998048912025,0.5937005315916091,0.37039369003905964,0.6575662146421075,0.5831531273427362,0.5235276284363459,28,19,0.9563522490781843
b6bank,local_last_i26,local_last,48,28,32,True,0.59257500997365,0.5937005315916091,0.38566481868793234,0.6575662146421075,0.6213730872295751,0.5235276284363459,28,19,0.953654128497385
b6bank,local_last_i27,local_last,47,2,2,False,0.06027448613588038,0.20172043552659336,0.006432004031051042,-0.08537340707340424,0.07769553720340006,0.3712028116456248,27,19,0.7757779700793765
b6bank,local_last_i27,local_last,47,4,4,False,0.13256457331969107,0.20172043552659336,0.008293064316919896,-0.08537340707340424,0.16311984452380646,0.3712028116456248,27,19,0.8126820725380473
b6bank,local_last_i27,local_last,47,8,8,False,0.19471429603085288,0.20172043552659336,0.009693336281195508,-0.08537340707340424,0.23174397773633804,0.3712028116456248,27,19,0.8402129709380629
b6bank,local_last_i27,local_last,47,16,16,False,0.34295520210201125,0.20172043552659336,0.019999527425083152,-0.08537340707340424,0.3904295616999819,0.3712028116456248,27,19,0.8784048026710349
b6bank,local_last_i27,local_last,47,27,32,True,0.4215196615563559,0.20172043552659336,0.030632159849917184,-0.08537340707340424,0.4722699479669591,0.3712028116456248,27,19,0.8925396658646724
b6bank,local_last_i28,local_last,48,2,2,False,0.012187337823929778,0.33242652125690075,0.013718818876251593,0.1973403326195814,0.032534913973599866,0.4374887567971184,28,19,0.37459259409196755
b6bank,local_last_i28,local_last,48,4,4,False,0.05993887126773512,0.33242652125690075,0.036266523144449225,0.1973403326195814,0.08796649892248332,0.4374887567971184,28,19,0.6813829355713437
b6bank,local_last_i28,local_last,48,8,8,False,0.16387556233231837,0.33242652125690075,0.05225367135711312,0.1973403326195814,0.19894281157291116,0.4374887567971184,28,19,0.823732011409013
b6bank,local_last_i28,local_last,48,16,16,False,0.2796011078381767,0.33242652125690075,0.05355703611929774,0.1973403326195814,0.31116898998021036,0.4374887567971184,28,19,0.8985506809530047
b6bank,local_last_i28,local_last,48,28,32,True,0.3556990090270533,0.33242652125690075,0.05963189888473919,0.1973403326195814,0.3942217840616633,0.4374887567971184,28,19,0.9022814654286473
b6bank,local_last_i29,local_last,38,2,2,False,0.027073682664620846,0.22808571625996998,0.012393650084169261,-0.035330506990281396,0.03870177608348491,0.4147988936122156,22,15,0.6995462587096595
b6bank,local_last_i29,local_last,38,4,4,False,0.047477213754203995,0.22808571625996998,0.018256615767813567,-0.035330506990281396,0.06800567649815481,0.4147988936122156,22,15,0.698136040974347
b6bank,local_last_i29,local_last,38,8,8,False,0.06200646646957553,0.22808571625996998,0.03089322980419451,-0.035330506990281396,0.10655353754193209,0.4147988936122156,22,15,0.5819278073726466
b6bank,local_last_i29,local_last,38,16,16,False,0.1001521605319391,0.22808571625996998,0.030709905652762104,-0.035330506990281396,0.16010113899670497,0.4147988936122156,22,15,0.6255555779275269
b6bank,local_last_i29,local_last,38,22,32,True,0.12185601653146672,0.22808571625996998,0.03438769897990912,-0.035330506990281396,0.1882489574899867,0.4147988936122156,22,15,0.6473131015238076
b6bank,local_last_i30,local_last,47,2,2,False,0.03989670473235418,0.11366079861164757,0.003018662303404862,-0.3166541602429682,0.053117425437068655,0.3971669336697652,27,19,0.7511038873603194
b6bank,local_last_i30,local_last,47,4,4,False,0.0934730136088564,0.11366079861164757,-0.0027706712570096936,-0.3166541602429682,0.14056545928824649,0.3971669336697652,27,19,0.6649785379861967
b6bank,local_last_i30,local_last,47,8,8,False,0.29946710879559024,0.11366079861164757,-0.019574966906415803,-0.3166541602429682,0.35361495058235926,0.3971669336697652,27,19,0.8468734376258856
b6bank,local_last_i30,local_last,47,16,16,False,0.48029668226350763,0.11366079861164757,-0.005819282313467511,-0.3166541602429682,0.5090428196896188,0.3971669336697652,27,19,0.9435290385912157
b6bank,local_last_i30,local_last,47,27,32,True,0.5872374610187951,0.11366079861164757,-0.0098527592988491,-0.3166541602429682,0.6106633109101951,0.3971669336697652,27,19,0.9616386812947978
b6bank,local_last_i31,local_last,45,2,2,False,0.050777764627639055,0.3777639476843062,0.02182764340029897,0.2839734266497813,0.05496567625327842,0.4565601984965385,26,18,0.9238086036394472
b6bank,local_last_i31,local_last,45,4,4,False,0.07846147867785414,0.3777639476843062,0.04752539082962848,0.2839734266497813,0.11807989242051042,0.4565601984965385,26,18,0.6644778977138144
b6bank,local_last_i31,local_last,45,8,8,False,0.18229386641925216,0.3777639476843062,0.0714703840960984,0.2839734266497813,0.21327105208596264,0.4565601984965385,26,18,0.8547520380111193
b6bank,local_last_i31,local_last,45,16,16,False,0.3158023520268356,0.3777639476843062,0.13480527068979142,0.2839734266497813,0.3424268573392817,0.4565601984965385,26,18,0.9222476136383597
b6bank,local_last_i31,local_last,45,26,32,True,0.34551098002782277,0.3777639476843062,0.14723710392372347,0.2839734266497813,0.3881689314046345,0.4565601984965385,26,18,0.8901046736985133
