bank,tag,family,correct,n_tokens,start,depth_frac,pr,cos_consecutive,contraction,step_norm,pre_floor
ds_bank,trained_track_n4_ns128_seed0,track,False,22,0,0.0,8.412417029357924,0.12600230854910868,0.8359219709522089,25.411451375236474,89
ds_bank,trained_track_n4_ns128_seed0,track,False,22,4,0.05194805194805195,6.946448325644725,0.2838121762343585,0.8286472172737799,12.399267235100359,89
ds_bank,trained_track_n4_ns128_seed0,track,False,22,8,0.1038961038961039,6.096390365463434,0.39960804327888705,0.8184516770480251,5.674021297736818,89
ds_bank,trained_track_n4_ns128_seed0,track,False,22,12,0.15584415584415584,5.530216027010212,0.44944581694079644,0.8325578904123792,2.3258435745354524,89
ds_bank,trained_track_n4_ns128_seed0,track,False,22,16,0.2077922077922078,4.824243780073737,0.4984793727468485,0.854452811546756,1.320209947071834,89
ds_bank,trained_track_n4_ns128_seed0,track,False,22,20,0.2597402597402597,3.866309832185681,0.5984650947231613,0.8581154172187672,0.6804783173087949,89
ds_bank,trained_track_n4_ns128_seed0,track,False,22,24,0.3116883116883117,2.5576944721757036,0.7458752647443118,0.8724692732203138,0.37466012772705237,89
ds_bank,trained_track_n4_ns128_seed0,track,False,22,28,0.36363636363636365,1.665704796928207,0.8600926980660322,0.8857335278749803,0.22127906975143985,89
ds_bank,trained_track_n4_ns128_seed0,track,False,22,32,0.4155844155844156,1.3165043524557143,0.9228820153385197,0.8927050840932349,0.14283704638106165,89
ds_bank,trained_track_n4_ns128_seed0,track,False,22,36,0.4675324675324675,1.188249028984436,0.9512284614405904,0.891445480889119,0.09268384211585465,89
ds_bank,trained_track_n4_ns128_seed0,track,False,22,40,0.5194805194805194,1.1098814454257548,0.9711650093928715,0.8857332741910546,0.05805369738849544,89
ds_bank,trained_track_n4_ns128_seed0,track,False,22,44,0.5714285714285714,1.0549131663963311,0.9859370923866986,0.8821842815179911,0.03500427300054239,89
ds_bank,trained_track_n4_ns128_seed0,track,False,22,48,0.6233766233766234,1.0238024478901282,0.993825932038591,0.8793335972243225,0.021061190008635742,89
ds_bank,trained_track_n4_ns128_seed0,track,False,22,52,0.6753246753246753,1.0100037581625072,0.9973055398613646,0.8765472628961866,0.012447951795557723,89
ds_bank,trained_track_n4_ns128_seed0,track,False,22,56,0.7272727272727273,1.0051861945428866,0.9984142771932834,0.8748307523615415,0.007341750472402833,89
ds_bank,trained_track_n4_ns128_seed0,track,False,22,60,0.7792207792207793,1.0041380835329918,0.9981749978837329,0.8735228222872818,0.004296043088530093,89
ds_bank,trained_track_n4_ns128_seed0,track,False,22,64,0.8311688311688312,1.0066184370277924,0.9962358875031886,0.8727330349145975,0.0024857024559498324,89
ds_bank,trained_track_n4_ns128_seed0,track,False,22,68,0.8831168831168831,1.0180022227982755,0.9882686738963412,0.8730866363018442,0.0014436376222989207,89
ds_bank,trained_track_n4_ns128_seed0,track,False,22,72,0.935064935064935,1.048924168410207,0.9693105639050272,0.8752871129965633,0.0008442289631878821,89
ds_bank,trained_track_n4_ns128_seed0,track,False,22,76,0.987012987012987,1.1592685412933807,0.906019043361932,0.8787431704938722,0.0005025367503187293,89
ds_bank,trained_local_n4_ns128_seed0,local,False,25,0,0.0,10.033079867089594,0.08469824055575823,0.8311518044626627,24.542797422453837,96
ds_bank,trained_local_n4_ns128_seed0,local,False,25,4,0.047619047619047616,8.345784815853204,0.27852958589749527,0.8550869442730381,11.175104124393862,96
ds_bank,trained_local_n4_ns128_seed0,local,False,25,8,0.09523809523809523,6.249376428113784,0.4533996201865987,0.8655767088354227,7.405025966046152,96
ds_bank,trained_local_n4_ns128_seed0,local,False,25,12,0.14285714285714285,4.2406120943246535,0.6402178559295225,0.8451278102773003,3.758697593132296,96
ds_bank,trained_local_n4_ns128_seed0,local,False,25,16,0.19047619047619047,4.50683969175444,0.7299303395991956,0.8096644902786061,1.957274937915537,96
ds_bank,trained_local_n4_ns128_seed0,local,False,25,20,0.23809523809523808,4.1182028561438155,0.7926622239990407,0.8049610665318981,0.6871547537193374,96
ds_bank,trained_local_n4_ns128_seed0,local,False,25,24,0.2857142857142857,2.8064819420935776,0.8407358572638504,0.8889585940400758,0.3323773348839748,96
ds_bank,trained_local_n4_ns128_seed0,local,False,25,28,0.3333333333333333,1.6528825702659486,0.9188368324598531,0.960777453587241,0.27112303650235203,96
ds_bank,trained_local_n4_ns128_seed0,local,False,25,32,0.38095238095238093,1.241703656173914,0.9721928114354335,0.9411012126366771,0.24566015942440877,96
ds_bank,trained_local_n4_ns128_seed0,local,False,25,36,0.42857142857142855,1.0728030193501747,0.9923293958990956,0.9005772404382213,0.1640513094089078,96
ds_bank,trained_local_n4_ns128_seed0,local,False,25,40,0.47619047619047616,1.0287706432736896,0.9957882631154548,0.8953493128595633,0.10442788982421558,96
ds_bank,trained_local_n4_ns128_seed0,local,False,25,44,0.5238095238095238,1.013421882896546,0.9971158965825115,0.8965950873966987,0.06798279678733324,96
ds_bank,trained_local_n4_ns128_seed0,local,False,25,48,0.5714285714285714,1.008460030832222,0.9979051524537258,0.8926083831930581,0.0439325184203566,96
ds_bank,trained_local_n4_ns128_seed0,local,False,25,52,0.6190476190476191,1.005221587657767,0.9989096033320798,0.8850241077289521,0.02756221552208441,96
ds_bank,trained_local_n4_ns128_seed0,local,False,25,56,0.6666666666666666,1.002430248141547,0.99950226572195,0.8792681159525852,0.016508901101487453,96
ds_bank,trained_local_n4_ns128_seed0,local,False,25,60,0.7142857142857143,1.0011489481586937,0.9996509069114313,0.8777150442645981,0.009813067671321824,96
ds_bank,trained_local_n4_ns128_seed0,local,False,25,64,0.7619047619047619,1.0012039848755458,0.9993489135749892,0.8760860332058225,0.005821919000001728,96
ds_bank,trained_local_n4_ns128_seed0,local,False,25,68,0.8095238095238095,1.0031459708258006,0.9980518779895496,0.8743993477032649,0.0034028845932726403,96
ds_bank,trained_local_n4_ns128_seed0,local,False,25,72,0.8571428571428571,1.008407070905556,0.9948436512174207,0.8731437275654499,0.0019953938748263986,96
ds_bank,trained_local_n4_ns128_seed0,local,False,25,76,0.9047619047619048,1.024197128205193,0.9843672395653474,0.8737539379684224,0.0011528318916697387,96
ds_bank,trained_local_n4_ns128_seed0,local,False,25,80,0.9523809523809523,1.0721352209075306,0.954312632473384,0.8729790720223559,0.0006770537937202223,96
ds_bank,trained_local_n4_ns128_seed0,local,False,25,84,1.0,1.194223023317131,0.8848303367262865,0.8811330350357319,0.00038567086952204135,96
ds_bank,trained_count_ones_n4_ns128_seed0,count_ones,False,20,0,0.0,9.01795907045325,0.28285690482819825,0.8408219207076472,22.70172109988976,102
ds_bank,trained_count_ones_n4_ns128_seed0,count_ones,False,20,4,0.044444444444444446,7.804844764778407,0.4770410687318837,0.823823823152938,11.59640276733344,102
ds_bank,trained_count_ones_n4_ns128_seed0,count_ones,False,20,8,0.08888888888888889,7.142979128263007,0.5254315739392733,0.8086170830313992,4.842358883291797,102
ds_bank,trained_count_ones_n4_ns128_seed0,count_ones,False,20,12,0.13333333333333333,6.862660572552132,0.4952834979453678,0.8037201636207043,2.1524937315832373,102
ds_bank,trained_count_ones_n4_ns128_seed0,count_ones,False,20,16,0.17777777777777778,5.902874497590883,0.4987605731184907,0.8096395440949682,0.845370077018504,102
ds_bank,trained_count_ones_n4_ns128_seed0,count_ones,False,20,20,0.2222222222222222,4.751859766844481,0.5271153625220145,0.8612143572018834,0.3854081877894935,102
ds_bank,trained_count_ones_n4_ns128_seed0,count_ones,False,20,24,0.26666666666666666,3.642280060560437,0.5502343306322557,0.8975127654452006,0.24842870858231775,102
ds_bank,trained_count_ones_n4_ns128_seed0,count_ones,False,20,28,0.3111111111111111,2.9043757294085375,0.5728832126381271,0.8969148657343767,0.1637773122788189,102
ds_bank,trained_count_ones_n4_ns128_seed0,count_ones,False,20,32,0.35555555555555557,2.5673053094694676,0.5924812541271807,0.8883308615243871,0.11069025582850106,102
ds_bank,trained_count_ones_n4_ns128_seed0,count_ones,False,20,36,0.4,2.38634740414567,0.6020870519247907,0.8891704922254963,0.06578736552965399,102
ds_bank,trained_count_ones_n4_ns128_seed0,count_ones,False,20,40,0.4444444444444444,2.169030708437666,0.5888462599399878,0.9016114949513699,0.04131447023915909,102
ds_bank,trained_count_ones_n4_ns128_seed0,count_ones,False,20,44,0.4888888888888889,2.076405284352208,0.5732712055413368,0.9033829493286814,0.027853239881845696,102
ds_bank,trained_count_ones_n4_ns128_seed0,count_ones,False,20,48,0.5333333333333333,2.0403333363699874,0.5615050826517359,0.9043224853545166,0.01876114382795149,102
ds_bank,trained_count_ones_n4_ns128_seed0,count_ones,False,20,52,0.5777777777777777,2.02003415165313,0.5622117596632847,0.909671510602378,0.012783895202688623,102
ds_bank,trained_count_ones_n4_ns128_seed0,count_ones,False,20,56,0.6222222222222222,1.9931207603622623,0.5692334485859855,0.9096724167376831,0.008602472091885555,102
ds_bank,trained_count_ones_n4_ns128_seed0,count_ones,False,20,60,0.6666666666666666,1.9834587410835796,0.5701208011704104,0.9073066527503281,0.005790064131927277,102
ds_bank,trained_count_ones_n4_ns128_seed0,count_ones,False,20,64,0.7111111111111111,1.9965652587726528,0.5635426698823506,0.9072933937259043,0.004024723705856371,102
ds_bank,trained_count_ones_n4_ns128_seed0,count_ones,False,20,68,0.7555555555555555,2.0054561898725205,0.5597799488569453,0.908279118620142,0.002772911304814458,102
ds_bank,trained_count_ones_n4_ns128_seed0,count_ones,False,20,72,0.8,2.0011324261621457,0.5626377069494378,0.9087648321861551,0.0018516435605425183,102
ds_bank,trained_count_ones_n4_ns128_seed0,count_ones,False,20,76,0.8444444444444444,2.0118105869800282,0.5620644278674632,0.9077596835778075,0.001239724850616325,102
ds_bank,trained_count_ones_n4_ns128_seed0,count_ones,False,20,80,0.8888888888888888,2.0659608408688066,0.5461593604278385,0.9106175318356984,0.0008486613589201288,102
ds_bank,trained_count_ones_n4_ns128_seed0,count_ones,False,20,84,0.9333333333333333,2.161321979396622,0.5192275145458928,0.9136618294984554,0.0006120996410724051,102
ds_bank,trained_count_ones_n4_ns128_seed0,count_ones,False,20,88,0.9777777777777777,2.337284227278236,0.47962421032529934,0.9153950361920636,0.0004164287180989184,102
ds_bank,trained_track_n4_ns128_seed1,track,False,22,0,0.0,10.056994254189807,0.1696274147559652,0.8223087585138568,24.063236238653694,106
ds_bank,trained_track_n4_ns128_seed1,track,False,22,4,0.0425531914893617,8.579341895110323,0.3411845264372534,0.8342957380446884,10.392161172629375,106
ds_bank,trained_track_n4_ns128_seed1,track,False,22,8,0.0851063829787234,6.091585618463846,0.45741999323067256,0.8577352575471721,5.344267419088583,106
ds_bank,trained_track_n4_ns128_seed1,track,False,22,12,0.1276595744680851,4.219065656043497,0.4929473920860229,0.8727155578235908,3.0924422725946332,106
ds_bank,trained_track_n4_ns128_seed1,track,False,22,16,0.1702127659574468,3.267555595146083,0.5191407875937389,0.8831769845689345,1.818627508859739,106
ds_bank,trained_track_n4_ns128_seed1,track,False,22,20,0.2127659574468085,2.819920170152184,0.536835028963602,0.8685477856527983,1.1554663975405632,106
ds_bank,trained_track_n4_ns128_seed1,track,False,22,24,0.2553191489361702,2.8543334141047785,0.5532921295743406,0.8339563561872254,0.605613054084976,106
ds_bank,trained_track_n4_ns128_seed1,track,False,22,28,0.2978723404255319,3.267688503261396,0.5915868729577409,0.8200132876904451,0.26771977898778654,106
ds_bank,trained_track_n4_ns128_seed1,track,False,22,32,0.3404255319148936,3.544528123516518,0.6500946321584148,0.8340207356776981,0.128916608391659,106
ds_bank,trained_track_n4_ns128_seed1,track,False,22,36,0.3829787234042553,2.816674532273956,0.7535987290236723,0.8584074511344767,0.06312443037569744,106
ds_bank,trained_track_n4_ns128_seed1,track,False,22,40,0.425531914893617,1.8489863119919032,0.8605827391974675,0.8965811932596797,0.03438237279921486,106
ds_bank,trained_track_n4_ns128_seed1,track,False,22,44,0.46808510638297873,1.3390896558965564,0.929647382473624,0.9183340267390425,0.026703831270115535,106
ds_bank,trained_track_n4_ns128_seed1,track,False,22,48,0.5106382978723404,1.1257532460995292,0.971515265813645,0.9190091122618265,0.01881021869990758,106
ds_bank,trained_track_n4_ns128_seed1,track,False,22,52,0.5531914893617021,1.0520769156226228,0.98833949096703,0.9266456575567723,0.013337448631815085,106
ds_bank,trained_track_n4_ns128_seed1,track,False,22,56,0.5957446808510638,1.0202181502555645,0.9954526250941483,0.9286678404685716,0.01005910028654595,106
ds_bank,trained_track_n4_ns128_seed1,track,False,22,60,0.6382978723404256,1.0072587723281008,0.9982733634071143,0.9283583013446102,0.007461353670161777,106
ds_bank,trained_track_n4_ns128_seed1,track,False,22,64,0.6808510638297872,1.0029768594509565,0.9990122338541176,0.9288734886060338,0.00554108656378317,106
ds_bank,trained_track_n4_ns128_seed1,track,False,22,68,0.723404255319149,1.0022076316407005,0.9988035245195362,0.9294658145716477,0.004128745247714735,106
ds_bank,trained_track_n4_ns128_seed1,track,False,22,72,0.7659574468085106,1.0029801839558647,0.9980646435516601,0.9291222658136962,0.003089469799999244,106
ds_bank,trained_track_n4_ns128_seed1,track,False,22,76,0.8085106382978723,1.004755252373109,0.9967443843635152,0.929266232109529,0.002292438965472326,106
ds_bank,trained_track_n4_ns128_seed1,track,False,22,80,0.851063829787234,1.009570235655792,0.9934948371542134,0.9292791097759739,0.001719044169124065,106
ds_bank,trained_track_n4_ns128_seed1,track,False,22,84,0.8936170212765957,1.0166545616055793,0.9879797935213737,0.929601142044183,0.001281983252219817,106
ds_bank,trained_track_n4_ns128_seed1,track,False,22,88,0.9361702127659575,1.027066718465764,0.9810993310012992,0.9298656064507035,0.0009565177648703878,106
ds_bank,trained_track_n4_ns128_seed1,track,False,22,92,0.9787234042553191,1.0471987960149127,0.9681754632732709,0.9298792809394784,0.0007114362913254344,106
ds_bank,trained_local_n4_ns128_seed1,local,False,25,0,0.0,9.107666073588941,0.24118028923510482,0.853305843463947,28.308284571304704,105
ds_bank,trained_local_n4_ns128_seed1,local,False,25,4,0.043010752688172046,8.468930620013818,0.3726987408965979,0.8369678524126742,14.092423644791293,105
ds_bank,trained_local_n4_ns128_seed1,local,False,25,8,0.08602150537634409,6.5768209808321805,0.5098501791284734,0.8556210111548902,6.570636709162336,105
ds_bank,trained_local_n4_ns128_seed1,local,False,25,12,0.12903225806451613,4.320347543713703,0.682677826939863,0.9063802283067033,3.8556328088478717,105
ds_bank,trained_local_n4_ns128_seed1,local,False,25,16,0.17204301075268819,3.515672191166339,0.7911688286396465,0.8959008848058244,3.1093735003453755,105
ds_bank,trained_local_n4_ns128_seed1,local,False,25,20,0.21505376344086022,3.1603026405929038,0.806194966594099,0.8815888920127544,1.626702819298635,105
ds_bank,trained_local_n4_ns128_seed1,local,False,25,24,0.25806451612903225,3.336591611521324,0.8279506531134857,0.8938482467370333,1.0707336835116803,105
ds_bank,trained_local_n4_ns128_seed1,local,False,25,28,0.3010752688172043,2.5090472638421324,0.877373530726327,0.8764694341268215,0.676628437380984,105
ds_bank,trained_local_n4_ns128_seed1,local,False,25,32,0.34408602150537637,1.5499141850759655,0.934576657835256,0.9128756057037252,0.3516608750249631,105
ds_bank,trained_local_n4_ns128_seed1,local,False,25,36,0.3870967741935484,1.4365834449684627,0.9516262016164446,0.9265021454529906,0.32269073535173753,105
ds_bank,trained_local_n4_ns128_seed1,local,False,25,40,0.43010752688172044,1.3528021881454346,0.9655009760993637,0.9097881797786546,0.19775982800159714,105
ds_bank,trained_local_n4_ns128_seed1,local,False,25,44,0.4731182795698925,1.2493087774145135,0.9737844455933868,0.9344203683857233,0.1472989617093871,105
ds_bank,trained_local_n4_ns128_seed1,local,False,25,48,0.5161290322580645,1.136740116438383,0.9852254262217567,0.9324752243727962,0.11940571943828175,105
ds_bank,trained_local_n4_ns128_seed1,local,False,25,52,0.5591397849462365,1.0627155968921327,0.9929014754563036,0.9337509197494236,0.08209204294710484,105
ds_bank,trained_local_n4_ns128_seed1,local,False,25,56,0.6021505376344086,1.0278233019742309,0.9968516889805414,0.9420482284239821,0.06948866708011521,105
ds_bank,trained_local_n4_ns128_seed1,local,False,25,60,0.6451612903225806,1.0113804977014722,0.998801316374104,0.9385632938010667,0.051086117898831024,105
ds_bank,trained_local_n4_ns128_seed1,local,False,25,64,0.6881720430107527,1.0045933962479756,0.9994627992685572,0.9440980497740686,0.04159871282189507,105
ds_bank,trained_local_n4_ns128_seed1,local,False,25,68,0.7311827956989247,1.0019037610589148,0.9997703662111889,0.9428336353266057,0.03246646340942552,105
ds_bank,trained_local_n4_ns128_seed1,local,False,25,72,0.7741935483870968,1.0006660922411288,0.9998991559919677,0.9446609769463635,0.025854872430568183,105
ds_bank,trained_local_n4_ns128_seed1,local,False,25,76,0.8172043010752689,1.0002528736854754,0.999936629024496,0.9450700789187969,0.02064567246348438,105
ds_bank,trained_local_n4_ns128_seed1,local,False,25,80,0.8602150537634409,1.000157827226257,0.9999304694666388,0.9455239839585426,0.01643253473208211,105
ds_bank,trained_local_n4_ns128_seed1,local,False,25,84,0.9032258064516129,1.0001778821770373,0.9998939520852826,0.9462456257227284,0.013185814893306134,105
ds_bank,trained_local_n4_ns128_seed1,local,False,25,88,0.946236559139785,1.000252125522649,0.9998277363709722,0.9464524948579218,0.010565744382179162,105
ds_bank,trained_local_n4_ns128_seed1,local,False,25,92,0.989247311827957,1.000348797651818,0.9997583108365685,0.9468626547524198,0.008485361306242908,105
ds_bank,trained_count_ones_n4_ns128_seed1,count_ones,False,20,0,0.0,9.039947883318584,0.27751966709630016,0.8487496252072552,25.036152735645075,87
ds_bank,trained_count_ones_n4_ns128_seed1,count_ones,False,20,4,0.05333333333333334,8.115748714870813,0.4053942059535833,0.8462643901231719,11.889605713882036,87
ds_bank,trained_count_ones_n4_ns128_seed1,count_ones,False,20,8,0.10666666666666667,6.574395287296547,0.4923597335176492,0.8301125326256718,6.412542596019551,87
ds_bank,trained_count_ones_n4_ns128_seed1,count_ones,False,20,12,0.16,5.819792677385044,0.5300726887342926,0.7922761517835863,2.8317575372982384,87
ds_bank,trained_count_ones_n4_ns128_seed1,count_ones,False,20,16,0.21333333333333335,5.8939892661529445,0.5991884107373422,0.7870674040371951,0.9850475716562989,87
ds_bank,trained_count_ones_n4_ns128_seed1,count_ones,False,20,20,0.26666666666666666,5.101865560779561,0.6694693191898933,0.8080859565922947,0.4116313532515539,87
ds_bank,trained_count_ones_n4_ns128_seed1,count_ones,False,20,24,0.32,4.4036693358821575,0.7349393850533246,0.829772534838339,0.18084672398566926,87
ds_bank,trained_count_ones_n4_ns128_seed1,count_ones,False,20,28,0.37333333333333335,4.438287000871495,0.7735401724599584,0.8596047503206348,0.09311442762076794,87
ds_bank,trained_count_ones_n4_ns128_seed1,count_ones,False,20,32,0.4266666666666667,4.369097481219048,0.7972897860717842,0.8631185573475948,0.05594453343680432,87
ds_bank,trained_count_ones_n4_ns128_seed1,count_ones,False,20,36,0.48,4.485163435533044,0.8060201451170065,0.8474203400012146,0.029651860758556095,87
ds_bank,trained_count_ones_n4_ns128_seed1,count_ones,False,20,40,0.5333333333333333,4.235608676401905,0.8188956781130348,0.8695482731440012,0.014492626478491314,87
ds_bank,trained_count_ones_n4_ns128_seed1,count_ones,False,20,44,0.5866666666666667,3.867862945337315,0.8260108944159746,0.888291784013804,0.009587018291416602,87
ds_bank,trained_count_ones_n4_ns128_seed1,count_ones,False,20,48,0.64,3.071576395118175,0.8273713634247702,0.8797746735214848,0.005652475544784736,87
ds_bank,trained_count_ones_n4_ns128_seed1,count_ones,False,20,52,0.6933333333333334,2.742327205377838,0.8255080182650346,0.889120336239609,0.003318167705080471,87
ds_bank,trained_count_ones_n4_ns128_seed1,count_ones,False,20,56,0.7466666666666667,2.513369858794806,0.8308494473774267,0.8986619655189202,0.0022138403205979934,87
ds_bank,trained_count_ones_n4_ns128_seed1,count_ones,False,20,60,0.8,2.2368219433472927,0.8379209887360429,0.9049188930997891,0.0013908887259558437,87
ds_bank,trained_count_ones_n4_ns128_seed1,count_ones,False,20,64,0.8533333333333334,2.1277072429569133,0.8345177241880882,0.9058210987175008,0.0009945628079767446,87
ds_bank,trained_count_ones_n4_ns128_seed1,count_ones,False,20,68,0.9066666666666666,1.978245482502377,0.8303749280214844,0.9006728167873527,0.0006289723943440223,87
ds_bank,trained_count_ones_n4_ns128_seed1,count_ones,False,20,72,0.96,1.9553708001341825,0.7999315193542004,0.9089340292701084,0.00042032041726897096,87
ds_bank,trained_track_n8_ns128_seed0,track,False,34,0,0.0,9.80089140784353,0.06761064530629964,0.8251656576802071,23.110960489291124,107
ds_bank,trained_track_n8_ns128_seed0,track,False,34,4,0.042105263157894736,8.098856802787935,0.27215801843336823,0.8334810842427014,10.94952022148766,107
ds_bank,trained_track_n8_ns128_seed0,track,False,34,8,0.08421052631578947,6.622064606928908,0.411317395460512,0.8192750100750426,5.478410892191772,107
ds_bank,trained_track_n8_ns128_seed0,track,False,34,12,0.12631578947368421,6.169427188052243,0.5023101772288996,0.8052425218472912,2.1558325998672467,107
ds_bank,trained_track_n8_ns128_seed0,track,False,34,16,0.16842105263157894,5.278405727607671,0.5702961199111634,0.8271552186925452,0.9434813631481906,107
ds_bank,trained_track_n8_ns128_seed0,track,False,34,20,0.21052631578947367,3.815308090322013,0.6941284695504613,0.846281922290146,0.48593321024780745,107
ds_bank,trained_track_n8_ns128_seed0,track,False,34,24,0.25263157894736843,2.2131212196873786,0.8264382791755117,0.8621186758305026,0.2523596859710131,107
ds_bank,trained_track_n8_ns128_seed0,track,False,34,28,0.29473684210526313,1.553324093572609,0.9008488154947843,0.8730713364302539,0.14764804538656734,107
ds_bank,trained_track_n8_ns128_seed0,track,False,34,32,0.3368421052631579,1.3244647390027273,0.9337851879814832,0.8793543958207529,0.08341572603870373,107
ds_bank,trained_track_n8_ns128_seed0,track,False,34,36,0.37894736842105264,1.20867185040283,0.9544448823118905,0.8988486719524917,0.04976763550244103,107
ds_bank,trained_track_n8_ns128_seed0,track,False,34,40,0.42105263157894735,1.1372783997983584,0.9686137131338086,0.9099348061933606,0.037230995830368444,107
ds_bank,trained_track_n8_ns128_seed0,track,False,34,44,0.4631578947368421,1.0816946826810183,0.9812322874892655,0.910686349520655,0.02401208658422719,107
ds_bank,trained_track_n8_ns128_seed0,track,False,34,48,0.5052631578947369,1.0414920019543492,0.9905565675772902,0.9212485183266705,0.017182321993486772,107
ds_bank,trained_track_n8_ns128_seed0,track,False,34,52,0.5473684210526316,1.0163463142307756,0.9960483130702655,0.9235691426752508,0.012429918676088902,107
ds_bank,trained_track_n8_ns128_seed0,track,False,34,56,0.5894736842105263,1.0068355617908817,0.9982437808940087,0.9266272492528551,0.009172733716606585,107
ds_bank,trained_track_n8_ns128_seed0,track,False,34,60,0.631578947368421,1.0031637932986186,0.9989846289539078,0.928485805640085,0.006752871301944218,107
ds_bank,trained_track_n8_ns128_seed0,track,False,34,64,0.6736842105263158,1.0019705208417626,0.9990578236725202,0.9296766480321617,0.005054871920816528,107
ds_bank,trained_track_n8_ns128_seed0,track,False,34,68,0.7157894736842105,1.0023250845082186,0.9985043313630367,0.9303194359788498,0.003768396333359424,107
ds_bank,trained_track_n8_ns128_seed0,track,False,34,72,0.7578947368421053,1.0036558528948327,0.9973687271726138,0.9309867371087958,0.002837887779183706,107
ds_bank,trained_track_n8_ns128_seed0,track,False,34,76,0.8,1.0058380070730717,0.9958725821909886,0.9311630913519217,0.0021233728641550115,107
ds_bank,trained_track_n8_ns128_seed0,track,False,34,80,0.8421052631578947,1.0096390187743192,0.9933493525639185,0.9319342661112774,0.0016053395490324266,107
ds_bank,trained_track_n8_ns128_seed0,track,False,34,84,0.8842105263157894,1.01815414527351,0.9872172319743108,0.9317409956389515,0.0012075015280750881,107
ds_bank,trained_track_n8_ns128_seed0,track,False,34,88,0.9263157894736842,1.04066247474249,0.9705745818485751,0.933487416251802,0.000911709149439063,107
ds_bank,trained_track_n8_ns128_seed0,track,False,34,92,0.968421052631579,1.0683517715399,0.9492955265995717,0.9338815426193671,0.0006896030610179019,107
ds_bank,trained_local_n8_ns128_seed0,local,False,37,0,0.0,9.436690099278929,0.11823825593539167,0.8533130548202454,24.666680553833842,92
ds_bank,trained_local_n8_ns128_seed0,local,False,37,4,0.05,7.658021907539233,0.2772335466161323,0.871359168520374,14.095031517352673,92
ds_bank,trained_local_n8_ns128_seed0,local,False,37,8,0.1,5.537744776918486,0.41920636990651433,0.879411280050029,8.429903255930332,92
ds_bank,trained_local_n8_ns128_seed0,local,False,37,12,0.15,4.053106505431674,0.6256575375965107,0.8791237672670933,5.126694655451036,92
ds_bank,trained_local_n8_ns128_seed0,local,False,37,16,0.2,3.771313359006261,0.7364891576056849,0.8290160201570073,3.2033983012697,92
ds_bank,trained_local_n8_ns128_seed0,local,False,37,20,0.25,4.168522566922489,0.7862298757616937,0.8117691989111709,1.1468067081055273,92
ds_bank,trained_local_n8_ns128_seed0,local,False,37,24,0.3,3.9066081378734827,0.799129773149375,0.8697937066340792,0.5677473704368918,92
ds_bank,trained_local_n8_ns128_seed0,local,False,37,28,0.35,2.5495414544860786,0.8655357534864444,0.9174416321371563,0.3677972562531038,92
ds_bank,trained_local_n8_ns128_seed0,local,False,37,32,0.4,1.7025398535004108,0.9339649698876844,0.9049934075068342,0.292715589252149,92
ds_bank,trained_local_n8_ns128_seed0,local,False,37,36,0.45,1.2443509622276867,0.9802851011571376,0.8695111959603002,0.17235059346509482,92
ds_bank,trained_local_n8_ns128_seed0,local,False,37,40,0.5,1.0953886515064248,0.9905134914778337,0.8641102256464787,0.09344810107862189,92
ds_bank,trained_local_n8_ns128_seed0,local,False,37,44,0.55,1.0490783000422634,0.993689212472276,0.8748033789171108,0.053160869953840006,92
ds_bank,trained_local_n8_ns128_seed0,local,False,37,48,0.6,1.028557154223276,0.9952516359922086,0.8766790629937383,0.03240427496318794,92
ds_bank,trained_local_n8_ns128_seed0,local,False,37,52,0.65,1.0213641769857358,0.9962744002889236,0.8719840009140651,0.018553006809225434,92
ds_bank,trained_local_n8_ns128_seed0,local,False,37,56,0.7,1.018796949013839,0.9973045316306343,0.869538175644937,0.010792991561235473,92
ds_bank,trained_local_n8_ns128_seed0,local,False,37,60,0.75,1.0148794860241752,0.9978038614235757,0.8720648300521384,0.006056516332003988,92
ds_bank,trained_local_n8_ns128_seed0,local,False,37,64,0.8,1.0115500610628718,0.9972286638133209,0.8761190236744164,0.00360413975724311,92
ds_bank,trained_local_n8_ns128_seed0,local,False,37,68,0.85,1.0118156507255782,0.9944067305472949,0.8753117184995934,0.002113327026090096,92
ds_bank,trained_local_n8_ns128_seed0,local,False,37,72,0.9,1.0245106360497134,0.9849170422985641,0.8759171226756935,0.001238514010818989,92
ds_bank,trained_local_n8_ns128_seed0,local,False,37,76,0.95,1.0627758787379686,0.9597699823593749,0.8799934349915587,0.0007316163107886823,92
ds_bank,trained_local_n8_ns128_seed0,local,False,37,80,1.0,1.151615696038153,0.9100660017965816,0.8822426760703365,0.0004460721574068809,92
ds_bank,trained_count_ones_n8_ns128_seed0,count_ones,False,24,0,0.0,9.657986728270465,0.2058805963432506,0.8519564113890244,26.41895083022591,106
ds_bank,trained_count_ones_n8_ns128_seed0,count_ones,False,24,4,0.0425531914893617,8.203599877337616,0.40008901172317574,0.8354501539288791,12.825998751308767,106
ds_bank,trained_count_ones_n8_ns128_seed0,count_ones,False,24,8,0.0851063829787234,6.832228363423773,0.5727466316577714,0.8405909601782561,5.891378233242179,106
ds_bank,trained_count_ones_n8_ns128_seed0,count_ones,False,24,12,0.1276595744680851,5.529064731681437,0.6181107977532746,0.8448227461539778,3.27416643679636,106
ds_bank,trained_count_ones_n8_ns128_seed0,count_ones,False,24,16,0.1702127659574468,4.749423135114108,0.6419358916227882,0.8285079194595767,1.5489423528909314,106
ds_bank,trained_count_ones_n8_ns128_seed0,count_ones,False,24,20,0.2127659574468085,4.5701136834675316,0.6584594540160272,0.843453347171782,0.6857356891997185,106
ds_bank,trained_count_ones_n8_ns128_seed0,count_ones,False,24,24,0.2553191489361702,4.097470035407405,0.6677601078787757,0.8743349840308096,0.38489314192284063,106
ds_bank,trained_count_ones_n8_ns128_seed0,count_ones,False,24,28,0.2978723404255319,3.409036747346479,0.6468799801086818,0.8829975964726148,0.2384548458592164,106
ds_bank,trained_count_ones_n8_ns128_seed0,count_ones,False,24,32,0.3404255319148936,2.809308154603082,0.6116456955954094,0.8961921582038826,0.14195016988101467,106
ds_bank,trained_count_ones_n8_ns128_seed0,count_ones,False,24,36,0.3829787234042553,2.426824234896518,0.5903787997049105,0.926447005368052,0.09790929885139882,106
ds_bank,trained_count_ones_n8_ns128_seed0,count_ones,False,24,40,0.425531914893617,2.188644077663372,0.5883176003445221,0.9271301256054896,0.07850518629893571,106
ds_bank,trained_count_ones_n8_ns128_seed0,count_ones,False,24,44,0.46808510638297873,2.0815698603422508,0.5825896438314133,0.9057975369194593,0.05425940332332414,106
ds_bank,trained_count_ones_n8_ns128_seed0,count_ones,False,24,48,0.5106382978723404,2.0400952534458354,0.5703024026521555,0.9059551724658189,0.035306273586302964,106
ds_bank,trained_count_ones_n8_ns128_seed0,count_ones,False,24,52,0.5531914893617021,2.014665582251353,0.565662267543453,0.9141631981824311,0.02474678462685733,106
ds_bank,trained_count_ones_n8_ns128_seed0,count_ones,False,24,56,0.5957446808510638,1.998006663882019,0.5667532601125255,0.9132350657355918,0.017454342683985692,106
ds_bank,trained_count_ones_n8_ns128_seed0,count_ones,False,24,60,0.6382978723404256,1.9919969036431995,0.5655795395721182,0.9116175715970419,0.011953594586100654,106
ds_bank,trained_count_ones_n8_ns128_seed0,count_ones,False,24,64,0.6808510638297872,1.9902080212460416,0.5637487262165635,0.913663520159353,0.008301898192897412,106
ds_bank,trained_count_ones_n8_ns128_seed0,count_ones,False,24,68,0.723404255319149,1.99035034543264,0.563026688400936,0.914144879442362,0.005821002495789729,106
ds_bank,trained_count_ones_n8_ns128_seed0,count_ones,False,24,72,0.7659574468085106,1.9921957430161141,0.5623056391182266,0.9136716630253381,0.004051062815776808,106
ds_bank,trained_count_ones_n8_ns128_seed0,count_ones,False,24,76,0.8085106382978723,1.9952166988643423,0.5615390477627805,0.9141002000277038,0.002822975243044634,106
ds_bank,trained_count_ones_n8_ns128_seed0,count_ones,False,24,80,0.851063829787234,2.0030888461951153,0.5597703010164001,0.9146404482747896,0.0019780207644124583,106
ds_bank,trained_count_ones_n8_ns128_seed0,count_ones,False,24,84,0.8936170212765957,2.0178277116216052,0.5554433022765829,0.9140480047129982,0.0013808895972484312,106
ds_bank,trained_count_ones_n8_ns128_seed0,count_ones,False,24,88,0.9361702127659575,2.0426012397625035,0.5501829137418036,0.914384274934506,0.0009633071459183064,106
ds_bank,trained_count_ones_n8_ns128_seed0,count_ones,False,24,92,0.9787234042553191,2.0999333669253613,0.5341707817612659,0.9183032352294104,0.0006702004706009329,106
ds_bank,trained_track_n8_ns128_seed1,track,False,34,0,0.0,9.289028591990084,0.10347548412091828,0.8314951170423271,22.760942873913034,80
ds_bank,trained_track_n8_ns128_seed1,track,False,34,4,0.058823529411764705,8.3749932095234,0.23529901418290305,0.8406321294343206,11.887953831515365,80
ds_bank,trained_track_n8_ns128_seed1,track,False,34,8,0.11764705882352941,7.495216267081815,0.3671500730239812,0.8393743914641468,5.819143363223898,80
ds_bank,trained_track_n8_ns128_seed1,track,False,34,12,0.17647058823529413,5.649272628610288,0.48598300038440506,0.8525758285953359,2.818356624560302,80
ds_bank,trained_track_n8_ns128_seed1,track,False,34,16,0.23529411764705882,3.88940658968687,0.5746093195598253,0.8744104327038271,1.6193415354659382,80
ds_bank,trained_track_n8_ns128_seed1,track,False,34,20,0.29411764705882354,3.054597343531276,0.611660710210557,0.8705592399436399,0.9915245095357892,80
ds_bank,trained_track_n8_ns128_seed1,track,False,34,24,0.35294117647058826,2.6977153111736127,0.622532790602726,0.8416311335603601,0.5350947066777749,80
ds_bank,trained_track_n8_ns128_seed1,track,False,34,28,0.4117647058823529,2.6599333924182478,0.6309492613587768,0.8167262153983083,0.24921359790820163,80
ds_bank,trained_track_n8_ns128_seed1,track,False,34,32,0.47058823529411764,2.7737001518294475,0.6333790348430232,0.8076605239078976,0.10589523519296601,80
ds_bank,trained_track_n8_ns128_seed1,track,False,34,36,0.5294117647058824,2.676870567837148,0.6405793662524282,0.8076494585228519,0.04546701900164982,80
ds_bank,trained_track_n8_ns128_seed1,track,False,34,40,0.5882352941176471,2.885447412076208,0.6636483221983215,0.7987634112648028,0.019557710719686813,80
ds_bank,trained_track_n8_ns128_seed1,track,False,34,44,0.6470588235294118,3.3665493882073703,0.7350325789543523,0.8154600888505813,0.0074987051665266445,80
ds_bank,trained_track_n8_ns128_seed1,track,False,34,48,0.7058823529411765,2.8587510985244573,0.8421489660890585,0.8659122670326078,0.0036589203873036015,80
ds_bank,trained_track_n8_ns128_seed1,track,False,34,52,0.7647058823529411,1.6734086327530675,0.9306012330158929,0.8891825251873041,0.0024138070239734175,80
ds_bank,trained_track_n8_ns128_seed1,track,False,34,56,0.8235294117647058,1.2682974852193794,0.9639053985211965,0.9022019294914526,0.0013895862663682247,80
ds_bank,trained_track_n8_ns128_seed1,track,False,34,60,0.8823529411764706,1.204168457265356,0.9564156047066699,0.8958393441985931,0.001077180711632463,80
ds_bank,trained_track_n8_ns128_seed1,track,False,34,64,0.9411764705882353,1.1918601349222695,0.9339646965227473,0.8799525382578566,0.0005868519512061178,80
ds_bank,trained_track_n8_ns128_seed1,track,False,34,68,1.0,1.3009838899620843,0.8680852156514521,0.8865569806401763,0.0003854920120733915,80
ds_bank,trained_local_n8_ns128_seed1,local,False,37,0,0.0,10.062675356270365,0.140096490671106,0.8391761362566407,26.159782986016566,110
ds_bank,trained_local_n8_ns128_seed1,local,False,37,4,0.04081632653061224,9.043220773288665,0.28568307910675317,0.85067968195279,13.026463880013171,110
ds_bank,trained_local_n8_ns128_seed1,local,False,37,8,0.08163265306122448,7.576554681040901,0.41650359444656915,0.8691491077780532,7.401089856008969,110
ds_bank,trained_local_n8_ns128_seed1,local,False,37,12,0.12244897959183673,5.193960610161429,0.6080306888989356,0.9361924488909052,4.565963664753697,110
ds_bank,trained_local_n8_ns128_seed1,local,False,37,16,0.16326530612244897,3.824459305175091,0.7356493361107621,0.9424592707078897,3.9875048472198635,110
ds_bank,trained_local_n8_ns128_seed1,local,False,37,20,0.20408163265306123,2.810527932633911,0.8032963491444499,0.8863966382360574,2.6876728906889777,110
ds_bank,trained_local_n8_ns128_seed1,local,False,37,24,0.24489795918367346,2.684210394264775,0.8472046548545713,0.9045591915140873,1.542667595675392,110
ds_bank,trained_local_n8_ns128_seed1,local,False,37,28,0.2857142857142857,2.574879828401638,0.8976856576154919,0.8951095695254864,1.2784159882288844,110
ds_bank,trained_local_n8_ns128_seed1,local,False,37,32,0.32653061224489793,1.6184656888052784,0.9461631546086288,0.9149219340537992,0.6364857274848967,110
ds_bank,trained_local_n8_ns128_seed1,local,False,37,36,0.3673469387755102,1.364787490713764,0.9639275782912275,0.9443730504938161,0.5940699791605903,110
ds_bank,trained_local_n8_ns128_seed1,local,False,37,40,0.40816326530612246,1.1580639710128606,0.9860378456607851,0.9386749648984798,0.40180282663589645,110
ds_bank,trained_local_n8_ns128_seed1,local,False,37,44,0.4489795918367347,1.0656356127183284,0.9935455480881864,0.9631618580090708,0.36019241690010195,110
ds_bank,trained_local_n8_ns128_seed1,local,False,37,48,0.4897959183673469,1.0300846672615278,0.9975292153920424,0.9603546081462041,0.3061710150109135,110
ds_bank,trained_local_n8_ns128_seed1,local,False,37,52,0.5306122448979592,1.0129548224671667,0.9988978805583751,0.9585286719388988,0.2571855701794172,110
ds_bank,trained_local_n8_ns128_seed1,local,False,37,56,0.5714285714285714,1.0062713859081673,0.9996337124575778,0.9554946772030473,0.21966168447780637,110
ds_bank,trained_local_n8_ns128_seed1,local,False,37,60,0.6122448979591837,1.0038396145375614,0.9998363900015956,0.9482136122648155,0.17860514139424113,110
ds_bank,trained_local_n8_ns128_seed1,local,False,37,64,0.6530612244897959,1.0020220445955983,0.9999383754347185,0.9428171786381769,0.1435288005207144,110
ds_bank,trained_local_n8_ns128_seed1,local,False,37,68,0.6938775510204082,1.0014433754628778,0.9999627236776537,0.9364872140471575,0.11159191331644025,110
ds_bank,trained_local_n8_ns128_seed1,local,False,37,72,0.7346938775510204,1.0008124714182856,0.9999784400709331,0.9313769090807462,0.08487320901582945,110
ds_bank,trained_local_n8_ns128_seed1,local,False,37,76,0.7755102040816326,1.000507388173664,0.9999844002475057,0.926878201314434,0.06319220869921996,110
ds_bank,trained_local_n8_ns128_seed1,local,False,37,80,0.8163265306122449,1.0003017503911882,0.9999845443176977,0.923206343691192,0.04622863030017231,110
ds_bank,trained_local_n8_ns128_seed1,local,False,37,84,0.8571428571428571,1.0001930719380219,0.9999751230420576,0.9203430162994992,0.033342607197221666,110
ds_bank,trained_local_n8_ns128_seed1,local,False,37,88,0.8979591836734694,1.0001451863459798,0.9999611382617377,0.918096033074301,0.023787437402083066,110
ds_bank,trained_local_n8_ns128_seed1,local,False,37,92,0.9387755102040817,1.0001565092707847,0.9999274680121768,0.9165286227865068,0.01682348665469872,110
ds_bank,trained_local_n8_ns128_seed1,local,False,37,96,0.9795918367346939,1.0002538095997051,0.9998442272829119,0.9153141257489686,0.011842462204819975,110
ds_bank,trained_count_ones_n8_ns128_seed1,count_ones,False,24,0,0.0,9.356266517379392,0.24951571334823053,0.8448174542092945,23.704214989492378,94
ds_bank,trained_count_ones_n8_ns128_seed1,count_ones,False,24,4,0.04878048780487805,8.329077534855877,0.42258327573922505,0.8506907117808767,12.282660643178403,94
ds_bank,trained_count_ones_n8_ns128_seed1,count_ones,False,24,8,0.0975609756097561,6.845225440358548,0.5285336681143734,0.8440820142896783,6.407294607661104,94
ds_bank,trained_count_ones_n8_ns128_seed1,count_ones,False,24,12,0.14634146341463414,5.095601270019029,0.5842054315641884,0.8316634856710003,3.226465138266553,94
ds_bank,trained_count_ones_n8_ns128_seed1,count_ones,False,24,16,0.1951219512195122,4.603188659215707,0.6318292628669016,0.8248670307114484,1.489707382013727,94
ds_bank,trained_count_ones_n8_ns128_seed1,count_ones,False,24,20,0.24390243902439024,4.685801494132726,0.670953014346205,0.83928316833508,0.6768428848254371,94
ds_bank,trained_count_ones_n8_ns128_seed1,count_ones,False,24,24,0.2926829268292683,4.638677740728905,0.7027511827387599,0.8527843348302226,0.3739015184257114,94
ds_bank,trained_count_ones_n8_ns128_seed1,count_ones,False,24,28,0.34146341463414637,4.27811244915811,0.7224834095906001,0.8512876589452643,0.19525992297964134,94
ds_bank,trained_count_ones_n8_ns128_seed1,count_ones,False,24,32,0.3902439024390244,4.213077832767898,0.7223732512710861,0.850101903696424,0.10165479642971995,94
ds_bank,trained_count_ones_n8_ns128_seed1,count_ones,False,24,36,0.43902439024390244,4.129675416410714,0.7403308027252021,0.862728220992455,0.05165837492752715,94
ds_bank,trained_count_ones_n8_ns128_seed1,count_ones,False,24,40,0.4878048780487805,3.8389475915004003,0.7503163271655967,0.8633614171490136,0.031314181765160584,94
ds_bank,trained_count_ones_n8_ns128_seed1,count_ones,False,24,44,0.5365853658536586,3.7707660304037165,0.7572087140493111,0.8550937512945446,0.016505753487154808,94
ds_bank,trained_count_ones_n8_ns128_seed1,count_ones,False,24,48,0.5853658536585366,3.9413211207554224,0.7378396352726995,0.8863767976408584,0.008592038073406937,94
ds_bank,trained_count_ones_n8_ns128_seed1,count_ones,False,24,52,0.6341463414634146,3.7451349421210978,0.7117144493680738,0.9132082401239263,0.00605362709411251,94
ds_bank,trained_count_ones_n8_ns128_seed1,count_ones,False,24,56,0.6829268292682927,3.3010641427816183,0.6681588889960843,0.8891401298155378,0.004215208468746989,94
ds_bank,trained_count_ones_n8_ns128_seed1,count_ones,False,24,60,0.7317073170731707,2.939501185240114,0.620561469199938,0.878978315210319,0.0023884328781691175,94
ds_bank,trained_count_ones_n8_ns128_seed1,count_ones,False,24,64,0.7804878048780488,2.628160557476178,0.5914670455052488,0.9055475667713774,0.0014860409131493518,94
ds_bank,trained_count_ones_n8_ns128_seed1,count_ones,False,24,68,0.8292682926829268,2.3441178200738273,0.5788506596450403,0.9156881483719729,0.0010712069272557456,94
ds_bank,trained_count_ones_n8_ns128_seed1,count_ones,False,24,72,0.8780487804878049,2.2502705052697842,0.5482751023483778,0.9059576879383068,0.000732459224715574,94
ds_bank,trained_count_ones_n8_ns128_seed1,count_ones,False,24,76,0.926829268292683,2.313783396033125,0.5078760283344645,0.9096146901491894,0.0004956047853996906,94
ds_bank,trained_count_ones_n8_ns128_seed1,count_ones,False,24,80,0.975609756097561,2.492970252503254,0.4529185200252039,0.936740043680101,0.00034354713862498197,94
ds_bank,trained_track_n16_ns128_seed0,track,False,58,0,0.0,9.81045389774317,0.05604931635287245,0.8327445648050882,25.24226632208145,91
ds_bank,trained_track_n16_ns128_seed0,track,False,58,4,0.05063291139240506,7.730093402882919,0.24540010756825553,0.8347357600944518,11.759258979853128,91
ds_bank,trained_track_n16_ns128_seed0,track,False,58,8,0.10126582278481013,6.858313878096561,0.4254241958256328,0.819699772547635,5.810933588142912,91
ds_bank,trained_track_n16_ns128_seed0,track,False,58,12,0.1518987341772152,6.903132871812169,0.5528867715613092,0.7976090706756612,2.442851046916356,91
ds_bank,trained_track_n16_ns128_seed0,track,False,58,16,0.20253164556962025,5.233359540390829,0.6346349667656128,0.8300999610578751,0.981700870391524,91
ds_bank,trained_track_n16_ns128_seed0,track,False,58,20,0.25316455696202533,3.1090718029576845,0.7482125229345599,0.8809879500045693,0.5512065922012384,91
ds_bank,trained_track_n16_ns128_seed0,track,False,58,24,0.3037974683544304,1.8518456132036478,0.8642945292705385,0.9002616593348122,0.3534582604459476,91
ds_bank,trained_track_n16_ns128_seed0,track,False,58,28,0.35443037974683544,1.320657223328851,0.935485946840836,0.9055536996753571,0.23210807278810405,91
ds_bank,trained_track_n16_ns128_seed0,track,False,58,32,0.4050632911392405,1.1276877983824183,0.9709005580186443,0.922324490979385,0.15818881782982488,91
ds_bank,trained_track_n16_ns128_seed0,track,False,58,36,0.45569620253164556,1.048900648055278,0.9882746277658409,0.9391721825597588,0.12182027843155721,91
ds_bank,trained_track_n16_ns128_seed0,track,False,58,40,0.5063291139240507,1.0160529735062624,0.9966777840170448,0.9486235074802051,0.09839112572087322,91
ds_bank,trained_track_n16_ns128_seed0,track,False,58,44,0.5569620253164557,1.0054236666521386,0.9991968947061356,0.9537359998840896,0.07934857371021958,91
ds_bank,trained_track_n16_ns128_seed0,track,False,58,48,0.6075949367088608,1.0027359684366202,0.9997074766871502,0.9604807970103368,0.06692297656096305,91
ds_bank,trained_track_n16_ns128_seed0,track,False,58,52,0.6582278481012658,1.0014509372534808,0.9998783259942648,0.9630773830107848,0.05754999223271951,91
ds_bank,trained_track_n16_ns128_seed0,track,False,58,56,0.7088607594936709,1.000902357535327,0.9999419943159129,0.9655710421509506,0.04964943593044064,91
ds_bank,trained_track_n16_ns128_seed0,track,False,58,60,0.759493670886076,1.0005649354969794,0.9999699999965707,0.9678484346714253,0.04344604798016034,91
ds_bank,trained_track_n16_ns128_seed0,track,False,58,64,0.810126582278481,1.0004219476358374,0.9999767465184118,0.9692282879538543,0.038234557501606634,91
ds_bank,trained_track_n16_ns128_seed0,track,False,58,68,0.8607594936708861,1.0003137633223038,0.9999775602902823,0.9703876114448647,0.03383991213399054,91
ds_bank,trained_track_n16_ns128_seed0,track,False,58,72,0.9113924050632911,1.0002581054398976,0.9999759435164196,0.9712745931606163,0.030053942354031447,91
ds_bank,trained_track_n16_ns128_seed0,track,False,58,76,0.9620253164556962,1.0002108355927082,0.9999724136157616,0.9720662840010016,0.026803420505816716,91
ds_bank,trained_local_n16_ns128_seed0,local,False,61,0,0.0,9.734888928565491,0.19440577856923041,0.8418291370953974,26.000784020302753,107
ds_bank,trained_local_n16_ns128_seed0,local,False,61,4,0.042105263157894736,8.696662023179758,0.3076488421103181,0.8401336624991571,12.472785061253955,107
ds_bank,trained_local_n16_ns128_seed0,local,False,61,8,0.08421052631578947,6.927058875270697,0.4286626356610111,0.8746753631520862,6.6267044240281585,107
ds_bank,trained_local_n16_ns128_seed0,local,False,61,12,0.12631578947368421,5.540729837300181,0.5764315761837449,0.9167082282934274,4.230322166062167,107
ds_bank,trained_local_n16_ns128_seed0,local,False,61,16,0.16842105263157894,4.377782437943063,0.7149475641193104,0.8865165710343605,3.2359032429376686,107
ds_bank,trained_local_n16_ns128_seed0,local,False,61,20,0.21052631578947367,4.126328575467171,0.7670966103794415,0.8464950227100602,1.6146428193357796,107
ds_bank,trained_local_n16_ns128_seed0,local,False,61,24,0.25263157894736843,4.026874711356438,0.7680483555986836,0.8878938617803236,0.8310693555848868,107
ds_bank,trained_local_n16_ns128_seed0,local,False,61,28,0.29473684210526313,3.3465159630724743,0.77106329580495,0.9312280893430324,0.6156687752029888,107
ds_bank,trained_local_n16_ns128_seed0,local,False,61,32,0.3368421052631579,2.5923993755740655,0.7537084678508864,0.8981851716465019,0.47880932506867824,107
ds_bank,trained_local_n16_ns128_seed0,local,False,61,36,0.37894736842105264,2.627222149927145,0.7246822882321828,0.8466515700182086,0.26923274039052536,107
ds_bank,trained_local_n16_ns128_seed0,local,False,61,40,0.42105263157894735,2.661028883020988,0.7057972136478564,0.8790537861121004,0.12242506930193955,107
ds_bank,trained_local_n16_ns128_seed0,local,False,61,44,0.4631578947368421,2.4409471042754416,0.7008359573100129,0.9336128458880345,0.09427403378638113,107
ds_bank,trained_local_n16_ns128_seed0,local,False,61,48,0.5052631578947369,2.220744626963878,0.7206429658430468,0.9183137480981589,0.07253461436861092,107
ds_bank,trained_local_n16_ns128_seed0,local,False,61,52,0.5473684210526316,2.1074368743230742,0.7102599045995959,0.8855567171880414,0.046934376170284446,107
ds_bank,trained_local_n16_ns128_seed0,local,False,61,56,0.5894736842105263,2.083542030970116,0.6915389372615173,0.8849007315907816,0.027144392492083752,107
ds_bank,trained_local_n16_ns128_seed0,local,False,61,60,0.631578947368421,2.0501668173443255,0.6848939892251891,0.906664837855898,0.017538994313412395,107
ds_bank,trained_local_n16_ns128_seed0,local,False,61,64,0.6736842105263158,2.0243090287188834,0.6917216133491187,0.913177281630705,0.012489938018508975,107
ds_bank,trained_local_n16_ns128_seed0,local,False,61,68,0.7157894736842105,2.0128036716047144,0.6950173403179544,0.9033925448859407,0.00847774191807038,107
ds_bank,trained_local_n16_ns128_seed0,local,False,61,72,0.7578947368421053,2.0066977478051644,0.6901403697680994,0.9006710472734344,0.005473203359685023,107
ds_bank,trained_local_n16_ns128_seed0,local,False,61,76,0.8,2.0067645136323264,0.6872987681366846,0.907267652304232,0.0036459451706999436,107
ds_bank,trained_local_n16_ns128_seed0,local,False,61,80,0.8421052631578947,2.0092185390978243,0.6879719403145393,0.9093320040491051,0.0025285026683429107,107
ds_bank,trained_local_n16_ns128_seed0,local,False,61,84,0.8842105263157894,2.0221633465436986,0.6855076250845056,0.9041726721712794,0.0017112485175389282,107
ds_bank,trained_local_n16_ns128_seed0,local,False,61,88,0.9263157894736842,2.0512286487813185,0.6760363994617338,0.9017238485253392,0.0011133180384491593,107
ds_bank,trained_local_n16_ns128_seed0,local,False,61,92,0.968421052631579,2.1088860653658137,0.6614337418221262,0.9025333583652883,0.0007365706059458241,107
ds_bank,trained_count_ones_n16_ns128_seed0,count_ones,False,33,0,0.0,8.752175559068078,0.30122129084200794,0.8598863918343767,24.82541029825186,105
ds_bank,trained_count_ones_n16_ns128_seed0,count_ones,False,33,4,0.043010752688172046,7.915814303345818,0.4527853479393242,0.854556346711711,13.231681927391529,105
ds_bank,trained_count_ones_n16_ns128_seed0,count_ones,False,33,8,0.08602150537634409,6.683755727204658,0.5669694378864398,0.8351469273597941,6.87559421934856,105
ds_bank,trained_count_ones_n16_ns128_seed0,count_ones,False,33,12,0.12903225806451613,5.594772598999474,0.6407901255747926,0.8150634729792623,3.32263644781684,105
ds_bank,trained_count_ones_n16_ns128_seed0,count_ones,False,33,16,0.17204301075268819,5.442720336251668,0.6603321276125981,0.8212141381705884,1.350453389697888,105
ds_bank,trained_count_ones_n16_ns128_seed0,count_ones,False,33,20,0.21505376344086022,5.144604356179913,0.6388989451197767,0.8605342772522157,0.6704997297303699,105
ds_bank,trained_count_ones_n16_ns128_seed0,count_ones,False,33,24,0.25806451612903225,3.8316347881077943,0.6096278932024475,0.8916802575120614,0.4082664403326455,105
ds_bank,trained_count_ones_n16_ns128_seed0,count_ones,False,33,28,0.3010752688172043,2.8626778494114204,0.5940840022525516,0.8772260871012975,0.27702800242554465,105
ds_bank,trained_count_ones_n16_ns128_seed0,count_ones,False,33,32,0.34408602150537637,2.5913536899171516,0.5924600990546766,0.8583539884910037,0.14126055140318106,105
ds_bank,trained_count_ones_n16_ns128_seed0,count_ones,False,33,36,0.3870967741935484,2.4788689325665145,0.5879913793639805,0.8905113498426968,0.07779804159120444,105
ds_bank,trained_count_ones_n16_ns128_seed0,count_ones,False,33,40,0.43010752688172044,2.318807772211155,0.5723288313879771,0.9182988733958503,0.05738444565324578,105
ds_bank,trained_count_ones_n16_ns128_seed0,count_ones,False,33,44,0.4731182795698925,2.1740224040283675,0.5676449381997593,0.9080381179287391,0.04081231879817404,105
ds_bank,trained_count_ones_n16_ns128_seed0,count_ones,False,33,48,0.5161290322580645,2.0814145965724484,0.5676508773878042,0.8934944445296483,0.025876658887400796,105
ds_bank,trained_count_ones_n16_ns128_seed0,count_ones,False,33,52,0.5591397849462365,2.0626699828063377,0.5656121996967569,0.8929836967406756,0.016310862801173526,105
ds_bank,trained_count_ones_n16_ns128_seed0,count_ones,False,33,56,0.6021505376344086,2.0356348066037833,0.5609145343643555,0.8999655295436932,0.010676436887111618,105
ds_bank,trained_count_ones_n16_ns128_seed0,count_ones,False,33,60,0.6451612903225806,2.010348869665611,0.5622567878960628,0.907776928731682,0.006952890348222685,105
ds_bank,trained_count_ones_n16_ns128_seed0,count_ones,False,33,64,0.6881720430107527,1.9976625879281067,0.5627959656893431,0.9122320450027188,0.004818120192187388,105
ds_bank,trained_count_ones_n16_ns128_seed0,count_ones,False,33,68,0.7311827956989247,1.9991265637998343,0.5615423535440814,0.9110955104398419,0.003369619952769162,105
ds_bank,trained_count_ones_n16_ns128_seed0,count_ones,False,33,72,0.7741935483870968,2.0031425447724507,0.5586781247222509,0.9096278840538377,0.002326616396769097,105
ds_bank,trained_count_ones_n16_ns128_seed0,count_ones,False,33,76,0.8172043010752689,2.0110274142247806,0.557006005165709,0.9074748236798976,0.0015721709730107027,105
ds_bank,trained_count_ones_n16_ns128_seed0,count_ones,False,33,80,0.8602150537634409,2.032263936922948,0.5516797030038821,0.9084046665269481,0.001052973648829099,105
ds_bank,trained_count_ones_n16_ns128_seed0,count_ones,False,33,84,0.9032258064516129,2.089015431812381,0.5364543607855525,0.9118718679940757,0.0007305496707791842,105
ds_bank,trained_count_ones_n16_ns128_seed0,count_ones,False,33,88,0.946236559139785,2.2105742456796897,0.5048129576171221,0.9117537525945484,0.000514487463521776,105
ds_bank,trained_count_ones_n16_ns128_seed0,count_ones,False,33,92,0.989247311827957,2.4667608855729735,0.4458363079103446,0.9183371543580368,0.0003463451631758363,105
ds_bank,trained_track_n16_ns128_seed1,track,False,58,0,0.0,9.939372076227674,0.08690070421774636,0.8394179164682462,26.08853573714225,88
ds_bank,trained_track_n16_ns128_seed1,track,False,58,4,0.05263157894736842,8.955108955662569,0.25725662631581475,0.8390917390283551,13.012595073122228,88
ds_bank,trained_track_n16_ns128_seed1,track,False,58,8,0.10526315789473684,7.790437710573139,0.4152566742032082,0.8300129046000938,6.630285474722733,88
ds_bank,trained_track_n16_ns128_seed1,track,False,58,12,0.15789473684210525,6.700101963648972,0.5145891346025574,0.8367407795210635,2.8802019377792445,88
ds_bank,trained_track_n16_ns128_seed1,track,False,58,16,0.21052631578947367,5.334950487610987,0.5969222302996761,0.8539938110003605,1.6323706703993897,88
ds_bank,trained_track_n16_ns128_seed1,track,False,58,20,0.2631578947368421,4.068315831654011,0.6222795031194363,0.8543885036315306,0.8267855082010599,88
ds_bank,trained_track_n16_ns128_seed1,track,False,58,24,0.3157894736842105,3.9782969303065445,0.6274288059083222,0.830098440072036,0.4643915940685681,88
ds_bank,trained_track_n16_ns128_seed1,track,False,58,28,0.3684210526315789,4.236413922241371,0.6439217867867999,0.8151076296375438,0.18356391996312166,88
ds_bank,trained_track_n16_ns128_seed1,track,False,58,32,0.42105263157894735,4.127543525878406,0.6748885326556724,0.8367188708381106,0.0861389434849229,88
ds_bank,trained_track_n16_ns128_seed1,track,False,58,36,0.47368421052631576,3.580102430622298,0.6859780988753511,0.844712544570196,0.04407922275155354,88
ds_bank,trained_track_n16_ns128_seed1,track,False,58,40,0.5263157894736842,3.2394686623355753,0.6781059129666182,0.8328756420715262,0.0231076654773952,88
ds_bank,trained_track_n16_ns128_seed1,track,False,58,44,0.5789473684210527,3.418925646117424,0.7023965380860641,0.8362712976140901,0.010304998010971624,88
ds_bank,trained_track_n16_ns128_seed1,track,False,58,48,0.631578947368421,3.6322430894794513,0.7598887062462623,0.8728196856017852,0.005276927975521624,88
ds_bank,trained_track_n16_ns128_seed1,track,False,58,52,0.6842105263157895,2.938494051898804,0.8279568252022823,0.8875707297319602,0.0035202246131267605,88
ds_bank,trained_track_n16_ns128_seed1,track,False,58,56,0.7368421052631579,1.9496101008206206,0.8962369353128165,0.901292566586918,0.0020608621059239733,88
ds_bank,trained_track_n16_ns128_seed1,track,False,58,60,0.7894736842105263,1.4811231874776594,0.9337843026186247,0.9053649709192988,0.001558536970000672,88
ds_bank,trained_track_n16_ns128_seed1,track,False,58,64,0.8421052631578947,1.2252227765765085,0.954448492060191,0.9012135272685722,0.0009361242972159743,88
ds_bank,trained_track_n16_ns128_seed1,track,False,58,68,0.8947368421052632,1.1501728375683027,0.9491535255595372,0.9078397889241144,0.0006656389262803086,88
ds_bank,trained_track_n16_ns128_seed1,track,False,58,72,0.9473684210526315,1.158323041676831,0.9212325411742733,0.9106248340973976,0.0004406583402864877,88
ds_bank,trained_track_n16_ns128_seed1,track,False,58,76,1.0,1.2798010048381547,0.8521935886569243,0.9154523003308271,0.00031441509781890734,88
ds_bank,trained_local_n16_ns128_seed1,local,False,61,0,0.0,9.92485278902533,0.15486403718337852,0.8351929034928232,26.29233487532615,95
ds_bank,trained_local_n16_ns128_seed1,local,False,61,4,0.04819277108433735,9.166523980133567,0.3089610609051523,0.8258679272110258,12.084988914266336,95
ds_bank,trained_local_n16_ns128_seed1,local,False,61,8,0.0963855421686747,7.693548867568859,0.4468048145987015,0.8648723734652016,5.616156322601924,95
ds_bank,trained_local_n16_ns128_seed1,local,False,61,12,0.14457831325301204,5.730211177141238,0.6112544812497943,0.9500439850959381,3.9542776399344266,95
ds_bank,trained_local_n16_ns128_seed1,local,False,61,16,0.1927710843373494,4.394159280118488,0.7202772833763365,0.9261013432584472,3.579719077155311,95
ds_bank,trained_local_n16_ns128_seed1,local,False,61,20,0.24096385542168675,3.039226196989801,0.7693988107425185,0.8729498432673759,2.0688908427348713,95
ds_bank,trained_local_n16_ns128_seed1,local,False,61,24,0.2891566265060241,3.504515147534103,0.7919503128160179,0.8580280625171297,1.3220954692832496,95
ds_bank,trained_local_n16_ns128_seed1,local,False,61,28,0.3373493975903614,2.7452689209938135,0.8584581114094089,0.8396040680754918,0.599461444186278,95
ds_bank,trained_local_n16_ns128_seed1,local,False,61,32,0.3855421686746988,1.8361719533689942,0.9010561750342656,0.8515232529730729,0.30983031632557045,95
ds_bank,trained_local_n16_ns128_seed1,local,False,61,36,0.43373493975903615,1.4094851636446601,0.9414105466182726,0.8908073119223877,0.1631233194191073,95
ds_bank,trained_local_n16_ns128_seed1,local,False,61,40,0.4819277108433735,1.3075867098651837,0.9554582057448826,0.8957553884023528,0.12589351888220043,95
ds_bank,trained_local_n16_ns128_seed1,local,False,61,44,0.5301204819277109,1.2383930999175938,0.9626549143476083,0.8853442891833232,0.06809475225800914,95
ds_bank,trained_local_n16_ns128_seed1,local,False,61,48,0.5783132530120482,1.2015407956843123,0.9664542484282165,0.8975380842721046,0.046663274689383666,95
ds_bank,trained_local_n16_ns128_seed1,local,False,61,52,0.6265060240963856,1.1603991979717505,0.9752175029998701,0.8985683663471385,0.028850351095315814,95
ds_bank,trained_local_n16_ns128_seed1,local,False,61,56,0.6746987951807228,1.1688012466770594,0.9772724769120509,0.8850512538902253,0.020137097722913923,95
ds_bank,trained_local_n16_ns128_seed1,local,False,61,60,0.7228915662650602,1.169825397443562,0.9780145881734165,0.8791166254230462,0.010648788588212051,95
ds_bank,trained_local_n16_ns128_seed1,local,False,61,64,0.7710843373493976,1.1744865433990581,0.9760884590992578,0.8764324327722264,0.007243475222567417,95
ds_bank,trained_local_n16_ns128_seed1,local,False,61,68,0.8192771084337349,1.1673329658857743,0.9750610575191634,0.8672171833531647,0.0037060836731152517,95
ds_bank,trained_local_n16_ns128_seed1,local,False,61,72,0.8674698795180723,1.176212986941887,0.9697207496442041,0.8673588499485402,0.0023156104480799265,95
ds_bank,trained_local_n16_ns128_seed1,local,False,61,76,0.9156626506024096,1.194726811748065,0.9606436659265544,0.8647006835939589,0.001177229212449414,95
ds_bank,trained_local_n16_ns128_seed1,local,False,61,80,0.963855421686747,1.2688874682244,0.926321180996909,0.8659244435019278,0.0007238496105997477,95
ds_bank,trained_count_ones_n16_ns128_seed1,count_ones,False,33,0,0.0,9.095889580975212,0.24433965576705932,0.8636876801087691,24.328351364192766,107
ds_bank,trained_count_ones_n16_ns128_seed1,count_ones,False,33,4,0.042105263157894736,7.388402022253791,0.433909670190139,0.8919714585789124,14.776869257796438,107
ds_bank,trained_count_ones_n16_ns128_seed1,count_ones,False,33,8,0.08421052631578947,5.775554067813994,0.5974581066510714,0.8865695832534758,10.279985001638,107
ds_bank,trained_count_ones_n16_ns128_seed1,count_ones,False,33,12,0.12631578947368421,4.5791424012367425,0.7645013747178353,0.8479205317093285,5.717222156138741,107
ds_bank,trained_count_ones_n16_ns128_seed1,count_ones,False,33,16,0.16842105263157894,4.452237437747237,0.7760364368593522,0.8149460714214757,2.7536414012478776,107
ds_bank,trained_count_ones_n16_ns128_seed1,count_ones,False,33,20,0.21052631578947367,4.807622623127279,0.7535617513171928,0.7940512574148983,1.0887038557985662,107
ds_bank,trained_count_ones_n16_ns128_seed1,count_ones,False,33,24,0.25263157894736843,5.198281425088964,0.7101431760250466,0.8057697924407142,0.43287647390916273,107
ds_bank,trained_count_ones_n16_ns128_seed1,count_ones,False,33,28,0.29473684210526313,4.865857776925902,0.6822920658452197,0.8447650024249913,0.1904528260545846,107
ds_bank,trained_count_ones_n16_ns128_seed1,count_ones,False,33,32,0.3368421052631579,3.854029757288241,0.6494806916020983,0.8815645992388725,0.10955353830924136,107
ds_bank,trained_count_ones_n16_ns128_seed1,count_ones,False,33,36,0.37894736842105264,3.2393880127824373,0.6026949475569748,0.9015710095393651,0.07005648379145696,107
ds_bank,trained_count_ones_n16_ns128_seed1,count_ones,False,33,40,0.42105263157894735,2.7688397543952794,0.5833523323563162,0.9324461994012017,0.049035080783924274,107
ds_bank,trained_count_ones_n16_ns128_seed1,count_ones,False,33,44,0.4631578947368421,2.4724001548107473,0.5837713590709335,0.9315389557609813,0.04150208978453604,107
ds_bank,trained_count_ones_n16_ns128_seed1,count_ones,False,33,48,0.5052631578947369,2.2648186397958097,0.5814939706651018,0.9078890296375853,0.02823320295496442,107
ds_bank,trained_count_ones_n16_ns128_seed1,count_ones,False,33,52,0.5473684210526316,2.1245268348085324,0.5635003818103395,0.9153052659444403,0.01852775908187837,107
ds_bank,trained_count_ones_n16_ns128_seed1,count_ones,False,33,56,0.5894736842105263,2.0605672043941117,0.5549427154958662,0.9259373014692539,0.013544091733771487,107
ds_bank,trained_count_ones_n16_ns128_seed1,count_ones,False,33,60,0.631578947368421,2.0373599178673305,0.5514081053748976,0.9203521973617544,0.010089410131202303,107
ds_bank,trained_count_ones_n16_ns128_seed1,count_ones,False,33,64,0.6736842105263158,2.010707345742315,0.548911869916031,0.9173356791402775,0.00706129521779712,107
ds_bank,trained_count_ones_n16_ns128_seed1,count_ones,False,33,68,0.7157894736842105,1.9947504019058198,0.5548971026627619,0.9207807864995831,0.004944819216442381,107
ds_bank,trained_count_ones_n16_ns128_seed1,count_ones,False,33,72,0.7578947368421053,1.992523089172708,0.5571832321741546,0.9190734071002609,0.0035658548968021415,107
ds_bank,trained_count_ones_n16_ns128_seed1,count_ones,False,33,76,0.8,2.0070672039139277,0.550600467505015,0.9161943421469322,0.0025692528392568274,107
ds_bank,trained_count_ones_n16_ns128_seed1,count_ones,False,33,80,0.8421052631578947,2.0149813244520733,0.5469854036902011,0.9170389059198373,0.0018120780232761232,107
ds_bank,trained_count_ones_n16_ns128_seed1,count_ones,False,33,84,0.8842105263157894,2.0181699493609626,0.5488511899690784,0.917628451400773,0.001259781034299552,107
ds_bank,trained_count_ones_n16_ns128_seed1,count_ones,False,33,88,0.9263157894736842,2.043115246265592,0.5419790475308662,0.9167892998895766,0.0008918636026806184,107
ds_bank,trained_count_ones_n16_ns128_seed1,count_ones,False,33,92,0.968421052631579,2.1195810556006682,0.5220339394590813,0.9189227725428657,0.000647020255997325,107
ds_bank,trained_track_n32_ns128_seed0,track,False,106,0,0.0,10.21087036691867,0.08929945038039909,0.8257729711706775,23.67760416287111,64
ds_bank,trained_track_n32_ns128_seed0,track,False,106,4,0.07692307692307693,8.037844767707067,0.2857173612149001,0.854473072747037,10.703232684710148,64
ds_bank,trained_track_n32_ns128_seed0,track,False,106,8,0.15384615384615385,6.563457254865481,0.48450174963759934,0.8576204090859382,6.8719516446145406,64
ds_bank,trained_track_n32_ns128_seed0,track,False,106,12,0.23076923076923078,5.757276401746808,0.6298778094797036,0.8201781934674497,3.2858837972451345,64
ds_bank,trained_track_n32_ns128_seed0,track,False,106,16,0.3076923076923077,5.229784841458249,0.702522421414054,0.8228325330582571,1.381004513149946,64
ds_bank,trained_track_n32_ns128_seed0,track,False,106,20,0.38461538461538464,3.9750278344614145,0.7577495689394426,0.8723321540133276,0.6843686978022873,64
ds_bank,trained_track_n32_ns128_seed0,track,False,106,24,0.46153846153846156,2.6065647775697913,0.7868083940818615,0.8999782555456397,0.4667367916127966,64
ds_bank,trained_track_n32_ns128_seed0,track,False,106,28,0.5384615384615384,1.840583308587337,0.8046019855219686,0.9083456476715054,0.28298641008147873,64
ds_bank,trained_track_n32_ns128_seed0,track,False,106,32,0.6153846153846154,1.6167288149037815,0.7814461330066685,0.9175008783196421,0.20809146765661718,64
ds_bank,trained_track_n32_ns128_seed0,track,False,106,36,0.6923076923076923,1.5690571928986827,0.6919098185034188,0.9192207743267037,0.14398035245981178,64
ds_bank,trained_track_n32_ns128_seed0,track,False,106,40,0.7692307692307693,1.7441602919153685,0.5342101265884384,0.923998598705839,0.10744483356213057,64
ds_bank,trained_track_n32_ns128_seed0,track,False,106,44,0.8461538461538461,2.247722992618389,0.23486565630007136,0.9350227553936286,0.07565852465702891,64
ds_bank,trained_track_n32_ns128_seed0,track,False,106,48,0.9230769230769231,2.83445713163645,-0.07230564416604292,0.9434897594150389,0.06283729247470517,64
ds_bank,trained_track_n32_ns128_seed0,track,False,106,52,1.0,2.7453902068231884,-0.4103888511979934,0.9626028065166433,0.04817146058472138,64
ds_bank,trained_local_n32_ns128_seed0,local,False,109,0,0.0,9.948564687824216,0.1564794809925936,0.8382473158692252,24.084211522195098,68
ds_bank,trained_local_n32_ns128_seed0,local,False,109,4,0.07142857142857142,9.069239433155268,0.30490204083039785,0.8391709177806282,12.13305665632441,68
ds_bank,trained_local_n32_ns128_seed0,local,False,109,8,0.14285714285714285,7.5575115151752525,0.42646596813918175,0.8843343609758377,5.880898983595003,68
ds_bank,trained_local_n32_ns128_seed0,local,False,109,12,0.21428571428571427,5.420173434849857,0.5467415048286266,0.9275421645555337,4.518844980681546,68
ds_bank,trained_local_n32_ns128_seed0,local,False,109,16,0.2857142857142857,3.3910713001336155,0.7004330968093898,0.9174544166736042,3.1228402745921615,68
ds_bank,trained_local_n32_ns128_seed0,local,False,109,20,0.35714285714285715,2.8702400852431147,0.7699831821877037,0.8831472265014041,2.276712617528154,68
ds_bank,trained_local_n32_ns128_seed0,local,False,109,24,0.42857142857142855,3.1470178510335765,0.750624436569206,0.8412525309504971,1.1927971731686684,68
ds_bank,trained_local_n32_ns128_seed0,local,False,109,28,0.5,3.95322529299607,0.7097959414999623,0.8714617196871673,0.5639041517986957,68
ds_bank,trained_local_n32_ns128_seed0,local,False,109,32,0.5714285714285714,4.6814224933595465,0.6142099731689759,0.91934144137549,0.39703270049662576,68
ds_bank,trained_local_n32_ns128_seed0,local,False,109,36,0.6428571428571429,4.004140445825381,0.5264279468047713,0.9204612242792835,0.29106352060239676,68
ds_bank,trained_local_n32_ns128_seed0,local,False,109,40,0.7142857142857143,3.8297729617893483,0.2888839486699615,0.9153835096012957,0.19337598334742045,68
ds_bank,trained_local_n32_ns128_seed0,local,False,109,44,0.7857142857142857,4.053572231654548,0.05088635430861854,0.9283890591998415,0.14125291288528538,68
ds_bank,trained_local_n32_ns128_seed0,local,False,109,48,0.8571428571428571,3.7325399669941746,-0.21840879328996526,0.9554237459568693,0.11029665878252977,68
ds_bank,trained_local_n32_ns128_seed0,local,False,109,52,0.9285714285714286,3.477967980399358,-0.39651830924275977,0.9607459345927735,0.0974747765218911,68
ds_bank,trained_local_n32_ns128_seed0,local,False,109,56,1.0,2.7857848806086394,-0.5916877385778962,0.9708591781805412,0.08046718526207468,68
ds_bank,trained_count_ones_n32_ns128_seed0,count_ones,False,49,0,0.0,9.68743279645262,0.20555398217916873,0.8456968771092238,22.170888406792763,108
ds_bank,trained_count_ones_n32_ns128_seed0,count_ones,False,49,4,0.041666666666666664,8.212180425299481,0.40393683205614933,0.8758769515685468,11.964704313987571,108
ds_bank,trained_count_ones_n32_ns128_seed0,count_ones,False,49,8,0.08333333333333333,6.223033857129189,0.5753232078363708,0.878096232848553,8.172214539007012,108
ds_bank,trained_count_ones_n32_ns128_seed0,count_ones,False,49,12,0.125,4.684769000569788,0.7176825891082278,0.8543996640324948,4.538517164930115,108
ds_bank,trained_count_ones_n32_ns128_seed0,count_ones,False,49,16,0.16666666666666666,4.335512781601334,0.7617195466161095,0.8403586284974217,2.2869644624510936,108
ds_bank,trained_count_ones_n32_ns128_seed0,count_ones,False,49,20,0.20833333333333334,4.609029873564639,0.7239374973442559,0.8447899221931058,1.080906164473069,108
ds_bank,trained_count_ones_n32_ns128_seed0,count_ones,False,49,24,0.25,4.6066176357593935,0.6781803254228763,0.8658647962206638,0.5919922464097565,108
ds_bank,trained_count_ones_n32_ns128_seed0,count_ones,False,49,28,0.2916666666666667,3.7945481238253906,0.657306268687461,0.8937407146634554,0.33707906378937735,108
ds_bank,trained_count_ones_n32_ns128_seed0,count_ones,False,49,32,0.3333333333333333,2.9641298508911356,0.6280615696439186,0.915512129019696,0.239415881642067,108
ds_bank,trained_count_ones_n32_ns128_seed0,count_ones,False,49,36,0.375,2.498922275539443,0.5959764070783331,0.918222586946696,0.17224674856279476,108
ds_bank,trained_count_ones_n32_ns128_seed0,count_ones,False,49,40,0.4166666666666667,2.2516279456069275,0.5755320756853476,0.9211185048924702,0.12316320601793906,108
ds_bank,trained_count_ones_n32_ns128_seed0,count_ones,False,49,44,0.4583333333333333,2.163459997213076,0.5698968587602548,0.9171132290193069,0.08881826007028867,108
ds_bank,trained_count_ones_n32_ns128_seed0,count_ones,False,49,48,0.5,2.1138890239960286,0.5689437866868914,0.9084919690108171,0.059575742955402466,108
ds_bank,trained_count_ones_n32_ns128_seed0,count_ones,False,49,52,0.5416666666666666,2.068657457821824,0.5550832901052161,0.9081998641734745,0.04159969323690248,108
ds_bank,trained_count_ones_n32_ns128_seed0,count_ones,False,49,56,0.5833333333333334,2.035480706733113,0.5515337763634562,0.9121084436284427,0.028642251192324646,108
ds_bank,trained_count_ones_n32_ns128_seed0,count_ones,False,49,60,0.625,2.0092987406923157,0.5606421473032598,0.9137623217153094,0.019414816554062398,108
ds_bank,trained_count_ones_n32_ns128_seed0,count_ones,False,49,64,0.6666666666666666,1.9995470966576225,0.563961214460311,0.9109368457843107,0.0133365040552109,108
ds_bank,trained_count_ones_n32_ns128_seed0,count_ones,False,49,68,0.7083333333333334,2.0140192499873772,0.5561821996692311,0.9110021840867203,0.009494222822368927,108
ds_bank,trained_count_ones_n32_ns128_seed0,count_ones,False,49,72,0.75,2.013670172161048,0.5554760768562661,0.914525144840866,0.00656217100065295,108
ds_bank,trained_count_ones_n32_ns128_seed0,count_ones,False,49,76,0.7916666666666666,1.9979812598848758,0.5616038993393541,0.9172738240711384,0.004512320158201728,108
ds_bank,trained_count_ones_n32_ns128_seed0,count_ones,False,49,80,0.8333333333333334,1.9971896362546822,0.5606807046427921,0.9162224540615381,0.003181205537023786,108
ds_bank,trained_count_ones_n32_ns128_seed0,count_ones,False,49,84,0.875,2.014214836441618,0.5531101489018915,0.9165031316937535,0.0022886200162510213,108
ds_bank,trained_count_ones_n32_ns128_seed0,count_ones,False,49,88,0.9166666666666666,2.0232773167378495,0.5491126317233186,0.9188930009876656,0.0016350200873764393,108
ds_bank,trained_count_ones_n32_ns128_seed0,count_ones,False,49,92,0.9583333333333334,2.0320424227981677,0.5475759963143294,0.9202938272325202,0.001153298539966659,108
ds_bank,trained_count_ones_n32_ns128_seed0,count_ones,False,49,96,1.0,2.0640855383740173,0.540187489784599,0.9192534502433939,0.0008125593264438256,108
ds_bank,trained_track_n32_ns128_seed1,track,False,106,0,0.0,10.636074024256958,0.049290505681325696,0.8402020454500881,25.637190247923566,105
ds_bank,trained_track_n32_ns128_seed1,track,False,106,4,0.043010752688172046,9.155007699551037,0.2456257949521026,0.8404277167364347,12.343641290940123,105
ds_bank,trained_track_n32_ns128_seed1,track,False,106,8,0.08602150537634409,7.447996746845741,0.4537360615905341,0.8354631072161796,6.7589126888673405,105
ds_bank,trained_track_n32_ns128_seed1,track,False,106,12,0.12903225806451613,6.664578439686475,0.5796788330978898,0.8257491626720024,3.0279933682131253,105
ds_bank,trained_track_n32_ns128_seed1,track,False,106,16,0.17204301075268819,5.748240388840044,0.6338822992286354,0.8571045258613011,1.437267530549184,105
ds_bank,trained_track_n32_ns128_seed1,track,False,106,20,0.21505376344086022,4.723133443129547,0.6938815586426498,0.8736554610501451,0.8640102827304992,105
ds_bank,trained_track_n32_ns128_seed1,track,False,106,24,0.25806451612903225,3.9386601523045535,0.7450706822967462,0.8463886267268186,0.5017851997964642,105
ds_bank,trained_track_n32_ns128_seed1,track,False,106,28,0.3010752688172043,2.9421614694563596,0.8112955174168076,0.8479541345486883,0.21817933417903812,105
ds_bank,trained_track_n32_ns128_seed1,track,False,106,32,0.34408602150537637,2.023209121810919,0.8800120904366531,0.8888743625571405,0.13130637504045625,105
ds_bank,trained_track_n32_ns128_seed1,track,False,106,36,0.3870967741935484,1.3829460082273948,0.9409487327406046,0.9095292354134976,0.08770137658825114,105
ds_bank,trained_track_n32_ns128_seed1,track,False,106,40,0.43010752688172044,1.1613395125459205,0.9711584690369183,0.925960695188215,0.061650244726341535,105
ds_bank,trained_track_n32_ns128_seed1,track,False,106,44,0.4731182795698925,1.0625240672408063,0.9885060513666795,0.9378466431172698,0.04650198894594343,105
ds_bank,trained_track_n32_ns128_seed1,track,False,106,48,0.5161290322580645,1.02666736408366,0.9952282343026386,0.9405426260521065,0.03744543816988413,105
ds_bank,trained_track_n32_ns128_seed1,track,False,106,52,0.5591397849462365,1.0113974146168194,0.9980273378436323,0.9422347494272556,0.028636134525243544,105
ds_bank,trained_track_n32_ns128_seed1,track,False,106,56,0.6021505376344086,1.004172477871568,0.9992045534244235,0.9453133413748163,0.023078952732088008,105
ds_bank,trained_track_n32_ns128_seed1,track,False,106,60,0.6451612903225806,1.0015449373537004,0.9996163952618076,0.9456332146994587,0.018332603217968296,105
ds_bank,trained_track_n32_ns128_seed1,track,False,106,64,0.6881720430107527,1.0008330177386384,0.9996642524269862,0.9459021509447004,0.014750985826554333,105
ds_bank,trained_track_n32_ns128_seed1,track,False,106,68,0.7311827956989247,1.0007124855288492,0.9996056748581507,0.9456896183351438,0.011752517024831668,105
ds_bank,trained_track_n32_ns128_seed1,track,False,106,72,0.7741935483870968,1.00082472859369,0.9994797266653531,0.9462960575877662,0.009418844600767726,105
ds_bank,trained_track_n32_ns128_seed1,track,False,106,76,0.8172043010752689,1.0011933282096699,0.9991760565627682,0.9462198667268001,0.0075637273284958565,105
ds_bank,trained_track_n32_ns128_seed1,track,False,106,80,0.8602150537634409,1.0016586901324753,0.9988756553547394,0.946257661852586,0.006050652421801096,105
ds_bank,trained_track_n32_ns128_seed1,track,False,106,84,0.9032258064516129,1.0026585428074526,0.9981883104575607,0.9468332150088958,0.00486592237941517,105
ds_bank,trained_track_n32_ns128_seed1,track,False,106,88,0.946236559139785,1.0039314527391259,0.9972732955178394,0.9467161524257491,0.003911524606875515,105
ds_bank,trained_track_n32_ns128_seed1,track,False,106,92,0.989247311827957,1.0064745222332379,0.9954038231378298,0.9466717927886642,0.003137638227444322,105
ds_bank,trained_local_n32_ns128_seed1,local,False,109,0,0.0,10.365742748265522,0.09769433423871889,0.8438771782846168,25.717149128204696,107
ds_bank,trained_local_n32_ns128_seed1,local,False,109,4,0.042105263157894736,9.701549058327323,0.23138242733109007,0.8262222121036913,13.675697573178859,107
ds_bank,trained_local_n32_ns128_seed1,local,False,109,8,0.08421052631578947,7.534158957631638,0.36477251566474483,0.8345650220793833,5.383228029484031,107
ds_bank,trained_local_n32_ns128_seed1,local,False,109,12,0.12631578947368421,5.952859063102464,0.46058981537501426,0.8884916991637646,3.1101226790551837,107
ds_bank,trained_local_n32_ns128_seed1,local,False,109,16,0.16842105263157894,5.198337904833052,0.5993902649467843,0.8834156096859346,2.2563399261172346,107
ds_bank,trained_local_n32_ns128_seed1,local,False,109,20,0.21052631578947367,5.278600972176236,0.7041736980565605,0.8480548012016416,1.164497099660435,107
ds_bank,trained_local_n32_ns128_seed1,local,False,109,24,0.25263157894736843,4.306891109807499,0.7540264084589822,0.8619995175162498,0.5809926469267931,107
ds_bank,trained_local_n32_ns128_seed1,local,False,109,28,0.29473684210526313,3.6947882143797974,0.8002869370333009,0.8995129256124553,0.3688260673215902,107
ds_bank,trained_local_n32_ns128_seed1,local,False,109,32,0.3368421052631579,3.522235474253101,0.8452514670101817,0.8865456496824979,0.25396400895989,107
ds_bank,trained_local_n32_ns128_seed1,local,False,109,36,0.37894736842105264,3.2137719028291545,0.8720490354906993,0.8583097799041093,0.1376783669178818,107
ds_bank,trained_local_n32_ns128_seed1,local,False,109,40,0.42105263157894735,2.196240462558493,0.9017581740263094,0.8707336114554267,0.07205575419778057,107
ds_bank,trained_local_n32_ns128_seed1,local,False,109,44,0.4631578947368421,1.3888982766950058,0.9495699521929125,0.9022777927628212,0.04607310152683429,107
ds_bank,trained_local_n32_ns128_seed1,local,False,109,48,0.5052631578947369,1.2161341737656943,0.9732890428883999,0.9110134933436937,0.03184638181621142,107
ds_bank,trained_local_n32_ns128_seed1,local,False,109,52,0.5473684210526316,1.2113207132024622,0.973747985541829,0.9074855732244547,0.021977197806945185,107
ds_bank,trained_local_n32_ns128_seed1,local,False,109,56,0.5894736842105263,1.2218441987728992,0.9702140401638908,0.9086824188706479,0.014757072217117227,107
ds_bank,trained_local_n32_ns128_seed1,local,False,109,60,0.631578947368421,1.2179994019764757,0.9678748888384751,0.9137413352807771,0.01007894498796622,107
ds_bank,trained_local_n32_ns128_seed1,local,False,109,64,0.6736842105263158,1.2287793938804794,0.9661878991611131,0.9224968733367317,0.007197587694456499,107
ds_bank,trained_local_n32_ns128_seed1,local,False,109,68,0.7157894736842105,1.2385844283092726,0.9644835349818565,0.9237997428355933,0.005276149183092686,107
ds_bank,trained_local_n32_ns128_seed1,local,False,109,72,0.7578947368421053,1.242177562563866,0.963286555411221,0.9253723278849209,0.003839354892923633,107
ds_bank,trained_local_n32_ns128_seed1,local,False,109,76,0.8,1.2538148801226734,0.959038502832567,0.9226259565082373,0.002829328567411916,107
ds_bank,trained_local_n32_ns128_seed1,local,False,109,80,0.8421052631578947,1.2580795758410905,0.9549584075619122,0.9239957306622034,0.002022138400814354,107
ds_bank,trained_local_n32_ns128_seed1,local,False,109,84,0.8842105263157894,1.3039143055398115,0.94114411401104,0.920457334659571,0.0014871617905102472,107
ds_bank,trained_local_n32_ns128_seed1,local,False,109,88,0.9263157894736842,1.3701019559077388,0.9213478847367345,0.9223662087996642,0.0010513701192605342,107
ds_bank,trained_local_n32_ns128_seed1,local,False,109,92,0.968421052631579,1.4971517539596584,0.8875020076302966,0.9214952445141548,0.0007818807325044163,107
ds_bank,trained_count_ones_n32_ns128_seed1,count_ones,False,49,0,0.0,9.279002353980419,0.1463784569387911,0.8390147624567154,23.39148081804902,108
ds_bank,trained_count_ones_n32_ns128_seed1,count_ones,False,49,4,0.041666666666666664,7.3214021410725065,0.3952880107059439,0.8794476700188218,10.952333856083555,108
ds_bank,trained_count_ones_n32_ns128_seed1,count_ones,False,49,8,0.08333333333333333,5.331186970457515,0.6335254940602811,0.9124132200624981,8.614942858199502,108
ds_bank,trained_count_ones_n32_ns128_seed1,count_ones,False,49,12,0.125,3.8667233416316855,0.813230347737693,0.8907009072712703,5.587165083502443,108
ds_bank,trained_count_ones_n32_ns128_seed1,count_ones,False,49,16,0.16666666666666666,3.526506259146138,0.8512501259776393,0.8611420220309188,3.3684457163003527,108
ds_bank,trained_count_ones_n32_ns128_seed1,count_ones,False,49,20,0.20833333333333334,3.935492486488614,0.8146003312574819,0.8249554675437757,1.660999911088466,108
ds_bank,trained_count_ones_n32_ns128_seed1,count_ones,False,49,24,0.25,4.567048259225636,0.7191208873474595,0.8313038561662984,0.7279105837532023,108
ds_bank,trained_count_ones_n32_ns128_seed1,count_ones,False,49,28,0.2916666666666667,3.8306129483741755,0.6444411151049348,0.8820277687410458,0.35956970630108265,108
ds_bank,trained_count_ones_n32_ns128_seed1,count_ones,False,49,32,0.3333333333333333,3.0204520162367725,0.5943717258318251,0.9035648304862278,0.26875197258553907,108
ds_bank,trained_count_ones_n32_ns128_seed1,count_ones,False,49,36,0.375,2.6929557187985123,0.577068255005564,0.8905259842860881,0.16418995228242145,108
ds_bank,trained_count_ones_n32_ns128_seed1,count_ones,False,49,40,0.4166666666666667,2.5949837098536848,0.5686990129002583,0.905193375482564,0.1035876237711795,108
ds_bank,trained_count_ones_n32_ns128_seed1,count_ones,False,49,44,0.4583333333333333,2.4641617855472786,0.5561879120002912,0.9045378527902002,0.07691565926001183,108
ds_bank,trained_count_ones_n32_ns128_seed1,count_ones,False,49,48,0.5,2.423362310287083,0.5535851209448627,0.8919796455366784,0.047582245693038774,108
ds_bank,trained_count_ones_n32_ns128_seed1,count_ones,False,49,52,0.5416666666666666,2.384451298709385,0.5410083154308024,0.8884578501631359,0.028916342023913764,108
ds_bank,trained_count_ones_n32_ns128_seed1,count_ones,False,49,56,0.5833333333333334,2.2988508803324947,0.5241368627623607,0.886390017367251,0.018167899292462583,108
ds_bank,trained_count_ones_n32_ns128_seed1,count_ones,False,49,60,0.625,2.2644740330502255,0.5094891242288032,0.8961137043161096,0.01161908595819418,108
ds_bank,trained_count_ones_n32_ns128_seed1,count_ones,False,49,64,0.6666666666666666,2.29227562148213,0.5172083903497122,0.9106900190724445,0.007419227103128952,108
ds_bank,trained_count_ones_n32_ns128_seed1,count_ones,False,49,68,0.7083333333333334,2.2611466873893327,0.5177057406448855,0.9155936898766031,0.005316205271219265,108
ds_bank,trained_count_ones_n32_ns128_seed1,count_ones,False,49,72,0.75,2.197490928236033,0.5096345999140994,0.9180911818196568,0.0037927643194821887,108
ds_bank,trained_count_ones_n32_ns128_seed1,count_ones,False,49,76,0.7916666666666666,2.140689460509587,0.508383125056596,0.9235538094240904,0.002710171370295328,108
ds_bank,trained_count_ones_n32_ns128_seed1,count_ones,False,49,80,0.8333333333333334,2.1108957154991,0.509631232891051,0.9235446667537075,0.0019815282217546756,108
ds_bank,trained_count_ones_n32_ns128_seed1,count_ones,False,49,84,0.875,2.1031328067525688,0.5058229294667317,0.9201603540153582,0.0014383298164117892,108
ds_bank,trained_count_ones_n32_ns128_seed1,count_ones,False,49,88,0.9166666666666666,2.104925825426633,0.4986965979074281,0.9161254825176112,0.001034132266765719,108
ds_bank,trained_count_ones_n32_ns128_seed1,count_ones,False,49,92,0.9583333333333334,2.141876814698419,0.49072460627890613,0.9144708995892156,0.0007089341833812306,108
ds_bank,trained_count_ones_n32_ns128_seed1,count_ones,False,49,96,1.0,2.285018130595245,0.4561899027279507,0.9174583862503549,0.0004966167177422981,108
b6bank,count_mod3_i00,count_mod3,False,42,0,0.0,8.626097281590038,0.26391038028585806,0.8672210648851312,24.866303673650005,47
b6bank,count_mod3_i00,count_mod3,False,42,4,0.11428571428571428,7.832462282718488,0.3800129800703184,0.8878045031702994,17.781425244029887,47
b6bank,count_mod3_i00,count_mod3,False,42,8,0.22857142857142856,7.473268983169435,0.3666205934154515,0.872889333230806,10.290331498399189,47
b6bank,count_mod3_i00,count_mod3,False,42,12,0.34285714285714286,7.349824931862363,0.3421700823745851,0.8825864284819814,5.773516397864608,47
b6bank,count_mod3_i00,count_mod3,False,42,16,0.45714285714285713,6.835943593168996,0.3224673613314994,0.9001376661767688,3.67293318584342,47
b6bank,count_mod3_i00,count_mod3,False,42,20,0.5714285714285714,6.329061022388678,0.295473823853723,0.8815281400481483,2.5723740875892034,47
b6bank,count_mod3_i00,count_mod3,False,42,24,0.6857142857142857,5.781628508914449,0.25947367317537273,0.8680547088241185,1.377121116271363,47
b6bank,count_mod3_i00,count_mod3,False,42,28,0.8,4.9963149836234635,0.22610699614016824,0.9024740021877818,0.8042537891415815,47
b6bank,count_mod3_i00,count_mod3,False,42,32,0.9142857142857143,4.384136512939141,0.1882762299326643,0.9045422146696668,0.6145649962904489,47
b6bank,count_mod3_i01,count_mod3,True,42,0,0.0,8.489049271182187,0.3112861216467435,0.8499212321169628,24.01730280588776,48
b6bank,count_mod3_i01,count_mod3,True,42,4,0.1111111111111111,7.938654708056014,0.4677802155172848,0.8720812738630265,14.798960058707381,48
b6bank,count_mod3_i01,count_mod3,True,42,8,0.2222222222222222,7.531715973265058,0.47725520156128004,0.8736032340968493,8.367223866821579,48
b6bank,count_mod3_i01,count_mod3,True,42,12,0.3333333333333333,7.075029895489776,0.49617902460413227,0.873000476648147,4.836986150445483,48
b6bank,count_mod3_i01,count_mod3,True,42,16,0.4444444444444444,6.599476248907944,0.5289675206488491,0.8694972777853115,2.851577017745308,48
b6bank,count_mod3_i01,count_mod3,True,42,20,0.5555555555555556,6.706192310835507,0.5217787273922484,0.8619154541463407,1.573756973790125,48
b6bank,count_mod3_i01,count_mod3,True,42,24,0.6666666666666666,7.644894797315268,0.4413898159397236,0.856991567538084,0.8666144093384414,48
b6bank,count_mod3_i01,count_mod3,True,42,28,0.7777777777777778,7.0072623781101075,0.35151655122749426,0.876607788220489,0.455882450819077,48
b6bank,count_mod3_i01,count_mod3,True,42,32,0.8888888888888888,6.189261365844102,0.2714920012331359,0.891851309489614,0.30321022446596213,48
b6bank,count_mod3_i01,count_mod3,True,42,36,1.0,5.342074807490514,0.22011789414837682,0.883902770746248,0.18252702297913193,48
b6bank,count_mod3_i02,count_mod3,False,42,0,0.0,8.77111510914981,0.27242049945454905,0.8592473413343561,22.769235170777424,47
b6bank,count_mod3_i02,count_mod3,False,42,4,0.11428571428571428,7.99049560445762,0.40847866581123626,0.8927087818447036,16.236573928935726,47
b6bank,count_mod3_i02,count_mod3,False,42,8,0.22857142857142856,7.521195090391152,0.39384188061448017,0.8764035516131531,9.703993250032276,47
b6bank,count_mod3_i02,count_mod3,False,42,12,0.34285714285714286,7.481074098306003,0.39910330416498624,0.8751770553905094,5.446335161966834,47
b6bank,count_mod3_i02,count_mod3,False,42,16,0.45714285714285713,6.834237832537959,0.4304744283812822,0.8923719699477507,3.2914078698272506,47
b6bank,count_mod3_i02,count_mod3,False,42,20,0.5714285714285714,5.965782419300947,0.45054348459465476,0.8875204147489939,2.255395419067696,47
b6bank,count_mod3_i02,count_mod3,False,42,24,0.6857142857142857,4.889423236473553,0.41897878338313643,0.8734780418627671,1.303755978202786,47
b6bank,count_mod3_i02,count_mod3,False,42,28,0.8,3.5739560418143386,0.3756788920705232,0.8957807121843037,0.754624843667755,47
b6bank,count_mod3_i02,count_mod3,False,42,32,0.9142857142857143,2.97635398273894,0.31894555902403615,0.9056280433543751,0.5298571157525012,47
b6bank,count_mod3_i03,count_mod3,False,42,0,0.0,8.308095750051885,0.2818155112987158,0.859236516508375,22.835229221796524,48
b6bank,count_mod3_i03,count_mod3,False,42,4,0.1111111111111111,7.860387036885575,0.4131560738178593,0.8830322071917934,16.09645421213696,48
b6bank,count_mod3_i03,count_mod3,False,42,8,0.2222222222222222,7.575038077863666,0.44863207136337935,0.8715977968250934,9.15144669590007,48
b6bank,count_mod3_i03,count_mod3,False,42,12,0.3333333333333333,7.6696547423966175,0.4754849853236387,0.8657989092588387,5.193238576969387,48
b6bank,count_mod3_i03,count_mod3,False,42,16,0.4444444444444444,7.347609298820404,0.48761098991137186,0.8616254506903372,2.85088757837595,48
b6bank,count_mod3_i03,count_mod3,False,42,20,0.5555555555555556,6.8002569923922005,0.451449243964857,0.8591998967873264,1.5782654455599432,48
b6bank,count_mod3_i03,count_mod3,False,42,24,0.6666666666666666,6.8695810325608875,0.3617545016468978,0.8585975025792537,0.859531626682958,48
b6bank,count_mod3_i03,count_mod3,False,42,28,0.7777777777777778,6.540264840275587,0.27465750014433515,0.8833120072511412,0.4546872044645395,48
b6bank,count_mod3_i03,count_mod3,False,42,32,0.8888888888888888,6.008507989340563,0.21966873215347088,0.9017324191985838,0.3199709186745769,48
b6bank,count_mod3_i03,count_mod3,False,42,36,1.0,5.409594604174306,0.18306274266221711,0.8834895431166769,0.19751003658916888,48
b6bank,count_mod3_i04,count_mod3,False,42,0,0.0,8.409018730941302,0.2544164721643502,0.863955725515736,23.26307037524218,47
b6bank,count_mod3_i04,count_mod3,False,42,4,0.11428571428571428,7.812833066261316,0.3782750458867701,0.8886951388700212,17.67271518326341,47
b6bank,count_mod3_i04,count_mod3,False,42,8,0.22857142857142856,7.053952496224869,0.40153408286829645,0.8761035322115545,9.641741343674394,47
b6bank,count_mod3_i04,count_mod3,False,42,12,0.34285714285714286,6.862105819710119,0.43027496773760077,0.8735627674720138,5.815382595843982,47
b6bank,count_mod3_i04,count_mod3,False,42,16,0.45714285714285713,6.520803806771913,0.4563919126487899,0.8630072630132856,3.3131298781031244,47
b6bank,count_mod3_i04,count_mod3,False,42,20,0.5714285714285714,5.3827906942361174,0.4451511136428573,0.8672191555072032,1.7702020914476435,47
b6bank,count_mod3_i04,count_mod3,False,42,24,0.6857142857142857,4.251636283096809,0.4081736036141022,0.8769783173443774,1.056606223238178,47
b6bank,count_mod3_i04,count_mod3,False,42,28,0.8,3.290506228270666,0.371664782314304,0.8870738049035871,0.6257886522280587,47
b6bank,count_mod3_i04,count_mod3,False,42,32,0.9142857142857143,2.8552410872711063,0.34572844736015285,0.8957346825036394,0.4033837753467385,47
b6bank,count_mod3_i05,count_mod3,False,42,0,0.0,8.874831116541413,0.29258746631981997,0.8456118733823621,21.735400941601704,46
b6bank,count_mod3_i05,count_mod3,False,42,4,0.11764705882352941,8.10072589216714,0.4145064197098303,0.8851380420260136,13.652823339166922,46
b6bank,count_mod3_i05,count_mod3,False,42,8,0.23529411764705882,7.429295826769696,0.39236841749335977,0.8861908490351647,8.700364492683489,46
b6bank,count_mod3_i05,count_mod3,False,42,12,0.35294117647058826,7.550244639580818,0.36243587601493127,0.8738604395282167,5.078845932989267,46
b6bank,count_mod3_i05,count_mod3,False,42,16,0.47058823529411764,7.1271820507718,0.3386796017552011,0.8756928240150031,2.9226589830965857,46
b6bank,count_mod3_i05,count_mod3,False,42,20,0.5882352941176471,5.811525777034593,0.3099576061814182,0.8872757806854648,1.7451992569956134,46
b6bank,count_mod3_i05,count_mod3,False,42,24,0.7058823529411765,4.751191148195946,0.28477745197252435,0.8807480129380274,1.1289936267738332,46
b6bank,count_mod3_i05,count_mod3,False,42,28,0.8235294117647058,3.702022907123449,0.2692745622129195,0.8890284825129718,0.6324622409288132,46
b6bank,count_mod3_i05,count_mod3,False,42,32,0.9411764705882353,3.275969340000895,0.23528662603715764,0.9071754768232958,0.43691100923306797,46
b6bank,count_mod3_i06,count_mod3,True,42,0,0.0,8.79718273211278,0.271567261159643,0.8564296329549796,23.81439110669683,46
b6bank,count_mod3_i06,count_mod3,True,42,4,0.11764705882352941,8.133152237220369,0.3920092089853591,0.885409786586554,15.74852253074484,46
b6bank,count_mod3_i06,count_mod3,True,42,8,0.23529411764705882,7.306263002955227,0.3636394127154592,0.8837253067313621,9.344838876004797,46
b6bank,count_mod3_i06,count_mod3,True,42,12,0.35294117647058826,7.214903738540116,0.3665177881830495,0.8882633012330603,5.631372536314185,46
b6bank,count_mod3_i06,count_mod3,True,42,16,0.47058823529411764,6.88777571062486,0.39353112261758805,0.9039408019885864,3.610009386782493,46
b6bank,count_mod3_i06,count_mod3,True,42,20,0.5882352941176471,6.238505963248191,0.40314979147087304,0.8979275243511065,2.5749557036360144,46
b6bank,count_mod3_i06,count_mod3,True,42,24,0.7058823529411765,5.347414229469682,0.35634436537250996,0.871768169883605,1.547169322794547,46
b6bank,count_mod3_i06,count_mod3,True,42,28,0.8235294117647058,4.112700391287075,0.3120669954992498,0.8924036997071924,0.8496465690772766,46
b6bank,count_mod3_i06,count_mod3,True,42,32,0.9411764705882353,3.5986786933024426,0.25843475617343253,0.9132113842629555,0.6223011847703812,46
b6bank,count_mod3_i07,count_mod3,True,42,0,0.0,8.06875417811001,0.3449309608125439,0.83732481206519,21.917024725853082,46
b6bank,count_mod3_i07,count_mod3,True,42,4,0.11764705882352941,7.332930012956354,0.5326531624515843,0.8551050885173799,13.072367401066156,46
b6bank,count_mod3_i07,count_mod3,True,42,8,0.23529411764705882,6.79291459035763,0.5799885996009149,0.8689428898532993,6.409679620355732,46
b6bank,count_mod3_i07,count_mod3,True,42,12,0.35294117647058826,6.455014369058718,0.597295540128793,0.8909116806839485,4.061843637478766,46
b6bank,count_mod3_i07,count_mod3,True,42,16,0.47058823529411764,6.341828566028688,0.6106106734960369,0.877302111775156,2.691132868351646,46
b6bank,count_mod3_i07,count_mod3,True,42,20,0.5882352941176471,6.282492414390876,0.579996897478377,0.8715072270994204,1.3951421310840648,46
b6bank,count_mod3_i07,count_mod3,True,42,24,0.7058823529411765,5.623830377251454,0.5083769442502232,0.8829577150151763,0.8828688696363589,46
b6bank,count_mod3_i07,count_mod3,True,42,28,0.8235294117647058,4.205511572872914,0.4200061399106259,0.8884602532447262,0.5267180407621036,46
b6bank,count_mod3_i07,count_mod3,True,42,32,0.9411764705882353,3.384725941227795,0.35469490855995517,0.8974576053296387,0.340292462421645,46
b6bank,count_mod3_i08,count_mod3,False,42,0,0.0,8.840830432330852,0.27101337643595813,0.8490053109452698,21.376510380111423,47
b6bank,count_mod3_i08,count_mod3,False,42,4,0.11428571428571428,8.187216431485513,0.42580082806890135,0.8872232918407951,15.415957503501444,47
b6bank,count_mod3_i08,count_mod3,False,42,8,0.22857142857142856,7.336186930388656,0.4563958298806075,0.8763023626196921,8.658642990807202,47
b6bank,count_mod3_i08,count_mod3,False,42,12,0.34285714285714286,7.461695257512323,0.4860032366567063,0.8596118323457577,5.141696932336945,47
b6bank,count_mod3_i08,count_mod3,False,42,16,0.45714285714285713,7.331753109894474,0.5399584697107647,0.8500433692973111,2.6320724647990996,47
b6bank,count_mod3_i08,count_mod3,False,42,20,0.5714285714285714,7.173282983796981,0.5189052159702787,0.867433306748613,1.3735784691768869,47
b6bank,count_mod3_i08,count_mod3,False,42,24,0.6857142857142857,7.325537550617016,0.4535828668628976,0.8638529015071752,0.8430579718281972,47
b6bank,count_mod3_i08,count_mod3,False,42,28,0.8,7.135937167138913,0.39184884342673487,0.8643448243335922,0.42712139371367147,47
b6bank,count_mod3_i08,count_mod3,False,42,32,0.9142857142857143,6.177939870670597,0.34464397721320006,0.8894242685065131,0.2569500135867646,47
b6bank,count_mod3_i09,count_mod3,True,42,0,0.0,8.234652235813545,0.3208372019033122,0.8520540935362074,25.076698338855085,47
b6bank,count_mod3_i09,count_mod3,True,42,4,0.11428571428571428,7.722289448418507,0.4832787910207694,0.8652364516362645,15.10141483320156,47
b6bank,count_mod3_i09,count_mod3,True,42,8,0.22857142857142856,7.712276318828652,0.46708183351476856,0.869931148516541,8.068610026469237,47
b6bank,count_mod3_i09,count_mod3,True,42,12,0.34285714285714286,7.500838467113295,0.4047189732677933,0.8871288119930085,4.835074323759304,47
b6bank,count_mod3_i09,count_mod3,True,42,16,0.45714285714285713,6.950708812659913,0.35330310802681075,0.8887202482249421,3.1243432502000923,47
b6bank,count_mod3_i09,count_mod3,True,42,20,0.5714285714285714,6.911475972215894,0.32703974790468054,0.8705735587538639,1.9097744379873771,47
b6bank,count_mod3_i09,count_mod3,True,42,24,0.6857142857142857,6.495830206667142,0.26241555844874115,0.8773374689401956,1.041079542233772,47
b6bank,count_mod3_i09,count_mod3,True,42,28,0.8,5.579227883002577,0.20272139991771299,0.9075078336313772,0.6616984543974762,47
b6bank,count_mod3_i09,count_mod3,True,42,32,0.9142857142857143,4.97875425767201,0.14855007785445754,0.9012975169446547,0.48544705593297804,47
b6bank,count_mod3_i10,count_mod3,True,42,0,0.0,9.10780700853631,0.19937648822051382,0.8639708120478471,24.55375544348334,46
b6bank,count_mod3_i10,count_mod3,True,42,4,0.11764705882352941,8.019986244127137,0.29716708696260047,0.8977656822375796,17.94523446667128,46
b6bank,count_mod3_i10,count_mod3,True,42,8,0.23529411764705882,6.79867181929668,0.27424422677129795,0.8812829738851885,10.692791211972743,46
b6bank,count_mod3_i10,count_mod3,True,42,12,0.35294117647058826,6.957193294425666,0.270426280541,0.8677835424441298,6.306856195948324,46
b6bank,count_mod3_i10,count_mod3,True,42,16,0.47058823529411764,6.884406609501459,0.27921966208757293,0.8807674441636171,3.5226207760296693,46
b6bank,count_mod3_i10,count_mod3,True,42,20,0.5882352941176471,6.094525433968225,0.2594446864481436,0.8918352287364916,2.294940061116371,46
b6bank,count_mod3_i10,count_mod3,True,42,24,0.7058823529411765,5.584744684828282,0.21303894452884667,0.8726697982221824,1.4070612442573533,46
b6bank,count_mod3_i10,count_mod3,True,42,28,0.8235294117647058,5.025922680021487,0.16410120534414466,0.8878518327625676,0.7600984745509114,46
b6bank,count_mod3_i10,count_mod3,True,42,32,0.9411764705882353,4.533420614304657,0.12188539667751384,0.9135970791615138,0.5402943622853958,46
b6bank,count_mod3_i11,count_mod3,True,42,0,0.0,8.737204803545596,0.2773990832250677,0.8598676066715794,24.7334725742586,47
b6bank,count_mod3_i11,count_mod3,True,42,4,0.11428571428571428,8.036403078861687,0.40387976589884445,0.8755936726818954,16.519377376496156,47
b6bank,count_mod3_i11,count_mod3,True,42,8,0.22857142857142856,7.583365947044834,0.40515164071364285,0.8672964582199603,8.757424587005744,47
b6bank,count_mod3_i11,count_mod3,True,42,12,0.34285714285714286,7.156736219443335,0.43960409299186226,0.873765293258929,5.132941469660291,47
b6bank,count_mod3_i11,count_mod3,True,42,16,0.45714285714285713,6.465430184067741,0.49132201406631926,0.8835701026653249,2.9566095033226514,47
b6bank,count_mod3_i11,count_mod3,True,42,20,0.5714285714285714,5.807852631089269,0.49284670147738435,0.8809030435223358,1.9300583105051259,47
b6bank,count_mod3_i11,count_mod3,True,42,24,0.6857142857142857,5.12548283171064,0.445882727261256,0.8671830295248385,1.1035814043936343,47
b6bank,count_mod3_i11,count_mod3,True,42,28,0.8,4.0995106449648615,0.3954126627249087,0.8864773523813162,0.6189423509627374,47
b6bank,count_mod3_i11,count_mod3,True,42,32,0.9142857142857143,3.4657831470951725,0.3418385436613201,0.9012363872919825,0.41972593896823285,47
b6bank,count_mod3_i12,count_mod3,False,42,0,0.0,8.88853574087633,0.24126216984858775,0.8507266235273583,23.840322760760372,47
b6bank,count_mod3_i12,count_mod3,False,42,4,0.11428571428571428,8.168436385910145,0.3842744756447192,0.88008900400389,15.619525335632247,47
b6bank,count_mod3_i12,count_mod3,False,42,8,0.22857142857142856,7.283033119793687,0.3794424127912079,0.8809386125334301,9.01241390664401,47
b6bank,count_mod3_i12,count_mod3,False,42,12,0.34285714285714286,7.1445348286617385,0.372503582518911,0.8728708202470745,5.466579701445243,47
b6bank,count_mod3_i12,count_mod3,False,42,16,0.45714285714285713,7.140633244866399,0.3840023883888502,0.8636719062852454,3.01555025240795,47
b6bank,count_mod3_i12,count_mod3,False,42,20,0.5714285714285714,6.116357533857728,0.40047430194942335,0.87143224526429,1.649206000163544,47
b6bank,count_mod3_i12,count_mod3,False,42,24,0.6857142857142857,4.477137398398126,0.38848877318249725,0.8760975493099297,1.0058091029162572,47
b6bank,count_mod3_i12,count_mod3,False,42,28,0.8,3.339224712567008,0.35109131922340525,0.8893964259740834,0.5781160222040809,47
b6bank,count_mod3_i12,count_mod3,False,42,32,0.9142857142857143,2.8443922798979933,0.3098581985785287,0.9005982653563157,0.3910323418820054,47
b6bank,count_mod3_i13,count_mod3,False,42,0,0.0,8.318253455593654,0.3103740429680723,0.8447775473064161,23.57946085840092,48
b6bank,count_mod3_i13,count_mod3,False,42,4,0.1111111111111111,7.622274682968461,0.5109634361017956,0.8644619907180463,14.169101883367432,48
b6bank,count_mod3_i13,count_mod3,False,42,8,0.2222222222222222,6.494581079707869,0.5707600326623397,0.8645734718741808,7.439676747479744,48
b6bank,count_mod3_i13,count_mod3,False,42,12,0.3333333333333333,4.954656215132999,0.6556005504303403,0.8843772009271471,4.267816274480115,48
b6bank,count_mod3_i13,count_mod3,False,42,16,0.4444444444444444,4.256291987794947,0.7465227839278344,0.8902910684911726,2.855869583378558,48
b6bank,count_mod3_i13,count_mod3,False,42,20,0.5555555555555556,4.416988101304828,0.7730630837661692,0.868163974250948,1.6894535019807515,48
b6bank,count_mod3_i13,count_mod3,False,42,24,0.6666666666666666,5.500766283792308,0.7198634524477442,0.8518568524987927,0.9270242841415832,48
b6bank,count_mod3_i13,count_mod3,False,42,28,0.7777777777777778,6.041134214431215,0.6387328452767919,0.8644087244154699,0.4747021548805709,48
b6bank,count_mod3_i13,count_mod3,False,42,32,0.8888888888888888,5.743792778035777,0.5524106077303812,0.8908632542122288,0.28284758636015006,48
b6bank,count_mod3_i13,count_mod3,False,42,36,1.0,4.96411032514524,0.492649869645809,0.8904228114237178,0.1878634791064932,48
b6bank,count_mod3_i14,count_mod3,False,42,0,0.0,8.20386742366263,0.3057485523793276,0.8542880372648111,24.382961818960055,47
b6bank,count_mod3_i14,count_mod3,False,42,4,0.11428571428571428,7.822609754529124,0.4343691096636968,0.8685317294416817,15.74684383216727,47
b6bank,count_mod3_i14,count_mod3,False,42,8,0.22857142857142856,7.521192174515252,0.43632526934218596,0.870567435568368,8.116715567530145,47
b6bank,count_mod3_i14,count_mod3,False,42,12,0.34285714285714286,7.174935902876143,0.4673299169619382,0.8761880956128677,4.982218892037787,47
b6bank,count_mod3_i14,count_mod3,False,42,16,0.45714285714285713,6.826663892254435,0.5260160268359002,0.862343967181679,2.8866373217308103,47
b6bank,count_mod3_i14,count_mod3,False,42,20,0.5714285714285714,6.7373940504353795,0.5459412493279342,0.8532644595717805,1.4973724916728006,47
b6bank,count_mod3_i14,count_mod3,False,42,24,0.6857142857142857,7.474242701077667,0.5087765008545837,0.8439616713280823,0.8101527094789025,47
b6bank,count_mod3_i14,count_mod3,False,42,28,0.8,7.482474775351151,0.4672927795010616,0.8530077616391534,0.3856344779392611,47
b6bank,count_mod3_i14,count_mod3,False,42,32,0.9142857142857143,6.959646543007852,0.4385763530251178,0.8791731609242499,0.2225453152372872,47
b6bank,count_mod3_i15,count_mod3,False,42,0,0.0,7.979598221343367,0.26929625315223366,0.8526457394858128,23.61111399325427,46
b6bank,count_mod3_i15,count_mod3,False,42,4,0.11764705882352941,7.3731380184709545,0.38633360089277313,0.8770959047083284,16.060852809068333,46
b6bank,count_mod3_i15,count_mod3,False,42,8,0.23529411764705882,7.395391883568459,0.39201270873264904,0.8727669978114945,8.921575507780844,46
b6bank,count_mod3_i15,count_mod3,False,42,12,0.35294117647058826,7.799934366402967,0.398078802333716,0.8833574745931055,5.150175485796925,46
b6bank,count_mod3_i15,count_mod3,False,42,16,0.47058823529411764,7.6870112638839,0.38762996960455387,0.891386110543659,3.271918291326699,46
b6bank,count_mod3_i15,count_mod3,False,42,20,0.5882352941176471,6.586396931511236,0.3530353821016877,0.8865414009738563,2.0760149007043904,46
b6bank,count_mod3_i15,count_mod3,False,42,24,0.7058823529411765,5.520626625762953,0.30374320442134956,0.8794086748223404,1.2563891150037096,46
b6bank,count_mod3_i15,count_mod3,False,42,28,0.8235294117647058,4.22154723121465,0.2675298965955172,0.8936786252349801,0.7371219585386655,46
b6bank,count_mod3_i15,count_mod3,False,42,32,0.9411764705882353,3.680190069442871,0.2274977812908948,0.9076009417508908,0.511721594503743,46
b6bank,count_mod3_i16,count_mod3,False,42,0,0.0,8.752353461649287,0.26598520235762135,0.8389196197555615,24.915170905566885,46
b6bank,count_mod3_i16,count_mod3,False,42,4,0.11764705882352941,8.080027550455284,0.4644760936615162,0.853391251620505,14.011473010998683,46
b6bank,count_mod3_i16,count_mod3,False,42,8,0.23529411764705882,6.77318291077605,0.5606398514449915,0.8696474976648878,7.034401350015127,46
b6bank,count_mod3_i16,count_mod3,False,42,12,0.35294117647058826,5.867617455570176,0.6009258460019111,0.8915530419096535,4.430384207211008,46
b6bank,count_mod3_i16,count_mod3,False,42,16,0.47058823529411764,5.271811537653137,0.6370115017817004,0.8853749412786353,2.965390604411432,46
b6bank,count_mod3_i16,count_mod3,False,42,20,0.5882352941176471,5.865660697217977,0.6017419364009313,0.8683945074458034,1.657506753120233,46
b6bank,count_mod3_i16,count_mod3,False,42,24,0.7058823529411765,7.154256706739001,0.5248583057101315,0.8661559702163111,0.9337906319869362,46
b6bank,count_mod3_i16,count_mod3,False,42,28,0.8235294117647058,7.236361637107739,0.42790392506499936,0.880338372100797,0.5299009715017459,46
b6bank,count_mod3_i16,count_mod3,False,42,32,0.9411764705882353,6.613449754790707,0.3291371906090863,0.8921682817238,0.33647969811734996,46
b6bank,count_mod3_i17,count_mod3,False,42,0,0.0,8.542167146758084,0.3008051337286061,0.8450390517063323,24.262072396276473,47
b6bank,count_mod3_i17,count_mod3,False,42,4,0.11428571428571428,8.074084629539602,0.4505845927350141,0.8618891305698754,14.345055983734088,47
b6bank,count_mod3_i17,count_mod3,False,42,8,0.22857142857142856,7.3855516273322355,0.497212112874139,0.8753870638097593,7.524237096825354,47
b6bank,count_mod3_i17,count_mod3,False,42,12,0.34285714285714286,5.99265559949576,0.5668539896674447,0.9030346049109197,4.784314412809135,47
b6bank,count_mod3_i17,count_mod3,False,42,16,0.45714285714285713,4.836106703776705,0.6505638450495707,0.9082366203890369,3.369243852488385,47
b6bank,count_mod3_i17,count_mod3,False,42,20,0.5714285714285714,4.439221101282665,0.6524745776405285,0.8949112752532126,2.25313051948568,47
b6bank,count_mod3_i17,count_mod3,False,42,24,0.6857142857142857,4.322875583948304,0.5912827941627122,0.8783712150817857,1.4401470433212364,47
b6bank,count_mod3_i17,count_mod3,False,42,28,0.8,3.7194280982163948,0.5071500622140056,0.8839763402900972,0.8148041801932415,47
b6bank,count_mod3_i17,count_mod3,False,42,32,0.9142857142857143,3.2575760489170915,0.43326641279211203,0.8981647066054056,0.5158474397437989,47
b6bank,count_mod3_i18,count_mod3,False,42,0,0.0,8.522804787509077,0.27891888093044037,0.853619277383647,24.117218107754333,46
b6bank,count_mod3_i18,count_mod3,False,42,4,0.11764705882352941,8.014768452701524,0.39579599686674205,0.8817791992935204,15.749780044863083,46
b6bank,count_mod3_i18,count_mod3,False,42,8,0.23529411764705882,7.240473407216925,0.3661843298524048,0.8783515285715601,8.901682106768696,46
b6bank,count_mod3_i18,count_mod3,False,42,12,0.35294117647058826,6.996626508609593,0.35802025779302526,0.8803969814224917,5.409655607620349,46
b6bank,count_mod3_i18,count_mod3,False,42,16,0.47058823529411764,6.792429641674329,0.37210149469308185,0.8867351574480759,3.307329430464846,46
b6bank,count_mod3_i18,count_mod3,False,42,20,0.5882352941176471,6.8123223687830015,0.3639566117885874,0.8808917452150872,2.0764638994585143,46
b6bank,count_mod3_i18,count_mod3,False,42,24,0.7058823529411765,6.110205879692583,0.31036953436416154,0.8762028560812093,1.187051476053753,46
b6bank,count_mod3_i18,count_mod3,False,42,28,0.8235294117647058,4.905789577357495,0.2535930368452735,0.8974965049841372,0.7196326603002146,46
b6bank,count_mod3_i18,count_mod3,False,42,32,0.9411764705882353,4.262883025432196,0.2153573617690333,0.8978859090042444,0.5092399530036724,46
b6bank,count_mod3_i19,count_mod3,False,42,0,0.0,8.303681074633849,0.312904474756811,0.8424549922216925,24.729271336877687,49
b6bank,count_mod3_i19,count_mod3,False,42,4,0.10810810810810811,7.590558593072971,0.49783392279932637,0.8514263267670618,14.030975182807122,49
b6bank,count_mod3_i19,count_mod3,False,42,8,0.21621621621621623,6.665750972327122,0.5764488963998328,0.869319935510934,6.939967240438401,49
b6bank,count_mod3_i19,count_mod3,False,42,12,0.32432432432432434,5.938834328888011,0.6204175665665159,0.8856552020045911,4.481169253877837,49
b6bank,count_mod3_i19,count_mod3,False,42,16,0.43243243243243246,5.295810370437958,0.6616052924189647,0.8713327517586458,2.7183769495896497,49
b6bank,count_mod3_i19,count_mod3,False,42,20,0.5405405405405406,5.459445020757901,0.6709976942620969,0.8488493409711677,1.4919130171148045,49
b6bank,count_mod3_i19,count_mod3,False,42,24,0.6486486486486487,6.302959971230609,0.6007819310590724,0.8563942695325616,0.7175208262108155,49
b6bank,count_mod3_i19,count_mod3,False,42,28,0.7567567567567568,7.200073197644582,0.48967616039114037,0.8758170213335992,0.42381898951270197,49
b6bank,count_mod3_i19,count_mod3,False,42,32,0.8648648648648649,7.486140374787121,0.39479192586893624,0.8727351610573976,0.2515031625751877,49
b6bank,count_mod3_i19,count_mod3,False,42,36,0.972972972972973,6.896273025675159,0.32017185940638115,0.8840824213329982,0.13798987704393717,49
b6bank,count_mod3_i20,count_mod3,False,42,0,0.0,8.25328242741667,0.3133041015220399,0.8527307570215789,23.30500463604056,49
b6bank,count_mod3_i20,count_mod3,False,42,4,0.10810810810810811,7.975601402119281,0.4479520851660743,0.8745181605301804,15.186459021557276,49
b6bank,count_mod3_i20,count_mod3,False,42,8,0.21621621621621623,7.566518270426374,0.46479769257762693,0.8748248547261015,8.071966608399954,49
b6bank,count_mod3_i20,count_mod3,False,42,12,0.32432432432432434,6.193225731951141,0.5197936117417447,0.8801796902923,5.081006916787576,49
b6bank,count_mod3_i20,count_mod3,False,42,16,0.43243243243243246,4.651382859804339,0.6441582869744595,0.8792102557383551,2.9988770377577225,49
b6bank,count_mod3_i20,count_mod3,False,42,20,0.5405405405405406,3.703615718918455,0.7364694698316104,0.8657677487328722,1.821129891652514,49
b6bank,count_mod3_i20,count_mod3,False,42,24,0.6486486486486487,3.6953548302809307,0.7202893701431013,0.8513736225905196,0.9484413821662214,49
b6bank,count_mod3_i20,count_mod3,False,42,28,0.7567567567567568,4.800062822511543,0.6286286425951204,0.8442965052193214,0.5080965968691268,49
b6bank,count_mod3_i20,count_mod3,False,42,32,0.8648648648648649,6.478468210964748,0.5337620787225702,0.8447726479977354,0.23948635290357084,49
b6bank,count_mod3_i20,count_mod3,False,42,36,0.972972972972973,7.845395637784338,0.47342351762975754,0.8601886922694989,0.12639335008660946,49
b6bank,count_mod3_i21,count_mod3,True,42,0,0.0,8.37273671611442,0.30412028116478546,0.8500965320662787,23.84044661741793,47
b6bank,count_mod3_i21,count_mod3,True,42,4,0.11428571428571428,7.463461676958219,0.4960379264265296,0.8679390753866048,15.15025554558178,47
b6bank,count_mod3_i21,count_mod3,True,42,8,0.22857142857142856,6.798578210851798,0.5589225989126484,0.8716079708457894,8.00264779193149,47
b6bank,count_mod3_i21,count_mod3,True,42,12,0.34285714285714286,6.175312781940781,0.5969777867062435,0.8809974178881839,4.935396184771388,47
b6bank,count_mod3_i21,count_mod3,True,42,16,0.45714285714285713,5.669021978023701,0.6393223035402086,0.8748114300056808,2.9158808865502097,47
b6bank,count_mod3_i21,count_mod3,True,42,20,0.5714285714285714,5.712881733821108,0.6341973900998233,0.8664270994214945,1.6926853476112944,47
b6bank,count_mod3_i21,count_mod3,True,42,24,0.6857142857142857,5.890631249430463,0.5572996616100887,0.8610759917261087,0.9362248444881631,47
b6bank,count_mod3_i21,count_mod3,True,42,28,0.8,4.538326961788676,0.4635094910088298,0.8829445043888972,0.5068484692765958,47
b6bank,count_mod3_i21,count_mod3,True,42,32,0.9142857142857143,3.5506781057820573,0.3818791922832663,0.8923242513211874,0.3453312849977984,47
b6bank,count_mod3_i22,count_mod3,False,42,0,0.0,8.797776485362194,0.28928086472814035,0.8514895735121111,23.445387472346134,47
b6bank,count_mod3_i22,count_mod3,False,42,4,0.11428571428571428,8.359499250897931,0.39548171472539834,0.8783910745813724,14.516043254306725,47
b6bank,count_mod3_i22,count_mod3,False,42,8,0.22857142857142856,7.601005378767013,0.3794728870478412,0.8807074034102986,8.527652334938708,47
b6bank,count_mod3_i22,count_mod3,False,42,12,0.34285714285714286,6.755941327381018,0.4034463980145123,0.8831705225525063,5.125591239480391,47
b6bank,count_mod3_i22,count_mod3,False,42,16,0.45714285714285713,6.356161881692931,0.4772702009768489,0.8837544931527078,3.209890007581337,47
b6bank,count_mod3_i22,count_mod3,False,42,20,0.5714285714285714,6.590583714638036,0.5187922478280715,0.8692284194551914,1.9260783949945859,47
b6bank,count_mod3_i22,count_mod3,False,42,24,0.6857142857142857,7.254837764849559,0.46410988022378946,0.8649604553717785,1.0502926682979956,47
b6bank,count_mod3_i22,count_mod3,False,42,28,0.8,6.251108623886748,0.3835939374468882,0.8872459029843596,0.5962793068545404,47
b6bank,count_mod3_i22,count_mod3,False,42,32,0.9142857142857143,5.158592883336427,0.31951009289269505,0.8947720426896938,0.4010630632073229,47
b6bank,count_mod3_i23,count_mod3,True,42,0,0.0,8.574539353638816,0.307372181189011,0.84982431554307,22.667757832096,46
b6bank,count_mod3_i23,count_mod3,True,42,4,0.11764705882352941,8.13705161509118,0.46440761515846274,0.8728019434064265,14.664335214950203,46
b6bank,count_mod3_i23,count_mod3,True,42,8,0.23529411764705882,6.9060844197146265,0.5355244626968843,0.8732827177803744,7.877537122095864,46
b6bank,count_mod3_i23,count_mod3,True,42,12,0.35294117647058826,6.167091587851274,0.6031820840814487,0.8886676904868028,4.791451335335218,46
b6bank,count_mod3_i23,count_mod3,True,42,16,0.47058823529411764,5.3975938937802015,0.6851465869758094,0.8801669222439571,3.207197577478917,46
b6bank,count_mod3_i23,count_mod3,True,42,20,0.5882352941176471,5.61947154664819,0.6797355587865576,0.8562902440435353,1.7300903620522625,46
b6bank,count_mod3_i23,count_mod3,True,42,24,0.7058823529411765,6.713665453106278,0.6140784376051045,0.8470606950838723,0.9160385016257133,46
b6bank,count_mod3_i23,count_mod3,True,42,28,0.8235294117647058,6.141233920237978,0.521389947867272,0.8628401896872748,0.45649912021288286,46
b6bank,count_mod3_i23,count_mod3,True,42,32,0.9411764705882353,5.068190131100712,0.42214882473966586,0.8874136560421237,0.27382276652098436,46
b6bank,count_mod3_i24,count_mod3,False,42,0,0.0,8.208262718414703,0.32178534803797926,0.8426844957859909,24.398928030271044,48
b6bank,count_mod3_i24,count_mod3,False,42,4,0.1111111111111111,7.610359593494652,0.510882106051955,0.8550975352890441,13.56895977306964,48
b6bank,count_mod3_i24,count_mod3,False,42,8,0.2222222222222222,6.402977682951776,0.5970912599568403,0.8740338989664387,6.936091939718853,48
b6bank,count_mod3_i24,count_mod3,False,42,12,0.3333333333333333,5.042448007718114,0.6755020543895139,0.9004497013680043,4.538260215686958,48
b6bank,count_mod3_i24,count_mod3,False,42,16,0.4444444444444444,4.284775769918725,0.7317220261258265,0.8994579201042955,3.106605634886443,48
b6bank,count_mod3_i24,count_mod3,False,42,20,0.5555555555555556,3.9733554839415137,0.735975521334212,0.8763746466236966,1.9682172221912329,48
b6bank,count_mod3_i24,count_mod3,False,42,24,0.6666666666666666,4.324149404556737,0.6864412327690265,0.8638881716890485,1.0975495351810878,48
b6bank,count_mod3_i24,count_mod3,False,42,28,0.7777777777777778,4.530580777971297,0.5970768617007219,0.8727994502788655,0.6183119904844637,48
b6bank,count_mod3_i24,count_mod3,False,42,32,0.8888888888888888,4.308033772103326,0.5095525419691939,0.8842184738105131,0.3559360585746505,48
b6bank,count_mod3_i24,count_mod3,False,42,36,1.0,3.7871814547202267,0.45081303730680133,0.8955677266009249,0.22548227836297363,48
b6bank,count_mod3_i25,count_mod3,True,42,0,0.0,8.474447861234331,0.2605988630357541,0.8540595065189334,23.182346803611793,46
b6bank,count_mod3_i25,count_mod3,True,42,4,0.11764705882352941,7.8130246428744705,0.35333735871651945,0.8924840167399467,16.197946942323206,46
b6bank,count_mod3_i25,count_mod3,True,42,8,0.23529411764705882,7.270497173995265,0.3349142781358805,0.8868610044232397,9.821646752004504,46
b6bank,count_mod3_i25,count_mod3,True,42,12,0.35294117647058826,7.600307727693996,0.35829034933182685,0.882069311478018,5.955109963038395,46
b6bank,count_mod3_i25,count_mod3,True,42,16,0.47058823529411764,7.299680336500925,0.40292528363145935,0.8846756886558593,3.663630227811093,46
b6bank,count_mod3_i25,count_mod3,True,42,20,0.5882352941176471,6.262276728758363,0.4011159491057461,0.8820337395058057,2.27342266280373,46
b6bank,count_mod3_i25,count_mod3,True,42,24,0.7058823529411765,5.218217469277614,0.36365405955180036,0.8724421571556028,1.3486820731138491,46
b6bank,count_mod3_i25,count_mod3,True,42,28,0.8235294117647058,3.9672349881753144,0.30791280778834196,0.8902326414844602,0.7554760622885406,46
b6bank,count_mod3_i25,count_mod3,True,42,32,0.9411764705882353,3.404820029003012,0.2526476232208292,0.9065936538364765,0.5265032926879138,46
b6bank,count_mod3_i26,count_mod3,False,42,0,0.0,8.29809673903147,0.32385294790721814,0.8493502263066478,22.910008543770005,47
b6bank,count_mod3_i26,count_mod3,False,42,4,0.11428571428571428,7.79046430246421,0.48696577344619313,0.8765501897007956,14.808068766698447,47
b6bank,count_mod3_i26,count_mod3,False,42,8,0.22857142857142856,7.479213320258122,0.49868576946840376,0.873483823535432,8.484319838617733,47
b6bank,count_mod3_i26,count_mod3,False,42,12,0.34285714285714286,7.225185756868273,0.4809390873318644,0.8830321632383739,4.881344421888237,47
b6bank,count_mod3_i26,count_mod3,False,42,16,0.45714285714285713,6.6102310634649255,0.48596748204801743,0.8872634284657119,3.0733307898847775,47
b6bank,count_mod3_i26,count_mod3,False,42,20,0.5714285714285714,6.557657314877223,0.4868552389037956,0.8724789223457128,1.9062257295462337,47
b6bank,count_mod3_i26,count_mod3,False,42,24,0.6857142857142857,6.929746841981937,0.4189460964749548,0.8692197674649568,1.0554409231115325,47
b6bank,count_mod3_i26,count_mod3,False,42,28,0.8,6.262516471839183,0.3261839462196941,0.8890464418988219,0.6142299201732118,47
b6bank,count_mod3_i26,count_mod3,False,42,32,0.9142857142857143,5.455503914501033,0.2405766114889561,0.8917127725993831,0.4143658452137275,47
b6bank,count_mod3_i27,count_mod3,False,42,0,0.0,8.318039410544005,0.28022619166576723,0.8598564756600585,23.523220108744248,46
b6bank,count_mod3_i27,count_mod3,False,42,4,0.11764705882352941,7.800221150626648,0.38342576202787754,0.8876911129118357,16.49777520268667,46
b6bank,count_mod3_i27,count_mod3,False,42,8,0.23529411764705882,7.0621086939807345,0.3691905553832052,0.8791744226151843,9.300913823129655,46
b6bank,count_mod3_i27,count_mod3,False,42,12,0.35294117647058826,6.73998005749956,0.41735516526648875,0.8717972076439862,5.593881736977158,46
b6bank,count_mod3_i27,count_mod3,False,42,16,0.47058823529411764,6.3690090630975424,0.4879406603363309,0.8691489344553244,3.2046027667452828,46
b6bank,count_mod3_i27,count_mod3,False,42,20,0.5882352941176471,6.260471595395042,0.5104207849163477,0.864102262345572,1.8423563375205396,46
b6bank,count_mod3_i27,count_mod3,False,42,24,0.7058823529411765,7.056530680288817,0.4568524391251855,0.8491401964898118,0.9977880581637484,46
b6bank,count_mod3_i27,count_mod3,False,42,28,0.8235294117647058,6.988444243716823,0.36702534513482393,0.8679578404727111,0.49264814365866116,46
b6bank,count_mod3_i27,count_mod3,False,42,32,0.9411764705882353,6.133309324388625,0.26761413712897275,0.8946413032328298,0.31408463150388166,46
b6bank,count_mod3_i28,count_mod3,False,42,0,0.0,8.965622969071081,0.23517953071446931,0.8638974077407137,24.766486525632686,46
b6bank,count_mod3_i28,count_mod3,False,42,4,0.11764705882352941,7.589358793703183,0.29743436629886344,0.882531849378217,16.10432882005086,46
b6bank,count_mod3_i28,count_mod3,False,42,8,0.23529411764705882,6.473287435252857,0.24785841083730284,0.8786920120714395,9.164305417752555,46
b6bank,count_mod3_i28,count_mod3,False,42,12,0.35294117647058826,6.534588242205261,0.26695590738288816,0.8797869175644688,5.652551346087726,46
b6bank,count_mod3_i28,count_mod3,False,42,16,0.47058823529411764,6.586352785976856,0.31875286397744856,0.8819026436998274,3.4496254155496318,46
b6bank,count_mod3_i28,count_mod3,False,42,20,0.5882352941176471,6.5591576492183865,0.3330015743279194,0.8783486481242042,2.0893249139890053,46
b6bank,count_mod3_i28,count_mod3,False,42,24,0.7058823529411765,6.4355860255101085,0.27264671915049465,0.8705444672694811,1.1968118516781172,46
b6bank,count_mod3_i28,count_mod3,False,42,28,0.8235294117647058,5.744630405820032,0.18817491138487655,0.8881157273723064,0.6881367171753761,46
b6bank,count_mod3_i28,count_mod3,False,42,32,0.9411764705882353,5.028034177389025,0.11649877773806888,0.8995182600583602,0.46343885783429306,46
b6bank,count_mod3_i29,count_mod3,False,42,0,0.0,8.492435557683347,0.31553236281825475,0.8458454805676453,22.424949987870452,47
b6bank,count_mod3_i29,count_mod3,False,42,4,0.11428571428571428,7.78148404713658,0.4762947240185103,0.872304863905526,13.950875681958902,47
b6bank,count_mod3_i29,count_mod3,False,42,8,0.22857142857142856,7.186668537328108,0.5079281402793948,0.8773243500549809,7.975183667617431,47
b6bank,count_mod3_i29,count_mod3,False,42,12,0.34285714285714286,6.706855921075908,0.5454934180465543,0.8811799320198073,4.773214732396824,47
b6bank,count_mod3_i29,count_mod3,False,42,16,0.45714285714285713,6.335721193379629,0.5792217631362858,0.8776953521512006,2.873683212248938,47
b6bank,count_mod3_i29,count_mod3,False,42,20,0.5714285714285714,6.035279848858529,0.5546524082725713,0.8734809552241314,1.6904960010705743,47
b6bank,count_mod3_i29,count_mod3,False,42,24,0.6857142857142857,5.453756734109708,0.4839206536750406,0.8703844324701268,0.9810091756693692,47
b6bank,count_mod3_i29,count_mod3,False,42,28,0.8,4.136433536605984,0.4090507899952723,0.8898146745007973,0.5480780122176923,47
b6bank,count_mod3_i29,count_mod3,False,42,32,0.9142857142857143,3.3891092052566303,0.34381061939290264,0.9025651834317648,0.3813047066754557,47
b6bank,count_mod3_i30,count_mod3,False,42,0,0.0,8.417802883565797,0.29756520610995124,0.8486438594925935,24.275886244079594,46
b6bank,count_mod3_i30,count_mod3,False,42,4,0.11764705882352941,8.015051463485204,0.4568877115333263,0.8601665291657224,14.988746849207665,46
b6bank,count_mod3_i30,count_mod3,False,42,8,0.23529411764705882,7.3989860801391965,0.49137838905158465,0.8571210136155364,7.480173939299476,46
b6bank,count_mod3_i30,count_mod3,False,42,12,0.35294117647058826,6.603990331046252,0.5351084372788028,0.8707640258452484,4.204170511909982,46
b6bank,count_mod3_i30,count_mod3,False,42,16,0.47058823529411764,6.280535815650992,0.5640699595781532,0.8812542161225839,2.5081743669346457,46
b6bank,count_mod3_i30,count_mod3,False,42,20,0.5882352941176471,6.4398806088106255,0.5484864136622661,0.8805278747367341,1.5286011266369672,46
b6bank,count_mod3_i30,count_mod3,False,42,24,0.7058823529411765,5.801415011842056,0.4675588967532638,0.8770581851010659,0.911519797821847,46
b6bank,count_mod3_i30,count_mod3,False,42,28,0.8235294117647058,4.333618395681759,0.3854003808982934,0.8932045985673777,0.5371095114220104,46
b6bank,count_mod3_i30,count_mod3,False,42,32,0.9411764705882353,3.4962669045467094,0.3148591519912344,0.9015300707801059,0.3725654808955775,46
b6bank,count_mod3_i31,count_mod3,True,42,0,0.0,8.981374326544875,0.23741532638299886,0.8573874308113519,22.724554719791733,47
b6bank,count_mod3_i31,count_mod3,True,42,4,0.11428571428571428,8.231657467074305,0.3427945421879655,0.8951750060269322,16.356083162672554,47
b6bank,count_mod3_i31,count_mod3,True,42,8,0.22857142857142856,7.409338535009391,0.309368212534669,0.8829481609798223,9.743004769982011,47
b6bank,count_mod3_i31,count_mod3,True,42,12,0.34285714285714286,7.137949346349397,0.334705613843436,0.8792087205489736,5.837326075769603,47
b6bank,count_mod3_i31,count_mod3,True,42,16,0.45714285714285713,6.8592595933375025,0.380765303959427,0.883626217108263,3.4955788968745383,47
b6bank,count_mod3_i31,count_mod3,True,42,20,0.5714285714285714,6.816580828715725,0.3925526828548956,0.873432381964396,2.19664281749622,47
b6bank,count_mod3_i31,count_mod3,True,42,24,0.6857142857142857,6.811920755264372,0.3097637505355107,0.8689957548555616,1.2040724628219341,47
b6bank,count_mod3_i31,count_mod3,True,42,28,0.8,5.633583247390375,0.2318276195865689,0.8965625716732386,0.7087896453909777,47
b6bank,count_mod3_i31,count_mod3,True,42,32,0.9142857142857143,4.902354433495964,0.16886917154159276,0.9014271689436697,0.5056525943762971,47
b6bank,sub1_i00,sub1,False,18,0,0.0,8.020466249196385,0.32087655167921547,0.850894119985103,21.975099065229653,50
b6bank,sub1_i00,sub1,False,18,4,0.10526315789473684,6.54509403611319,0.5568544853686327,0.8860586297728108,14.627546079918012,50
b6bank,sub1_i00,sub1,False,18,8,0.21052631578947367,5.605926417902267,0.7020456118562655,0.8779723036766847,8.748937526046788,50
b6bank,sub1_i00,sub1,False,18,12,0.3157894736842105,5.1141569701516145,0.7631836708474712,0.8523668231587146,5.017133361165218,50
b6bank,sub1_i00,sub1,False,18,16,0.42105263157894735,4.940094041470427,0.7851810914830181,0.8233527619783145,2.4466047890273934,50
b6bank,sub1_i00,sub1,False,18,20,0.5263157894736842,4.580060215451458,0.7941932549520584,0.8216915188171802,1.0293872352841973,50
b6bank,sub1_i00,sub1,False,18,24,0.631578947368421,4.555584287147705,0.7999945844373403,0.830149542050285,0.5042482603612217,50
b6bank,sub1_i00,sub1,False,18,28,0.7368421052631579,4.53449974797855,0.8129424633798404,0.8332914784058442,0.23726180888488435,50
b6bank,sub1_i00,sub1,False,18,32,0.8421052631578947,4.323260127165229,0.8261695521024506,0.828636434316053,0.1191167062519785,50
b6bank,sub1_i00,sub1,False,18,36,0.9473684210526315,3.9823901319449964,0.8357106415673521,0.8273712010363549,0.052466425144430555,50
b6bank,sub1_i01,sub1,False,18,0,0.0,8.389782383967471,0.32327178597632317,0.8448375389682716,22.59283240956852,49
b6bank,sub1_i01,sub1,False,18,4,0.10810810810810811,6.875184458413721,0.5318660415862989,0.8657404287281122,13.160355732600948,49
b6bank,sub1_i01,sub1,False,18,8,0.21621621621621623,5.7476668916875,0.6909376284465581,0.8570809609379932,7.465363817345218,49
b6bank,sub1_i01,sub1,False,18,12,0.32432432432432434,5.239443187253305,0.7353628646775174,0.8341431145656645,3.752785185570395,49
b6bank,sub1_i01,sub1,False,18,16,0.43243243243243246,4.919977012214295,0.7369530849294418,0.8234299459502532,1.7099772219732965,49
b6bank,sub1_i01,sub1,False,18,20,0.5405405405405406,4.73384756023588,0.7385856740593527,0.829634174414515,0.791923003125659,49
b6bank,sub1_i01,sub1,False,18,24,0.6486486486486487,4.4372773371628345,0.7670233739110711,0.8358190435226478,0.38739362809790945,49
b6bank,sub1_i01,sub1,False,18,28,0.7567567567567568,3.839871541017878,0.81006451270196,0.8444664359626545,0.18640772263100153,49
b6bank,sub1_i01,sub1,False,18,32,0.8648648648648649,2.9941217723156823,0.8647971497983449,0.8554422941783444,0.09954643027281151,49
b6bank,sub1_i01,sub1,False,18,36,0.972972972972973,2.01532503753046,0.9141494460361289,0.8582102871218081,0.05393790478416133,49
b6bank,sub1_i02,sub1,True,18,0,0.0,8.263233952348427,0.27610697824336566,0.8511842744494688,22.87488059921297,50
b6bank,sub1_i02,sub1,True,18,4,0.10526315789473684,6.624069273215451,0.5252541805203298,0.879710574572999,14.731995105392867,50
b6bank,sub1_i02,sub1,True,18,8,0.21052631578947367,5.466161585349476,0.7024428227609927,0.8725430777886004,8.662220935393295,50
b6bank,sub1_i02,sub1,True,18,12,0.3157894736842105,4.709243561270971,0.7879294013769484,0.8474406089735753,4.901757415304043,50
b6bank,sub1_i02,sub1,True,18,16,0.42105263157894735,4.420562875751185,0.8244638791676263,0.820424878754069,2.299634984561423,50
b6bank,sub1_i02,sub1,True,18,20,0.5263157894736842,4.1322194002776875,0.8397690656128738,0.8205962808222275,0.986136996722472,50
b6bank,sub1_i02,sub1,True,18,24,0.631578947368421,4.0583575870888335,0.8479982476672858,0.82975738738005,0.4671831399875886,50
b6bank,sub1_i02,sub1,True,18,28,0.7368421052631579,3.9889297312248435,0.8552975824870274,0.8305843283890549,0.22524640214088243,50
b6bank,sub1_i02,sub1,True,18,32,0.8421052631578947,3.8022690389423777,0.8568914566426521,0.8274622026904147,0.10700847427159894,50
b6bank,sub1_i02,sub1,True,18,36,0.9473684210526315,3.6248382922021825,0.8538976324166345,0.8312039682366312,0.04892009359975581,50
b6bank,sub1_i03,sub1,True,18,0,0.0,8.030598906759025,0.3063037131857398,0.8490865696237326,24.566948045912746,50
b6bank,sub1_i03,sub1,True,18,4,0.10526315789473684,6.740040844070515,0.537706805746727,0.8647233941131599,15.235163353637272,50
b6bank,sub1_i03,sub1,True,18,8,0.21052631578947367,6.009400553409314,0.6760718681736931,0.8494572191373873,8.05239624214555,50
b6bank,sub1_i03,sub1,True,18,12,0.3157894736842105,5.621314102606968,0.718579869623182,0.8419762993575398,3.9855987372089596,50
b6bank,sub1_i03,sub1,True,18,16,0.42105263157894735,5.233998165872576,0.7403691254982321,0.8263230257538986,1.9993517732344985,50
b6bank,sub1_i03,sub1,True,18,20,0.5263157894736842,5.011244523569585,0.7454275022119696,0.8175140461712007,0.8660923098975739,50
b6bank,sub1_i03,sub1,True,18,24,0.631578947368421,4.891627332940356,0.763063986319192,0.8339180027216024,0.39441165223792346,50
b6bank,sub1_i03,sub1,True,18,28,0.7368421052631579,4.755055120809068,0.7895960417482385,0.8408424825328729,0.205912491991123,50
b6bank,sub1_i03,sub1,True,18,32,0.8421052631578947,4.419113856036955,0.8204465283955824,0.8345084259998082,0.09850177172793506,50
b6bank,sub1_i03,sub1,True,18,36,0.9473684210526315,4.157112007558795,0.8239936328737761,0.8234375125018206,0.04889268382974872,50
b6bank,sub1_i04,sub1,False,18,0,0.0,8.102656999231277,0.31605681646471684,0.8547359505538848,22.68102637361565,50
b6bank,sub1_i04,sub1,False,18,4,0.10526315789473684,6.721328196205571,0.5166721409788674,0.8734603055536262,15.041079800572025,50
b6bank,sub1_i04,sub1,False,18,8,0.21052631578947367,6.178284155892004,0.6313858271825848,0.8557434940820231,8.112653032354476,50
b6bank,sub1_i04,sub1,False,18,12,0.3157894736842105,5.926358585685963,0.6814307600362404,0.8416484104449009,4.159358393186865,50
b6bank,sub1_i04,sub1,False,18,16,0.42105263157894735,5.836429201417669,0.6985512375127131,0.8246562457199003,2.0170261477375258,50
b6bank,sub1_i04,sub1,False,18,20,0.5263157894736842,5.672815797229888,0.694243493700946,0.819725579087092,0.8867500021896915,50
b6bank,sub1_i04,sub1,False,18,24,0.631578947368421,5.5370040384419115,0.7031009101575861,0.8349712291929304,0.4076821772366436,50
b6bank,sub1_i04,sub1,False,18,28,0.7368421052631579,5.4132056085192355,0.7306951137922796,0.8417723877005356,0.21501002895218696,50
b6bank,sub1_i04,sub1,False,18,32,0.8421052631578947,5.002521444006682,0.7745434682226339,0.8379424785939961,0.10295432546710001,50
b6bank,sub1_i04,sub1,False,18,36,0.9473684210526315,4.832428928971041,0.7883160680479416,0.8242561705214956,0.05256216350523675,50
b6bank,sub1_i05,sub1,True,18,0,0.0,8.364129191883386,0.23989218575304613,0.8436524301445053,25.227927884546638,50
b6bank,sub1_i05,sub1,True,18,4,0.10526315789473684,6.655387831644392,0.49783439666289264,0.8672321738014477,14.202636995663081,50
b6bank,sub1_i05,sub1,True,18,8,0.21052631578947367,5.365036664116784,0.6969781930925719,0.869384351214649,8.498264261846746,50
b6bank,sub1_i05,sub1,True,18,12,0.3157894736842105,4.454006670409925,0.7909558046064272,0.8566466399416799,4.631923045836578,50
b6bank,sub1_i05,sub1,True,18,16,0.42105263157894735,4.2966045756390745,0.8193948047902666,0.8343604175556459,2.4282224771917233,50
b6bank,sub1_i05,sub1,True,18,20,0.5263157894736842,4.040477404516449,0.8371742338479268,0.8243642297123346,1.0654315714303133,50
b6bank,sub1_i05,sub1,True,18,24,0.631578947368421,4.139463214131969,0.8330408295312034,0.8216810786999951,0.5198964747273485,50
b6bank,sub1_i05,sub1,True,18,28,0.7368421052631579,4.181665227647224,0.8347316533125919,0.8348910267152917,0.224389954535115,50
b6bank,sub1_i05,sub1,True,18,32,0.8421052631578947,4.319207152236233,0.8261818791971636,0.84892609291326,0.1198954403181274,50
b6bank,sub1_i05,sub1,True,18,36,0.9473684210526315,4.194287381015838,0.8185586688438918,0.8372959194843201,0.06121038709787223,50
b6bank,sub1_i06,sub1,False,18,0,0.0,8.76632209603822,0.28387635599417543,0.8538522919683916,20.85342050408952,50
b6bank,sub1_i06,sub1,False,18,4,0.10526315789473684,7.403403840153384,0.4908582748297675,0.8965239100966154,14.706114663904739,50
b6bank,sub1_i06,sub1,False,18,8,0.21052631578947367,6.120299532643221,0.6456379418679131,0.8763565273630812,9.232312936362423,50
b6bank,sub1_i06,sub1,False,18,12,0.3157894736842105,5.339645719147409,0.7237365623015664,0.8440517663358816,4.970210622852592,50
b6bank,sub1_i06,sub1,False,18,16,0.42105263157894735,5.034558371965122,0.7583229695852359,0.8274807518837038,2.389388802316227,50
b6bank,sub1_i06,sub1,False,18,20,0.5263157894736842,5.300061801394504,0.7500633880990196,0.8175308121124164,1.111627593777875,50
b6bank,sub1_i06,sub1,False,18,24,0.631578947368421,5.129847374439129,0.7557774357334086,0.8178741749529145,0.47378743547114366,50
b6bank,sub1_i06,sub1,False,18,28,0.7368421052631579,4.715567868913429,0.7749249388138,0.831836070332309,0.22017975178879062,50
b6bank,sub1_i06,sub1,False,18,32,0.8421052631578947,4.379992151933602,0.8143749841474157,0.8367883428173296,0.10912016528015786,50
b6bank,sub1_i06,sub1,False,18,36,0.9473684210526315,3.709194499350775,0.8462198066083634,0.840308400265891,0.05375719332598596,50
b6bank,sub1_i07,sub1,True,18,0,0.0,8.481551361945188,0.23530034109106718,0.8225087291764879,26.365312588221233,48
b6bank,sub1_i07,sub1,True,18,4,0.1111111111111111,6.715571203344427,0.5188650775174625,0.8725276897330652,10.965711232774096,48
b6bank,sub1_i07,sub1,True,18,8,0.2222222222222222,5.265049419882243,0.7255214673256997,0.9016270041854928,8.926354138046257,48
b6bank,sub1_i07,sub1,True,18,12,0.3333333333333333,4.083784523575611,0.8154331143877815,0.8702698926843606,5.071097560652915,48
b6bank,sub1_i07,sub1,True,18,16,0.4444444444444444,3.149540395764305,0.8606867937673948,0.8838617060556797,2.8263084356817023,48
b6bank,sub1_i07,sub1,True,18,20,0.5555555555555556,2.4162415563474027,0.8997282217165484,0.8856068935792639,1.904005216715764,48
b6bank,sub1_i07,sub1,True,18,24,0.6666666666666666,1.728005037699529,0.935329693623165,0.8822312597939216,1.0712615412316255,48
b6bank,sub1_i07,sub1,True,18,28,0.7777777777777778,1.3572392902545445,0.9613796942026195,0.9028439872895704,0.6829461880247072,48
b6bank,sub1_i07,sub1,True,18,32,0.8888888888888888,1.190499581841881,0.9781338867870546,0.9025528746580995,0.4821024173669828,48
b6bank,sub1_i07,sub1,True,18,36,1.0,1.1122139230990524,0.9891494721619012,0.8856889849149142,0.3024220981354928,48
b6bank,sub1_i08,sub1,True,18,0,0.0,8.629018949527353,0.2701794670455992,0.8411680542812908,22.73746650767726,50
b6bank,sub1_i08,sub1,True,18,4,0.10526315789473684,7.074088001130921,0.4898717293827613,0.8770919385675893,13.627491817917363,50
b6bank,sub1_i08,sub1,True,18,8,0.21052631578947367,5.999405295322364,0.635985543374032,0.871777643634212,8.622411567866008,50
b6bank,sub1_i08,sub1,True,18,12,0.3157894736842105,4.958271140329916,0.7417478911288533,0.8588198062341592,4.521618737031734,50
b6bank,sub1_i08,sub1,True,18,16,0.42105263157894735,4.657934987167064,0.7874225885617817,0.8408021571440779,2.4633232970839076,50
b6bank,sub1_i08,sub1,True,18,20,0.5263157894736842,4.440381627639583,0.8114877011965195,0.8292427273398543,1.1311361102685344,50
b6bank,sub1_i08,sub1,True,18,24,0.631578947368421,4.651465921345294,0.8060444140575918,0.8270338508564168,0.5482327168550205,50
b6bank,sub1_i08,sub1,True,18,28,0.7368421052631579,4.540359346373739,0.8053976183725994,0.8360142337314987,0.2534205190588677,50
b6bank,sub1_i08,sub1,True,18,32,0.8421052631578947,4.460144696848468,0.7995326798757102,0.8460569333432149,0.12725016380210824,50
b6bank,sub1_i08,sub1,True,18,36,0.9473684210526315,4.204637173221499,0.7968464396601029,0.8367195602460843,0.06600274537075837,50
b6bank,sub1_i09,sub1,False,18,0,0.0,8.77146534613345,0.27419502511047394,0.8526875932554424,22.05150911457971,50
b6bank,sub1_i09,sub1,False,18,4,0.10526315789473684,7.2920857015091975,0.48700685074248784,0.8700513755570006,15.30408061957295,50
b6bank,sub1_i09,sub1,False,18,8,0.21052631578947367,5.907394536555538,0.6451029489960564,0.8485834285216312,7.61905526738521,50
b6bank,sub1_i09,sub1,False,18,12,0.3157894736842105,5.430502608414653,0.7210753599750827,0.8406734703563259,3.856804952798333,50
b6bank,sub1_i09,sub1,False,18,16,0.42105263157894735,5.261315237599002,0.7486892857443752,0.8243058209452185,1.8972283548096605,50
b6bank,sub1_i09,sub1,False,18,20,0.5263157894736842,4.964414073538842,0.7600072196776697,0.8174854260317727,0.8182019205000646,50
b6bank,sub1_i09,sub1,False,18,24,0.631578947368421,4.616870212280453,0.8001653966431551,0.8263749435688112,0.3733794843182011,50
b6bank,sub1_i09,sub1,False,18,28,0.7368421052631579,3.72903871705303,0.8495859916467329,0.8409612921764181,0.17880447693746643,50
b6bank,sub1_i09,sub1,False,18,32,0.8421052631578947,2.5552609879346617,0.9013749743280376,0.8482750256596555,0.09463289247114066,50
b6bank,sub1_i09,sub1,False,18,36,0.9473684210526315,1.7653758826211936,0.9417091490169173,0.8471788195716209,0.04860330395592912,50
b6bank,sub1_i10,sub1,True,18,0,0.0,7.487141473359307,0.30219304812543246,0.863429700040798,25.11065418183817,50
b6bank,sub1_i10,sub1,True,18,4,0.10526315789473684,6.493353964372907,0.5329968430675757,0.8806579078515784,16.52306771419638,50
b6bank,sub1_i10,sub1,True,18,8,0.21052631578947367,6.085918644795185,0.6660438824688172,0.8693567106079989,9.734254657974297,50
b6bank,sub1_i10,sub1,True,18,12,0.3157894736842105,5.755573967277257,0.6882139983310437,0.8569002629072588,5.209236989222965,50
b6bank,sub1_i10,sub1,True,18,16,0.42105263157894735,5.677207687136424,0.7006323172476627,0.8438617142276279,2.803591063409604,50
b6bank,sub1_i10,sub1,True,18,20,0.5263157894736842,5.811787067838857,0.7076309847687346,0.8330622145660443,1.3556419449685064,50
b6bank,sub1_i10,sub1,True,18,24,0.631578947368421,5.555668674129865,0.7207674968922855,0.839053008719363,0.6403430342552684,50
b6bank,sub1_i10,sub1,True,18,28,0.7368421052631579,5.650558762471662,0.7116995467471845,0.8431090248034688,0.3290141986509138,50
b6bank,sub1_i10,sub1,True,18,32,0.8421052631578947,5.609113167093162,0.6971432999024375,0.8369125179292138,0.1669038106314678,50
b6bank,sub1_i10,sub1,True,18,36,0.9473684210526315,5.364712137851653,0.6858950798373267,0.8290764328692694,0.07894270004192697,50
b6bank,sub1_i11,sub1,False,18,0,0.0,8.226358596874563,0.2919181245798197,0.8568089073133897,23.18836197510912,50
b6bank,sub1_i11,sub1,False,18,4,0.10526315789473684,6.74639687888288,0.5022899284237724,0.8737450160284259,15.780208207982689,50
b6bank,sub1_i11,sub1,False,18,8,0.21052631578947367,5.706774909238559,0.6458281171660647,0.854762498993851,8.33805414549401,50
b6bank,sub1_i11,sub1,False,18,12,0.3157894736842105,5.1120402845610124,0.7135603642358234,0.8391689862675442,4.256552737816492,50
b6bank,sub1_i11,sub1,False,18,16,0.42105263157894735,5.053074055923623,0.7647339852095354,0.8227609241670049,2.043532977492206,50
b6bank,sub1_i11,sub1,False,18,20,0.5263157894736842,4.786888031814138,0.7932004293187773,0.8181308307138357,0.9032203342301013,50
b6bank,sub1_i11,sub1,False,18,24,0.631578947368421,4.565779612334529,0.8165302668113879,0.8258727119886113,0.41002189928402455,50
b6bank,sub1_i11,sub1,False,18,28,0.7368421052631579,3.935694090340429,0.8491595526761254,0.8384277590859347,0.19457556613262567,50
b6bank,sub1_i11,sub1,False,18,32,0.8421052631578947,2.7891177972678616,0.8916840074320543,0.8519616010274413,0.0995704212822747,50
b6bank,sub1_i11,sub1,False,18,36,0.9473684210526315,1.9050757193026506,0.9277027462751039,0.8573522496245657,0.054398584568331444,50
b6bank,sub1_i12,sub1,True,18,0,0.0,8.848414398961307,0.23634794727285569,0.8287048724774444,24.89294250685155,48
b6bank,sub1_i12,sub1,True,18,4,0.1111111111111111,7.210597094562182,0.4646804254613848,0.8689021923911925,10.839603116122085,48
b6bank,sub1_i12,sub1,True,18,8,0.2222222222222222,5.461520309594516,0.6679586663721198,0.8954362395965291,8.130443717531907,48
b6bank,sub1_i12,sub1,True,18,12,0.3333333333333333,4.084699161783043,0.7834373869760488,0.8769071974104744,4.745791614916202,48
b6bank,sub1_i12,sub1,True,18,16,0.4444444444444444,3.095849472880992,0.8481249655774646,0.890671318977337,2.7629460137119466,48
b6bank,sub1_i12,sub1,True,18,20,0.5555555555555556,2.2857203425137924,0.9034944351299075,0.8885999993095473,1.907089340344522,48
b6bank,sub1_i12,sub1,True,18,24,0.6666666666666666,1.612733302645046,0.9438313710817006,0.8862103917667479,1.072142388910272,48
b6bank,sub1_i12,sub1,True,18,28,0.7777777777777778,1.2920456642800664,0.966826623266821,0.9069432125684214,0.7094992838216159,48
b6bank,sub1_i12,sub1,True,18,32,0.8888888888888888,1.1528852707355437,0.9820037144732868,0.9057696376209443,0.5001475270809698,48
b6bank,sub1_i12,sub1,True,18,36,1.0,1.093978550346113,0.9907006118314245,0.8895480617255745,0.32343794259504927,48
b6bank,sub1_i13,sub1,False,18,0,0.0,7.937215179858262,0.30024461858101553,0.8506044165552406,23.177366834078907,50
b6bank,sub1_i13,sub1,False,18,4,0.10526315789473684,6.675985943975449,0.537304210977081,0.8785681682463237,15.086702013786823,50
b6bank,sub1_i13,sub1,False,18,8,0.21052631578947367,5.866602649444303,0.6824332136518871,0.8657965189828558,8.826964875481046,50
b6bank,sub1_i13,sub1,False,18,12,0.3157894736842105,4.928570671310091,0.7491980231841623,0.8521052748725388,4.517941310863922,50
b6bank,sub1_i13,sub1,False,18,16,0.42105263157894735,4.561921366795067,0.8018293925985531,0.8404598157958403,2.412945039616344,50
b6bank,sub1_i13,sub1,False,18,20,0.5263157894736842,4.503782692531228,0.8268677399069504,0.8195617756329304,1.1540017911094653,50
b6bank,sub1_i13,sub1,False,18,24,0.631578947368421,4.4451813019238156,0.8352592572813645,0.8202876828533987,0.48766975017359043,50
b6bank,sub1_i13,sub1,False,18,28,0.7368421052631579,4.254749330144674,0.8462516389263783,0.837668305188589,0.23316730831828983,50
b6bank,sub1_i13,sub1,False,18,32,0.8421052631578947,3.7385477829712386,0.8686366371403271,0.8428486280912031,0.11962970443096946,50
b6bank,sub1_i13,sub1,False,18,36,0.9473684210526315,2.998755369267918,0.8817177555428027,0.8381037593812178,0.05986577065042958,50
b6bank,sub1_i14,sub1,True,18,0,0.0,7.55766940884897,0.3533745330160324,0.8736193077663783,21.232539218906165,50
b6bank,sub1_i14,sub1,True,18,4,0.10526315789473684,6.4884538630775115,0.5650493138829311,0.9014955923755109,17.650869914203017,50
b6bank,sub1_i14,sub1,True,18,8,0.21052631578947367,6.0258952917153765,0.6685438362463332,0.8663516238614175,10.218312596293188,50
b6bank,sub1_i14,sub1,True,18,12,0.3157894736842105,5.867523370125506,0.6682670040880198,0.8500473096346666,5.311417718003617,50
b6bank,sub1_i14,sub1,True,18,16,0.42105263157894735,5.990785113038923,0.6664265310957813,0.8470840222362233,2.718370472878205,50
b6bank,sub1_i14,sub1,True,18,20,0.5263157894736842,5.87125899512829,0.6584428145862643,0.8455363252749565,1.4238480152995485,50
b6bank,sub1_i14,sub1,True,18,24,0.631578947368421,5.610454320181536,0.6561756952623341,0.8399928731268056,0.7244587232800939,50
b6bank,sub1_i14,sub1,True,18,28,0.7368421052631579,5.620811290631992,0.6393002369211117,0.8395603059097287,0.3511623450967409,50
b6bank,sub1_i14,sub1,True,18,32,0.8421052631578947,5.3407342324904095,0.6300564375667528,0.8402712100716989,0.1785257095090764,50
b6bank,sub1_i14,sub1,True,18,36,0.9473684210526315,4.989642167320734,0.6272842292415511,0.8266264671355019,0.08701580515387428,50
b6bank,sub1_i15,sub1,False,18,0,0.0,7.7785998798981275,0.3184242246676466,0.8579937811721378,22.688858313054183,50
b6bank,sub1_i15,sub1,False,18,4,0.10526315789473684,6.4117228562356345,0.518179304312403,0.874917216852499,16.268097183553714,50
b6bank,sub1_i15,sub1,False,18,8,0.21052631578947367,5.698217304557209,0.6329282318150575,0.8505245332932673,8.210862794893409,50
b6bank,sub1_i15,sub1,False,18,12,0.3157894736842105,5.211353126678984,0.7011383838361113,0.8386247635692334,4.146218709920766,50
b6bank,sub1_i15,sub1,False,18,16,0.42105263157894735,5.2589663023248905,0.7474023818754183,0.8193812249341531,2.0251008990275428,50
b6bank,sub1_i15,sub1,False,18,20,0.5263157894736842,5.357517647720148,0.7601538606012553,0.8102062588999924,0.8560441109722369,50
b6bank,sub1_i15,sub1,False,18,24,0.631578947368421,5.0643098298852625,0.7749620678179802,0.8217897180525222,0.3716086440264692,50
b6bank,sub1_i15,sub1,False,18,28,0.7368421052631579,4.453156157638771,0.8104241905803182,0.8380574714170081,0.17557410517002686,50
b6bank,sub1_i15,sub1,False,18,32,0.8421052631578947,3.2446357216933173,0.8609265382777177,0.8444436526325881,0.09128505902701656,50
b6bank,sub1_i15,sub1,False,18,36,0.9473684210526315,2.2393191910268717,0.9005809941281853,0.8468294108204835,0.04603332228940943,50
b6bank,sub1_i16,sub1,True,18,0,0.0,7.036088725584445,0.37478790191597466,0.86896002456455,23.07137509856649,50
b6bank,sub1_i16,sub1,True,18,4,0.10526315789473684,6.161639903749152,0.5947140420975819,0.8983117210428141,17.407917306757366,50
b6bank,sub1_i16,sub1,True,18,8,0.21052631578947367,5.926435816658674,0.6930660797699623,0.8675441147050592,10.531982362828781,50
b6bank,sub1_i16,sub1,True,18,12,0.3157894736842105,5.8117999473882325,0.6937014300897713,0.8484463624939826,5.28507750546124,50
b6bank,sub1_i16,sub1,True,18,16,0.42105263157894735,5.839292288441259,0.7068076508140579,0.8381102516581764,2.8036902536662622,50
b6bank,sub1_i16,sub1,True,18,20,0.5263157894736842,5.671886261446271,0.7167642310053753,0.8294391530825516,1.3049938251396354,50
b6bank,sub1_i16,sub1,True,18,24,0.631578947368421,5.364051850902727,0.7378231564636905,0.8376840801582253,0.6229672607680803,50
b6bank,sub1_i16,sub1,True,18,28,0.7368421052631579,5.426059413101311,0.7395817124173728,0.84184358863451,0.3161995998144943,50
b6bank,sub1_i16,sub1,True,18,32,0.8421052631578947,5.289946891487769,0.7281555757918153,0.8348776010060969,0.15956607054583843,50
b6bank,sub1_i16,sub1,True,18,36,0.9473684210526315,5.130826348951095,0.7177777962542637,0.825605608928357,0.07395921154861605,50
b6bank,sub1_i17,sub1,False,18,0,0.0,8.102191094301176,0.27960986018007367,0.8518551818725743,22.256854797923925,50
b6bank,sub1_i17,sub1,False,18,4,0.10526315789473684,6.7657926736653256,0.5336858781245413,0.8845701993781983,15.604757273283337,50
b6bank,sub1_i17,sub1,False,18,8,0.21052631578947367,5.795365552647309,0.6917283071622516,0.8656443154260383,9.080380535578698,50
b6bank,sub1_i17,sub1,False,18,12,0.3157894736842105,4.7417681442182085,0.7707415243099628,0.8479462325053088,4.629894312675425,50
b6bank,sub1_i17,sub1,False,18,16,0.42105263157894735,4.347950786794686,0.824159064387506,0.834960154066766,2.392079547262167,50
b6bank,sub1_i17,sub1,False,18,20,0.5263157894736842,4.257694695698264,0.8419426808364437,0.8183939873438433,1.118721424355477,50
b6bank,sub1_i17,sub1,False,18,24,0.631578947368421,4.206329800903968,0.8509688710125782,0.823635897592077,0.47602601929236976,50
b6bank,sub1_i17,sub1,False,18,28,0.7368421052631579,3.873103838676376,0.8701305346056202,0.845435077731084,0.23377814590138554,50
b6bank,sub1_i17,sub1,False,18,32,0.8421052631578947,3.0499543276256316,0.9001738660546196,0.8492494263794458,0.12631019400962765,50
b6bank,sub1_i17,sub1,False,18,36,0.9473684210526315,2.2467886466565075,0.9200834852591444,0.8419409754474353,0.06376243983785551,50
b6bank,sub1_i18,sub1,True,18,0,0.0,8.537262647210115,0.28616520867811324,0.8390771823196282,20.90584010215301,50
b6bank,sub1_i18,sub1,True,18,4,0.10526315789473684,6.59111450286374,0.5475470863128108,0.882874585048362,13.23383895661147,50
b6bank,sub1_i18,sub1,True,18,8,0.21052631578947367,5.467496100231906,0.7062381202607109,0.8777368911828992,8.33889142755439,50
b6bank,sub1_i18,sub1,True,18,12,0.3157894736842105,4.759316029844769,0.7846748150552006,0.8565754291131683,4.617541999628671,50
b6bank,sub1_i18,sub1,True,18,16,0.42105263157894735,4.582099763009334,0.8058324663585142,0.8337187781005061,2.3519682279297056,50
b6bank,sub1_i18,sub1,True,18,20,0.5263157894736842,4.13559961342104,0.8127396443498267,0.8274192678663682,1.0607408537911083,50
b6bank,sub1_i18,sub1,True,18,24,0.631578947368421,4.316452081329586,0.7979288231154194,0.8311463629810814,0.5176248377598724,50
b6bank,sub1_i18,sub1,True,18,28,0.7368421052631579,4.430061688695921,0.8040686069407053,0.8472002283777534,0.245392821767983,50
b6bank,sub1_i18,sub1,True,18,32,0.8421052631578947,4.56450886137798,0.80498691113137,0.8530159740391179,0.13569674415243682,50
b6bank,sub1_i18,sub1,True,18,36,0.9473684210526315,4.264168052913081,0.8042920724173982,0.8388289810390164,0.06897613074009953,50
b6bank,sub1_i19,sub1,False,18,0,0.0,8.4372594035253,0.2584122353118832,0.8481532392583886,23.987157007402693,50
b6bank,sub1_i19,sub1,False,18,4,0.10526315789473684,7.391882056139487,0.47275111679050236,0.8733265933809039,14.604702196383002,50
b6bank,sub1_i19,sub1,False,18,8,0.21052631578947367,5.937028729362147,0.6485408774353729,0.8675551224654533,8.495058782041509,50
b6bank,sub1_i19,sub1,False,18,12,0.3157894736842105,5.144528015040774,0.7278394143934027,0.8539595959887128,4.515878403372325,50
b6bank,sub1_i19,sub1,False,18,16,0.42105263157894735,4.936274510023843,0.7719690457468598,0.8322333842912182,2.423237109751298,50
b6bank,sub1_i19,sub1,False,18,20,0.5263157894736842,5.0446058803319165,0.7692165201613667,0.806960125453977,1.0583904471090144,50
b6bank,sub1_i19,sub1,False,18,24,0.631578947368421,4.846367999537947,0.7897339045612504,0.8155272900554663,0.42503530556764596,50
b6bank,sub1_i19,sub1,False,18,28,0.7368421052631579,4.4247477128512305,0.8214350069826963,0.8467743981437019,0.2075015880716017,50
b6bank,sub1_i19,sub1,False,18,32,0.8421052631578947,3.426651196881071,0.8665154470724452,0.8580140800807976,0.1135842926296152,50
b6bank,sub1_i19,sub1,False,18,36,0.9473684210526315,2.303661485647775,0.9055005336903332,0.8606397508906554,0.061209681198107616,50
b6bank,sub1_i20,sub1,True,18,0,0.0,8.267093805003036,0.33361194706574043,0.8363895933047957,22.147955117970252,50
b6bank,sub1_i20,sub1,True,18,4,0.10526315789473684,6.3806705894202596,0.5767666329930974,0.8728059082719655,12.73250405388372,50
b6bank,sub1_i20,sub1,True,18,8,0.21052631578947367,5.136224913117719,0.7317402527584853,0.8725814245361818,7.813415729083841,50
b6bank,sub1_i20,sub1,True,18,12,0.3157894736842105,4.404940466659554,0.8033893708556836,0.8564646779545809,4.216202813457118,50
b6bank,sub1_i20,sub1,True,18,16,0.42105263157894735,4.244184196033007,0.8258942694374738,0.8361828351732477,2.249477205540286,50
b6bank,sub1_i20,sub1,True,18,20,0.5263157894736842,3.974127025487088,0.8339694112927596,0.8298524110001945,0.9900550596856116,50
b6bank,sub1_i20,sub1,True,18,24,0.631578947368421,4.176261999150134,0.8200519941274422,0.8301570446940597,0.5041395595270839,50
b6bank,sub1_i20,sub1,True,18,28,0.7368421052631579,4.05681592236749,0.817651445072486,0.8358699047552651,0.22829296404638078,50
b6bank,sub1_i20,sub1,True,18,32,0.8421052631578947,4.151088028312243,0.8065620714816736,0.8469813345951147,0.11850050179133118,50
b6bank,sub1_i20,sub1,True,18,36,0.9473684210526315,4.000598654478591,0.803801148986214,0.8387406215714428,0.0605170985642708,50
b6bank,sub1_i21,sub1,True,18,0,0.0,8.548193470130762,0.26689848029778107,0.8423338014632451,24.46298542436736,50
b6bank,sub1_i21,sub1,True,18,4,0.10526315789473684,6.887008756760723,0.4982422790379926,0.8688336748274763,13.960776718876836,50
b6bank,sub1_i21,sub1,True,18,8,0.21052631578947367,5.684592588733545,0.6729548861131868,0.8674825670774019,8.27023512698078,50
b6bank,sub1_i21,sub1,True,18,12,0.3157894736842105,4.91086173568277,0.7648678192764344,0.8573982590921551,4.459184691775378,50
b6bank,sub1_i21,sub1,True,18,16,0.42105263157894735,4.4664845074204775,0.8066354225859943,0.8377345759008927,2.383707268518697,50
b6bank,sub1_i21,sub1,True,18,20,0.5263157894736842,3.837496351048396,0.8280998855115144,0.828417917100443,1.0640843723543507,50
b6bank,sub1_i21,sub1,True,18,24,0.631578947368421,3.8927660726600624,0.8184943767393399,0.8310115601594217,0.52203347963593,50
b6bank,sub1_i21,sub1,True,18,28,0.7368421052631579,3.9858908607581873,0.8168914019798108,0.8475188917390808,0.24573831405824587,50
b6bank,sub1_i21,sub1,True,18,32,0.8421052631578947,4.064229762570856,0.8076089629216315,0.8558056052646626,0.13876020033745026,50
b6bank,sub1_i21,sub1,True,18,36,0.9473684210526315,3.8035613918294877,0.8046888451747537,0.8415410519716997,0.07127662294160028,50
b6bank,sub1_i22,sub1,False,18,0,0.0,8.083681628725037,0.2884499427478992,0.8493435598494701,22.52603188881614,50
b6bank,sub1_i22,sub1,False,18,4,0.10526315789473684,6.883746486147019,0.5044840777062671,0.8724246393452494,15.060785225414874,50
b6bank,sub1_i22,sub1,False,18,8,0.21052631578947367,5.958637596087103,0.6382405625677264,0.8561823222195046,8.073942632379671,50
b6bank,sub1_i22,sub1,False,18,12,0.3157894736842105,5.293697196600653,0.7045149084294707,0.8425104772491132,4.0647396515106005,50
b6bank,sub1_i22,sub1,False,18,16,0.42105263157894735,5.254138717759649,0.7571066065219658,0.8268508499401576,2.043088861418097,50
b6bank,sub1_i22,sub1,False,18,20,0.5263157894736842,5.112643757319163,0.7700634022153344,0.8163132445378842,0.8998665889150754,50
b6bank,sub1_i22,sub1,False,18,24,0.631578947368421,4.908200623418748,0.7831861423609502,0.8225889885068814,0.3997337815237522,50
b6bank,sub1_i22,sub1,False,18,28,0.7368421052631579,4.620933413763046,0.8049258194644522,0.8356094755062059,0.1879566573588044,50
b6bank,sub1_i22,sub1,False,18,32,0.8421052631578947,3.773794463029883,0.8493552096617688,0.8468987014602759,0.09523517531375353,50
b6bank,sub1_i22,sub1,False,18,36,0.9473684210526315,2.693822982387422,0.890394422941836,0.8452951198327203,0.05046712444598633,50
b6bank,sub1_i23,sub1,False,18,0,0.0,8.283238671249357,0.3149355035615498,0.8657321172641761,20.43285287309288,50
b6bank,sub1_i23,sub1,False,18,4,0.10526315789473684,7.214853207608102,0.5074263634275933,0.9030781763097723,16.263493936752973,50
b6bank,sub1_i23,sub1,False,18,8,0.21052631578947367,6.1848188381118785,0.6165514490276333,0.8744113978509326,9.763571145252167,50
b6bank,sub1_i23,sub1,False,18,12,0.3157894736842105,5.270567459307768,0.7043645250962947,0.8563070346073051,5.432651320501236,50
b6bank,sub1_i23,sub1,False,18,16,0.42105263157894735,5.047973982963829,0.7600838616773082,0.8345034294900527,2.865750914753743,50
b6bank,sub1_i23,sub1,False,18,20,0.5263157894736842,4.867062468810927,0.7837459080283292,0.8186176001952354,1.30794379394789,50
b6bank,sub1_i23,sub1,False,18,24,0.631578947368421,4.682656412536361,0.801232842719534,0.8251196802215394,0.5701703357565968,50
b6bank,sub1_i23,sub1,False,18,28,0.7368421052631579,4.308897500514363,0.8265275577801771,0.8440574883731466,0.2800210293924509,50
b6bank,sub1_i23,sub1,False,18,32,0.8421052631578947,3.3682873341269337,0.8666981378810785,0.8533657962890452,0.14796679722353115,50
b6bank,sub1_i23,sub1,False,18,36,0.9473684210526315,2.2661859968707607,0.904764456603618,0.8641608366579334,0.07962741854019931,50
b6bank,sub1_i24,sub1,False,18,0,0.0,8.380756313893043,0.28330190723052245,0.8394374167118744,22.51207278082119,50
b6bank,sub1_i24,sub1,False,18,4,0.10526315789473684,6.938555672331917,0.5133451319313008,0.8667004795990864,13.846360577033014,50
b6bank,sub1_i24,sub1,False,18,8,0.21052631578947367,5.598549316788525,0.6736961913504925,0.8617948531835501,7.523937994612251,50
b6bank,sub1_i24,sub1,False,18,12,0.3157894736842105,4.921460755528998,0.7517641358784303,0.8410196125814895,4.047909202141447,50
b6bank,sub1_i24,sub1,False,18,16,0.42105263157894735,4.907682780733966,0.780296563096428,0.8226180182607064,1.869034019887823,50
b6bank,sub1_i24,sub1,False,18,20,0.5263157894736842,4.981603152145114,0.7703774212616605,0.818958391550512,0.8467476664948427,50
b6bank,sub1_i24,sub1,False,18,24,0.631578947368421,5.006933589017395,0.778064684020326,0.8221102632474595,0.3774242024900477,50
b6bank,sub1_i24,sub1,False,18,28,0.7368421052631579,4.3509644681084785,0.8182772052873811,0.8407713921426729,0.17487822289823593,50
b6bank,sub1_i24,sub1,False,18,32,0.8421052631578947,3.0309320568395464,0.8787833885867211,0.851576712526613,0.0948063257925797,50
b6bank,sub1_i24,sub1,False,18,36,0.9473684210526315,2.0525888094512457,0.9235554640130726,0.8424883862072244,0.04956730234851055,50
b6bank,sub1_i25,sub1,True,18,0,0.0,8.052822626625037,0.3267103328911245,0.8512504410300463,23.012471190303955,50
b6bank,sub1_i25,sub1,True,18,4,0.10526315789473684,6.85417121661738,0.5154994937542452,0.8704026584862313,14.984687019520123,50
b6bank,sub1_i25,sub1,True,18,8,0.21052631578947367,5.806896538131738,0.634022852293678,0.8501092757616718,7.8940193350339225,50
b6bank,sub1_i25,sub1,True,18,12,0.3157894736842105,5.497256253271728,0.7057689407311832,0.8380011926909895,3.915433689033353,50
b6bank,sub1_i25,sub1,True,18,16,0.42105263157894735,5.3724584772535735,0.7446053748556097,0.8244612053376619,1.908123505086957,50
b6bank,sub1_i25,sub1,True,18,20,0.5263157894736842,5.2515385035063735,0.7427366521671726,0.8236214714291387,0.8361754148808445,50
b6bank,sub1_i25,sub1,True,18,24,0.631578947368421,5.305525776088986,0.7500891459249917,0.8374792266687051,0.40396022320001673,50
b6bank,sub1_i25,sub1,True,18,28,0.7368421052631579,5.166341791352475,0.7619541402676276,0.8390734584704587,0.20734008671176968,50
b6bank,sub1_i25,sub1,True,18,32,0.8421052631578947,4.7199811686993955,0.7804944968669002,0.8330428859524825,0.09848583561090699,50
b6bank,sub1_i25,sub1,True,18,36,0.9473684210526315,4.459186206177917,0.7841895150725796,0.8219604489633808,0.048548929530350025,50
b6bank,sub1_i26,sub1,False,18,0,0.0,7.709172631113564,0.3075433633781024,0.8598460021810117,24.06364344486736,50
b6bank,sub1_i26,sub1,False,18,4,0.10526315789473684,6.659745079261295,0.5286412472478549,0.8781867226664182,16.196100646359184,50
b6bank,sub1_i26,sub1,False,18,8,0.21052631578947367,5.959178049155714,0.6707164611169303,0.8607151850241034,9.095447405262586,50
b6bank,sub1_i26,sub1,False,18,12,0.3157894736842105,4.879904423902149,0.7548001085316378,0.8505837594902739,4.6168985875677695,50
b6bank,sub1_i26,sub1,False,18,16,0.42105263157894735,4.439962062296203,0.8152065392948483,0.8453116735926519,2.4764698709920836,50
b6bank,sub1_i26,sub1,False,18,20,0.5263157894736842,4.335399191298537,0.836955478850597,0.827966595009072,1.2338062145613997,50
b6bank,sub1_i26,sub1,False,18,24,0.631578947368421,4.277171202301504,0.845051981036488,0.8259599658865564,0.5444246555736721,50
b6bank,sub1_i26,sub1,False,18,28,0.7368421052631579,4.001905934400892,0.8595699260954809,0.8395099559898327,0.2644105358022425,50
b6bank,sub1_i26,sub1,False,18,32,0.8421052631578947,3.3411236133942843,0.8853016935979848,0.8421526539483745,0.13641662083340336,50
b6bank,sub1_i26,sub1,False,18,36,0.9473684210526315,2.4904667426901015,0.9057543620312452,0.8466758139540357,0.06636034163477891,50
b6bank,sub1_i27,sub1,False,18,0,0.0,8.569489113726602,0.26948183639547235,0.8570385607108697,22.892221217604092,50
b6bank,sub1_i27,sub1,False,18,4,0.10526315789473684,7.300354811466368,0.49012706974945747,0.8742480739124994,16.292687229156954,50
b6bank,sub1_i27,sub1,False,18,8,0.21052631578947367,6.271554786121865,0.6354806231211112,0.8508002166112206,8.31033417109644,50
b6bank,sub1_i27,sub1,False,18,12,0.3157894736842105,5.708650726697944,0.7024950359952179,0.8379570407985908,4.191034329254386,50
b6bank,sub1_i27,sub1,False,18,16,0.42105263157894735,5.477976723906704,0.7373963715696238,0.8236953959076813,2.01847662013216,50
b6bank,sub1_i27,sub1,False,18,20,0.5263157894736842,5.180573781468563,0.7520413263523533,0.8202715007561611,0.8912184512559405,50
b6bank,sub1_i27,sub1,False,18,24,0.631578947368421,5.1097927310868805,0.7740240357146105,0.824645035513818,0.4115996899857517,50
b6bank,sub1_i27,sub1,False,18,28,0.7368421052631579,4.546516331061112,0.8134668176691854,0.8365192266607493,0.18972344924068862,50
b6bank,sub1_i27,sub1,False,18,32,0.8421052631578947,3.3338086788139405,0.8685044497605104,0.8483546600456009,0.09874169624362551,50
b6bank,sub1_i27,sub1,False,18,36,0.9473684210526315,2.271832725067633,0.9135786273734002,0.8461325169078012,0.051679729301290264,50
b6bank,sub1_i28,sub1,False,18,0,0.0,7.981843356949413,0.31170641049841874,0.8521527341969959,22.662538159746106,50
b6bank,sub1_i28,sub1,False,18,4,0.10526315789473684,6.778641360784121,0.5351822973206972,0.8818141688742723,15.25708463890486,50
b6bank,sub1_i28,sub1,False,18,8,0.21052631578947367,5.943147410378023,0.6676771952426152,0.8683378682358799,8.725234574839469,50
b6bank,sub1_i28,sub1,False,18,12,0.3157894736842105,5.199975319465973,0.731626677227275,0.8468702808779093,4.620307746163272,50
b6bank,sub1_i28,sub1,False,18,16,0.42105263157894735,4.944633349544677,0.7682688115979048,0.8259211841258124,2.3139437808201553,50
b6bank,sub1_i28,sub1,False,18,20,0.5263157894736842,5.222384086329896,0.7504630940257052,0.818143504522597,1.0301904638159742,50
b6bank,sub1_i28,sub1,False,18,24,0.631578947368421,5.6168981031187775,0.727525902048242,0.8268913638996319,0.4612397285428744,50
b6bank,sub1_i28,sub1,False,18,28,0.7368421052631579,5.551762322157134,0.7276498095235504,0.841781188793148,0.22152874035030595,50
b6bank,sub1_i28,sub1,False,18,32,0.8421052631578947,5.040034110104608,0.7606982124649163,0.8482909899578187,0.1161747877397857,50
b6bank,sub1_i28,sub1,False,18,36,0.9473684210526315,3.890600114536612,0.8019406023031516,0.8460798615577206,0.06109881039065016,50
b6bank,sub1_i29,sub1,False,18,0,0.0,8.050074056015522,0.31354298253968055,0.8534164346719766,22.12081354704152,50
b6bank,sub1_i29,sub1,False,18,4,0.10526315789473684,6.574569821667523,0.5158996321060252,0.8705925488007688,15.34991551386366,50
b6bank,sub1_i29,sub1,False,18,8,0.21052631578947367,5.554149901546832,0.6554318095064624,0.8530310685518225,7.827410752986198,50
b6bank,sub1_i29,sub1,False,18,12,0.3157894736842105,5.297152942089146,0.7254631704225303,0.8485583025441185,4.0353854929691435,50
b6bank,sub1_i29,sub1,False,18,16,0.42105263157894735,5.056912332559412,0.7680388313993265,0.8321323706296792,2.093644967890253,50
b6bank,sub1_i29,sub1,False,18,20,0.5263157894736842,4.728516801817561,0.783066013344921,0.816582647971352,0.9352480234340307,50
b6bank,sub1_i29,sub1,False,18,24,0.631578947368421,4.482865228650471,0.8185528564652899,0.8239798941001607,0.4089777267346414,50
b6bank,sub1_i29,sub1,False,18,28,0.7368421052631579,3.9060548827783,0.8501607453345223,0.8406980615428513,0.19823224336253983,50
b6bank,sub1_i29,sub1,False,18,32,0.8421052631578947,2.9275537361785187,0.8869790773535308,0.8498447598132941,0.10321220541367175,50
b6bank,sub1_i29,sub1,False,18,36,0.9473684210526315,2.106672796764165,0.9178500030150346,0.8488454586551886,0.05483196989613358,50
b6bank,sub1_i30,sub1,True,18,0,0.0,7.1743861105391,0.3824994702218142,0.8666879575377818,22.16846923634283,50
b6bank,sub1_i30,sub1,True,18,4,0.10526315789473684,6.11207041741464,0.5995604995862946,0.9071979341674133,16.10910520484149,50
b6bank,sub1_i30,sub1,True,18,8,0.21052631578947367,6.008339520811239,0.6867633255173312,0.8836931377374408,10.861185716756765,50
b6bank,sub1_i30,sub1,True,18,12,0.3157894736842105,5.8961722314037015,0.6855462009102016,0.8483993417998371,5.831784009611193,50
b6bank,sub1_i30,sub1,True,18,16,0.42105263157894735,6.02601387365575,0.6756205558180812,0.8359078028613851,2.8765597018966313,50
b6bank,sub1_i30,sub1,True,18,20,0.5263157894736842,6.12867395379751,0.6761543828041625,0.8359452154014189,1.3949108336188707,50
b6bank,sub1_i30,sub1,True,18,24,0.631578947368421,5.725068699066147,0.7011747909428405,0.8377489570669695,0.6842489259963755,50
b6bank,sub1_i30,sub1,True,18,28,0.7368421052631579,5.60722109393887,0.7225155930609927,0.8395913090994896,0.3376965252380465,50
b6bank,sub1_i30,sub1,True,18,32,0.8421052631578947,5.480315293946173,0.7264960939490456,0.8340427425520521,0.1711464992939667,50
b6bank,sub1_i30,sub1,True,18,36,0.9473684210526315,5.087875048313801,0.7271975046077267,0.8214748056787422,0.07868857944912871,50
b6bank,sub1_i31,sub1,False,18,0,0.0,8.03962799459339,0.3365420215308697,0.8551171107986283,21.842609137910493,50
b6bank,sub1_i31,sub1,False,18,4,0.10526315789473684,6.965412111918086,0.5397464465303976,0.8931726072406715,15.187219983640066,50
b6bank,sub1_i31,sub1,False,18,8,0.21052631578947367,6.184664131109228,0.6531780275023585,0.8744996548870345,9.43217020954907,50
b6bank,sub1_i31,sub1,False,18,12,0.3157894736842105,5.458577505110096,0.7176961456348653,0.8416727056231076,5.01717287939279,50
b6bank,sub1_i31,sub1,False,18,16,0.42105263157894735,5.08405170330465,0.761821956719983,0.8257120287942242,2.351109046275523,50
b6bank,sub1_i31,sub1,False,18,20,0.5263157894736842,4.849461955151807,0.774310601674323,0.8180530849873904,1.1044642815070125,50
b6bank,sub1_i31,sub1,False,18,24,0.631578947368421,4.76143257822152,0.7793495181130571,0.8184005421551229,0.47351478858854845,50
b6bank,sub1_i31,sub1,False,18,28,0.7368421052631579,4.511897352862143,0.8024472720356066,0.8445988107700044,0.21666401917303088,50
b6bank,sub1_i31,sub1,False,18,32,0.8421052631578947,3.7062462660185944,0.8468116401444209,0.8569008414574609,0.1238293064651114,50
b6bank,sub1_i31,sub1,False,18,36,0.9473684210526315,2.435964520449191,0.893322934735799,0.857406393626562,0.06499259003213871,50
b6bank,nth_item_i00,nth_item,False,29,0,0.0,8.719930853319996,0.21204805881388483,0.8891239656111735,34.75187420625677,49
b6bank,nth_item_i00,nth_item,False,29,4,0.10810810810810811,8.739163508455118,0.2903562590810485,0.8663152365172627,22.440166574789075,49
b6bank,nth_item_i00,nth_item,False,29,8,0.21621621621621623,7.64802569588467,0.3283492724421777,0.8354331625802188,11.07918880876026,49
b6bank,nth_item_i00,nth_item,False,29,12,0.32432432432432434,7.069750999202933,0.4503720715554165,0.8341963670163101,5.192794207614972,49
b6bank,nth_item_i00,nth_item,False,29,16,0.43243243243243246,5.911812341669309,0.6202621113311407,0.8507892508783963,2.5285888195140127,49
b6bank,nth_item_i00,nth_item,False,29,20,0.5405405405405406,5.001165320408752,0.7371408031127452,0.836459050011836,1.4601494925469192,49
b6bank,nth_item_i00,nth_item,False,29,24,0.6486486486486487,4.873652142072944,0.752656214217495,0.8184011985921472,0.606957391287952,49
b6bank,nth_item_i00,nth_item,False,29,28,0.7567567567567568,5.059361771706107,0.7473454158835607,0.859378839380249,0.2822045755601246,49
b6bank,nth_item_i00,nth_item,False,29,32,0.8648648648648649,4.878079896251829,0.7673216552348724,0.8672193266581628,0.1911293529497553,49
b6bank,nth_item_i00,nth_item,False,29,36,0.972972972972973,5.036060298965908,0.7624198481880714,0.8266953164955352,0.09534419728846337,49
b6bank,nth_item_i01,nth_item,False,29,0,0.0,8.803487859725543,0.2448297874015769,0.8947735896724334,36.371319908524114,49
b6bank,nth_item_i01,nth_item,False,29,4,0.10810810810810811,7.722947964264052,0.397891434472808,0.8687124349200032,23.206038398973547,49
b6bank,nth_item_i01,nth_item,False,29,8,0.21621621621621623,6.374299803462224,0.46312496043553575,0.8497396222122484,11.78188230585545,49
b6bank,nth_item_i01,nth_item,False,29,12,0.32432432432432434,6.1667597423013625,0.532852598293066,0.8374003063168088,6.101933894349293,49
b6bank,nth_item_i01,nth_item,False,29,16,0.43243243243243246,6.060264299564349,0.6133827712000127,0.8308465361993037,2.8012749848122693,49
b6bank,nth_item_i01,nth_item,False,29,20,0.5405405405405406,5.642950405257895,0.6945674748603021,0.8229047383966156,1.4209762293576595,49
b6bank,nth_item_i01,nth_item,False,29,24,0.6486486486486487,4.985143751873083,0.7372318581402347,0.8243769578851619,0.5817519000337579,49
b6bank,nth_item_i01,nth_item,False,29,28,0.7567567567567568,5.023266260117795,0.7419610431442845,0.8611007735243572,0.2928735183773906,49
b6bank,nth_item_i01,nth_item,False,29,32,0.8648648648648649,5.212795507546097,0.7577609910268092,0.8508872248444281,0.18660576535673268,49
b6bank,nth_item_i01,nth_item,False,29,36,0.972972972972973,5.419645341309211,0.7324263906091893,0.8168211606573542,0.08295752149906575,49
b6bank,nth_item_i02,nth_item,True,29,0,0.0,8.433273834643488,0.2834515244240797,0.8865902112992532,34.46674963402543,48
b6bank,nth_item_i02,nth_item,True,29,4,0.1111111111111111,7.5871490265634485,0.4374814631235568,0.8668235927528621,22.076117461943632,48
b6bank,nth_item_i02,nth_item,True,29,8,0.2222222222222222,6.5367437831140665,0.47596897370996044,0.8546523309028597,10.942635629935541,48
b6bank,nth_item_i02,nth_item,True,29,12,0.3333333333333333,6.118838202479334,0.5157743982112553,0.8516684471793734,6.108221166499192,48
b6bank,nth_item_i02,nth_item,True,29,16,0.4444444444444444,5.7278833934671445,0.5874507843563452,0.8431588541074256,3.038952558121558,48
b6bank,nth_item_i02,nth_item,True,29,20,0.5555555555555556,5.33738117273895,0.6604376508752864,0.8298013831230101,1.5775939780068453,48
b6bank,nth_item_i02,nth_item,True,29,24,0.6666666666666666,5.150726022557484,0.6765091957240194,0.8203948270825051,0.6719055093123176,48
b6bank,nth_item_i02,nth_item,True,29,28,0.7777777777777778,5.464961397893116,0.6618677145797934,0.8456581544256229,0.3128401542024485,48
b6bank,nth_item_i02,nth_item,True,29,32,0.8888888888888888,5.623465997061191,0.6523360541616965,0.8433549388301549,0.18421248721242123,48
b6bank,nth_item_i02,nth_item,True,29,36,1.0,5.523036854660331,0.6311558440913538,0.8206019028468322,0.08256419240004693,48
b6bank,nth_item_i03,nth_item,True,29,0,0.0,8.851450224983333,0.24509091556861626,0.8943864656537005,34.58957490870764,49
b6bank,nth_item_i03,nth_item,True,29,4,0.10810810810810811,7.819921207395444,0.39127885982824234,0.8733634944287324,23.902903926749136,49
b6bank,nth_item_i03,nth_item,True,29,8,0.21621621621621623,6.289624766969773,0.4546220713016276,0.8456251478115244,11.873157280812656,49
b6bank,nth_item_i03,nth_item,True,29,12,0.32432432432432434,5.838459234798772,0.5396940367535826,0.8253464156539233,6.170107188577893,49
b6bank,nth_item_i03,nth_item,True,29,16,0.43243243243243246,5.598039942301112,0.6234991779062719,0.8152532150236582,2.5045237313539905,49
b6bank,nth_item_i03,nth_item,True,29,20,0.5405405405405406,5.374473228265931,0.6984492267170103,0.8240143197562303,1.202267163855081,49
b6bank,nth_item_i03,nth_item,True,29,24,0.6486486486486487,5.047419619405858,0.7403195514717418,0.835868861623828,0.5329567003454007,49
b6bank,nth_item_i03,nth_item,True,29,28,0.7567567567567568,4.925475573936951,0.7775921213874265,0.854315449455828,0.2796653557884903,49
b6bank,nth_item_i03,nth_item,True,29,32,0.8648648648648649,4.377281419330767,0.8171625083349024,0.8554625119347842,0.1552345532509875,49
b6bank,nth_item_i03,nth_item,True,29,36,0.972972972972973,3.7936969803835177,0.8440734406190888,0.8482774956366932,0.08007095498589836,49
b6bank,nth_item_i04,nth_item,False,29,0,0.0,8.639873670030257,0.27579795127734874,0.8818054539419458,35.76577454429441,50
b6bank,nth_item_i04,nth_item,False,29,4,0.10526315789473684,7.8974090872791365,0.4212419968561408,0.8590628402940313,20.773952639552036,50
b6bank,nth_item_i04,nth_item,False,29,8,0.21052631578947367,6.73529144913762,0.4901088174530058,0.8416422320128827,10.687023576145101,50
b6bank,nth_item_i04,nth_item,False,29,12,0.3157894736842105,5.900697596521772,0.5642925079685234,0.8254655710668136,5.197993575678764,50
b6bank,nth_item_i04,nth_item,False,29,16,0.42105263157894735,5.45769821392093,0.6570006459575622,0.8472642903269936,2.1565257403454696,50
b6bank,nth_item_i04,nth_item,False,29,20,0.5263157894736842,5.167780819551039,0.7138427674749185,0.859711703087277,1.401804048540622,50
b6bank,nth_item_i04,nth_item,False,29,24,0.631578947368421,5.276905847921209,0.715718027085504,0.8406487540097795,0.6739533085131946,50
b6bank,nth_item_i04,nth_item,False,29,28,0.7368421052631579,5.151487789665634,0.7232825057122122,0.8631236510024557,0.3380084758441013,50
b6bank,nth_item_i04,nth_item,False,29,32,0.8421052631578947,4.932654919875141,0.7624778756233792,0.8563047597681398,0.21791003421942134,50
b6bank,nth_item_i04,nth_item,False,29,36,0.9473684210526315,4.784574542008334,0.7967105066618451,0.825095578190244,0.10112966870860926,50
b6bank,nth_item_i05,nth_item,False,29,0,0.0,8.492397341681004,0.2719635578791442,0.8909624704895079,33.84768033281138,50
b6bank,nth_item_i05,nth_item,False,29,4,0.10526315789473684,7.835409771725071,0.40581375657192037,0.8697234669567112,22.278588991142904,50
b6bank,nth_item_i05,nth_item,False,29,8,0.21052631578947367,6.737673496421122,0.4457239433467619,0.844273405756785,11.242691307614974,50
b6bank,nth_item_i05,nth_item,False,29,12,0.3157894736842105,6.327582519485381,0.5338305224064757,0.8361670998487106,5.512261086792133,50
b6bank,nth_item_i05,nth_item,False,29,16,0.42105263157894735,6.193024439506662,0.6195936861760217,0.8377639484904196,2.627652894957329,50
b6bank,nth_item_i05,nth_item,False,29,20,0.5263157894736842,6.273815711651503,0.6546430692493987,0.8369691994780672,1.360035295461805,50
b6bank,nth_item_i05,nth_item,False,29,24,0.631578947368421,6.191701297954862,0.6430222502011458,0.8372078258893338,0.6333986781885486,50
b6bank,nth_item_i05,nth_item,False,29,28,0.7368421052631579,6.300856385229607,0.6201824026905054,0.8657141717700149,0.3208926836032253,50
b6bank,nth_item_i05,nth_item,False,29,32,0.8421052631578947,5.886508226764036,0.6593464521155353,0.8718672403343591,0.2089186530128941,50
b6bank,nth_item_i05,nth_item,False,29,36,0.9473684210526315,5.159284314226118,0.6928252816391957,0.8422198670208432,0.10968416627556803,50
b6bank,nth_item_i06,nth_item,False,29,0,0.0,8.672283218417334,0.2508146418862486,0.8829832285946624,34.954153934872245,49
b6bank,nth_item_i06,nth_item,False,29,4,0.10810810810810811,8.197736430704909,0.3739695148793219,0.8574564231285453,20.93499868638198,49
b6bank,nth_item_i06,nth_item,False,29,8,0.21621621621621623,7.227301431566441,0.44368096387070505,0.8314026568560857,10.21517353433607,49
b6bank,nth_item_i06,nth_item,False,29,12,0.32432432432432434,6.185825124032161,0.5589487819028361,0.8324488737277096,4.697561970790208,49
b6bank,nth_item_i06,nth_item,False,29,16,0.43243243243243246,5.310109592223608,0.6895229702807918,0.850007668706748,2.2806105197350615,49
b6bank,nth_item_i06,nth_item,False,29,20,0.5405405405405406,4.9145054521508715,0.7563217974476243,0.8400206072260987,1.2982478245644948,49
b6bank,nth_item_i06,nth_item,False,29,24,0.6486486486486487,4.964407223065622,0.7617030710392844,0.8213818329849143,0.5681823433871492,49
b6bank,nth_item_i06,nth_item,False,29,28,0.7567567567567568,5.174982330684279,0.7548011643485908,0.8472364921665757,0.2606860807526499,49
b6bank,nth_item_i06,nth_item,False,29,32,0.8648648648648649,5.088654012370627,0.7666888220944214,0.8471837314142571,0.1589184049129477,49
b6bank,nth_item_i06,nth_item,False,29,36,0.972972972972973,5.132401738877767,0.7612813270933042,0.8261139443081604,0.07106375293473849,49
b6bank,nth_item_i07,nth_item,False,29,0,0.0,8.495237833602998,0.2930753686699909,0.9063701484947864,33.90481961813673,50
b6bank,nth_item_i07,nth_item,False,29,4,0.10526315789473684,7.665578050164125,0.4002060816650829,0.8847383780045344,24.04912423141754,50
b6bank,nth_item_i07,nth_item,False,29,8,0.21052631578947367,6.0864503186997085,0.45078126163136284,0.8531075935735883,12.578065637943576,50
b6bank,nth_item_i07,nth_item,False,29,12,0.3157894736842105,4.908626956611418,0.5458048698774329,0.8396436665486431,6.778393277822091,50
b6bank,nth_item_i07,nth_item,False,29,16,0.42105263157894735,4.646325419704064,0.6451425789603951,0.8264238209896729,3.1877023359650547,50
b6bank,nth_item_i07,nth_item,False,29,20,0.5263157894736842,4.490330067653553,0.7174122563306038,0.8192492398583316,1.475574567534382,50
b6bank,nth_item_i07,nth_item,False,29,24,0.631578947368421,4.622025113098649,0.7378941455429885,0.8239662045269263,0.6273700513050532,50
b6bank,nth_item_i07,nth_item,False,29,28,0.7368421052631579,4.873506007880846,0.7560881722891185,0.8495875881862516,0.3141420414159629,50
b6bank,nth_item_i07,nth_item,False,29,32,0.8421052631578947,4.854450560912308,0.7795484325496307,0.8495340350288503,0.17634607494624593,50
b6bank,nth_item_i07,nth_item,False,29,36,0.9473684210526315,4.875363852876943,0.7874502150825752,0.8230397327489186,0.08582075752629185,50
b6bank,nth_item_i08,nth_item,True,29,0,0.0,8.78800714074859,0.26005892419256055,0.8949017097653539,34.42210151351177,49
b6bank,nth_item_i08,nth_item,True,29,4,0.10810810810810811,7.836172921108722,0.373364689524786,0.879697931045572,22.68500262066408,49
b6bank,nth_item_i08,nth_item,True,29,8,0.21621621621621623,6.696636993094389,0.39835495721979525,0.8523098237683345,12.407705505005818,49
b6bank,nth_item_i08,nth_item,True,29,12,0.32432432432432434,6.2557507665849315,0.46974465021424794,0.8157650211932044,6.460668207636667,49
b6bank,nth_item_i08,nth_item,True,29,16,0.43243243243243246,5.6637972036817485,0.5804972659605356,0.8087815560797024,2.347364962305611,49
b6bank,nth_item_i08,nth_item,True,29,20,0.5405405405405406,5.249817163712543,0.6807443209592242,0.8273248082900425,1.1611518360709376,49
b6bank,nth_item_i08,nth_item,True,29,24,0.6486486486486487,4.642217762185285,0.7291536858026109,0.8363274048035958,0.5339900756715985,49
b6bank,nth_item_i08,nth_item,True,29,28,0.7567567567567568,4.574309682782908,0.7475039709367639,0.8523541347047956,0.27155269803132387,49
b6bank,nth_item_i08,nth_item,True,29,32,0.8648648648648649,4.723837614581383,0.7561208873926762,0.8495303282920026,0.15080544289198106,49
b6bank,nth_item_i08,nth_item,True,29,36,0.972972972972973,5.024280149857978,0.7616294596690572,0.8513362442068158,0.07293555840065971,49
b6bank,nth_item_i09,nth_item,False,29,0,0.0,8.357707034758727,0.2842709236907019,0.8899773108974378,35.260040795954026,50
b6bank,nth_item_i09,nth_item,False,29,4,0.10526315789473684,7.4380960130755875,0.42869616783367737,0.8685744630108241,21.717353235292826,50
b6bank,nth_item_i09,nth_item,False,29,8,0.21052631578947367,6.302022920916263,0.4756350710669007,0.8445073488935142,11.434434605242288,50
b6bank,nth_item_i09,nth_item,False,29,12,0.3157894736842105,6.038769976682573,0.5331872317526352,0.8176574413681088,5.6103349025726,50
b6bank,nth_item_i09,nth_item,False,29,16,0.42105263157894735,5.706549108032801,0.6282309942410941,0.8244486597738191,2.1598360993557764,50
b6bank,nth_item_i09,nth_item,False,29,20,0.5263157894736842,5.1121976801495235,0.7153004983739851,0.8402004858479061,1.1897848370399158,50
b6bank,nth_item_i09,nth_item,False,29,24,0.631578947368421,4.774134030368323,0.7474939583714547,0.8387537021122101,0.5553027475901209,50
b6bank,nth_item_i09,nth_item,False,29,28,0.7368421052631579,4.870114748901404,0.7666871261880822,0.8633846431323083,0.28059112046997814,50
b6bank,nth_item_i09,nth_item,False,29,32,0.8421052631578947,4.491341814192564,0.7996833039803181,0.8572082866922363,0.17645260298288812,50
b6bank,nth_item_i09,nth_item,False,29,36,0.9473684210526315,4.08246207734276,0.8317460054913504,0.8312007377181733,0.08354319393043938,50
b6bank,nth_item_i10,nth_item,False,29,0,0.0,8.481043379102863,0.2826592483373565,0.8898299773201088,34.15674627684787,49
b6bank,nth_item_i10,nth_item,False,29,4,0.10810810810810811,7.7341525942700775,0.4174286095702733,0.8759462136105121,21.890104751032265,49
b6bank,nth_item_i10,nth_item,False,29,8,0.21621621621621623,6.689357639908399,0.4485288202095305,0.8560693166799066,11.841672560397292,49
b6bank,nth_item_i10,nth_item,False,29,12,0.32432432432432434,6.4477058210787135,0.5037066393969305,0.839458209906936,6.121340974011043,49
b6bank,nth_item_i10,nth_item,False,29,16,0.43243243243243246,6.010660467484114,0.5919427762000974,0.8322544815999674,2.865221495676777,49
b6bank,nth_item_i10,nth_item,False,29,20,0.5405405405405406,5.700068133133212,0.6766658935536248,0.8247375169802668,1.4420494708148275,49
b6bank,nth_item_i10,nth_item,False,29,24,0.6486486486486487,5.239989676649729,0.7326929736508049,0.8231622271592463,0.6034888899772641,49
b6bank,nth_item_i10,nth_item,False,29,28,0.7567567567567568,5.145922645584163,0.7498162300610288,0.8514730265994975,0.2939338878409422,49
b6bank,nth_item_i10,nth_item,False,29,32,0.8648648648648649,5.006007671113109,0.7731876966089287,0.8481918398108209,0.1752905963449523,49
b6bank,nth_item_i10,nth_item,False,29,36,0.972972972972973,5.089958126911809,0.7563981868233894,0.824379919519001,0.08160101700140882,49
b6bank,nth_item_i11,nth_item,True,29,0,0.0,8.750620678980038,0.24972834597261456,0.8868742227730084,34.998614460771535,49
b6bank,nth_item_i11,nth_item,True,29,4,0.10810810810810811,7.895273782963555,0.39351640969597296,0.866531963695058,21.465704819325538,49
b6bank,nth_item_i11,nth_item,True,29,8,0.21621621621621623,6.925082202291639,0.45437062231285363,0.8493914026860985,11.118812582598824,49
b6bank,nth_item_i11,nth_item,True,29,12,0.32432432432432434,6.305690239837897,0.5363168991779423,0.8403513216305222,5.693764529466666,49
b6bank,nth_item_i11,nth_item,True,29,16,0.43243243243243246,5.656662700567011,0.647616429019972,0.8347019592100315,2.725455516384031,49
b6bank,nth_item_i11,nth_item,True,29,20,0.5405405405405406,4.970047773097236,0.7310298907380102,0.8217750085275352,1.3670216336789387,49
b6bank,nth_item_i11,nth_item,True,29,24,0.6486486486486487,4.59323376047176,0.7539784355940867,0.8122671986470384,0.569744404421096,49
b6bank,nth_item_i11,nth_item,True,29,28,0.7567567567567568,4.599472722507186,0.7520818570053538,0.8463013811402831,0.24925641695057377,49
b6bank,nth_item_i11,nth_item,True,29,32,0.8648648648648649,4.782668338059902,0.7727503620447514,0.853197463590705,0.15639895058716094,49
b6bank,nth_item_i11,nth_item,True,29,36,0.972972972972973,5.096415278226514,0.7631463988865517,0.8261043994770331,0.0737847104222056,49
b6bank,nth_item_i12,nth_item,False,29,0,0.0,8.34448262683013,0.2842229355623301,0.8769386468633976,36.11497475875113,49
b6bank,nth_item_i12,nth_item,False,29,4,0.10810810810810811,7.199842666443213,0.46598821034491034,0.8559331091755622,20.03004883781196,49
b6bank,nth_item_i12,nth_item,False,29,8,0.21621621621621623,6.279596562967763,0.5295158469425206,0.8484722110561653,10.335202458679134,49
b6bank,nth_item_i12,nth_item,False,29,12,0.32432432432432434,6.20099019813922,0.5504727771597095,0.8374769646810702,5.24766692631909,49
b6bank,nth_item_i12,nth_item,False,29,16,0.43243243243243246,6.22592693002807,0.6009385466766245,0.8342841450863054,2.4576349590349764,49
b6bank,nth_item_i12,nth_item,False,29,20,0.5405405405405406,5.941854281975919,0.653988314524815,0.8361211926441929,1.2450568571946257,49
b6bank,nth_item_i12,nth_item,False,29,24,0.6486486486486487,5.788780295884179,0.6598035039051349,0.8312728984756813,0.5857459082451804,49
b6bank,nth_item_i12,nth_item,False,29,28,0.7567567567567568,5.897632473576932,0.645302640219236,0.8393940932525501,0.281811681786738,49
b6bank,nth_item_i12,nth_item,False,29,32,0.8648648648648649,5.907059732491561,0.6556083249561072,0.8310845080592595,0.15149462694324722,49
b6bank,nth_item_i12,nth_item,False,29,36,0.972972972972973,5.716522040979573,0.6655925242139187,0.8206912830309963,0.06593626114612014,49
b6bank,nth_item_i13,nth_item,False,29,0,0.0,8.882894515189033,0.22894370790839247,0.898715158419823,36.70165375389199,49
b6bank,nth_item_i13,nth_item,False,29,4,0.10810810810810811,8.273673901160118,0.34884422855993436,0.8640255126326898,23.961701190176733,49
b6bank,nth_item_i13,nth_item,False,29,8,0.21621621621621623,6.937240274634392,0.41428006472799694,0.8411718186439463,11.363657221097322,49
b6bank,nth_item_i13,nth_item,False,29,12,0.32432432432432434,6.3707078051679895,0.5199734358940628,0.8340750891208462,6.051270216461972,49
b6bank,nth_item_i13,nth_item,False,29,16,0.43243243243243246,5.694337178976724,0.6308368310629812,0.8346785041221108,2.6431137958481132,49
b6bank,nth_item_i13,nth_item,False,29,20,0.5405405405405406,4.8559095312295355,0.7290590547423111,0.8365885803208885,1.4282136011879256,49
b6bank,nth_item_i13,nth_item,False,29,24,0.6486486486486487,4.556585652026432,0.7593036436191969,0.8271970011102112,0.6410721683853502,49
b6bank,nth_item_i13,nth_item,False,29,28,0.7567567567567568,4.633131307985494,0.7604148960401215,0.8466756353906292,0.30450986379199724,49
b6bank,nth_item_i13,nth_item,False,29,32,0.8648648648648649,4.6430891687780305,0.7707457075370705,0.8427594186786151,0.1752889228909823,49
b6bank,nth_item_i13,nth_item,False,29,36,0.972972972972973,4.951024136818712,0.7635607118498189,0.8209315575146439,0.08010151357707593,49
b6bank,nth_item_i14,nth_item,True,29,0,0.0,9.079674871802645,0.21954031742559008,0.8971623732892072,33.856191676520304,50
b6bank,nth_item_i14,nth_item,True,29,4,0.10526315789473684,8.132321948272711,0.3541555903249176,0.8701132646071508,24.016307412014477,50
b6bank,nth_item_i14,nth_item,True,29,8,0.21052631578947367,6.804987758482643,0.4225792153595966,0.8319653526940296,11.349338000427448,50
b6bank,nth_item_i14,nth_item,True,29,12,0.3157894736842105,6.026992654216588,0.5425553500168755,0.819726565789632,5.443159560746422,50
b6bank,nth_item_i14,nth_item,True,29,16,0.42105263157894735,5.327439148215254,0.6604233641224807,0.8224100235959099,2.2883078251462186,50
b6bank,nth_item_i14,nth_item,True,29,20,0.5263157894736842,4.936402010920408,0.7451289674847473,0.8280970292244677,1.1364968004204083,50
b6bank,nth_item_i14,nth_item,True,29,24,0.631578947368421,4.484908392859012,0.7885299804789413,0.8279817954064654,0.5115041961730804,50
b6bank,nth_item_i14,nth_item,True,29,28,0.7368421052631579,4.0740582440526945,0.8123365356950717,0.8590163475620909,0.24491923421050793,50
b6bank,nth_item_i14,nth_item,True,29,32,0.8421052631578947,4.028599581291575,0.8414230754867852,0.8703318147135645,0.15660636724616744,50
b6bank,nth_item_i14,nth_item,True,29,36,0.9473684210526315,4.038940006807423,0.8542767059041075,0.8469464923510757,0.08280917857187303,50
b6bank,nth_item_i15,nth_item,False,29,0,0.0,8.192407048153864,0.30577788650807053,0.8805376372075623,34.760279593917744,49
b6bank,nth_item_i15,nth_item,False,29,4,0.10810810810810811,7.293679440083742,0.46310847905312175,0.8638671680539558,20.563225543404315,49
b6bank,nth_item_i15,nth_item,False,29,8,0.21621621621621623,6.031862108534859,0.5299125059922215,0.8471772285949658,10.710959485880425,49
b6bank,nth_item_i15,nth_item,False,29,12,0.32432432432432434,5.5100918673027826,0.5940320886348801,0.8398008824957981,5.330182432205142,49
b6bank,nth_item_i15,nth_item,False,29,16,0.43243243243243246,5.274979098041497,0.6916994966052381,0.8449367269039777,2.566802483890366,49
b6bank,nth_item_i15,nth_item,False,29,20,0.5405405405405406,5.127211678560581,0.7549141909079147,0.8357317511176936,1.4105830464611502,49
b6bank,nth_item_i15,nth_item,False,29,24,0.6486486486486487,4.888728409895304,0.7617688329223509,0.829173321831356,0.6086375738248853,49
b6bank,nth_item_i15,nth_item,False,29,28,0.7567567567567568,4.877279857862607,0.7395035776701842,0.8596792418621672,0.3087240209235802,49
b6bank,nth_item_i15,nth_item,False,29,32,0.8648648648648649,4.957956498421016,0.7465339047443981,0.844545502266398,0.19295054515457638,49
b6bank,nth_item_i15,nth_item,False,29,36,0.972972972972973,5.189847720701105,0.7366515472938379,0.8144346309809016,0.08290042177847944,49
b6bank,nth_item_i16,nth_item,False,29,0,0.0,8.782801111183124,0.24587088794988157,0.8982056832797131,34.70215170099773,48
b6bank,nth_item_i16,nth_item,False,29,4,0.1111111111111111,8.367753608279095,0.3380618724850355,0.8751115926039126,23.619318050349758,48
b6bank,nth_item_i16,nth_item,False,29,8,0.2222222222222222,7.079298513338798,0.3587897066980092,0.8461788083724184,11.844849328758052,48
b6bank,nth_item_i16,nth_item,False,29,12,0.3333333333333333,6.606854490859209,0.4332156822884569,0.8378345674655744,6.082409289126759,48
b6bank,nth_item_i16,nth_item,False,29,16,0.4444444444444444,5.951387087593704,0.5504572640942554,0.8437452393319455,2.8331341663182785,48
b6bank,nth_item_i16,nth_item,False,29,20,0.5555555555555556,5.678220721415249,0.6355407860043433,0.8315099968328468,1.602855722269614,48
b6bank,nth_item_i16,nth_item,False,29,24,0.6666666666666666,5.521785194827664,0.6636955357908494,0.8144600028072994,0.6478457847981572,48
b6bank,nth_item_i16,nth_item,False,29,28,0.7777777777777778,5.583707845954351,0.6697783480636151,0.8481674157217151,0.29799096188779095,48
b6bank,nth_item_i16,nth_item,False,29,32,0.8888888888888888,5.359662728107001,0.6812700415106636,0.8503732635866589,0.1851627910560999,48
b6bank,nth_item_i16,nth_item,False,29,36,1.0,5.131361801650033,0.6691087165285907,0.829236138553818,0.08323855546925561,48
b6bank,nth_item_i17,nth_item,False,29,0,0.0,8.359451332826056,0.29601210116507093,0.8868627363395906,34.40538949234491,50
b6bank,nth_item_i17,nth_item,False,29,4,0.10526315789473684,7.349893929987252,0.4552571004955919,0.8794219028115128,20.954286532579843,50
b6bank,nth_item_i17,nth_item,False,29,8,0.21052631578947367,6.198263193348263,0.4987461406260723,0.8584855102331668,12.347089130927198,50
b6bank,nth_item_i17,nth_item,False,29,12,0.3157894736842105,6.081568893052801,0.5469387160146475,0.832874529509181,6.078018142919041,50
b6bank,nth_item_i17,nth_item,False,29,16,0.42105263157894735,6.350718888730122,0.5910359522513002,0.8243184094811304,2.7801184549364297,50
b6bank,nth_item_i17,nth_item,False,29,20,0.5263157894736842,6.555720097908988,0.6011132656373829,0.8185518123944536,1.3088340245672947,50
b6bank,nth_item_i17,nth_item,False,29,24,0.631578947368421,6.566442685080089,0.5870833863622107,0.8214361004253352,0.5529326721744219,50
b6bank,nth_item_i17,nth_item,False,29,28,0.7368421052631579,6.725915623723081,0.5737408341778191,0.8459471709802137,0.262428546418796,50
b6bank,nth_item_i17,nth_item,False,29,32,0.8421052631578947,6.621145833761551,0.603450698356744,0.8288886367363518,0.15345387345755654,50
b6bank,nth_item_i17,nth_item,False,29,36,0.9473684210526315,6.3567324573779125,0.5915532193420374,0.8098075843845165,0.06010705656563466,50
b6bank,nth_item_i18,nth_item,False,29,0,0.0,8.707588014008532,0.25852040837463425,0.8707479967566933,35.017396754860656,50
b6bank,nth_item_i18,nth_item,False,29,4,0.10526315789473684,7.778753537601726,0.4226304734546329,0.8489278178072521,18.79594138933508,50
b6bank,nth_item_i18,nth_item,False,29,8,0.21052631578947367,6.32885328280526,0.5295601385290369,0.8456774219660185,9.311601509995327,50
b6bank,nth_item_i18,nth_item,False,29,12,0.3157894736842105,5.307658057998751,0.6377403068983303,0.8456305453362755,4.881305444978455,50
b6bank,nth_item_i18,nth_item,False,29,16,0.42105263157894735,4.891526746852924,0.7248985632005126,0.8373409930977043,2.401133408807935,50
b6bank,nth_item_i18,nth_item,False,29,20,0.5263157894736842,4.757293634900078,0.7686778084117081,0.8284562239372337,1.1877655400674727,50
b6bank,nth_item_i18,nth_item,False,29,24,0.631578947368421,4.969000049204923,0.7767525931325022,0.82818771006268,0.5309008362193064,50
b6bank,nth_item_i18,nth_item,False,29,28,0.7368421052631579,4.937755720158671,0.7879942428848715,0.8463451439618149,0.25836044801998626,50
b6bank,nth_item_i18,nth_item,False,29,32,0.8421052631578947,4.524708864704755,0.8112375607558264,0.8464906789035855,0.14345796710821912,50
b6bank,nth_item_i18,nth_item,False,29,36,0.9473684210526315,4.363473665947221,0.8232215449780753,0.8326171823470694,0.06987289826338194,50
b6bank,nth_item_i19,nth_item,True,29,0,0.0,8.369251052539115,0.2764697002940413,0.8801177876774101,35.02037239210661,49
b6bank,nth_item_i19,nth_item,True,29,4,0.10810810810810811,7.279337675756229,0.424348230441192,0.8617133116821096,20.44204411988224,49
b6bank,nth_item_i19,nth_item,True,29,8,0.21621621621621623,5.87207518439676,0.4910794782627739,0.8500209405601002,10.625071651554528,49
b6bank,nth_item_i19,nth_item,True,29,12,0.32432432432432434,5.479528005804584,0.5661844405854836,0.8262281381205555,5.556181819917736,49
b6bank,nth_item_i19,nth_item,True,29,16,0.43243243243243246,5.3964968490854694,0.6576245359438114,0.8184496212951359,2.2297119967513015,49
b6bank,nth_item_i19,nth_item,True,29,20,0.5405405405405406,5.3202628653024675,0.7169824195780248,0.8305156765301187,1.104904758548092,49
b6bank,nth_item_i19,nth_item,True,29,24,0.6486486486486487,4.780339877351163,0.7484425131210753,0.8462318745716346,0.5052411728540013,49
b6bank,nth_item_i19,nth_item,True,29,28,0.7567567567567568,4.916166059130703,0.7709289936532749,0.8629782748920092,0.2870885303443355,49
b6bank,nth_item_i19,nth_item,True,29,32,0.8648648648648649,4.890832621366593,0.7823522541896597,0.8523376332170851,0.16132922890003362,49
b6bank,nth_item_i19,nth_item,True,29,36,0.972972972972973,4.929943459493252,0.7786864376735131,0.8463589500029782,0.08006427762559043,49
b6bank,nth_item_i20,nth_item,False,29,0,0.0,8.609498031048478,0.26617357806284003,0.8886707388906393,34.541333919794084,50
b6bank,nth_item_i20,nth_item,False,29,4,0.10526315789473684,7.796307779916838,0.40208568279420903,0.8698768521099774,22.669475218034272,50
b6bank,nth_item_i20,nth_item,False,29,8,0.21052631578947367,6.529981527790077,0.4635631537105596,0.8475830366218098,11.544673310354048,50
b6bank,nth_item_i20,nth_item,False,29,12,0.3157894736842105,6.0149264423486875,0.5535906302070598,0.8332855445006937,5.903328619174678,50
b6bank,nth_item_i20,nth_item,False,29,16,0.42105263157894735,5.369570651046283,0.6598779934641951,0.8288703172705636,2.612853193623972,50
b6bank,nth_item_i20,nth_item,False,29,20,0.5263157894736842,4.754324030810828,0.7441428256454267,0.8317685204268621,1.3058836421670967,50
b6bank,nth_item_i20,nth_item,False,29,24,0.631578947368421,4.682869345330641,0.7755958625147783,0.8292186369908193,0.6018714497198653,50
b6bank,nth_item_i20,nth_item,False,29,28,0.7368421052631579,4.886462329684511,0.7864205011734072,0.8539855569212567,0.2834172368826982,50
b6bank,nth_item_i20,nth_item,False,29,32,0.8421052631578947,4.509872954291698,0.8154287615282363,0.8586845374685155,0.17602802909916215,50
b6bank,nth_item_i20,nth_item,False,29,36,0.9473684210526315,4.114970590817715,0.8426013152465693,0.832096388556802,0.08658519720284102,50
b6bank,nth_item_i21,nth_item,False,29,0,0.0,8.480483226141855,0.2977779939019148,0.8950177081285039,34.8592988907461,50
b6bank,nth_item_i21,nth_item,False,29,4,0.10526315789473684,7.471831056380421,0.4400145856437012,0.871831775918001,22.260722326718977,50
b6bank,nth_item_i21,nth_item,False,29,8,0.21052631578947367,6.069090089800943,0.4916694517693252,0.8521358846786236,11.77129922678333,50
b6bank,nth_item_i21,nth_item,False,29,12,0.3157894736842105,5.882620375012669,0.5588334060048614,0.8364911323422447,6.01745610332295,50
b6bank,nth_item_i21,nth_item,False,29,16,0.42105263157894735,5.9841832869706915,0.6399286016824987,0.8240461670799376,2.7747456625733573,50
b6bank,nth_item_i21,nth_item,False,29,20,0.5263157894736842,5.739982570150126,0.7115876397857529,0.8199551231442127,1.296154456623721,50
b6bank,nth_item_i21,nth_item,False,29,24,0.631578947368421,5.128444969803464,0.7453185878826059,0.8388952273364514,0.5597445783395397,50
b6bank,nth_item_i21,nth_item,False,29,28,0.7368421052631579,4.941559730697837,0.7550805472161173,0.870873054394551,0.3147622270967153,50
b6bank,nth_item_i21,nth_item,False,29,32,0.8421052631578947,4.256641547087339,0.7860864423139335,0.8533988038533911,0.19614268893397563,50
b6bank,nth_item_i21,nth_item,False,29,36,0.9473684210526315,3.783602723620419,0.7940625719134597,0.8189334624263915,0.09065581330642376,50
b6bank,nth_item_i22,nth_item,True,29,0,0.0,8.42109504919414,0.28874472372801524,0.884961401659496,34.88818780208237,49
b6bank,nth_item_i22,nth_item,True,29,4,0.10810810810810811,7.554883253684946,0.43876059272425094,0.8639725614417464,21.556760969487485,49
b6bank,nth_item_i22,nth_item,True,29,8,0.21621621621621623,6.369707157810761,0.4785410200292306,0.8469834167297569,10.623087764902088,49
b6bank,nth_item_i22,nth_item,True,29,12,0.32432432432432434,5.874407753410928,0.5501551297967684,0.8313458044194447,5.605580424146537,49
b6bank,nth_item_i22,nth_item,True,29,16,0.43243243243243246,5.506456857353654,0.646624546392371,0.8212354093554163,2.392578804096909,49
b6bank,nth_item_i22,nth_item,True,29,20,0.5405405405405406,4.981891795747921,0.7252088894009902,0.8303236337178362,1.1580684729964952,49
b6bank,nth_item_i22,nth_item,True,29,24,0.6486486486486487,4.811091211597145,0.7598338100146296,0.83860115793365,0.542816922304098,49
b6bank,nth_item_i22,nth_item,True,29,28,0.7567567567567568,4.8600632509858865,0.76386749640231,0.8421471654180714,0.2886851707691749,49
b6bank,nth_item_i22,nth_item,True,29,32,0.8648648648648649,4.215249680451459,0.7882068291249947,0.8368290238418262,0.14082870820485607,49
b6bank,nth_item_i22,nth_item,True,29,36,0.972972972972973,4.728722239854086,0.7950856164053696,0.8307599965661486,0.06993789211605511,49
b6bank,nth_item_i23,nth_item,False,29,0,0.0,8.935476754978312,0.22831233123525652,0.8883337703102271,35.31789964059371,50
b6bank,nth_item_i23,nth_item,False,29,4,0.10526315789473684,8.46796162232822,0.3323673888173571,0.8674967456563246,21.9034915030173,50
b6bank,nth_item_i23,nth_item,False,29,8,0.21052631578947367,7.212812315291001,0.37762516675681945,0.8479932773382503,11.211362421843695,50
b6bank,nth_item_i23,nth_item,False,29,12,0.3157894736842105,6.8132967971655,0.4761568197697199,0.8313886843569877,5.768883909399204,50
b6bank,nth_item_i23,nth_item,False,29,16,0.42105263157894735,6.23538452586264,0.6049383474922633,0.8285371028837367,2.51486754376499,50
b6bank,nth_item_i23,nth_item,False,29,20,0.5263157894736842,5.983932521039029,0.6921190781633151,0.8271371276233356,1.2832837281029985,50
b6bank,nth_item_i23,nth_item,False,29,24,0.631578947368421,5.728217359747368,0.7154493659769634,0.8213839391962874,0.5453122201640085,50
b6bank,nth_item_i23,nth_item,False,29,28,0.7368421052631579,5.528599627499373,0.7290254134318743,0.8414365826846456,0.2610491274435493,50
b6bank,nth_item_i23,nth_item,False,29,32,0.8421052631578947,4.963018218064869,0.7619262955451849,0.846392550755875,0.14254725926697098,50
b6bank,nth_item_i23,nth_item,False,29,36,0.9473684210526315,4.675073306403413,0.7711701534357863,0.8262061565610822,0.07012199600643475,50
b6bank,nth_item_i24,nth_item,False,29,0,0.0,8.813741105056398,0.23267153718233208,0.8950938951355913,35.88158955680511,49
b6bank,nth_item_i24,nth_item,False,29,4,0.10810810810810811,8.03802792372969,0.3360710821046426,0.8703151168222968,23.265274600570635,49
b6bank,nth_item_i24,nth_item,False,29,8,0.21621621621621623,6.479249117534601,0.3891930184532237,0.8441120784334992,12.015553306733377,49
b6bank,nth_item_i24,nth_item,False,29,12,0.32432432432432434,6.173990564504791,0.491657021236402,0.8170531258830926,6.099387523315205,49
b6bank,nth_item_i24,nth_item,False,29,16,0.43243243243243246,5.8450097305723805,0.608594503245105,0.8226647381127149,2.289368101438532,49
b6bank,nth_item_i24,nth_item,False,29,20,0.5405405405405406,5.166936487586952,0.7006293551566989,0.8469342854101318,1.2632683863180878,49
b6bank,nth_item_i24,nth_item,False,29,24,0.6486486486486487,4.798255126851704,0.7356086665500768,0.8470728423138479,0.6268780854141323,49
b6bank,nth_item_i24,nth_item,False,29,28,0.7567567567567568,4.778078234577402,0.7712469382799422,0.8612426570579825,0.3268590872144191,49
b6bank,nth_item_i24,nth_item,False,29,32,0.8648648648648649,4.446204715370189,0.8074751813810805,0.8554658360712697,0.19400262644739297,49
b6bank,nth_item_i24,nth_item,False,29,36,0.972972972972973,4.074915429091994,0.8339589493621336,0.8349242050875929,0.0953009990194926,49
b6bank,nth_item_i25,nth_item,False,29,0,0.0,8.497428465125758,0.28324757088388414,0.8840616936989389,35.084713383819114,50
b6bank,nth_item_i25,nth_item,False,29,4,0.10526315789473684,7.440297429014888,0.4463773239857312,0.8632977897912981,21.089596211747903,50
b6bank,nth_item_i25,nth_item,False,29,8,0.21052631578947367,5.9722045299764,0.5031316969095422,0.850656477175205,10.613475588795103,50
b6bank,nth_item_i25,nth_item,False,29,12,0.3157894736842105,5.414487041572743,0.5746258542112204,0.840311119072968,5.663072039843982,50
b6bank,nth_item_i25,nth_item,False,29,16,0.42105263157894735,5.538937071120517,0.6408736887201054,0.8327094393688507,2.612379356956926,50
b6bank,nth_item_i25,nth_item,False,29,20,0.5263157894736842,5.6072348103142025,0.6869383652464813,0.8244151286291675,1.3232584500457767,50
b6bank,nth_item_i25,nth_item,False,29,24,0.631578947368421,5.333075859471876,0.691617729915654,0.8197152346524187,0.557154441846808,50
b6bank,nth_item_i25,nth_item,False,29,28,0.7368421052631579,5.250140198958852,0.6982488551131688,0.8461643848934891,0.2667370008732107,50
b6bank,nth_item_i25,nth_item,False,29,32,0.8421052631578947,5.078711274566665,0.7389018201007734,0.8677194912762135,0.1518840845112113,50
b6bank,nth_item_i25,nth_item,False,29,36,0.9473684210526315,4.779592294675381,0.7619563498753585,0.8590579061762326,0.08712016798897901,50
b6bank,nth_item_i26,nth_item,False,29,0,0.0,9.069242209685793,0.2071427437273962,0.8885013860904047,36.47042112292041,49
b6bank,nth_item_i26,nth_item,False,29,4,0.10810810810810811,8.436291510595984,0.328834118586601,0.8596616843577836,22.270859083030736,49
b6bank,nth_item_i26,nth_item,False,29,8,0.21621621621621623,7.168957173317195,0.38111143316431556,0.8480029394522598,10.84368664659723,49
b6bank,nth_item_i26,nth_item,False,29,12,0.32432432432432434,6.97422634538709,0.448901648906695,0.8450490961678325,5.851060572304335,49
b6bank,nth_item_i26,nth_item,False,29,16,0.43243243243243246,6.665582077965855,0.5266638832262176,0.8361502734303498,2.8464606263271053,49
b6bank,nth_item_i26,nth_item,False,29,20,0.5405405405405406,6.144643864731648,0.6117877686555598,0.8269570521353159,1.3924600555573778,49
b6bank,nth_item_i26,nth_item,False,29,24,0.6486486486486487,5.573491599399123,0.6318639845395704,0.824957953560942,0.6061748376312937,49
b6bank,nth_item_i26,nth_item,False,29,28,0.7567567567567568,5.452048956220117,0.632820945425028,0.833638154647154,0.291118283956283,49
b6bank,nth_item_i26,nth_item,False,29,32,0.8648648648648649,5.346584409444132,0.6331958266742705,0.8375979095189842,0.14357822163929623,49
b6bank,nth_item_i26,nth_item,False,29,36,0.972972972972973,4.906356746417971,0.6301218435256334,0.8394003910304342,0.07133631254368397,49
b6bank,nth_item_i27,nth_item,False,29,0,0.0,8.676563728693983,0.255896101094664,0.8862716818022808,35.99985430660492,50
b6bank,nth_item_i27,nth_item,False,29,4,0.10526315789473684,7.68430918546834,0.40636824777045444,0.8601599404007034,21.619044115057775,50
b6bank,nth_item_i27,nth_item,False,29,8,0.21052631578947367,6.513727153335542,0.4693470427411263,0.8462471271380136,10.685563648680375,50
b6bank,nth_item_i27,nth_item,False,29,12,0.3157894736842105,6.358014549753093,0.5467117342995231,0.840051541112736,5.588896511245579,50
b6bank,nth_item_i27,nth_item,False,29,16,0.42105263157894735,6.102232264497846,0.6307163375042907,0.8352342477009633,2.6129045756775584,50
b6bank,nth_item_i27,nth_item,False,29,20,0.5263157894736842,6.055054707561098,0.6844833698472678,0.8238613783516494,1.3425605614588263,50
b6bank,nth_item_i27,nth_item,False,29,24,0.631578947368421,5.966447500918788,0.6860465085775244,0.8224282441928209,0.5451962248564861,50
b6bank,nth_item_i27,nth_item,False,29,28,0.7368421052631579,6.029693924437633,0.6803420022686908,0.8519364378488364,0.2707752140062001,50
b6bank,nth_item_i27,nth_item,False,29,32,0.8421052631578947,5.482301377405349,0.7134320308669099,0.8544253271059499,0.15988857790065272,50
b6bank,nth_item_i27,nth_item,False,29,36,0.9473684210526315,5.010110147754302,0.7242676730904966,0.8331451175115733,0.07990096783754769,50
b6bank,nth_item_i28,nth_item,False,29,0,0.0,8.646126561588892,0.2634640115954622,0.8928512730737385,35.594608050592285,50
b6bank,nth_item_i28,nth_item,False,29,4,0.10526315789473684,8.25746317629066,0.369585456659621,0.8669187905438236,22.80391136721367,50
b6bank,nth_item_i28,nth_item,False,29,8,0.21052631578947367,7.070306508748728,0.4204543770548159,0.8412723813443356,11.445289317526553,50
b6bank,nth_item_i28,nth_item,False,29,12,0.3157894736842105,6.496760190188741,0.5277363984717127,0.8314554498028068,5.547795185469164,50
b6bank,nth_item_i28,nth_item,False,29,16,0.42105263157894735,5.7676885776318,0.656818804024251,0.8317999356797426,2.5478167867261505,50
b6bank,nth_item_i28,nth_item,False,29,20,0.5263157894736842,5.257012951030053,0.7426877907630621,0.8272048430354483,1.2964177737137474,50
b6bank,nth_item_i28,nth_item,False,29,24,0.631578947368421,4.733283211159132,0.7735338273453294,0.8360167116731035,0.546734619443094,50
b6bank,nth_item_i28,nth_item,False,29,28,0.7368421052631579,4.834076172157665,0.782186543451559,0.8606168142946373,0.3077354403551913,50
b6bank,nth_item_i28,nth_item,False,29,32,0.8421052631578947,4.23360326402557,0.8125729081319942,0.8465987279265311,0.17423744951640457,50
b6bank,nth_item_i28,nth_item,False,29,36,0.9473684210526315,3.800009115438186,0.8256562958915147,0.817796083606287,0.08174500977902646,50
b6bank,nth_item_i29,nth_item,False,29,0,0.0,8.520016233748152,0.25643193281984444,0.886504368006119,35.31230306407272,49
b6bank,nth_item_i29,nth_item,False,29,4,0.10810810810810811,8.020935291645511,0.3820163056956254,0.8619964058607018,21.56287554256876,49
b6bank,nth_item_i29,nth_item,False,29,8,0.21621621621621623,6.829234487453427,0.43195702986996837,0.8441324082035048,10.669150159993647,49
b6bank,nth_item_i29,nth_item,False,29,12,0.32432432432432434,6.341290262586736,0.5147971359249823,0.8398062229268757,5.520595012867928,49
b6bank,nth_item_i29,nth_item,False,29,16,0.43243243243243246,5.754644671137237,0.6341641196995718,0.838386992061992,2.5970780805701863,49
b6bank,nth_item_i29,nth_item,False,29,20,0.5405405405405406,5.15391018280903,0.7170798223628426,0.8308298820636361,1.339248907480363,49
b6bank,nth_item_i29,nth_item,False,29,24,0.6486486486486487,5.078523837653128,0.7260477215984124,0.8232231451075722,0.5832569405485529,49
b6bank,nth_item_i29,nth_item,False,29,28,0.7567567567567568,5.33312277461584,0.7058912348852058,0.844375589194995,0.27882683804724523,49
b6bank,nth_item_i29,nth_item,False,29,32,0.8648648648648649,4.931405723865551,0.7366980912325233,0.8450990729284604,0.1579037024261399,49
b6bank,nth_item_i29,nth_item,False,29,36,0.972972972972973,5.163722575414033,0.7411382340821546,0.8219613421228449,0.0755409904206591,49
b6bank,nth_item_i30,nth_item,True,29,0,0.0,8.220256932448743,0.30633659260840074,0.8887651511137326,35.06464434982175,50
b6bank,nth_item_i30,nth_item,True,29,4,0.10526315789473684,7.700522874325628,0.43775979442125884,0.8602664162456353,21.039657615582364,50
b6bank,nth_item_i30,nth_item,True,29,8,0.21052631578947367,6.744279161412205,0.49492585412926116,0.8440242638160755,10.277465069221067,50
b6bank,nth_item_i30,nth_item,True,29,12,0.3157894736842105,6.058668478910876,0.5743414785506655,0.8453725124523569,5.221136597231717,50
b6bank,nth_item_i30,nth_item,True,29,16,0.42105263157894735,5.487142442197547,0.6720691868252634,0.8439681259920705,2.669290305352252,50
b6bank,nth_item_i30,nth_item,True,29,20,0.5263157894736842,4.870248086857823,0.7387019392951736,0.8265252405052201,1.3813556298833407,50
b6bank,nth_item_i30,nth_item,True,29,24,0.631578947368421,4.205554304671103,0.7590750756547918,0.8190465122686276,0.5787776999269436,50
b6bank,nth_item_i30,nth_item,True,29,28,0.7368421052631579,4.116802441727113,0.7451085704545272,0.850113950907558,0.2750682845372918,50
b6bank,nth_item_i30,nth_item,True,29,32,0.8421052631578947,4.351650664601174,0.74349685661122,0.8533483646089081,0.1650173007511944,50
b6bank,nth_item_i30,nth_item,True,29,36,0.9473684210526315,4.885087191036058,0.7256452441167032,0.8282887556091852,0.07891224020339815,50
b6bank,nth_item_i31,nth_item,False,29,0,0.0,8.414251048524338,0.2951033339473951,0.8932067314280612,34.34815970716621,50
b6bank,nth_item_i31,nth_item,False,29,4,0.10526315789473684,7.4896814967988625,0.4357203626935785,0.8685699571106256,21.490761119878712,50
b6bank,nth_item_i31,nth_item,False,29,8,0.21052631578947367,6.521625768726228,0.4881791546322198,0.8492973632298576,11.1452704912847,50
b6bank,nth_item_i31,nth_item,False,29,12,0.3157894736842105,5.950386931865908,0.5585603977878172,0.8445373059645943,5.786125479808291,50
b6bank,nth_item_i31,nth_item,False,29,16,0.42105263157894735,5.498188510346728,0.6551979604784781,0.8496890945622807,2.8237113007281156,50
b6bank,nth_item_i31,nth_item,False,29,20,0.5263157894736842,5.036542286630075,0.7298796652253935,0.8358528363690332,1.6116825164602473,50
b6bank,nth_item_i31,nth_item,False,29,24,0.631578947368421,4.780913836944482,0.7452239479160848,0.8180379120937782,0.6743282299022173,50
b6bank,nth_item_i31,nth_item,False,29,28,0.7368421052631579,5.089654432913154,0.7236200737725078,0.8537666444306212,0.30941823076392894,50
b6bank,nth_item_i31,nth_item,False,29,32,0.8421052631578947,5.139060890573565,0.7375193390206124,0.8591795421376357,0.19983945387415855,50
b6bank,nth_item_i31,nth_item,False,29,36,0.9473684210526315,5.30311493737242,0.7354618205846605,0.8301806184071601,0.09587517428839182,50
b6bank,local_last_i00,local_last,False,46,0,0.0,8.792293714369029,0.26075391323441527,0.8748624357648104,33.16025117291359,46
b6bank,local_last_i00,local_last,False,46,4,0.11764705882352941,7.859744630530972,0.41484601485344785,0.8529477746106512,17.394153441960896,46
b6bank,local_last_i00,local_last,False,46,8,0.23529411764705882,7.0078961742811305,0.47469690581537133,0.8695370009488022,9.072774055270658,46
b6bank,local_last_i00,local_last,False,46,12,0.35294117647058826,6.371211066399146,0.49150340234977724,0.8929704739523132,5.802051613095258,46
b6bank,local_last_i00,local_last,False,46,16,0.47058823529411764,6.184396698033912,0.48351691155867405,0.8838883395660325,3.866266775472262,46
b6bank,local_last_i00,local_last,False,46,20,0.5882352941176471,6.348754284025869,0.5113501545495248,0.8809605919613365,2.099486667042277,46
b6bank,local_last_i00,local_last,False,46,24,0.7058823529411765,6.104158743515997,0.47111689349508273,0.8955134700441697,1.403883667375709,46
b6bank,local_last_i00,local_last,False,46,28,0.8235294117647058,4.9879508236033185,0.4016591879225974,0.9000183896549213,0.8946322171403318,46
b6bank,local_last_i00,local_last,False,46,32,0.9411764705882353,4.104237606445576,0.33453784123433183,0.9148880029265143,0.5908451224757499,46
b6bank,local_last_i01,local_last,False,46,0,0.0,8.588055435582858,0.28981024664004057,0.8671418796142072,30.017908882656066,46
b6bank,local_last_i01,local_last,False,46,4,0.11764705882352941,7.414961046435692,0.44833125400090845,0.8512686125246538,16.39735558365789,46
b6bank,local_last_i01,local_last,False,46,8,0.23529411764705882,7.0432860225087675,0.4993538875775511,0.8453675280141789,8.160184343499045,46
b6bank,local_last_i01,local_last,False,46,12,0.35294117647058826,6.87923640204192,0.5635019823691846,0.8691621022248661,4.199617090857673,46
b6bank,local_last_i01,local_last,False,46,16,0.47058823529411764,5.820539053907196,0.6578637664702268,0.89874038061014,2.6889054257010305,46
b6bank,local_last_i01,local_last,False,46,20,0.5882352941176471,5.000481054990278,0.7340165397642943,0.8893538897220958,1.8423703252029369,46
b6bank,local_last_i01,local_last,False,46,24,0.7058823529411765,3.331073674743425,0.7870336571366117,0.8984855360060051,0.9844432244007204,46
b6bank,local_last_i01,local_last,False,46,28,0.8235294117647058,3.564326736760151,0.7884516675651269,0.9005768618722668,0.7942976572427128,46
b6bank,local_last_i01,local_last,False,46,32,0.9411764705882353,2.6749082100663353,0.841725006131884,0.9049266337143023,0.4376118571973694,46
b6bank,local_last_i02,local_last,False,46,0,0.0,8.568414517894215,0.26824565250158927,0.8725831861305189,31.959828696952833,44
b6bank,local_last_i02,local_last,False,46,4,0.125,8.161415148878826,0.40019452342684686,0.8443026726448225,17.369585918982168,44
b6bank,local_last_i02,local_last,False,46,8,0.25,7.7014544968003165,0.4402104741318294,0.8455848618381655,8.101251972602066,44
b6bank,local_last_i02,local_last,False,46,12,0.375,7.13752537911754,0.4226951030864965,0.8875924331663726,4.475798555570101,44
b6bank,local_last_i02,local_last,False,46,16,0.5,6.35856110116555,0.406727692797943,0.8946407503632575,3.1949440339201027,44
b6bank,local_last_i02,local_last,False,46,20,0.625,5.885325326367584,0.40750435032122617,0.8586187650260498,1.9338253169292767,44
b6bank,local_last_i02,local_last,False,46,24,0.75,5.61410491173189,0.4062091500733748,0.8737535236777831,0.8908787632555787,44
b6bank,local_last_i02,local_last,False,46,28,0.875,5.08108599786678,0.3686087384234091,0.9099563757391027,0.617460648521495,44
b6bank,local_last_i02,local_last,False,46,32,1.0,4.253509599329071,0.3774151967860764,0.9246038428623172,0.4332475219810037,44
b6bank,local_last_i03,local_last,False,46,0,0.0,8.297952637361497,0.29732386693472396,0.8684057557059311,30.467278917277543,46
b6bank,local_last_i03,local_last,False,46,4,0.11764705882352941,7.088053514843752,0.46685755029020015,0.8495303669453387,17.023472223144488,46
b6bank,local_last_i03,local_last,False,46,8,0.23529411764705882,6.629823411036162,0.4928811956469625,0.8622072664345064,8.208850268642616,46
b6bank,local_last_i03,local_last,False,46,12,0.35294117647058826,5.843579744064844,0.4661794455028291,0.8971853289075188,5.0192806710736955,46
b6bank,local_last_i03,local_last,False,46,16,0.47058823529411764,5.589590617687612,0.4183919877898884,0.8758631454983987,3.5743196685309457,46
b6bank,local_last_i03,local_last,False,46,20,0.5882352941176471,5.5778090989977835,0.408480206904804,0.8600829138325115,1.7378234863756692,46
b6bank,local_last_i03,local_last,False,46,24,0.7058823529411765,5.378858534987775,0.3684476427631612,0.8868163707659316,1.0403680211382624,46
b6bank,local_last_i03,local_last,False,46,28,0.8235294117647058,4.280602727117259,0.297011471103385,0.9060725767749475,0.6740280217323664,46
b6bank,local_last_i03,local_last,False,46,32,0.9411764705882353,3.477245968982095,0.23032599943892407,0.9129259178203272,0.47504503116337704,46
b6bank,local_last_i04,local_last,False,46,0,0.0,9.214281549494581,0.22920159682461874,0.8747188140851369,32.23206199724184,46
b6bank,local_last_i04,local_last,False,46,4,0.11764705882352941,7.9053032659883655,0.38578974842721797,0.8543012357361022,17.669832028165377,46
b6bank,local_last_i04,local_last,False,46,8,0.23529411764705882,6.880013856728507,0.5007590409585126,0.8571064893719221,9.145573025051906,46
b6bank,local_last_i04,local_last,False,46,12,0.35294117647058826,6.312479012766858,0.5776437482271569,0.8841963640136815,5.09211301364396,46
b6bank,local_last_i04,local_last,False,46,16,0.47058823529411764,5.051170324175546,0.6738188521015857,0.9203767210526139,3.3661064478283915,46
b6bank,local_last_i04,local_last,False,46,20,0.5882352941176471,3.854185298758612,0.7827582199991053,0.9202879718189292,2.5880066240550406,46
b6bank,local_last_i04,local_last,False,46,24,0.7058823529411765,2.8570803063356753,0.852076376374166,0.8908785851009114,1.8078062207525727,46
b6bank,local_last_i04,local_last,False,46,28,0.8235294117647058,2.57699320078496,0.8709777106300213,0.8872655308500753,0.98665884789269,46
b6bank,local_last_i04,local_last,False,46,32,0.9411764705882353,2.5938754280557372,0.8813861598370316,0.9112086245384192,0.6974496529947519,46
b6bank,local_last_i05,local_last,False,46,0,0.0,8.408694337981181,0.2986649183816162,0.8741780905022676,31.294278813986658,45
b6bank,local_last_i05,local_last,False,46,4,0.12121212121212122,7.838386563115664,0.42123104000441464,0.8418591866712091,16.885135741579333,45
b6bank,local_last_i05,local_last,False,46,8,0.24242424242424243,7.260795385587581,0.47228894112260633,0.8364377495575825,7.73513162830719,45
b6bank,local_last_i05,local_last,False,46,12,0.36363636363636365,6.348787939772968,0.5469172067770713,0.8878642455404686,3.916958903648263,45
b6bank,local_last_i05,local_last,False,46,16,0.48484848484848486,5.24510255986137,0.637270666841829,0.9011728406331504,3.184161960663164,45
b6bank,local_last_i05,local_last,False,46,20,0.6060606060606061,4.028459247124734,0.7306411924060415,0.8817065540325507,1.6713785753795514,45
b6bank,local_last_i05,local_last,False,46,24,0.7272727272727273,3.563779913628777,0.7369659842052666,0.8805264583031437,1.1445178381267223,45
b6bank,local_last_i05,local_last,False,46,28,0.8484848484848485,3.8642065403723866,0.6786629672650789,0.8690904290433464,0.6371616307299969,45
b6bank,local_last_i05,local_last,False,46,32,0.9696969696969697,4.5640063770625625,0.5741803134197212,0.8951061590876447,0.3680826066643037,45
b6bank,local_last_i06,local_last,False,46,0,0.0,8.673958547021673,0.2905285911076421,0.8789263405909413,31.214941261664165,34
b6bank,local_last_i06,local_last,False,46,4,0.18181818181818182,8.05424060099069,0.41271182065563894,0.8655510812674132,17.493112267836405,34
b6bank,local_last_i06,local_last,False,46,8,0.36363636363636365,6.947251562559559,0.4588889192717273,0.8771012571596746,9.928166589631031,34
b6bank,local_last_i06,local_last,False,46,12,0.5454545454545454,6.077833942080813,0.4489147058244388,0.8866139997921957,6.223048245356401,34
b6bank,local_last_i06,local_last,False,46,16,0.7272727272727273,5.752404436225549,0.39577931425653773,0.8810588524538482,3.7439042515524945,34
b6bank,local_last_i06,local_last,False,46,20,0.9090909090909091,5.346842900118762,0.3828311145707454,0.8993920854449952,2.126606642566439,34
b6bank,local_last_i07,local_last,False,46,0,0.0,8.498522595342328,0.2928424246701821,0.8681630945848133,30.977766837476995,41
b6bank,local_last_i07,local_last,False,46,4,0.13793103448275862,7.447181408443415,0.45567515955855736,0.8649709101902203,16.808173348829428,41
b6bank,local_last_i07,local_last,False,46,8,0.27586206896551724,7.050546175252983,0.498516700675062,0.8878926199227484,9.760007273184424,41
b6bank,local_last_i07,local_last,False,46,12,0.41379310344827586,6.780688993229011,0.4790804332602984,0.9079514348149925,6.579915307418235,41
b6bank,local_last_i07,local_last,False,46,16,0.5517241379310345,5.814141948345121,0.4235696062079039,0.9177706157294202,4.358393454755904,41
b6bank,local_last_i07,local_last,False,46,20,0.6896551724137931,4.721871588197898,0.358543496996124,0.9139458697479739,3.3075747835320675,41
b6bank,local_last_i07,local_last,False,46,24,0.8275862068965517,3.576083248339724,0.27488388475633774,0.9182651860991577,2.1743507917922824,41
b6bank,local_last_i07,local_last,False,46,28,0.9655172413793104,2.9122615243995287,0.181109809043446,0.9267279881512922,1.6971404147896765,41
b6bank,local_last_i08,local_last,False,46,0,0.0,8.898088752953901,0.25325282902361085,0.8695290958234958,32.307333620148185,41
b6bank,local_last_i08,local_last,False,46,4,0.13793103448275862,8.09512635657881,0.38915425873707377,0.8418551031028448,16.84791531546285,41
b6bank,local_last_i08,local_last,False,46,8,0.27586206896551724,7.488099257301975,0.41578967038306663,0.8631063687141424,7.783347140988175,41
b6bank,local_last_i08,local_last,False,46,12,0.41379310344827586,6.911187709188459,0.45115245247371316,0.9066078320536223,5.175968888898977,41
b6bank,local_last_i08,local_last,False,46,16,0.5517241379310345,6.441403999633536,0.4657611066070438,0.9046843149695617,3.8422386647601376,41
b6bank,local_last_i08,local_last,False,46,20,0.6896551724137931,5.590086083362506,0.4888648466124792,0.9113858876192353,2.249869627626127,41
b6bank,local_last_i08,local_last,False,46,24,0.8275862068965517,4.684140197729576,0.37368868022063906,0.9170876046694714,1.7856091138028676,41
b6bank,local_last_i08,local_last,False,46,28,0.9655172413793104,3.4426271671991313,0.25229080491227546,0.9178041683843846,1.1607644535933253,41
b6bank,local_last_i09,local_last,True,46,0,0.0,8.238549049861998,0.28472251629499784,0.8706822204464918,31.00911066999844,46
b6bank,local_last_i09,local_last,True,46,4,0.11764705882352941,7.3540292831080185,0.42035800615911206,0.8527125851197879,17.147194926710497,46
b6bank,local_last_i09,local_last,True,46,8,0.23529411764705882,7.138119265568797,0.44501307189104705,0.8548986318119491,8.65396399119221,46
b6bank,local_last_i09,local_last,True,46,12,0.35294117647058826,6.651707876960186,0.4846709814576391,0.8860487230241407,4.810388474669894,46
b6bank,local_last_i09,local_last,True,46,16,0.47058823529411764,5.7537937011152716,0.5662445797767729,0.9007431455584464,3.270068164743206,46
b6bank,local_last_i09,local_last,True,46,20,0.5882352941176471,5.341723086634138,0.6641348236777546,0.8734760071230837,2.1254512049232943,46
b6bank,local_last_i09,local_last,True,46,24,0.7058823529411765,4.119771064131808,0.7427713151484386,0.8744818184363929,1.0432570159627192,46
b6bank,local_last_i09,local_last,True,46,28,0.8235294117647058,3.861032577037634,0.7845760404094839,0.8871913690471104,0.7403494419452095,46
b6bank,local_last_i09,local_last,True,46,32,0.9411764705882353,2.7819169076660573,0.8581108786475727,0.8912144465886055,0.4068563079300942,46
b6bank,local_last_i10,local_last,True,46,0,0.0,8.277393396285314,0.29242366594878105,0.8648680183249681,31.6312061431115,42
b6bank,local_last_i10,local_last,True,46,4,0.13333333333333333,7.326503764153267,0.43889234750021194,0.8429163626878557,16.236936556908063,42
b6bank,local_last_i10,local_last,True,46,8,0.26666666666666666,6.695678868413826,0.48999071305197267,0.8507516719705782,7.904991670357955,42
b6bank,local_last_i10,local_last,True,46,12,0.4,6.284769598047839,0.5257274448964476,0.8722176641218441,4.419045525857909,42
b6bank,local_last_i10,local_last,True,46,16,0.5333333333333333,5.553174895510818,0.5884016440185468,0.8724899988864047,2.701141398375496,42
b6bank,local_last_i10,local_last,True,46,20,0.6666666666666666,5.434398026664299,0.6421682596997361,0.8713467849008799,1.5045467131569765,42
b6bank,local_last_i10,local_last,True,46,24,0.8,5.650230113033384,0.6758876097835835,0.8883262915675699,0.8550411363740578,42
b6bank,local_last_i10,local_last,True,46,28,0.9333333333333333,4.919484109594746,0.7348276506936543,0.8997381615486378,0.5767237760552291,42
b6bank,local_last_i11,local_last,False,46,0,0.0,8.809946472039302,0.2857657140322686,0.8675927015854371,31.015911225492573,35
b6bank,local_last_i11,local_last,False,46,4,0.17391304347826086,7.87077335663422,0.43222691620960896,0.8627078337052271,16.435310851416467,35
b6bank,local_last_i11,local_last,False,46,8,0.34782608695652173,7.453766521649283,0.4836642634610521,0.8785286471825577,9.63380158882682,35
b6bank,local_last_i11,local_last,False,46,12,0.5217391304347826,7.107868435809667,0.4854365475937257,0.9045726934235812,5.627400057571359,35
b6bank,local_last_i11,local_last,False,46,16,0.6956521739130435,6.336460335778975,0.44854734819470143,0.9192005082670935,4.10984807262838,35
b6bank,local_last_i11,local_last,False,46,20,0.8695652173913043,5.150321010572878,0.3793870193844967,0.9145703426900733,2.931353921283619,35
b6bank,local_last_i12,local_last,False,46,0,0.0,8.801132752891057,0.2657834520905068,0.8714885605459218,32.73561566281667,30
b6bank,local_last_i12,local_last,False,46,4,0.2222222222222222,8.444401760158438,0.37154862041894515,0.8501827160491952,17.198200835937044,30
b6bank,local_last_i12,local_last,False,46,8,0.4444444444444444,7.918370177431578,0.3898279013279639,0.8657306866872645,8.920423675714186,30
b6bank,local_last_i12,local_last,False,46,12,0.6666666666666666,6.896492787246664,0.34928381292660293,0.9110162908942722,5.301315867160536,30
b6bank,local_last_i12,local_last,False,46,16,0.8888888888888888,5.105839356797171,0.2882586055370412,0.9343389427483395,4.199892562102796,30
b6bank,local_last_i13,local_last,True,46,0,0.0,8.774413345285518,0.2545547614944508,0.8774937073685738,33.38087758191851,47
b6bank,local_last_i13,local_last,True,46,4,0.11428571428571428,7.643629962722015,0.4027183160441568,0.845451801898713,17.90506216319156,47
b6bank,local_last_i13,local_last,True,46,8,0.22857142857142856,6.594627991458938,0.46881767866348995,0.8526132841579783,8.482797251001788,47
b6bank,local_last_i13,local_last,True,46,12,0.34285714285714286,6.030747201255563,0.5057260651140972,0.875482048395803,4.963888447955622,47
b6bank,local_last_i13,local_last,True,46,16,0.45714285714285713,6.20028499746552,0.5256676460381462,0.8844781482610837,3.049359879257703,47
b6bank,local_last_i13,local_last,True,46,20,0.5714285714285714,6.356136781499171,0.5674591726322322,0.9059146450169588,1.7690317394993897,47
b6bank,local_last_i13,local_last,True,46,24,0.6857142857142857,5.821087023321788,0.5371491084333477,0.9008281235941181,1.4126818727518549,47
b6bank,local_last_i13,local_last,True,46,28,0.8,5.09940116278815,0.5169461260814072,0.8854292596031029,0.7877172333202216,47
b6bank,local_last_i13,local_last,True,46,32,0.9142857142857143,5.125527359856757,0.5079166158158034,0.9032217663141466,0.5365440769480756,47
b6bank,local_last_i14,local_last,False,46,0,0.0,8.688768278385053,0.2839582445123361,0.8677570999388248,31.385142235605645,45
b6bank,local_last_i14,local_last,False,46,4,0.12121212121212122,7.39532073262805,0.45686865857690134,0.8531597073113573,16.542764471737115,45
b6bank,local_last_i14,local_last,False,46,8,0.24242424242424243,6.838264402140135,0.5477422422651042,0.8531587648546661,8.755174383113854,45
b6bank,local_last_i14,local_last,False,46,12,0.36363636363636365,6.791414596286255,0.5991671337051151,0.8758505882322046,4.5589316412849525,45
b6bank,local_last_i14,local_last,False,46,16,0.48484848484848486,5.844344990090032,0.6522886004886987,0.9209692372907965,3.0321362801399196,45
b6bank,local_last_i14,local_last,False,46,20,0.6060606060606061,5.168064017932164,0.6900087443952062,0.9298718324932442,2.365877045454744,45
b6bank,local_last_i14,local_last,False,46,24,0.7272727272727273,4.550100548407976,0.6520422788953876,0.912376429598089,1.7303441993264927,45
b6bank,local_last_i14,local_last,False,46,28,0.8484848484848485,4.949974342752351,0.575420064462888,0.9066413926647497,1.123263356043903,45
b6bank,local_last_i14,local_last,False,46,32,0.9696969696969697,4.97581996207819,0.5227393972281548,0.9162075504976142,0.8059628166599162,45
b6bank,local_last_i15,local_last,False,46,0,0.0,8.750477974320896,0.26284691664249976,0.868099501163785,32.43278044820015,40
b6bank,local_last_i15,local_last,False,46,4,0.14285714285714285,8.249115957632828,0.4070178851791973,0.8441077660008293,16.390843425038288,40
b6bank,local_last_i15,local_last,False,46,8,0.2857142857142857,7.951690593421,0.47786935338920616,0.8496329097999039,8.35006563670925,40
b6bank,local_last_i15,local_last,False,46,12,0.42857142857142855,7.624331937382026,0.4974465215129611,0.8960667801921159,4.341222376215712,40
b6bank,local_last_i15,local_last,False,46,16,0.5714285714285714,7.0194048367705335,0.5117075995780932,0.9225771199033024,3.374909102794102,40
b6bank,local_last_i15,local_last,False,46,20,0.7142857142857143,6.166736293011091,0.5159273978415229,0.8983195537323042,2.364326448897451,40
b6bank,local_last_i15,local_last,False,46,24,0.8571428571428571,5.020088944613577,0.4454364639259623,0.8972849709285011,1.3958667927864443,40
b6bank,local_last_i15,local_last,False,46,28,1.0,3.966757162297136,0.3171077750669063,0.9213994808719455,0.9599417415027374,40
b6bank,local_last_i16,local_last,False,46,0,0.0,8.612168077067459,0.29953277878610396,0.8660911416815315,30.761183049452583,43
b6bank,local_last_i16,local_last,False,46,4,0.12903225806451613,7.44906727383235,0.4687780409700137,0.858831698411401,16.188415497666924,43
b6bank,local_last_i16,local_last,False,46,8,0.25806451612903225,6.721002915985285,0.5521940909104588,0.8646392110129475,9.054661321070206,43
b6bank,local_last_i16,local_last,False,46,12,0.3870967741935484,6.879682577179057,0.5594366106471775,0.8842619357698253,4.894841451451818,43
b6bank,local_last_i16,local_last,False,46,16,0.5161290322580645,6.299551516095752,0.5928455918821641,0.9012317210571087,3.2328978862797544,43
b6bank,local_last_i16,local_last,False,46,20,0.6451612903225806,5.678376883812342,0.6423023582205996,0.8706864032567859,2.222771112993395,43
b6bank,local_last_i16,local_last,False,46,24,0.7741935483870968,4.749726959194264,0.6696997309274267,0.8628994199528365,1.0733098699996206,43
b6bank,local_last_i16,local_last,False,46,28,0.9032258064516129,5.333534120732695,0.5943197631391426,0.8893329720942067,0.6763689884806143,43
b6bank,local_last_i17,local_last,False,46,0,0.0,8.269447540282195,0.31943517307305175,0.8648818199629423,28.16224069503232,46
b6bank,local_last_i17,local_last,False,46,4,0.11764705882352941,7.231884534435542,0.4849202448634138,0.856718397730068,16.055274616310253,46
b6bank,local_last_i17,local_last,False,46,8,0.23529411764705882,6.798248812644734,0.5479986207563422,0.8605556505774012,7.962189616253651,46
b6bank,local_last_i17,local_last,False,46,12,0.35294117647058826,6.556312113458829,0.5744688138005954,0.8834592156233614,4.922030968920222,46
b6bank,local_last_i17,local_last,False,46,16,0.47058823529411764,5.860565291277091,0.592044613553005,0.8795206472200255,3.097561829006689,46
b6bank,local_last_i17,local_last,False,46,20,0.5882352941176471,5.820570686992126,0.5778203456811281,0.8723175512440066,1.6842094130856138,46
b6bank,local_last_i17,local_last,False,46,24,0.7058823529411765,5.212632732335082,0.59722677782471,0.8888576629466488,0.990878977517484,46
b6bank,local_last_i17,local_last,False,46,28,0.8235294117647058,5.129890045571242,0.571054616892929,0.9103797558810421,0.6888127718261446,46
b6bank,local_last_i17,local_last,False,46,32,0.9411764705882353,4.369552664440365,0.5607624630091048,0.9168045205594777,0.48495664384604475,46
b6bank,local_last_i18,local_last,False,46,0,0.0,8.892015667010764,0.2366826023324724,0.8771039478300903,33.30180431428795,41
b6bank,local_last_i18,local_last,False,46,4,0.13793103448275862,8.416300021045497,0.3735518628240156,0.8623120483865532,18.255571155968802,41
b6bank,local_last_i18,local_last,False,46,8,0.27586206896551724,7.744629765933173,0.41596187528200984,0.87833417836399,10.181652937942165,41
b6bank,local_last_i18,local_last,False,46,12,0.41379310344827586,6.714644837887907,0.4166150619887571,0.8931705701429168,6.359293442640454,41
b6bank,local_last_i18,local_last,False,46,16,0.5517241379310345,5.221628121696222,0.35890249124225204,0.8995359663067571,3.8585140184466233,41
b6bank,local_last_i18,local_last,False,46,20,0.6896551724137931,4.235060953133209,0.29473276636563506,0.9115539188748687,2.7217062463754473,41
b6bank,local_last_i18,local_last,False,46,24,0.8275862068965517,3.3633091474282355,0.2169515537651982,0.9274542744432515,1.8654230064538928,41
b6bank,local_last_i18,local_last,False,46,28,0.9655172413793104,2.709509913392474,0.14884782712674863,0.9433860061145852,1.4999695446813268,41
b6bank,local_last_i19,local_last,False,46,0,0.0,8.553316496613215,0.2633706711067495,0.8711206228838579,32.85607715842187,45
b6bank,local_last_i19,local_last,False,46,4,0.12121212121212122,7.44596676499639,0.427676377622247,0.8493795202950347,18.24946509262948,45
b6bank,local_last_i19,local_last,False,46,8,0.24242424242424243,6.716289404447178,0.4790507754480949,0.8483509320455203,8.853606889088951,45
b6bank,local_last_i19,local_last,False,46,12,0.36363636363636365,6.393123998069749,0.4899197059007717,0.8771863956088473,4.748113742276281,45
b6bank,local_last_i19,local_last,False,46,16,0.48484848484848486,5.726740758705869,0.4820339817341699,0.8872742197330061,3.1473228068180887,45
b6bank,local_last_i19,local_last,False,46,20,0.6060606060606061,5.425416737257355,0.4577458559734074,0.8690430406822883,1.8723606175541923,45
b6bank,local_last_i19,local_last,False,46,24,0.7272727272727273,5.499295365523926,0.3872396768372895,0.8667487532046012,1.0002865057125239,45
b6bank,local_last_i19,local_last,False,46,28,0.8484848484848485,4.646139824091259,0.32540220097340755,0.8882112009165226,0.5758950207035627,45
b6bank,local_last_i19,local_last,False,46,32,0.9696969696969697,4.217647848372558,0.3206923571655713,0.9118420441208656,0.3965323448824279,45
b6bank,local_last_i20,local_last,False,46,0,0.0,8.596786820229005,0.2754514084691349,0.8691514029970427,32.05910222501624,47
b6bank,local_last_i20,local_last,False,46,4,0.11428571428571428,7.592527119943955,0.4398777144984188,0.8493469174928964,16.749935479169856,47
b6bank,local_last_i20,local_last,False,46,8,0.22857142857142856,7.214144181307463,0.5150341238214774,0.8435239417700257,8.688910857709082,47
b6bank,local_last_i20,local_last,False,46,12,0.34285714285714286,6.837616772179266,0.5558798001418305,0.8668617408665003,4.283114912481346,47
b6bank,local_last_i20,local_last,False,46,16,0.45714285714285713,6.160606972736316,0.5529748863200007,0.9078684264071248,2.7245683869570962,47
b6bank,local_last_i20,local_last,False,46,20,0.5714285714285714,6.23927462698067,0.5251866321139668,0.9040990821010059,2.025027502975062,47
b6bank,local_last_i20,local_last,False,46,24,0.6857142857142857,5.672887798586809,0.46236458886575993,0.8896136133837331,1.208913215150846,47
b6bank,local_last_i20,local_last,False,46,28,0.8,4.854904131469109,0.3935144830496174,0.9022332719329165,0.8088495051871039,47
b6bank,local_last_i20,local_last,False,46,32,0.9142857142857143,4.229248588040938,0.37202986711981884,0.9098956433380709,0.5534809931657168,47
b6bank,local_last_i21,local_last,False,46,0,0.0,8.909074789323602,0.25953124218037976,0.8684298182074655,30.96326853512437,43
b6bank,local_last_i21,local_last,False,46,4,0.12903225806451613,7.9050043057190695,0.40233558344248715,0.8466022475011549,16.232770639713035,43
b6bank,local_last_i21,local_last,False,46,8,0.25806451612903225,7.457535167299546,0.4382556535808673,0.8784419633327635,7.870465501985577,43
b6bank,local_last_i21,local_last,False,46,12,0.3870967741935484,6.931532519023107,0.4519464774886485,0.9179251484482269,5.836705238233664,43
b6bank,local_last_i21,local_last,False,46,16,0.5161290322580645,5.871633318827577,0.4531619348941374,0.9122231719775659,4.2788654419079855,43
b6bank,local_last_i21,local_last,False,46,20,0.6451612903225806,5.190372229299954,0.5184592697858293,0.9182574065739453,2.710129513213902,43
b6bank,local_last_i21,local_last,False,46,24,0.7741935483870968,5.099618924212715,0.49096743137333976,0.9181461651723666,2.1739449335375163,43
b6bank,local_last_i21,local_last,False,46,28,0.9032258064516129,4.231440383068654,0.46479139343182835,0.9188748456597813,1.356784676331479,43
b6bank,local_last_i22,local_last,False,46,0,0.0,8.496113362096873,0.30907816278273864,0.8651277596029494,30.133917907160587,37
b6bank,local_last_i22,local_last,False,46,4,0.16,7.475380619977106,0.4595007178123138,0.8654727857303637,16.300806361490153,37
b6bank,local_last_i22,local_last,False,46,8,0.32,6.859038546415895,0.4582261121632053,0.8830621237614384,9.788086751118117,37
b6bank,local_last_i22,local_last,False,46,12,0.48,6.667332851409211,0.4317125131095713,0.8947671667583494,6.023635364790696,37
b6bank,local_last_i22,local_last,False,46,16,0.64,6.2392011734618205,0.443751852571884,0.9061941855426948,3.856262922117484,37
b6bank,local_last_i22,local_last,False,46,20,0.8,5.962958361159139,0.489676142699649,0.9079150684158537,2.7070019476622065,37
b6bank,local_last_i22,local_last,False,46,24,0.96,4.872315117450546,0.447089999688484,0.9164811049043703,1.8088293633997008,37
b6bank,local_last_i23,local_last,True,46,0,0.0,8.619969878792116,0.258794128502618,0.8797359369383508,33.40084433437811,45
b6bank,local_last_i23,local_last,True,46,4,0.12121212121212122,7.682986807561619,0.4161238495853521,0.8537210405702977,18.813368534806784,45
b6bank,local_last_i23,local_last,True,46,8,0.24242424242424243,7.403060062100139,0.4808728530347101,0.8495870385597228,9.372598507729784,45
b6bank,local_last_i23,local_last,True,46,12,0.36363636363636365,6.584463940409809,0.5335075554576786,0.8825009782896641,4.945768439897771,45
b6bank,local_last_i23,local_last,True,46,16,0.48484848484848486,5.7035791471136426,0.5735818826659732,0.9208190481821551,3.3188375922190083,45
b6bank,local_last_i23,local_last,True,46,20,0.6060606060606061,5.087405353199992,0.6073687494598262,0.9159695136050239,2.6704284675971137,45
b6bank,local_last_i23,local_last,True,46,24,0.7272727272727273,3.836895776118138,0.6468922525110865,0.9145035843800942,1.6039134375282567,45
b6bank,local_last_i23,local_last,True,46,28,0.8484848484848485,3.848744757827076,0.6591656670723366,0.910580092500476,1.2988728713742166,45
b6bank,local_last_i23,local_last,True,46,32,0.9696969696969697,2.944500531618121,0.7272634965632303,0.8976203689050759,0.7537553400078221,45
b6bank,local_last_i24,local_last,False,46,0,0.0,8.423863083917862,0.286125298252562,0.8731679212246879,31.97659136712345,45
b6bank,local_last_i24,local_last,False,46,4,0.12121212121212122,7.455969356577294,0.437046457567889,0.8442190126070221,16.823849480576637,45
b6bank,local_last_i24,local_last,False,46,8,0.24242424242424243,6.995363387840225,0.4956850991123014,0.826739485583802,8.274876745429271,45
b6bank,local_last_i24,local_last,False,46,12,0.36363636363636365,7.121627935887483,0.4915484829978185,0.8457745250672741,3.6477052336522675,45
b6bank,local_last_i24,local_last,False,46,16,0.48484848484848486,7.468987909015425,0.485361472883868,0.8837328935800974,2.222019807825689,45
b6bank,local_last_i24,local_last,False,46,20,0.6060606060606061,7.1365727751762,0.46930322852344464,0.8918944202329625,1.3799147847635538,45
b6bank,local_last_i24,local_last,False,46,24,0.7272727272727273,6.268983326120986,0.4203280446461042,0.893244369198781,0.8613432026226507,45
b6bank,local_last_i24,local_last,False,46,28,0.8484848484848485,4.865264302310845,0.3489330446652823,0.9016908351804271,0.5660762468814428,45
b6bank,local_last_i24,local_last,False,46,32,0.9696969696969697,3.740237843307208,0.2716968918270744,0.9081144449208067,0.39110797642393014,45
b6bank,local_last_i25,local_last,False,46,0,0.0,8.385744333877344,0.28673361187995816,0.8734650335495644,31.016682839541495,44
b6bank,local_last_i25,local_last,False,46,4,0.125,7.688228989029813,0.4241559737973141,0.8601487233490375,17.488253560108475,44
b6bank,local_last_i25,local_last,False,46,8,0.25,7.557983679253369,0.43631165172085046,0.8536618366076417,9.180838748403023,44
b6bank,local_last_i25,local_last,False,46,12,0.375,7.241131460482147,0.4386519268680848,0.8802055139492757,4.882192761811015,44
b6bank,local_last_i25,local_last,False,46,16,0.5,6.731633539075419,0.4724574346885149,0.8826441477844211,3.382576288750891,44
b6bank,local_last_i25,local_last,False,46,20,0.625,5.991916948011419,0.5614842116326626,0.8476287264116105,1.8353244668430937,44
b6bank,local_last_i25,local_last,False,46,24,0.75,5.632393869614299,0.6212119724301748,0.8437676188552481,0.864310037656546,44
b6bank,local_last_i25,local_last,False,46,28,0.875,5.208455926681905,0.6560747269202383,0.8654794703706368,0.45236770438775076,44
b6bank,local_last_i25,local_last,False,46,32,1.0,5.4212170512357885,0.666997248481577,0.8704334192918753,0.27981787803064606,44
b6bank,local_last_i26,local_last,False,46,0,0.0,8.382417817800311,0.31616407793283924,0.8627463184725068,28.680188494598703,48
b6bank,local_last_i26,local_last,False,46,4,0.1111111111111111,6.8359565776081075,0.4888534546341658,0.8591114419771384,15.580727310652325,48
b6bank,local_last_i26,local_last,False,46,8,0.2222222222222222,6.487230159149015,0.5597526465219304,0.8569114742767928,8.368142188779848,48
b6bank,local_last_i26,local_last,False,46,12,0.3333333333333333,5.877069660203183,0.6228202041445453,0.8837810355655836,4.420963956709777,48
b6bank,local_last_i26,local_last,False,46,16,0.4444444444444444,5.297570802759878,0.684047130538612,0.911864636054215,3.047750310983088,48
b6bank,local_last_i26,local_last,False,46,20,0.5555555555555556,4.920434032483619,0.7318833424353691,0.8897563880458269,2.21905442282774,48
b6bank,local_last_i26,local_last,False,46,24,0.6666666666666666,3.605052983631715,0.7739927437805516,0.8906242233994637,1.1233221084543303,48
b6bank,local_last_i26,local_last,False,46,28,0.7777777777777778,3.5449094772740937,0.8012949822822134,0.9121860664186217,0.8807298595961202,48
b6bank,local_last_i26,local_last,False,46,32,0.8888888888888888,2.6503376731381354,0.8568918594794422,0.8963978191406948,0.5572621447568646,48
b6bank,local_last_i26,local_last,False,46,36,1.0,2.429924710540052,0.8604741750997367,0.8945998712118657,0.3786012916903021,48
b6bank,local_last_i27,local_last,True,46,0,0.0,8.477368558163732,0.2477029195574431,0.8778418069086569,33.297500803248184,47
b6bank,local_last_i27,local_last,True,46,4,0.11428571428571428,7.576897812643932,0.368576795903359,0.8670628778966117,19.0963380041108,47
b6bank,local_last_i27,local_last,True,46,8,0.22857142857142856,6.72837461701291,0.3987962672147148,0.8756877582285876,10.122342400367284,47
b6bank,local_last_i27,local_last,True,46,12,0.34285714285714286,6.030863758240349,0.44429597241009855,0.8928464616083601,6.445271324321675,47
b6bank,local_last_i27,local_last,True,46,16,0.45714285714285713,5.470912128929885,0.4673044810116412,0.8898578250655111,4.184899538384108,47
b6bank,local_last_i27,local_last,True,46,20,0.5714285714285714,6.169213066856799,0.5154390166007072,0.8864538847975247,2.5099787553540667,47
b6bank,local_last_i27,local_last,True,46,24,0.6857142857142857,6.535348345075056,0.48897550577704424,0.8801509120221631,1.609232627359364,47
b6bank,local_last_i27,local_last,True,46,28,0.8,5.973331166708215,0.4566063399550545,0.8808933167964021,0.9000847854012004,47
b6bank,local_last_i27,local_last,True,46,32,0.9142857142857143,5.42792344480466,0.4280018574466275,0.8887445290122522,0.5921723061989876,47
b6bank,local_last_i28,local_last,False,46,0,0.0,8.694362381462549,0.2632891338295317,0.8687286509713523,31.212451903219332,48
b6bank,local_last_i28,local_last,False,46,4,0.1111111111111111,7.811841736053776,0.4192253850221465,0.8442825761955969,16.722283203120146,48
b6bank,local_last_i28,local_last,False,46,8,0.2222222222222222,7.526015341499474,0.4489870273602337,0.8369743716517115,7.981226889999901,48
b6bank,local_last_i28,local_last,False,46,12,0.3333333333333333,7.344600062253067,0.4964420354970312,0.8662808567031122,3.942431795996007,48
b6bank,local_last_i28,local_last,False,46,16,0.4444444444444444,7.021054615944204,0.5590299646396816,0.9069960693689866,2.5281077595025296,48
b6bank,local_last_i28,local_last,False,46,20,0.5555555555555556,6.174907469442561,0.6486815198626726,0.8985486953502053,1.832174307092568,48
b6bank,local_last_i28,local_last,False,46,24,0.6666666666666666,5.073616433266053,0.6811457874751351,0.8804469538202178,1.0700027950529167,48
b6bank,local_last_i28,local_last,False,46,28,0.7777777777777778,5.124545614534609,0.6552107981294854,0.8768661412727595,0.6506650887648028,48
b6bank,local_last_i28,local_last,False,46,32,0.8888888888888888,5.448109421966649,0.6154065242334871,0.8677492262818826,0.3921445365329671,48
b6bank,local_last_i28,local_last,False,46,36,1.0,5.415324775506856,0.5503735171274081,0.8687911371620203,0.21006761270906726,48
b6bank,local_last_i29,local_last,True,46,0,0.0,8.935644775200863,0.2765648730373655,0.8724364064864913,31.246065460629755,38
b6bank,local_last_i29,local_last,True,46,4,0.15384615384615385,8.274890147075018,0.4108963173729461,0.8512553124621204,16.685390008645317,38
b6bank,local_last_i29,local_last,True,46,8,0.3076923076923077,7.527394821542196,0.4902678943595829,0.8588386740906652,8.57196577656234,38
b6bank,local_last_i29,local_last,True,46,12,0.46153846153846156,6.766992888614069,0.5652824428327844,0.8803103846929413,4.996501229792918,38
b6bank,local_last_i29,local_last,True,46,16,0.6153846153846154,6.358571271964302,0.5808083689800071,0.8785783264781848,3.2081346723046487,38
b6bank,local_last_i29,local_last,True,46,20,0.7692307692307693,5.970349678302852,0.5859106781182082,0.8717314245201649,1.7742375363383893,38
b6bank,local_last_i29,local_last,True,46,24,0.9230769230769231,5.814025554665085,0.4961776879785191,0.8808921042100107,1.0574172758114548,38
b6bank,local_last_i30,local_last,False,46,0,0.0,8.419598791515044,0.28462566114432186,0.8812574156193685,32.37691358193796,47
b6bank,local_last_i30,local_last,False,46,4,0.11428571428571428,7.312079509511753,0.4210830062770457,0.8582255897446477,18.471390506475093,47
b6bank,local_last_i30,local_last,False,46,8,0.22857142857142856,6.631593511997543,0.46809985734146925,0.8406939691640328,9.50047511032492,47
b6bank,local_last_i30,local_last,False,46,12,0.34285714285714286,6.548154141683797,0.47214722840855644,0.8632247403905938,4.539379957281655,47
b6bank,local_last_i30,local_last,False,46,16,0.45714285714285713,6.5502872588874075,0.46666500477010797,0.8985307191014609,2.9370279934594365,47
b6bank,local_last_i30,local_last,False,46,20,0.5714285714285714,6.4349055106441,0.4550025374832467,0.8935839351517221,1.95163900662157,47
b6bank,local_last_i30,local_last,False,46,24,0.6857142857142857,5.631373224688635,0.4199354310824834,0.8854809697634908,1.1911628088894246,47
b6bank,local_last_i30,local_last,False,46,28,0.8,4.986463043268959,0.3716330110123241,0.8887361517929425,0.7475380571505537,47
b6bank,local_last_i30,local_last,False,46,32,0.9142857142857143,4.337676684877923,0.3394366370299816,0.8934294891957815,0.4656790282046385,47
b6bank,local_last_i31,local_last,False,46,0,0.0,8.623352415957289,0.2591888179351066,0.8734310904765525,32.25703288383781,45
b6bank,local_last_i31,local_last,False,46,4,0.12121212121212122,7.3666067716442765,0.42774741298345265,0.861156927334845,17.411195517897923,45
b6bank,local_last_i31,local_last,False,46,8,0.24242424242424243,6.286553373594303,0.5369586287279181,0.8707963014354407,9.55230334192495,45
b6bank,local_last_i31,local_last,False,46,12,0.36363636363636365,6.076263455343947,0.5984153563906521,0.8841699910250626,5.7890316617183615,45
b6bank,local_last_i31,local_last,False,46,16,0.48484848484848486,5.8698809645664465,0.6180998413915034,0.8962835192137183,3.5003394165192683,45
b6bank,local_last_i31,local_last,False,46,20,0.6060606060606061,5.77796658578091,0.6560853120737341,0.9038868538452812,2.334453160280263,45
b6bank,local_last_i31,local_last,False,46,24,0.7272727272727273,4.975940809737157,0.6724864438354669,0.8878436489240088,1.6246505522836143,45
b6bank,local_last_i31,local_last,False,46,28,0.8484848484848485,4.5197580071053745,0.6607383111428723,0.8781900309145698,0.9044863918655329,45
b6bank,local_last_i31,local_last,False,46,32,0.9696969696969697,5.360713347539172,0.6211888597295606,0.8785713178273596,0.5850120892251354,45
