task,n_ops,num_steps,init_seed,variant,observed,null_mean,null_std,z_score,p_value
count_ones,16,128,0,W1_centroid,0.6393301236769856,0.6739976344783473,0.004577368917523513,-7.57367636867639,1.0
count_ones,16,128,0,W2_fixedpoint,2.591267136894015,0.414691693619101,0.34212554226270586,6.361920331582843,0.0
count_ones,16,128,0,W3_sphere,0.12538081979544058,0.9524786831300723,0.0031530255437031396,-262.31879566799466,1.0
count_ones,16,128,0,W4_turn2d_signed,1.6248365954058557,0.8087924260111672,0.612706689575592,1.3318675693910633,0.08
count_ones,16,128,0,W5_turnfull_unsigned,33.9954472896296,30.49989874079877,0.02280058662535557,153.30958831311736,0.0
count_ones,16,128,0,W6_pc23,1.12959045720815,1.230930384419788,0.004266540713697165,-23.752246611944788,1.0
count_ones,16,128,0,W7_absturn_fixedpt,8.905197916223813,1.4730842270978581,0.3954803348270873,18.792625156382147,0.0
count_ones,16,128,0,W8_absturn_centroid,0.814620542158965,0.6797584666535732,0.003629292360241333,37.159330833414586,0.0
count_ones,16,128,0,W9_windowed_maxnet,1.6787061878023275,0.498697031722845,0.25320839965748715,4.660229114340878,0.0
count_ones,16,128,1,W1_centroid,0.6478975789917101,0.6624538187820859,0.005068680897159767,-2.8718003925897904,1.0
count_ones,16,128,1,W2_fixedpoint,1.5732193191108383,0.3899596307084288,0.32352767905134683,3.657367715405319,0.0
count_ones,16,128,1,W3_sphere,1.0685938558275108,0.9539555761174461,0.002977276311241401,38.50441400995303,0.0
count_ones,16,128,1,W4_turn2d_signed,10.43611202007527,0.920489152026919,0.7195584470815395,13.224252882643254,0.0
count_ones,16,128,1,W5_turnfull_unsigned,35.144833834514884,30.496365874784146,0.024032617488802265,193.42329073795813,0.0
count_ones,16,128,1,W6_pc23,1.1638536152357992,1.2323918052583327,0.003398945299883532,-20.16454634467992,1.0
count_ones,16,128,1,W7_absturn_fixedpt,7.966846116821808,1.5176861439909723,0.449484103046308,14.347915597287347,0.0
count_ones,16,128,1,W8_absturn_centroid,0.8879905756004228,0.6690979902173101,0.004467783772861697,48.99354948928248,0.0
count_ones,16,128,1,W9_windowed_maxnet,1.473087701719841,0.4723507421522908,0.22007246091775637,4.547306625255294,0.0
count_ones,16,128,2,W1_centroid,0.3822994607885819,0.6731787166047425,0.004839867041053806,-60.10067081363999,1.0
count_ones,16,128,2,W2_fixedpoint,5.0754545132507545,0.44828707282413693,0.3408777801050695,13.574271221199503,0.0
count_ones,16,128,2,W3_sphere,0.11347707189010901,0.9494805413051887,0.0033763219218772055,-247.60774853787314,1.0
count_ones,16,128,2,W4_turn2d_signed,10.023279840844387,0.8183925921511991,0.5602076716544067,16.431205273411006,0.0
count_ones,16,128,2,W5_turnfull_unsigned,34.967462613868726,30.4944984055379,0.025342807066962233,176.49837275374037,0.0
count_ones,16,128,2,W6_pc23,1.176212408358013,1.228605498519114,0.0034631374958510332,-15.128792958370784,1.0
count_ones,16,128,2,W7_absturn_fixedpt,10.310365758025158,1.488824650111401,0.4443382818959433,19.85320974432632,0.0
count_ones,16,128,2,W8_absturn_centroid,1.448033949861576,0.6792401638735597,0.004097044902345381,187.64592634752796,0.0
count_ones,16,128,2,W9_windowed_maxnet,2.9144413298474934,0.5048429536069641,0.25181086091868404,9.56908040999331,0.0
count_ones,16,128,3,W1_centroid,0.641280325629973,0.6844553518308207,0.004918512504207479,-8.778065759498276,1.0
count_ones,16,128,3,W2_fixedpoint,1.0680008596631752,0.3613395950210688,0.3524566115138458,2.004959593769306,0.02
count_ones,16,128,3,W3_sphere,1.0352626687406938,0.9493736179984191,0.0031114734862402638,27.603979632832544,0.0
count_ones,16,128,3,W4_turn2d_signed,3.096790486601947,0.8492884573088613,0.6318077345559016,3.5572562765045257,0.0
count_ones,16,128,3,W5_turnfull_unsigned,34.91155936502843,30.498657915030293,0.02340591556164135,188.53786934232113,0.0
count_ones,16,128,3,W6_pc23,1.182038400734881,1.2268757341069878,0.003418895120518328,-13.114568242534792,1.0
count_ones,16,128,3,W7_absturn_fixedpt,6.431541186573365,1.322662940018086,0.361567879355188,14.129790112070621,0.0
count_ones,16,128,3,W8_absturn_centroid,0.9466567274478659,0.6894447608034976,0.004036750023902525,63.71758595933785,0.0
count_ones,16,128,3,W9_windowed_maxnet,0.6350122060354715,0.45385674140452936,0.2640145551600902,0.6861571117588388,0.29
count_ones,16,128,4,W1_centroid,0.6287641586207129,0.6671249882807803,0.004850174253647915,-7.909165249313551,1.0
count_ones,16,128,4,W2_fixedpoint,3.5657476557831975,0.43829476953501634,0.3382012979585408,9.247311897163586,0.0
count_ones,16,128,4,W3_sphere,1.0898347186914308,0.9513690905320016,0.0031014400988650347,44.64559164308877,0.0
count_ones,16,128,4,W4_turn2d_signed,9.204141785849515,0.8912538221641282,0.6682087806481319,12.440554815251405,0.0
count_ones,16,128,4,W5_turnfull_unsigned,35.096459913361436,30.50027573209842,0.022568636440794005,203.6536054502243,0.0
count_ones,16,128,4,W6_pc23,1.1429278934474612,1.2321128008600442,0.004091709757697321,-21.79648916808149,1.0
count_ones,16,128,4,W7_absturn_fixedpt,15.36958965382217,1.4459883628366603,0.43808281475112165,31.783034673240078,0.0
count_ones,16,128,4,W8_absturn_centroid,0.9060323525171217,0.6738383050201492,0.004383237198402151,52.97318784883821,0.0
count_ones,16,128,4,W9_windowed_maxnet,2.8531660947296382,0.4971432363326946,0.25915436661085917,9.091194909074014,0.0
count_ones,16,64,0,W1_centroid,0.6219394341780052,0.6207495203843133,0.0023299236068021574,0.5107093598339477,0.33
count_ones,16,64,0,W2_fixedpoint,1.070194586265726,0.32913093458603093,0.2986420938625343,2.4814440660224157,0.01
count_ones,16,64,0,W3_sphere,0.17176874636891953,0.9459473132077071,0.004474787116289718,-173.00902740613495,1.0
count_ones,16,64,0,W4_turn2d_signed,5.6517604524177285,0.7513102510652275,0.55499816872487,8.829669136767563,0.0
count_ones,16,64,0,W5_turnfull_unsigned,14.973289868615892,14.501190865801245,0.0173552744257343,27.202047702260515,0.0
count_ones,16,64,0,W6_pc23,1.169323498928445,1.1874896506376003,0.005095989081298323,-3.564794080078192,1.0
count_ones,16,64,0,W7_absturn_fixedpt,3.304179977308073,1.2558973694088273,0.35933641120853477,5.7001810671242,0.0
count_ones,16,64,0,W8_absturn_centroid,0.6670994603735967,0.6237792119836814,0.0021970345068689735,19.71760036288718,0.0
count_ones,16,64,0,W9_windowed_maxnet,0.9790197042812075,0.4263380546973947,0.2126100157475655,2.5995090007425548,0.01
count_ones,16,64,1,W1_centroid,0.6253391850714615,0.6225445151209217,0.0020720999149375185,1.3487138966578525,0.08
count_ones,16,64,1,W2_fixedpoint,1.0752935640460641,0.39859745700875604,0.3471512648819315,1.9492831381946918,0.01
count_ones,16,64,1,W3_sphere,0.2530381454858577,0.9437933300751419,0.004047457282299274,-170.66398393138343,1.0
count_ones,16,64,1,W4_turn2d_signed,2.5515790066847894,0.7287862844272219,0.5533201946395325,3.2942819364202838,0.0
count_ones,16,64,1,W5_turnfull_unsigned,14.548640384247614,14.502186310831656,0.01840313572991234,2.524247720482345,0.01
count_ones,16,64,1,W6_pc23,1.1715698717633394,1.1718588688288007,0.005731043338810963,-0.05042660618255431,0.49
count_ones,16,64,1,W7_absturn_fixedpt,1.9136963642782778,1.3439072180839269,0.4120520132263105,1.382808790892636,0.12
count_ones,16,64,1,W8_absturn_centroid,0.6555434519536957,0.6259734249878047,0.0018478149960688558,16.002698878837908,0.0
count_ones,16,64,1,W9_windowed_maxnet,0.8778157410738084,0.4602522525905509,0.24090740602083557,1.7332945274714524,0.07
count_ones,16,64,2,W1_centroid,0.6284070171337942,0.6228376402191951,0.0023525452845321463,2.367383510624631,0.0
count_ones,16,64,2,W2_fixedpoint,1.079883229653794,0.43418259626967093,0.30686575775606373,2.104179489121783,0.01
count_ones,16,64,2,W3_sphere,0.18523825847570805,0.94432066604647,0.004007988007840431,-189.39238492875828,1.0
count_ones,16,64,2,W4_turn2d_signed,2.9168277902538695,0.7714629210134817,0.6883902256457916,3.116495251262148,0.01
count_ones,16,64,2,W5_turnfull_unsigned,14.251585590734255,14.499942896122013,0.01494363811708145,-16.619601160166695,1.0
count_ones,16,64,2,W6_pc23,1.1773037975400216,1.1714049192754818,0.006219373404670253,0.9484682588940765,0.17
count_ones,16,64,2,W7_absturn_fixedpt,2.876501154969382,1.3465140792395272,0.4074272499833628,3.755239925145732,0.0
count_ones,16,64,2,W8_absturn_centroid,0.6632237882001862,0.6261072420680389,0.0021248077255025238,17.46819050338738,0.0
count_ones,16,64,2,W9_windowed_maxnet,0.8346372394275464,0.4523422507229771,0.22068910112533874,1.7322785164975034,0.05
count_ones,16,64,3,W1_centroid,0.6267606091375079,0.622408661023856,0.0021765316204295218,1.9994876586231687,0.04
count_ones,16,64,3,W2_fixedpoint,2.0822056966991664,0.40007621137913785,0.3500087343794981,4.805964309153995,0.0
count_ones,16,64,3,W3_sphere,0.21773174344233565,0.9318477053810743,0.00400885273268322,-178.13474566344672,1.0
count_ones,16,64,3,W4_turn2d_signed,3.5668177174304447,0.7291414121684899,0.5461038556928162,5.196220967277239,0.0
count_ones,16,64,3,W5_turnfull_unsigned,14.434895448867362,14.499224115214826,0.016683802925764178,-3.8557555872422626,1.0
count_ones,16,64,3,W6_pc23,1.1830493327887486,1.1738552290673978,0.006334250552452474,1.4514903768356657,0.08
count_ones,16,64,3,W7_absturn_fixedpt,3.8676293080707107,1.3912638057097002,0.45634110017496704,5.426566884752524,0.0
count_ones,16,64,3,W8_absturn_centroid,0.6576350449479663,0.6254581368614205,0.001971687430193164,16.319477212163136,0.0
count_ones,16,64,3,W9_windowed_maxnet,1.3008944483683123,0.4935814109630216,0.2594109451412407,3.112100906018963,0.02
count_ones,16,64,4,W1_centroid,0.6197287968919961,0.6224012855447022,0.0025172757514792675,-1.061659077729409,0.84
count_ones,16,64,4,W2_fixedpoint,1.0768324862628729,0.36333908954753924,0.33494437327502763,2.1301847519900683,0.01
count_ones,16,64,4,W3_sphere,0.1490980229696201,0.9364640238250683,0.004065159080669281,-193.68639338114602,1.0
count_ones,16,64,4,W4_turn2d_signed,1.183866083898322,0.8235675288864267,0.6767391026524887,0.5324039258256245,0.26
count_ones,16,64,4,W5_turnfull_unsigned,14.140699899828093,14.498867056009,0.01557064108900064,-23.002723788548654,1.0
count_ones,16,64,4,W6_pc23,1.1808916790423793,1.1777425158530541,0.005588464811114614,0.5635113212240366,0.25
count_ones,16,64,4,W7_absturn_fixedpt,3.1691589551667216,1.3680645669046596,0.4298750589702335,4.189808993749456,0.0
count_ones,16,64,4,W8_absturn_centroid,0.6628669635953092,0.6255934600851103,0.0021543216613468708,17.301735473845472,0.0
count_ones,16,64,4,W9_windowed_maxnet,0.6136343912619797,0.4293121673886818,0.21534670125615166,0.8559324233810734,0.2
count_ones,24,128,0,W1_centroid,0.6334763943401023,0.6619187055050582,0.004980926733720615,-5.710244837050687,1.0
count_ones,24,128,0,W2_fixedpoint,1.0758555229647324,0.4883216950550471,0.36785475501090054,1.5971897057366435,0.01
count_ones,24,128,0,W3_sphere,1.0297948937564474,0.9581479829459078,0.003113960982244384,23.00828790696671,0.0
count_ones,24,128,0,W4_turn2d_signed,7.279705383140543,1.036686418263313,0.8549103996521826,7.302541842299709,0.0
count_ones,24,128,0,W5_turnfull_unsigned,34.19920322762962,30.499551479746273,0.02310023957924445,160.15642327828837,0.0
count_ones,24,128,0,W6_pc23,1.1839068712245435,1.2345596119670674,0.00419068804638863,-12.086974783573893,1.0
count_ones,24,128,0,W7_absturn_fixedpt,6.215285280348081,1.5465430064542884,0.44598287862561,10.468433874146703,0.0
count_ones,24,128,0,W8_absturn_centroid,0.8065614580936479,0.6693710771109639,0.004097528554651859,33.481250747339864,0.0
count_ones,24,128,0,W9_windowed_maxnet,1.226130814086023,0.49270637941561096,0.27799268321726606,2.6382868289278023,0.02
count_ones,24,128,1,W1_centroid,0.613706660108327,0.6611871880044851,0.005458092453019843,-8.699106566047291,1.0
count_ones,24,128,1,W2_fixedpoint,0.08267228048043158,0.43728045399667,0.3850226974023912,-0.9210058937009465,0.59
count_ones,24,128,1,W3_sphere,0.9888504490110304,0.9536486233933963,0.0036243676921566847,9.712542602620758,0.0
count_ones,24,128,1,W4_turn2d_signed,9.444492107711893,0.9758932271944194,0.7451102033721538,11.365565579683432,0.0
count_ones,24,128,1,W5_turnfull_unsigned,34.20095231950662,30.498398963489045,0.02278879021253003,162.47257188675982,0.0
count_ones,24,128,1,W6_pc23,1.1962700718015178,1.23425422044281,0.0039476367455838855,-9.621996928614069,1.0
count_ones,24,128,1,W7_absturn_fixedpt,4.362276891210631,1.4870646735344466,0.4075819016464228,7.054317686977256,0.0
count_ones,24,128,1,W8_absturn_centroid,1.0778435261054726,0.6692474591865146,0.004707640129579592,86.79424418014021,0.0
count_ones,24,128,1,W9_windowed_maxnet,0.47418313672859547,0.5016042997712,0.27446642839679314,-0.09990716607046046,0.45
count_ones,24,128,2,W1_centroid,0.6214266189717053,0.6557920829705886,0.004791754224400721,-7.17179187193834,1.0
count_ones,24,128,2,W2_fixedpoint,1.0707057984887158,0.41806374914522826,0.35416526396910636,1.8427613200384811,0.01
count_ones,24,128,2,W3_sphere,0.08897049768744947,0.9464832141236837,0.0032746210212168288,-261.8662467748979,1.0
count_ones,24,128,2,W4_turn2d_signed,12.523632979527507,0.7936762523839973,0.6144496044450647,19.090185171064316,0.0
count_ones,24,128,2,W5_turnfull_unsigned,35.186383652240536,30.496517978667786,0.02116694628567533,221.56553006167942,0.0
count_ones,24,128,2,W6_pc23,1.163427829170823,1.2343281029011466,0.004175497923335205,-16.98007639618018,1.0
count_ones,24,128,2,W7_absturn_fixedpt,5.7923999541690465,1.6434543041911807,0.52623102097348,7.884266576118394,0.0
count_ones,24,128,2,W8_absturn_centroid,1.1871308092315502,0.6623129130076153,0.004010474447812527,130.86179778808756,0.0
count_ones,24,128,2,W9_windowed_maxnet,1.1301521181295235,0.5147792349427105,0.2551281578910981,2.4120147625942803,0.02
count_ones,24,128,3,W1_centroid,0.6276300649297242,0.678711454689272,0.004889142258611046,-10.447924616957144,1.0
count_ones,24,128,3,W2_fixedpoint,0.5640922895433435,0.41911635328146635,0.34006216334190603,0.4263218666762261,0.13
count_ones,24,128,3,W3_sphere,1.0474826502309402,0.9494258575279382,0.0034151489314428298,28.712303525098417,0.0
count_ones,24,128,3,W4_turn2d_signed,6.051928699141539,0.9617584513655697,0.7460981415378026,6.822386981536349,0.0
count_ones,24,128,3,W5_turnfull_unsigned,35.96297092569493,30.499593768998,0.024937455280410997,219.0831861255929,0.0
count_ones,24,128,3,W6_pc23,1.171161457752185,1.229325932766273,0.0037369612061516817,-15.564645123513571,1.0
count_ones,24,128,3,W7_absturn_fixedpt,6.427782994263562,1.4878552359696762,0.4375233867899828,11.290659899433257,0.0
count_ones,24,128,3,W8_absturn_centroid,0.9790543800603958,0.6845699203404578,0.004408824545083887,66.79432504255729,0.0
count_ones,24,128,3,W9_windowed_maxnet,1.140062556573706,0.48150190714471836,0.22574220935116218,2.917312855765213,0.02
count_ones,24,128,4,W1_centroid,0.6138261603339021,0.6586068665385457,0.004266388705750771,-10.496161811107967,1.0
count_ones,24,128,4,W2_fixedpoint,0.9307310034115908,0.42018375514139433,0.3611551011478133,1.4136509401295707,0.12
count_ones,24,128,4,W3_sphere,0.007196187541514627,0.9538166813614233,0.0031816726725978055,-297.52290421723427,1.0
count_ones,24,128,4,W4_turn2d_signed,5.944990190997403,0.8690207897769574,0.7570324308294388,6.705088440740886,0.0
count_ones,24,128,4,W5_turnfull_unsigned,34.41247049438445,30.50286102649659,0.02306829970839644,169.47974134672938,0.0
count_ones,24,128,4,W6_pc23,1.1725422044629,1.234765595874559,0.0037215396916016777,-16.71979787077839,1.0
count_ones,24,128,4,W7_absturn_fixedpt,9.723827335073215,1.5511984500953928,0.4323726377183867,18.901817950609598,0.0
count_ones,24,128,4,W8_absturn_centroid,0.9332424062954401,0.6664278545545601,0.0036882801577771862,72.341183512936,0.0
count_ones,24,128,4,W9_windowed_maxnet,1.587173955107885,0.4832543541209761,0.2614473382782896,4.222340178548214,0.0
count_ones,24,64,0,W1_centroid,0.6184173679942694,0.6286808909186725,0.002616962184767636,-3.921922519226027,1.0
count_ones,24,64,0,W2_fixedpoint,3.071870969605268,0.40254278975746777,0.35824192474150063,7.451188695387699,0.0
count_ones,24,64,0,W3_sphere,0.1964311042298368,0.9367922497803396,0.0035454963738906354,-208.81734670569432,1.0
count_ones,24,64,0,W4_turn2d_signed,3.511400474668403,0.6921155033519537,0.5008193208043953,5.629345462927089,0.0
count_ones,24,64,0,W5_turnfull_unsigned,14.205207917344792,14.501307856479796,0.01720110203589525,-17.21400980687767,1.0
count_ones,24,64,0,W6_pc23,1.1649446883465908,1.1902434648075266,0.005781951904836471,-4.375473348329646,1.0
count_ones,24,64,0,W7_absturn_fixedpt,4.480926030590258,1.3201806118673705,0.3381085912035205,9.348314420145313,0.0
count_ones,24,64,0,W8_absturn_centroid,0.6626070762005936,0.6318896584429663,0.0022257875731156703,13.800696045143628,0.0
count_ones,24,64,0,W9_windowed_maxnet,1.9067704822519065,0.47578027805592443,0.25023743873312876,5.718529615075277,0.0
count_ones,24,64,1,W1_centroid,0.6309471450377862,0.630425980893408,0.0023679849128227693,0.22008761185768616,0.44
count_ones,24,64,1,W2_fixedpoint,1.080115508534483,0.35556987506801113,0.2765853840055567,2.6196092612468465,0.0
count_ones,24,64,1,W3_sphere,1.0442840983876254,0.9381126220325525,0.004805808045750626,22.092325649367414,0.0
count_ones,24,64,1,W4_turn2d_signed,2.8474931744659906,0.6855773221899732,0.5037565790656621,4.291588322847934,0.0
count_ones,24,64,1,W5_turnfull_unsigned,13.753515763361731,14.499433314796011,0.018537324500351633,-40.238684467120954,1.0
count_ones,24,64,1,W6_pc23,1.1745228545815545,1.1763436053978504,0.0052864326065402475,-0.34441956453646416,0.65
count_ones,24,64,1,W7_absturn_fixedpt,2.6451615820852976,1.2432086740630641,0.3843019125611255,3.6480508220193792,0.0
count_ones,24,64,1,W8_absturn_centroid,0.6546099043479964,0.6331308546360674,0.0019910924391669514,10.787570325421708,0.0
count_ones,24,64,1,W9_windowed_maxnet,0.7242375773486394,0.41736645372702474,0.19834763491501448,1.5471378005243115,0.06
count_ones,24,64,2,W1_centroid,0.6304537999526457,0.6284353204421111,0.0027240914443460865,0.7409734774961305,0.24
count_ones,24,64,2,W2_fixedpoint,0.07932517153956427,0.3912735583851034,0.3458977698200521,-0.9018513967517785,0.58
count_ones,24,64,2,W3_sphere,0.20908792131914378,0.9374755271315223,0.0037548238549183757,-193.98715730919756,1.0
count_ones,24,64,2,W4_turn2d_signed,3.6815344133257004,0.7025731047725844,0.4837599178774646,6.157933302170935,0.0
count_ones,24,64,2,W5_turnfull_unsigned,14.000811611925581,14.49948399969346,0.014919167714710552,-33.424946840444704,1.0
count_ones,24,64,2,W6_pc23,1.17656223736738,1.1762824935835625,0.0045503538874065354,0.061477368736479694,0.47
count_ones,24,64,2,W7_absturn_fixedpt,3.0138158997382467,1.301100881202286,0.44099239043725835,3.883774540503404,0.0
count_ones,24,64,2,W8_absturn_centroid,0.6531353866279203,0.6316432754340134,0.0023511853422247234,9.14096851827542,0.0
count_ones,24,64,2,W9_windowed_maxnet,0.5676281205263648,0.4878773357782586,0.2780434746254936,0.28682847117892374,0.36
count_ones,24,64,3,W1_centroid,0.6258003697070628,0.6299326569945756,0.002574467361836602,-1.6051037774916155,0.95
count_ones,24,64,3,W2_fixedpoint,1.077705394395038,0.4357055142839858,0.3691903836260938,1.7389398765089523,0.01
count_ones,24,64,3,W3_sphere,0.28252395390972823,0.9336383378858263,0.003831293858180091,-169.94634399706027,1.0
count_ones,24,64,3,W4_turn2d_signed,4.03778233205346,0.7152937498772856,0.5521812385148279,6.017025480823095,0.0
count_ones,24,64,3,W5_turnfull_unsigned,14.18207968592412,14.498603027797264,0.01758334529349773,-18.001315255419254,1.0
count_ones,24,64,3,W6_pc23,1.171699694517573,1.17725867027763,0.005481420049946025,-1.014148835412033,0.84
count_ones,24,64,3,W7_absturn_fixedpt,4.714971676523151,1.4053669132582283,0.4394964632433835,7.530446863760394,0.0
count_ones,24,64,3,W8_absturn_centroid,0.648790257407163,0.6331711306978495,0.0020973972501294757,7.446909119552504,0.0
count_ones,24,64,3,W9_windowed_maxnet,1.106373835896993,0.519823553104061,0.2742967269888886,2.1383787157500147,0.04
count_ones,24,64,4,W1_centroid,0.6237372567342979,0.6280884634131142,0.002744813014405324,-1.5852470299362034,0.95
count_ones,24,64,4,W2_fixedpoint,1.0769573945198436,0.3707561515360787,0.3098397911942184,2.2792464462419333,0.0
count_ones,24,64,4,W3_sphere,0.1638021165188228,0.9356169780846608,0.004007787338170791,-192.57879633855643,1.0
count_ones,24,64,4,W4_turn2d_signed,2.8229479920847314,0.7147313611327247,0.5549128922890604,3.799184809448999,0.0
count_ones,24,64,4,W5_turnfull_unsigned,13.841973078013224,14.502664422476135,0.016475219340824566,-40.102127370514545,1.0
count_ones,24,64,4,W6_pc23,1.1658662897906154,1.180526185178038,0.005608887415194461,-2.6136904348817933,1.0
count_ones,24,64,4,W7_absturn_fixedpt,3.5442440806679416,1.2732478888361904,0.3720633033183968,6.103789789471185,0.0
count_ones,24,64,4,W8_absturn_centroid,0.6491131475056151,0.6311270561744652,0.0022357340813724423,8.044825849820594,0.0
count_ones,24,64,4,W9_windowed_maxnet,1.2827685665075454,0.4305546205078863,0.22477509222692688,3.79140739107911,0.0
count_ones,2,128,0,W1_centroid,0.6282711012149857,0.7104785453339223,0.0027848475298364347,-29.519549360666407,1.0
count_ones,2,128,0,W2_fixedpoint,5.044924160459019,0.31636812730759895,0.3368148938545514,14.039034850974787,0.0
count_ones,2,128,0,W3_sphere,1.07896505357901,0.9280567706443916,0.003819703744261179,39.507850094748036,0.0
count_ones,2,128,0,W4_turn2d_signed,0.1983073112598114,0.4597348068165074,0.36996989780867046,-0.7066182873394011,0.75
count_ones,2,128,0,W5_turnfull_unsigned,36.054822775323245,30.503832163450916,0.024507780234833163,226.49911818544254,0.0
count_ones,2,128,0,W6_pc23,1.1594636255395288,1.1851335988334946,0.004211969203101522,-6.09453014876355,1.0
count_ones,2,128,0,W7_absturn_fixedpt,10.775161214445404,1.0060067863923476,0.30628295790430177,31.895847209055074,0.0
count_ones,2,128,0,W8_absturn_centroid,1.694895227491507,0.7132380491503315,0.002684221305375163,365.7139507742537,0.0
count_ones,2,128,0,W9_windowed_maxnet,2.6290994710415876,0.38326719531495246,0.21213126180291084,10.586993433401707,0.0
count_ones,2,128,1,W1_centroid,0.6186761436339582,0.713292036467787,0.0031537673839908266,-30.000910439406105,1.0
count_ones,2,128,1,W2_fixedpoint,3.059763616298847,0.369892085592314,0.3241017178881501,8.299467056928181,0.0
count_ones,2,128,1,W3_sphere,1.1010995322710762,0.9343194716600592,0.004011673630140835,41.573686193700134,0.0
count_ones,2,128,1,W4_turn2d_signed,8.404540817313347,0.4601870568290799,0.38874781208040177,20.435751697147037,0.0
count_ones,2,128,1,W5_turnfull_unsigned,36.26284166355914,30.499320297847138,0.027615011989088337,208.7097180326909,0.0
count_ones,2,128,1,W6_pc23,0.12329969955957176,1.1866502233520542,0.0039349502503934946,-270.23226626210777,1.0
count_ones,2,128,1,W7_absturn_fixedpt,12.28497172047499,1.0644665794664228,0.28229787258432215,39.74704108922044,0.0
count_ones,2,128,1,W8_absturn_centroid,1.6895431591113772,0.716582065906133,0.0025785873554404464,377.3233011293711,0.0
count_ones,2,128,1,W9_windowed_maxnet,2.670263428033821,0.43278016087284465,0.21524389208960035,10.395106896829255,0.0
count_ones,2,128,2,W1_centroid,0.6186761436339582,0.7134119648647096,0.0029739980023451205,-31.85470237574077,1.0
count_ones,2,128,2,W2_fixedpoint,3.0597636162988477,0.3939851865874369,0.3378497194536108,7.890426648933303,0.0
count_ones,2,128,2,W3_sphere,1.101099518903532,0.9335833903681465,0.004115111463250671,40.70755556231242,0.0
count_ones,2,128,2,W4_turn2d_signed,8.404540817313356,0.4778027524253739,0.34415934546942445,23.032174396066786,0.0
count_ones,2,128,2,W5_turnfull_unsigned,36.26284166355914,30.49932919468632,0.023096296145921617,249.54271596013254,0.0
count_ones,2,128,2,W6_pc23,0.12329969955956964,1.1866577533395728,0.004156400161680109,-255.83630363207627,1.0
count_ones,2,128,2,W7_absturn_fixedpt,12.284971720475019,1.08165773373591,0.27566259487074823,40.64140073843563,0.0
count_ones,2,128,2,W8_absturn_centroid,1.6895431591113865,0.7162216521381306,0.002812384424117807,346.08409100351525,0.0
count_ones,2,128,2,W9_windowed_maxnet,2.670263428033849,0.44424906277359943,0.23662637291662492,9.407296142956069,0.0
count_ones,2,128,3,W1_centroid,0.6186761436339592,0.7129252198578426,0.003111401265990682,-30.29152081863481,1.0
count_ones,2,128,3,W2_fixedpoint,3.0597636162988473,0.33126821617031155,0.3397923865629711,8.029889744521643,0.0
count_ones,2,128,3,W3_sphere,1.101099360172503,0.9346457047372995,0.003531012783082933,47.14048508481257,0.0
count_ones,2,128,3,W4_turn2d_signed,8.404540817313364,0.4700616108340931,0.3495724942047737,22.697664541739908,0.0
count_ones,2,128,3,W5_turnfull_unsigned,36.26284166355914,30.500766815307525,0.02423532345389637,237.75522778612785,0.0
count_ones,2,128,3,W6_pc23,0.12329969955957261,1.1878852742096573,0.004486487254226493,-237.2871055517192,1.0
count_ones,2,128,3,W7_absturn_fixedpt,12.28497172047453,1.0179649445070436,0.30940077433172086,36.41557394387023,0.0
count_ones,2,128,3,W8_absturn_centroid,1.6895431591113639,0.7161123557396118,0.002842706719949196,342.4309643131771,0.0
count_ones,2,128,3,W9_windowed_maxnet,2.670263428033823,0.42180510509355906,0.23730374117394198,9.475022651632615,0.0
count_ones,2,128,4,W1_centroid,0.6200552872803583,0.7154735569063047,0.002916879617515635,-32.71244690832185,1.0
count_ones,2,128,4,W2_fixedpoint,6.5547357363987775,0.3529914516252923,0.31375642208292204,19.766111060300272,0.0
count_ones,2,128,4,W3_sphere,1.0824929649478776,0.9331687714104778,0.003757451692467796,39.740815254321355,0.0
count_ones,2,128,4,W4_turn2d_signed,9.906254591925304,0.49910099005752,0.35835720709411995,26.250772736369335,0.0
count_ones,2,128,4,W5_turnfull_unsigned,35.22617779698272,30.503110481028802,0.024955797914935067,189.25731535625815,0.0
count_ones,2,128,4,W6_pc23,2.169874925178496,1.1767769444565044,0.004110236304709225,241.61578729285435,0.0
count_ones,2,128,4,W7_absturn_fixedpt,12.595296373728251,1.0672778544393497,0.2651650846885798,43.47487352200933,0.0
count_ones,2,128,4,W8_absturn_centroid,2.707933811956854,0.7185737483530853,0.002885619597943977,689.4048214190119,0.0
count_ones,2,128,4,W9_windowed_maxnet,2.864547852155276,0.4010274063609854,0.21340354378537196,11.543952842095006,0.0
count_ones,2,64,0,W1_centroid,0.6163838760673371,0.6231306215640329,0.00283832569058521,-2.3770159707445995,0.99
count_ones,2,64,0,W2_fixedpoint,0.06090694040890666,0.39227153274006527,0.34467939561547456,-0.9613704693297943,0.58
count_ones,2,64,0,W3_sphere,0.9936437818120818,0.9481049870728404,0.0031929179824808094,14.262437992177611,0.0
count_ones,2,64,0,W4_turn2d_signed,6.275007887580222,0.6581676627883273,0.5198382080133314,10.804977660756807,0.0
count_ones,2,64,0,W5_turnfull_unsigned,15.848437115338445,14.498513378746713,0.016720625441450903,80.734045584517,0.0
count_ones,2,64,0,W6_pc23,1.1986292894680382,1.2098683903134448,0.004992317764293772,-2.251279140480876,0.99
count_ones,2,64,0,W7_absturn_fixedpt,2.4862165365096853,1.2236352651107676,0.324646153636258,3.889099739076369,0.0
count_ones,2,64,0,W8_absturn_centroid,0.7803692407462214,0.6261848839879955,0.0025828880355095556,59.69455688303118,0.0
count_ones,2,64,0,W9_windowed_maxnet,0.21553316972620512,0.4418803581812634,0.2305921071487109,-0.981591222934118,0.95
count_ones,2,64,1,W1_centroid,0.6332698817967923,0.6293075170169312,0.0028944734975511095,1.3689414614483442,0.09
count_ones,2,64,1,W2_fixedpoint,1.0579550227210432,0.3995787089646785,0.3180557117065347,2.0700031143092277,0.0
count_ones,2,64,1,W3_sphere,1.1219386967679255,0.9435907024869161,0.0036078056764435474,49.43392473865686,0.0
count_ones,2,64,1,W4_turn2d_signed,6.2226943024327985,0.5922906525945993,0.43365235434232774,12.983680576062376,0.0
count_ones,2,64,1,W5_turnfull_unsigned,15.460802759770774,14.498212656184469,0.01679878424625046,57.30117664920647,0.0
count_ones,2,64,1,W6_pc23,1.218467446985687,1.2088863287102312,0.005541175425200502,1.7290768727303472,0.05
count_ones,2,64,1,W7_absturn_fixedpt,3.504368340221519,1.2228291745046815,0.3398421469157169,6.713526225111431,0.0
count_ones,2,64,1,W8_absturn_centroid,0.7297301457426024,0.6322966348346304,0.0027015337269535615,36.06599833859742,0.0
count_ones,2,64,1,W9_windowed_maxnet,0.7378952171305001,0.4457583645791536,0.23747228534336381,1.2301934608029843,0.15
count_ones,2,64,2,W1_centroid,0.6332698817967926,0.6289044423179843,0.0029720260727571354,1.4688429280024782,0.09
count_ones,2,64,2,W2_fixedpoint,1.0579550227210437,0.4435099061997092,0.3595598888728876,1.7088811503625603,0.03
count_ones,2,64,2,W3_sphere,1.1219386985468782,0.9440556632491149,0.003448759105108168,51.57885195121047,0.0
count_ones,2,64,2,W4_turn2d_signed,6.222694302432817,0.714063637512057,0.5351751351979064,10.293136400822663,0.0
count_ones,2,64,2,W5_turnfull_unsigned,15.460802759770774,14.499113417931579,0.014582770047439103,65.94695923413249,0.0
count_ones,2,64,2,W6_pc23,1.2184674469856864,1.2087054612025774,0.005989740470403305,1.6297844341245307,0.06
count_ones,2,64,2,W7_absturn_fixedpt,3.504368340221232,1.2319556734167307,0.3960227301847421,5.738086462220074,0.0
count_ones,2,64,2,W8_absturn_centroid,0.7297301457425991,0.6323284593660038,0.002847699009077937,34.203645141602664,0.0
count_ones,2,64,2,W9_windowed_maxnet,0.7378952171305013,0.47572415322236106,0.26304040994746525,0.9966950095633648,0.17
count_ones,2,64,3,W1_centroid,0.6332698817967922,0.6286735839701075,0.0031771300479988556,1.4466823067503052,0.07
count_ones,2,64,3,W2_fixedpoint,1.0579550227210437,0.37469048534219707,0.3570494056409317,1.9136414361265583,0.02
count_ones,2,64,3,W3_sphere,1.1219387026523129,0.9437083645101536,0.0034664155349031314,51.41632223476056,0.0
count_ones,2,64,3,W4_turn2d_signed,6.222694302432805,0.5594144037728751,0.44122645712809466,12.835313493034246,0.0
count_ones,2,64,3,W5_turnfull_unsigned,15.460802759770774,14.500962393790669,0.016764868654152727,57.25307998415772,0.0
count_ones,2,64,3,W6_pc23,1.2184674469856878,1.2085043797977313,0.005457662284798871,1.825519181666192,0.04
count_ones,2,64,3,W7_absturn_fixedpt,3.5043683402210952,1.2424516673182513,0.41011744906309194,5.5152900177014255,0.0
count_ones,2,64,3,W8_absturn_centroid,0.7297301457426048,0.6321113758179401,0.0026639211328342615,36.644767264864115,0.0
count_ones,2,64,3,W9_windowed_maxnet,0.737895217130491,0.46270680581933865,0.25681578230882346,1.0715401087781888,0.14
count_ones,2,64,4,W1_centroid,0.6228006188767617,0.620958273639928,0.003105763099995359,0.5932021141073351,0.26
count_ones,2,64,4,W2_fixedpoint,2.5598316660528138,0.42100518168034556,0.35252222680968587,6.067210296862059,0.0
count_ones,2,64,4,W3_sphere,0.9693287778993529,0.9503526654474257,0.0035939259427818257,5.2800510511463195,0.0
count_ones,2,64,4,W4_turn2d_signed,2.135415240190905,0.82554022505885,0.6467597683425924,2.025288336175862,0.04
count_ones,2,64,4,W5_turnfull_unsigned,15.665397256494181,14.500218438413093,0.016724382816509762,69.66946588491517,0.0
count_ones,2,64,4,W6_pc23,1.198033894755845,1.2068544779404484,0.005766212624425726,-1.529701341091596,0.89
count_ones,2,64,4,W7_absturn_fixedpt,4.447276591729704,1.307009878529703,0.36744100260886536,8.546315438135142,0.0
count_ones,2,64,4,W8_absturn_centroid,0.7480653220949652,0.6249986070873994,0.0025296337721723594,48.6500126466451,0.0
count_ones,2,64,4,W9_windowed_maxnet,1.5102216770505108,0.48123261170156456,0.24318657978518263,4.2312740540941745,0.0
count_ones,32,128,0,W1_centroid,0.6501682313670887,0.6515546867464151,0.005530088656388799,-0.2507112390910269,0.66
count_ones,32,128,0,W2_fixedpoint,2.5790666893469614,0.44903262713525494,0.35434450230275194,6.011195456312753,0.0
count_ones,32,128,0,W3_sphere,1.0253678804781974,0.9557910777880504,0.0031542418181395573,22.058170140926276,0.0
count_ones,32,128,0,W4_turn2d_signed,11.256787996042812,0.9698617559710967,0.6971481323091875,14.755725165608604,0.0
count_ones,32,128,0,W5_turnfull_unsigned,33.46206681954416,30.501963021929427,0.02492164741066583,118.77640947395341,0.0
count_ones,32,128,0,W6_pc23,1.15148648349931,1.2406402165505233,0.004527480970524785,-19.691685869389623,1.0
count_ones,32,128,0,W7_absturn_fixedpt,9.561211988712387,1.5986370278906419,0.45757303621372086,17.4017573821868,0.0
count_ones,32,128,0,W8_absturn_centroid,0.8744037280937947,0.6604626630303359,0.004256650594902549,50.26042431569529,0.0
count_ones,32,128,0,W9_windowed_maxnet,2.562319062631906,0.4996585298560569,0.22800545093668015,9.046540441476877,0.0
count_ones,32,128,1,W1_centroid,0.6291745672177744,0.6726398683214054,0.004745281137339218,-9.159689351514997,1.0
count_ones,32,128,1,W2_fixedpoint,0.4216430106298568,0.4846346668770027,0.4013710097237926,-0.15694122076852088,0.68
count_ones,32,128,1,W3_sphere,1.0766037854209052,0.9526908150355645,0.0031398719522064745,39.46433876014071,0.0
count_ones,32,128,1,W4_turn2d_signed,7.2031234915262905,0.7847271351119193,0.6276389974564455,10.226254873303615,0.0
count_ones,32,128,1,W5_turnfull_unsigned,35.92467826516914,30.505161087403643,0.02355245039276627,230.10417546320406,0.0
count_ones,32,128,1,W6_pc23,0.16259713802232295,1.2311335721963255,0.0037506414189632125,-284.8943193480163,1.0
count_ones,32,128,1,W7_absturn_fixedpt,12.1076654767676,1.4870149519838662,0.41916730516920847,25.337497447460542,0.0
count_ones,32,128,1,W8_absturn_centroid,0.8774499635885649,0.6789951493512936,0.004347870497268714,45.64414104834504,0.0
count_ones,32,128,1,W9_windowed_maxnet,1.7959124924931282,0.5176190523281794,0.2866703139886173,4.459106429191358,0.01
count_ones,32,128,2,W1_centroid,0.6399217637723341,0.6593383801755988,0.004859234771066055,-3.9958177198762677,1.0
count_ones,32,128,2,W2_fixedpoint,3.0749942268767563,0.40845270655829,0.3504096575796113,7.609783185592256,0.0
count_ones,32,128,2,W3_sphere,0.10451658030018703,0.9529242060500409,0.0031807617009142596,-266.73096117385734,1.0
count_ones,32,128,2,W4_turn2d_signed,10.883603911701481,0.8878088682194845,0.7086472607863108,14.105459227191146,0.0
count_ones,32,128,2,W5_turnfull_unsigned,34.661425546896275,30.49946877240274,0.024491764425563414,169.93290896385852,0.0
count_ones,32,128,2,W6_pc23,1.1590422048420939,1.2353187864783246,0.004913874327602818,-15.522696868285902,1.0
count_ones,32,128,2,W7_absturn_fixedpt,9.007707377897624,1.5137518638111218,0.45248720390762126,16.561695997963405,0.0
count_ones,32,128,2,W8_absturn_centroid,0.903671822438606,0.6659824955360394,0.0037400883171154428,63.551795238323514,0.0
count_ones,32,128,2,W9_windowed_maxnet,1.8019634003157545,0.4848308747110495,0.2675293847875004,4.923319083811704,0.0
count_ones,32,128,3,W1_centroid,0.6229615431959747,0.6686535495395002,0.0050330626357370425,-9.07837029865103,1.0
count_ones,32,128,3,W2_fixedpoint,0.4224376136646769,0.4382208158025923,0.3363339120635963,-0.04692718031636073,0.65
count_ones,32,128,3,W3_sphere,0.10209919811741328,0.9549902788614406,0.0029854717198360427,-285.6805090724044,1.0
count_ones,32,128,3,W4_turn2d_signed,3.0026324532569935,0.9660996864477372,0.7168291687276047,2.841029433029586,0.01
count_ones,32,128,3,W5_turnfull_unsigned,35.20847545481135,30.50263758399033,0.022194506008923077,212.0271507250075,0.0
count_ones,32,128,3,W6_pc23,1.1926701953844165,1.2338976829113328,0.004271010636593839,-9.652864634351626,1.0
count_ones,32,128,3,W7_absturn_fixedpt,5.47467615790701,1.4359314192591253,0.4103940050454794,9.841139707195078,0.0
count_ones,32,128,3,W8_absturn_centroid,0.8936667553136779,0.6755353227129749,0.004241560146638068,51.42716949884529,0.0
count_ones,32,128,3,W9_windowed_maxnet,0.624427120969134,0.47356819405976197,0.20527588616916756,0.7349081751621299,0.33
count_ones,32,128,4,W1_centroid,0.6279813943777046,0.6574432174668879,0.004991659302284852,-5.90221032827654,1.0
count_ones,32,128,4,W2_fixedpoint,0.5747382225351583,0.4816484142426325,0.34239137692979493,0.2718812872194887,0.14
count_ones,32,128,4,W3_sphere,1.0510185667684557,0.9553319725781643,0.0032945967787065358,29.043491697900034,0.0
count_ones,32,128,4,W4_turn2d_signed,9.119264209340546,1.110088994869337,0.7197170386869921,11.128227878393238,0.0
count_ones,32,128,4,W5_turnfull_unsigned,34.31679431431865,30.500259025541048,0.024086886294689136,158.44867792725455,0.0
count_ones,32,128,4,W6_pc23,1.1883690330024368,1.23576173419916,0.003958578311633921,-11.972151986343219,1.0
count_ones,32,128,4,W7_absturn_fixedpt,8.707028962195508,1.5224980517289317,0.4685446665376241,15.333716129046277,0.0
count_ones,32,128,4,W8_absturn_centroid,0.8632269210222226,0.6649363749224395,0.003965667562851576,50.00180750329944,0.0
count_ones,32,128,4,W9_windowed_maxnet,1.3668718181412298,0.5271912364215838,0.25405131016432553,3.305161391124193,0.0
count_ones,32,64,0,W1_centroid,0.621289198333838,0.6300395118134571,0.002451067922495507,-3.5700004064800113,1.0
count_ones,32,64,0,W2_fixedpoint,2.0716956960833066,0.40407609043506665,0.3055675634228749,5.457449694490058,0.0
count_ones,32,64,0,W3_sphere,0.3162628873680785,0.9364110190833849,0.004063932074401409,-152.59805537144717,1.0
count_ones,32,64,0,W4_turn2d_signed,5.750065657657054,0.6444540155206459,0.4915712218897286,10.38631110769483,0.0
count_ones,32,64,0,W5_turnfull_unsigned,14.20240121559594,14.502313944697853,0.01775285670696518,-16.893772875677282,1.0
count_ones,32,64,0,W6_pc23,1.1854332670041285,1.183054141912714,0.00476713127607015,0.49906850758591514,0.3
count_ones,32,64,0,W7_absturn_fixedpt,3.8483113413445493,1.3052852995245428,0.3750052632709946,6.781307599894427,0.0
count_ones,32,64,0,W8_absturn_centroid,0.6475716633365646,0.6331696334338536,0.001880468575890132,7.658745318779765,0.0
count_ones,32,64,0,W9_windowed_maxnet,1.375450907484416,0.46641261392520295,0.23002487594609675,3.9519129825429573,0.0
count_ones,32,64,1,W1_centroid,0.6262355959011127,0.6322944321805184,0.00247898449636953,-2.4440799401040594,1.0
count_ones,32,64,1,W2_fixedpoint,1.0745017892825675,0.38177777693910897,0.32429395230409913,2.1360990774625135,0.02
count_ones,32,64,1,W3_sphere,0.2760972025985169,0.9355397343185975,0.00493841275628277,-133.5332958714562,1.0
count_ones,32,64,1,W4_turn2d_signed,2.4793178872941404,0.7176738712453199,0.6548350250988083,2.69021043244137,0.04
count_ones,32,64,1,W5_turnfull_unsigned,13.661376081036654,14.499815819727903,0.015645172359262792,-53.59095569150747,1.0
count_ones,32,64,1,W6_pc23,1.1988517043269171,1.174477436441042,0.004618154802971596,5.277923526987727,0.0
count_ones,32,64,1,W7_absturn_fixedpt,2.69457803788452,1.3458796311809298,0.39165708333945876,3.4435695512102873,0.0
count_ones,32,64,1,W8_absturn_centroid,0.6400679291202367,0.6355453089370058,0.0019579146912980638,2.3099168739739566,0.01
count_ones,32,64,1,W9_windowed_maxnet,0.8767163327182528,0.464413110427477,0.2267537962453566,1.8182858638655264,0.03
count_ones,32,64,2,W1_centroid,0.6350801652828212,0.6362167100314662,0.0022518577831194464,-0.5047142662226952,0.69
count_ones,32,64,2,W2_fixedpoint,1.077541068488577,0.42126185441032016,0.32763494979537566,2.003080606901479,0.01
count_ones,32,64,2,W3_sphere,0.8405654999032705,0.9349317645699888,0.004654926313890991,-20.272343384924365,1.0
count_ones,32,64,2,W4_turn2d_signed,0.2980578758931129,0.6580896659913198,0.5877101787781159,-0.6126009095958389,0.7
count_ones,32,64,2,W5_turnfull_unsigned,13.341446718469287,14.501192889452122,0.016503900641766166,-70.27103447580649,1.0
count_ones,32,64,2,W6_pc23,1.1999431812099828,1.1752077795097322,0.004449348281888019,5.559331419601625,0.0
count_ones,32,64,2,W7_absturn_fixedpt,2.1893655692251275,1.3051151774386185,0.4222910476292529,2.0939359163560334,0.07
count_ones,32,64,2,W8_absturn_centroid,0.645223095103412,0.6391355584825672,0.0018058596805712117,3.3709909392956128,0.01
count_ones,32,64,2,W9_windowed_maxnet,0.8875157267598534,0.4715052552325518,0.24711897858374793,1.6834420161149894,0.06
count_ones,32,64,3,W1_centroid,0.6290316282385499,0.6336198595051755,0.002480801968592361,-1.8494951732197655,0.95
count_ones,32,64,3,W2_fixedpoint,3.0755020038755445,0.35838076327879564,0.308770727303801,8.799801925275643,0.0
count_ones,32,64,3,W3_sphere,0.8490985511872333,0.9342233606758973,0.005117279735648001,-16.63477743764278,1.0
count_ones,32,64,3,W4_turn2d_signed,3.5699068011092647,0.7587325009126029,0.6093934900823097,4.613069135045997,0.0
count_ones,32,64,3,W5_turnfull_unsigned,13.226489079743244,14.49970718585326,0.017156783533993775,-74.21076937803129,1.0
count_ones,32,64,3,W6_pc23,1.204044167849919,1.1776101938269596,0.0043404875431303025,6.090093281063881,0.0
count_ones,32,64,3,W7_absturn_fixedpt,4.253813112054687,1.3041838317759824,0.34713393917008273,8.497092757137459,0.0
count_ones,32,64,3,W8_absturn_centroid,0.6429857766560014,0.6365894968084589,0.0020106072914163847,3.181267607478257,0.0
count_ones,32,64,3,W9_windowed_maxnet,1.7004897332233042,0.4372534867919197,0.2187769623153435,5.774082577353666,0.0
count_ones,32,64,4,W1_centroid,0.6234292962843667,0.6301154121484265,0.002105468610817709,-3.1755951286602406,1.0
count_ones,32,64,4,W2_fixedpoint,1.0750215462029014,0.36597226415668244,0.3104344126868694,2.2840550308493874,0.0
count_ones,32,64,4,W3_sphere,0.261940743897871,0.9441032663693062,0.0043478746310800015,-156.89562840545557,1.0
count_ones,32,64,4,W4_turn2d_signed,3.2721738220830567,0.7229718451409911,0.5764146264288565,4.422514384715563,0.0
count_ones,32,64,4,W5_turnfull_unsigned,13.751640985328583,14.499376279298719,0.016996847492569595,-43.992587113405506,1.0
count_ones,32,64,4,W6_pc23,1.1939618584056526,1.177099232623377,0.0038499357719755244,4.37997586999301,0.0
count_ones,32,64,4,W7_absturn_fixedpt,4.139709113246039,1.2496718423860087,0.3739602636537194,7.7281934786957835,0.0
count_ones,32,64,4,W8_absturn_centroid,0.6477806550587528,0.6332595741890251,0.0018974825357606852,7.65281397644396,0.0
count_ones,32,64,4,W9_windowed_maxnet,0.9019501235016183,0.4248435919901589,0.22334885612164632,2.1361494291764123,0.04
count_ones,48,128,0,W1_centroid,0.6294088923766454,0.6333197710853203,0.004508221154414431,-0.867499302878118,0.76
count_ones,48,128,0,W2_fixedpoint,2.0750402312179226,0.4136445429428972,0.34713172304281364,4.786067011427003,0.0
count_ones,48,128,0,W3_sphere,1.0061885705939764,0.9601299266962983,0.0032943760484114362,13.980991611412366,0.0
count_ones,48,128,0,W4_turn2d_signed,9.675430411166795,1.2173850778361928,1.0184421499967122,8.304885391239853,0.0
count_ones,48,128,0,W5_turnfull_unsigned,33.72546904008983,30.503092713948003,0.02330686485178203,138.25867814629913,0.0
count_ones,48,128,0,W6_pc23,1.1606976521029482,1.243927347624972,0.0049428100610263825,-16.83853809764662,1.0
count_ones,48,128,0,W7_absturn_fixedpt,10.71152576501702,1.7182017588464515,0.4731691758391502,19.006571994511688,0.0
count_ones,48,128,0,W8_absturn_centroid,0.8884437811665726,0.6438251776630824,0.0032247893412100646,75.85568470395027,0.0
count_ones,48,128,0,W9_windowed_maxnet,1.8101753165972494,0.5043708004590955,0.2597443906007819,5.027267434410662,0.0
count_ones,48,128,1,W1_centroid,0.6614806224251771,0.6293829213013552,0.003685529277010959,8.70911576365331,0.0
count_ones,48,128,1,W2_fixedpoint,1.09028367481818,0.4066752498345727,0.3667099223038305,1.8641666979962885,0.03
count_ones,48,128,1,W3_sphere,1.01942817837505,0.9571346734694104,0.003121871769737847,19.953896091917528,0.0
count_ones,48,128,1,W4_turn2d_signed,2.4049195718078744,1.322524293208398,0.9949849434452614,1.0878509124485296,0.16
count_ones,48,128,1,W5_turnfull_unsigned,33.279015655660544,30.499238591863236,0.029655410792331485,93.73591494865157,0.0
count_ones,48,128,1,W6_pc23,1.1722626103763394,1.2291408294741395,0.005893062452630676,-9.651725152243982,1.0
count_ones,48,128,1,W7_absturn_fixedpt,9.51704255346392,1.7698135999919364,0.5272935529033935,14.692440123369702,0.0
count_ones,48,128,1,W8_absturn_centroid,0.7755277209107603,0.6386132882821816,0.0029504016251694584,46.40535426112197,0.0
count_ones,48,128,1,W9_windowed_maxnet,1.2208122491874838,0.47959722503774427,0.255486812263901,2.901187022460139,0.03
count_ones,48,128,2,W1_centroid,0.6273286089867165,0.6533331670347873,0.004427402402496815,-5.873547440233944,1.0
count_ones,48,128,2,W2_fixedpoint,2.0718381386672764,0.42344426951510294,0.35873840732349055,4.594974598484356,0.0
count_ones,48,128,2,W3_sphere,0.9482198981028904,0.9442449287603707,0.0035314729829736173,1.125583959351906,0.14
count_ones,48,128,2,W4_turn2d_signed,13.680642651470349,0.8381334163391866,0.6908585614367646,18.589201830868035,0.0
count_ones,48,128,2,W5_turnfull_unsigned,34.6810436207814,30.502949937115673,0.02302101226525735,181.49044166798814,0.0
count_ones,48,128,2,W6_pc23,1.139803024716693,1.234329944076952,0.0039040950932490645,-24.212248191319482,1.0
count_ones,48,128,2,W7_absturn_fixedpt,9.513322560144147,1.5657594625245814,0.4644398385704562,17.112147661755568,0.0
count_ones,48,128,2,W8_absturn_centroid,1.0568896993992487,0.6599504042259063,0.003821780111804336,103.86241059429756,0.0
count_ones,48,128,2,W9_windowed_maxnet,1.212280164707085,0.5007996697505628,0.2534479534942511,2.807205523451428,0.01
count_ones,48,128,3,W1_centroid,0.6525524766973516,0.6391386274492992,0.004185629610501536,3.2047387122830377,0.0
count_ones,48,128,3,W2_fixedpoint,1.0882075999754346,0.4433504339578719,0.40140236206152174,1.606510641107606,0.03
count_ones,48,128,3,W3_sphere,0.0030383518322004213,0.9514121659177749,0.002937695678860734,-322.82915514699016,1.0
count_ones,48,128,3,W4_turn2d_signed,12.376162349686147,0.8307175213534681,0.6860885506336206,16.827922310713625,0.0
count_ones,48,128,3,W5_turnfull_unsigned,34.57239466874719,30.49838497187634,0.026874868742876278,151.59179886044072,0.0
count_ones,48,128,3,W6_pc23,1.1626378792433762,1.2403045367670635,0.004175400545613443,-18.601007657883663,1.0
count_ones,48,128,3,W7_absturn_fixedpt,8.97908861862735,1.6195941748595768,0.5253342008252216,14.009166797454087,0.0
count_ones,48,128,3,W8_absturn_centroid,0.8674277488136976,0.646164445750842,0.0034986882133088825,63.24178937156447,0.0
count_ones,48,128,3,W9_windowed_maxnet,1.2056161299415156,0.49227223861952113,0.2818654115925657,2.5307961246168356,0.03
count_ones,48,128,4,W1_centroid,0.6422503827865018,0.6507756463303608,0.0038402436003900004,-2.2199798843472247,0.96
count_ones,48,128,4,W2_fixedpoint,0.4248090707717894,0.3650664808445692,0.3049597176306536,0.19590321761635532,0.58
count_ones,48,128,4,W3_sphere,1.034491472667668,0.9549930604455622,0.0035458589602445694,22.420071726886306,0.0
count_ones,48,128,4,W4_turn2d_signed,7.142404161201308,0.9829669583523293,0.8605728889793278,7.157368401593857,0.0
count_ones,48,128,4,W5_turnfull_unsigned,33.22731011399238,30.501215126748107,0.023433810322807874,116.33169978298386,0.0
count_ones,48,128,4,W6_pc23,1.1497732627409685,1.2302015185430186,0.004718656744760632,-17.04473543055527,1.0
count_ones,48,128,4,W7_absturn_fixedpt,4.953258223121385,1.6620880976919503,0.5296546344572102,6.213804074049545,0.0
count_ones,48,128,4,W8_absturn_centroid,0.9102108559418977,0.6588595668637319,0.0028711618487404916,87.54340657891765,0.0
count_ones,48,128,4,W9_windowed_maxnet,0.6186850197475764,0.4892064622624511,0.2254457419245653,0.5743224794569379,0.34
count_ones,4,128,0,W1_centroid,0.6094129217814928,0.7115717395409917,0.0034136372458678753,-29.92667656270734,1.0
count_ones,4,128,0,W2_fixedpoint,5.562315273238323,0.32492073532627846,0.3341612580803763,15.673254787220985,0.0
count_ones,4,128,0,W3_sphere,1.0867158250067848,0.9421865684140398,0.003415692989406828,42.31330422288451,0.0
count_ones,4,128,0,W4_turn2d_signed,12.119189723124753,0.49133532318386386,0.398072462166735,29.210396360124243,0.0
count_ones,4,128,0,W5_turnfull_unsigned,35.296223215714015,30.498838573121603,0.02097683803879864,228.69913157165047,0.0
count_ones,4,128,0,W6_pc23,0.17737258506825798,1.210800351763697,0.0035123519461317245,-294.2267126258771,1.0
count_ones,4,128,0,W7_absturn_fixedpt,12.576787947395589,1.1042679190918907,0.30653560749960707,37.426386193383436,0.0
count_ones,4,128,0,W8_absturn_centroid,1.0365694708762827,0.7146162194150502,0.003179342412692215,101.26410108454088,0.0
count_ones,4,128,0,W9_windowed_maxnet,2.3431512646588075,0.42317872757005115,0.22399735077995186,8.571407342111286,0.0
count_ones,4,128,1,W1_centroid,0.6130494581429876,0.7124692338577434,0.0030762507091886063,-32.31848932786718,1.0
count_ones,4,128,1,W2_fixedpoint,3.061063166389176,0.4020682099707089,0.3586116533333275,7.414691998162553,0.0
count_ones,4,128,1,W3_sphere,0.05474388621304031,0.9434078270779057,0.0037031945630411757,-239.97225253405742,1.0
count_ones,4,128,1,W4_turn2d_signed,14.081169187039785,0.5080709142193203,0.38176698658341696,35.55335780679064,0.0
count_ones,4,128,1,W5_turnfull_unsigned,35.905992059191696,30.500836822799194,0.024701170368425618,218.8218272969635,0.0
count_ones,4,128,1,W6_pc23,1.1690015189957434,1.2033585854206317,0.004067375903900306,-8.446985780670628,1.0
count_ones,4,128,1,W7_absturn_fixedpt,10.315151306713458,1.076576549625996,0.3113845198257932,29.669345034416178,0.0
count_ones,4,128,1,W8_absturn_centroid,1.3276236602611946,0.7154268257232935,0.002853716785229589,214.5261357772223,0.0
count_ones,4,128,1,W9_windowed_maxnet,2.0065952824101947,0.43277660571220217,0.23170904298884248,6.792219485252359,0.0
count_ones,4,128,2,W1_centroid,0.6232346858931225,0.7126861307319082,0.0031344033472332947,-28.538587708484812,1.0
count_ones,4,128,2,W2_fixedpoint,5.558435488392104,0.30329312220638,0.3050975060776046,17.22446844534031,0.0
count_ones,4,128,2,W3_sphere,0.0797536636909093,0.9384443815471211,0.003574789272202404,-240.2073667763857,1.0
count_ones,4,128,2,W4_turn2d_signed,9.457701998873516,0.45550335777538803,0.3461967281422045,26.003130328257654,0.0
count_ones,4,128,2,W5_turnfull_unsigned,35.50650175269839,30.498456545883364,0.023935544290351565,209.2304710544549,0.0
count_ones,4,128,2,W6_pc23,1.1528500863735593,1.2008296376699163,0.004083381670414388,-11.749955103140767,1.0
count_ones,4,128,2,W7_absturn_fixedpt,13.404097458975013,1.0686956926557405,0.32008297818864123,38.538137317159645,0.0
count_ones,4,128,2,W8_absturn_centroid,1.227453066605189,0.7156301289739779,0.00284120420457643,180.14296079345493,0.0
count_ones,4,128,2,W9_windowed_maxnet,2.5799242650501033,0.394520530846801,0.21601396030754907,10.11695601104596,0.0
count_ones,4,128,3,W1_centroid,0.61638244087513,0.7113662190585441,0.003250496413249791,-29.22131456482701,1.0
count_ones,4,128,3,W2_fixedpoint,6.558120292692604,0.3737041182184639,0.3520673831981324,17.566001480443152,0.0
count_ones,4,128,3,W3_sphere,0.05294044801666653,0.9421362872000439,0.003410584188180402,-260.7165781935372,1.0
count_ones,4,128,3,W4_turn2d_signed,9.98133988151433,0.43866022244569847,0.3133242846875493,30.456240149354226,0.0
count_ones,4,128,3,W5_turnfull_unsigned,35.111040815274464,30.50051092109912,0.022515538458338764,204.77102525024472,0.0
count_ones,4,128,3,W6_pc23,1.221634989177998,1.2060569825088752,0.004076929147135493,3.8210148145616474,0.0
count_ones,4,128,3,W7_absturn_fixedpt,11.611976690868094,1.1098032867752543,0.33106578895772654,31.722315486466204,0.0
count_ones,4,128,3,W8_absturn_centroid,1.6732879283204296,0.7141465279609295,0.0030109919978187844,318.54664544253825,0.0
count_ones,4,128,3,W9_windowed_maxnet,2.6647761763563658,0.43980402547273784,0.2456254480656796,9.058394268205777,0.0
count_ones,4,128,4,W1_centroid,0.6212440101530501,0.7108924760476854,0.0031146638589633186,-28.782709773527138,1.0
count_ones,4,128,4,W2_fixedpoint,1.5691331170859086,0.4072080018379365,0.32671245448018793,3.556415126863283,0.0
count_ones,4,128,4,W3_sphere,0.09097320838882303,0.9435191702501659,0.004009029841499498,-212.65642700790298,1.0
count_ones,4,128,4,W4_turn2d_signed,2.515338499419032,0.561542777981376,0.38089112282393867,5.129538611853576,0.0
count_ones,4,128,4,W5_turnfull_unsigned,34.766266062958714,30.502656182473505,0.02067359892051309,206.2345263095291,0.0
count_ones,4,128,4,W6_pc23,1.1359301166986295,1.2100966270807665,0.003346398226540323,-22.16308561064894,1.0
count_ones,4,128,4,W7_absturn_fixedpt,7.3521985268725905,1.1063480564810826,0.3211691447924642,19.44723075570508,0.0
count_ones,4,128,4,W8_absturn_centroid,1.1088534212188936,0.7138233998477488,0.003240539934931052,121.90253146179782,0.0
count_ones,4,128,4,W9_windowed_maxnet,1.2254558345597146,0.4273956076111069,0.21904946334426484,3.6432877522934253,0.0
count_ones,4,64,0,W1_centroid,0.6179289491465424,0.618113373533546,0.0030267136693212307,-0.060932221264580706,0.51
count_ones,4,64,0,W2_fixedpoint,1.5650516988622025,0.42365388874259485,0.33518143324826005,3.40531335240817,0.0
count_ones,4,64,0,W3_sphere,0.8596881961591888,0.9491353286575099,0.0034608973597478137,-25.845069414262813,1.0
count_ones,4,64,0,W4_turn2d_signed,4.650241273173722,0.7803846994307545,0.5731478348824255,6.751934384497541,0.0
count_ones,4,64,0,W5_turnfull_unsigned,15.949903603499697,14.498249171618308,0.018357368144504265,79.07748106669516,0.0
count_ones,4,64,0,W6_pc23,1.1645446749511366,1.2097484519733903,0.006311187685392296,-7.162483398628945,1.0
count_ones,4,64,0,W7_absturn_fixedpt,2.9271914686255203,1.3702429385513446,0.44419746467572824,3.505081982425935,0.0
count_ones,4,64,0,W8_absturn_centroid,0.7093445924934526,0.6221855660749049,0.002382481053085301,36.583303067899394,0.0
count_ones,4,64,0,W9_windowed_maxnet,1.053736863247913,0.465541002439552,0.22396294579172307,2.6263088241184347,0.02
count_ones,4,64,1,W1_centroid,0.6174615177718816,0.6251688259055319,0.0030726131178774045,-2.5083887355706453,1.0
count_ones,4,64,1,W2_fixedpoint,2.5643769038058064,0.478047275113123,0.35767280061438567,5.833067611260711,0.0
count_ones,4,64,1,W3_sphere,1.0727208014087757,0.9486292938434343,0.003555400200154216,34.90226151192738,0.0
count_ones,4,64,1,W4_turn2d_signed,5.636122622793295,0.6695497125723199,0.49292599493919675,10.075696881909442,0.0
count_ones,4,64,1,W5_turnfull_unsigned,15.79577317594964,14.502138365543008,0.01781891312010684,72.59897400514825,0.0
count_ones,4,64,1,W6_pc23,1.174922868193921,1.2015195673594234,0.0055240502153874865,-4.8147098828711155,1.0
count_ones,4,64,1,W7_absturn_fixedpt,6.135551009985896,1.2959063888030917,0.406747078216627,11.898412749274348,0.0
count_ones,4,64,1,W8_absturn_centroid,0.6922420423132278,0.6290458363229788,0.002590653385331043,24.393925620494983,0.0
count_ones,4,64,1,W9_windowed_maxnet,1.7466576313946267,0.500390673201368,0.24551850539385794,5.076061196258961,0.0
count_ones,4,64,2,W1_centroid,0.621540381170518,0.6233467220356098,0.0029378645747406332,-0.6148482406651656,0.66
count_ones,4,64,2,W2_fixedpoint,2.5620670066771725,0.4035232129336571,0.3425277309272398,6.301807412498335,0.0
count_ones,4,64,2,W3_sphere,1.0393009131067825,0.9506266057353535,0.003572120207643153,24.823998694583512,0.0
count_ones,4,64,2,W4_turn2d_signed,4.634116873205347,0.7483904928096607,0.5587735621114172,6.954026897251248,0.0
count_ones,4,64,2,W5_turnfull_unsigned,15.713540524756583,14.502868744998642,0.016265793428297766,74.43053946890309,0.0
count_ones,4,64,2,W6_pc23,1.1763713787627745,1.206777332109801,0.005559687722332032,-5.4690038120113265,1.0
count_ones,4,64,2,W7_absturn_fixedpt,3.94517905540756,1.3121751183792818,0.39830031753626094,6.610599643291953,0.0
count_ones,4,64,2,W8_absturn_centroid,0.6727234846992155,0.6270687322637186,0.002544172926335921,17.944830700344003,0.0
count_ones,4,64,2,W9_windowed_maxnet,1.2275317274403719,0.4681668125420034,0.2471692297880054,3.0722469603100206,0.01
count_ones,4,64,3,W1_centroid,0.6182059288827424,0.6217906849541355,0.0030072225496762125,-1.1920488132077391,0.86
count_ones,4,64,3,W2_fixedpoint,1.5650572415604982,0.36108476015084306,0.3257124824766177,3.696427205537282,0.0
count_ones,4,64,3,W3_sphere,0.17974599837010957,0.9513840521548041,0.0033652912776413356,-229.29309534404405,1.0
count_ones,4,64,3,W4_turn2d_signed,3.6973841271009236,0.6813237258857356,0.4888333197197822,6.1699157556283355,0.0
count_ones,4,64,3,W5_turnfull_unsigned,15.264426849760449,14.504782376527476,0.017133425908383713,44.3369865019969,0.0
count_ones,4,64,3,W6_pc23,1.1752812858379313,1.2077854237018633,0.006354803302425095,-5.114892832564591,1.0
count_ones,4,64,3,W7_absturn_fixedpt,2.395197754397311,1.2604706959827028,0.36279213455126036,3.127760914161379,0.0
count_ones,4,64,3,W8_absturn_centroid,0.6835942723078373,0.6255416449150716,0.0024813821470734574,23.39527890181406,0.0
count_ones,4,64,3,W9_windowed_maxnet,0.57296082559206,0.4385238925245556,0.23482755142746586,0.5724921639317505,0.26
count_ones,4,64,4,W1_centroid,0.6093794561532282,0.6195318166476317,0.0031677030105018984,-3.2049597013183777,0.99
count_ones,4,64,4,W2_fixedpoint,1.5641833282172004,0.4160867077126212,0.3543903636485485,3.2396383713275996,0.0
count_ones,4,64,4,W3_sphere,1.1228839533823611,0.9448326950173934,0.0037082740609256006,48.01458992502981,0.0
count_ones,4,64,4,W4_turn2d_signed,7.068368102519584,0.6601482584317041,0.5037708507435414,12.720505433432,0.0
count_ones,4,64,4,W5_turnfull_unsigned,15.249723725283012,14.498714050825999,0.016076265006354572,46.71543260577977,0.0
count_ones,4,64,4,W6_pc23,1.1779886471178616,1.2045340097541903,0.006498015741598674,-4.085149019629485,1.0
count_ones,4,64,4,W7_absturn_fixedpt,4.852413803294817,1.3120756098890356,0.3987954070746555,8.877580159149177,0.0
count_ones,4,64,4,W8_absturn_centroid,0.7109489777149729,0.6232541213090476,0.002584105690900713,33.93624986575472,0.0
count_ones,4,64,4,W9_windowed_maxnet,0.8619065587376037,0.4859499992278731,0.250755179473634,1.4992972839042038,0.04
count_ones,64,128,0,W1_centroid,0.6668042670315537,0.6310230060050569,0.0043542471543104744,8.217553978550633,0.0
count_ones,64,128,0,W2_fixedpoint,2.5870195412612986,0.41310907723468726,0.3529156301488922,6.159858839659372,0.0
count_ones,64,128,0,W3_sphere,1.0044134551710597,0.9603215536404703,0.0032820119669065033,13.434412176183717,0.0
count_ones,64,128,0,W4_turn2d_signed,0.3486803956481516,0.8904433035667624,0.8205700429962827,-0.6602274998248566,0.69
count_ones,64,128,0,W5_turnfull_unsigned,33.26288363499232,30.50006555077219,0.023435731754691894,117.88913242135081,0.0
count_ones,64,128,0,W6_pc23,1.1572008878948394,1.24135133869916,0.005708514837384334,-14.741216095862612,1.0
count_ones,64,128,0,W7_absturn_fixedpt,6.788268710725219,1.7657280945519158,0.5155171080262215,9.742723447924513,0.0
count_ones,64,128,0,W8_absturn_centroid,0.7786840496453115,0.6421368473455081,0.003305136238641953,41.31363805926172,0.0
count_ones,64,128,0,W9_windowed_maxnet,1.4351924654060673,0.5319010452383244,0.25194163225652577,3.5853201873679055,0.0
count_ones,64,128,1,W1_centroid,0.6593009596692094,0.6362095265628647,0.0037803664693035993,6.108252544785308,0.0
count_ones,64,128,1,W2_fixedpoint,1.5649504781784158,0.43485213825344005,0.366304106629757,3.0851369653554723,0.01
count_ones,64,128,1,W3_sphere,1.0368512550680644,0.9584861951528445,0.003286568590395548,23.84403603935996,0.0
count_ones,64,128,1,W4_turn2d_signed,6.247277323883045,1.2101587981383133,0.9251140338486199,5.444862299612434,0.0
count_ones,64,128,1,W5_turnfull_unsigned,33.366386559563225,30.495495931139086,0.02620340826865422,109.56172567285593,0.0
count_ones,64,128,1,W6_pc23,1.164163633596437,1.22409483954721,0.0067653234909582334,-8.858586885146044,1.0
count_ones,64,128,1,W7_absturn_fixedpt,5.6761893398394925,1.6804508254432904,0.48645089066738423,8.214063518136982,0.0
count_ones,64,128,1,W8_absturn_centroid,0.7622681497873195,0.6457347971306863,0.0028562269476758106,40.79975253768248,0.0
count_ones,64,128,1,W9_windowed_maxnet,1.376595004760784,0.5274620715387791,0.2959603744699657,2.8690764253245518,0.02
count_ones,64,128,2,W1_centroid,0.6371187563311154,0.634754745020631,0.0037918746711127927,0.6234413095173841,0.31
count_ones,64,128,2,W2_fixedpoint,0.07620819142501215,0.4340994263038143,0.3951863500707874,-0.9056265096572673,0.59
count_ones,64,128,2,W3_sphere,1.0433342239049135,0.9519093208515393,0.0035310679421714348,25.89157290390518,0.0
count_ones,64,128,2,W4_turn2d_signed,2.4146478160597105,1.1045028134587194,0.7598135224405278,1.724298086184086,0.08
count_ones,64,128,2,W5_turnfull_unsigned,33.799174791007374,30.50149762760165,0.01988417061926649,165.84434053339317,0.0
count_ones,64,128,2,W6_pc23,1.1518747664109132,1.2294434244198358,0.0063882919262184595,-12.142315802847037,1.0
count_ones,64,128,2,W7_absturn_fixedpt,7.510458004064461,1.7470830870334464,0.5578195327256344,10.331970429342695,0.0
count_ones,64,128,2,W8_absturn_centroid,0.8001551974307587,0.6437312046161904,0.002995308192860588,52.22300435975498,0.0
count_ones,64,128,2,W9_windowed_maxnet,1.2240716066198916,0.5526465906878281,0.30923832590181427,2.1712218690035416,0.06
count_ones,64,128,3,W1_centroid,0.6364510987839644,0.6454249287579396,0.003697794393157744,-2.4268060957039523,1.0
count_ones,64,128,3,W2_fixedpoint,2.4456373946533145,0.4142483685463085,0.34938395383375476,5.814202409174148,0.0
count_ones,64,128,3,W3_sphere,1.9796989582746247,0.9531217820424288,0.0033862422086398075,303.161177783722,0.0
count_ones,64,128,3,W4_turn2d_signed,1.3654442466752337,0.976553762143734,0.6898095897304555,0.5637649727129184,0.27
count_ones,64,128,3,W5_turnfull_unsigned,31.33744893524656,30.498431792843217,0.023488639565444152,35.72012504452075,0.0
count_ones,64,128,3,W6_pc23,1.1905992161596954,1.2227376426272627,0.005095648612694885,-6.307033492753051,1.0
count_ones,64,128,3,W7_absturn_fixedpt,4.914213588473152,1.602003112864478,0.5025238339188871,6.591151010249002,0.0
count_ones,64,128,3,W8_absturn_centroid,0.9554437552918529,0.6519462569752289,0.0030248902689430676,100.33339107625534,0.0
count_ones,64,128,3,W9_windowed_maxnet,1.3246802843769119,0.5056995608277259,0.26780873703937885,3.058080675794988,0.01
count_ones,64,128,4,W1_centroid,0.6295081218818408,0.6476455566182011,0.004486527602937297,-4.04264418756409,1.0
count_ones,64,128,4,W2_fixedpoint,0.41721447482730367,0.42503480836026514,0.33246871322220134,-0.023522013416446927,0.66
count_ones,64,128,4,W3_sphere,0.05002111687552559,0.9534106491133398,0.0029224415029079124,-309.12151067486417,1.0
count_ones,64,128,4,W4_turn2d_signed,1.9660467780551172,0.9099919905479612,0.8173193152372547,1.2920957180616737,0.12
count_ones,64,128,4,W5_turnfull_unsigned,34.59745559199643,30.501022101874195,0.020683824545933656,198.05009856978185,0.0
count_ones,64,128,4,W6_pc23,1.156702102598012,1.2292140075391975,0.004703269083960259,-15.417341352736056,1.0
count_ones,64,128,4,W7_absturn_fixedpt,9.245677838339063,1.6667302791193763,0.5160038869504672,14.687772225923588,0.0
count_ones,64,128,4,W8_absturn_centroid,0.9457267768297369,0.6563800930841636,0.0032761204966237022,88.31991498596211,0.0
count_ones,64,128,4,W9_windowed_maxnet,1.7302530105103016,0.5172680621795004,0.2534516193480335,4.785863871972978,0.0
count_ones,8,128,0,W1_centroid,0.6341001077640336,0.7123481577901929,0.0032918318978148965,-23.770366305187096,1.0
count_ones,8,128,0,W2_fixedpoint,1.0677057515737693,0.4508226983617412,0.36145684136970985,1.7066575662931223,0.02
count_ones,8,128,0,W3_sphere,1.0574429594692996,0.9407664507620842,0.0033173002130903865,35.17212830083892,0.0
count_ones,8,128,0,W4_turn2d_signed,5.460305211719293,0.5792484380044239,0.3776339938721726,12.925363852087651,0.0
count_ones,8,128,0,W5_turnfull_unsigned,34.000592557182465,30.500967704963227,0.022683866554520985,154.27814494534437,0.0
count_ones,8,128,0,W6_pc23,1.133645477233067,1.2090393261476764,0.003913241127527124,-19.266343794728694,1.0
count_ones,8,128,0,W7_absturn_fixedpt,7.790319176174115,1.1505718421578532,0.3164856903135593,20.979613098582465,0.0
count_ones,8,128,0,W8_absturn_centroid,0.8969110539813054,0.7152828060848446,0.0030459653129527673,59.62912549400961,0.0
count_ones,8,128,0,W9_windowed_maxnet,1.0816627239146264,0.4702703600762574,0.24638726293689334,2.4814284494688494,0.03
count_ones,8,128,1,W1_centroid,0.3857845012086159,0.7083675822976402,0.003138308131693687,-102.78884913538816,1.0
count_ones,8,128,1,W2_fixedpoint,4.07395882309121,0.4006463383211456,0.3522391338575201,10.42846217722052,0.0
count_ones,8,128,1,W3_sphere,1.0603642766895849,0.9433916040857285,0.0030497673445312014,38.35462164470023,0.0
count_ones,8,128,1,W4_turn2d_signed,13.313489559140981,0.5241341886428317,0.38570863313433634,33.15807392375326,0.0
count_ones,8,128,1,W5_turnfull_unsigned,35.406817822767415,30.497604175705423,0.01954031917392394,251.23507980428556,0.0
count_ones,8,128,1,W6_pc23,1.1439756779487733,1.2155965228806056,0.0032981445309972304,-21.715496170259385,1.0
count_ones,8,128,1,W7_absturn_fixedpt,14.377340231415172,1.0912633549944264,0.2838361906964118,46.80895992798675,0.0
count_ones,8,128,1,W8_absturn_centroid,1.3740990261678483,0.7112693642313045,0.0026469288673034814,250.41461073028057,0.0
count_ones,8,128,1,W9_windowed_maxnet,2.677154689645004,0.4432491559522531,0.22829936359352074,9.784983622075021,0.0
count_ones,8,128,2,W1_centroid,0.6188270282542447,0.7057678909011781,0.004248444688549082,-20.464162539591676,1.0
count_ones,8,128,2,W2_fixedpoint,4.068153497984867,0.42799772901307565,0.3321693087875856,10.958736020068564,0.0
count_ones,8,128,2,W3_sphere,0.07333795521263034,0.9507182634975875,0.003817773886295641,-229.81463397673167,1.0
count_ones,8,128,2,W4_turn2d_signed,13.51864666626939,0.66241154102135,0.42396272022368175,30.323975462901835,0.0
count_ones,8,128,2,W5_turnfull_unsigned,35.05497714130502,30.501414219254137,0.024389794074999863,186.69952308938898,0.0
count_ones,8,128,2,W6_pc23,1.1587353632831332,1.2200293082284028,0.0035853096390167276,-17.095858131260183,1.0
count_ones,8,128,2,W7_absturn_fixedpt,11.176922164047454,1.1510460705548555,0.313282022450938,32.00271759948407,0.0
count_ones,8,128,2,W8_absturn_centroid,1.0018945594443522,0.7092512202823013,0.003875080535501203,75.51929217496908,0.0
count_ones,8,128,2,W9_windowed_maxnet,2.196070910971954,0.407997715995833,0.20747622752907596,8.618207571397733,0.0
count_ones,8,128,3,W1_centroid,0.6341927421073671,0.7042720872147874,0.0033710381365406124,-20.788653900942315,1.0
count_ones,8,128,3,W2_fixedpoint,2.0815692742113874,0.35493901052988974,0.3714867767040441,4.647891585807558,0.0
count_ones,8,128,3,W3_sphere,0.09866660771297532,0.9488651496405351,0.0033601578430853727,-253.02339402808778,1.0
count_ones,8,128,3,W4_turn2d_signed,17.18362409570881,0.5215458072317655,0.4092612031043435,40.71257710745906,0.0
count_ones,8,128,3,W5_turnfull_unsigned,35.89597628418023,30.49713336873674,0.024461222713481494,220.71026369699763,0.0
count_ones,8,128,3,W6_pc23,1.1781898163232443,1.2232801725105344,0.004125670683024032,-10.92921845963718,1.0
count_ones,8,128,3,W7_absturn_fixedpt,12.46791733532006,1.1674431739156206,0.37496136254151974,30.13770294840213,0.0
count_ones,8,128,3,W8_absturn_centroid,1.1950660191533877,0.7073465994839819,0.0033181563973287984,146.98506075905058,0.0
count_ones,8,128,3,W9_windowed_maxnet,2.2934266521216298,0.4451013024930719,0.27197026278700587,6.796056784620156,0.0
count_ones,8,128,4,W1_centroid,0.6148752438438152,0.7039109735056341,0.004211228951432719,-21.142457626657354,1.0
count_ones,8,128,4,W2_fixedpoint,3.076699024476303,0.40882689025927166,0.3652440340529613,7.304355131041465,0.0
count_ones,8,128,4,W3_sphere,0.09842482931713967,0.9523143665885159,0.0032374233072502536,-263.75591210425864,1.0
count_ones,8,128,4,W4_turn2d_signed,11.486937036146262,0.6009236067260209,0.47628111938643203,22.856277493099288,0.0
count_ones,8,128,4,W5_turnfull_unsigned,33.931163784883466,30.50277239417228,0.0238293189156909,143.8728233417403,0.0
count_ones,8,128,4,W6_pc23,1.158784367948222,1.2230639925737272,0.00374297602301709,-17.173400051248954,1.0
count_ones,8,128,4,W7_absturn_fixedpt,11.215481831334507,1.2238237444853843,0.34711632749334664,28.78475397283246,0.0
count_ones,8,128,4,W8_absturn_centroid,1.057804033956992,0.7074033507052576,0.003656439410443032,95.83111981863203,0.0
count_ones,8,128,4,W9_windowed_maxnet,1.7377262220897682,0.46301568040775876,0.2350933523984746,5.422146260951785,0.0
count_ones,8,64,0,W1_centroid,0.6274287836793117,0.6288390100581815,0.0032251469834504026,-0.4372595686665954,0.71
count_ones,8,64,0,W2_fixedpoint,0.06562786058113466,0.43394761803556314,0.3632037417164497,-1.0140858013020493,0.64
count_ones,8,64,0,W3_sphere,1.0388086073897644,0.9435438952928967,0.00345639884470321,27.561840047151094,0.0
count_ones,8,64,0,W4_turn2d_signed,1.71370828881852,0.6541374537850347,0.5185867573016162,2.0431891484209777,0.06
count_ones,8,64,0,W5_turnfull_unsigned,15.76614865676955,14.502273032034111,0.015577717492799585,81.13355665357484,0.0
count_ones,8,64,0,W6_pc23,1.1585440542197833,1.204872470391227,0.005982759681940962,-7.743653202599229,1.0
count_ones,8,64,0,W7_absturn_fixedpt,2.5096893353820096,1.2807507270510599,0.38255872987847417,3.2124181526881936,0.0
count_ones,8,64,0,W8_absturn_centroid,0.6728276532142207,0.6323296235277185,0.002520078486053307,16.07014619212361,0.0
count_ones,8,64,0,W9_windowed_maxnet,0.28814965468973786,0.4793735065978346,0.27487980379061794,-0.6956635200953367,0.76
count_ones,8,64,1,W1_centroid,0.6192181809864788,0.6284029919311324,0.003085455851498352,-2.9768084155841037,1.0
count_ones,8,64,1,W2_fixedpoint,2.0647456700749225,0.36175092222775923,0.29451380327329535,5.782393656662883,0.0
count_ones,8,64,1,W3_sphere,1.1279392847032517,0.9465246556301402,0.00313596852167209,57.849633317231664,0.0
count_ones,8,64,1,W4_turn2d_signed,3.6688813639842923,0.6685211708220631,0.4985671953875463,6.0179655238447625,0.0
count_ones,8,64,1,W5_turnfull_unsigned,14.943333969407721,14.500297947310182,0.017605905047893482,25.16405835953021,0.0
count_ones,8,64,1,W6_pc23,1.163277700767166,1.1964539776462546,0.00565074600553069,-5.871132209201622,1.0
count_ones,8,64,1,W7_absturn_fixedpt,3.3535061624454525,1.1681379508855645,0.3742686866303858,5.839035670430208,0.0
count_ones,8,64,1,W8_absturn_centroid,0.6674371649053753,0.6314029896954315,0.0024869110449750502,14.489531212928968,0.0
count_ones,8,64,1,W9_windowed_maxnet,1.5120488258443403,0.39809637601124026,0.18580178771138656,5.995380687958974,0.0
count_ones,8,64,2,W1_centroid,0.6181592629777892,0.6301613282715097,0.0027223960893181733,-4.408640366775735,1.0
count_ones,8,64,2,W2_fixedpoint,1.0687008480072981,0.3537664242450022,0.3410191523097539,2.0964641396824186,0.01
count_ones,8,64,2,W3_sphere,1.1677436373203816,0.9416232891933477,0.0035954695126204288,62.89035335533527,0.0
count_ones,8,64,2,W4_turn2d_signed,4.442163694584111,0.6524032803814128,0.4986374688442878,7.6002319340068425,0.0
count_ones,8,64,2,W5_turnfull_unsigned,14.87129176561719,14.499648274579624,0.017031107839109716,21.821451343531276,0.0
count_ones,8,64,2,W6_pc23,1.158489001598614,1.192654019902124,0.005465255133544576,-6.2513126045685246,1.0
count_ones,8,64,2,W7_absturn_fixedpt,5.0557074393219965,1.1598166186662322,0.3200373206173072,12.173239087057521,0.0
count_ones,8,64,2,W8_absturn_centroid,0.6821153083697584,0.6330420977021126,0.002380607462809579,20.61373470186886,0.0
count_ones,8,64,2,W9_windowed_maxnet,0.6945103148831937,0.39999792617012814,0.2188898052301196,1.3454824376285761,0.14
count_ones,8,64,3,W1_centroid,0.6190362206672312,0.6327202817676718,0.0030798403998342624,-4.443107214639114,1.0
count_ones,8,64,3,W2_fixedpoint,3.066849645861439,0.3900620819907147,0.37440213659720434,7.1494986332049475,0.0
count_ones,8,64,3,W3_sphere,0.19399259872007915,0.9378235104067271,0.0037754941331848897,-197.01551252555524,1.0
count_ones,8,64,3,W4_turn2d_signed,4.337872879805803,0.5570600269752279,0.4787891170535167,7.896614016830242,0.0
count_ones,8,64,3,W5_turnfull_unsigned,14.947480642352694,14.50067476422006,0.014974240550248534,29.83829975438846,0.0
count_ones,8,64,3,W6_pc23,1.1633184464194506,1.202729056968407,0.005096103933604122,-7.733478567632754,1.0
count_ones,8,64,3,W7_absturn_fixedpt,4.659134034763784,1.2586178590507078,0.3919021782253556,8.67695145536465,0.0
count_ones,8,64,3,W8_absturn_centroid,0.6990083492870368,0.6354750221291703,0.002609263288564436,24.349143850799848,0.0
count_ones,8,64,3,W9_windowed_maxnet,1.5752858196553547,0.4752314065746714,0.2710367290922186,4.058691295327714,0.01
count_ones,8,64,4,W1_centroid,0.6159737735020873,0.6267988324387913,0.0029433664124336395,-3.6777816349931274,1.0
count_ones,8,64,4,W2_fixedpoint,1.0654422074258965,0.3522041940936388,0.3197961313667034,2.2302896857573393,0.01
count_ones,8,64,4,W3_sphere,0.1875293522771982,0.9421811024779049,0.0039121963404998164,-192.89720773684212,1.0
count_ones,8,64,4,W4_turn2d_signed,4.487245182655379,0.6770788141582084,0.5673901383559241,6.715249545114673,0.0
count_ones,8,64,4,W5_turnfull_unsigned,15.12943651697045,14.502423212326043,0.015171693566922943,41.327838706906824,0.0
count_ones,8,64,4,W6_pc23,1.1548006624156888,1.193517973157865,0.005578465345114349,-6.940494983281547,1.0
count_ones,8,64,4,W7_absturn_fixedpt,2.6184656969171156,1.2365202944133218,0.3788763816023877,3.647483637431056,0.0
count_ones,8,64,4,W8_absturn_centroid,0.677240294348778,0.6298149318434376,0.0024444958367891684,19.40087677450631,0.0
count_ones,8,64,4,W9_windowed_maxnet,0.9668595188646874,0.441525034180293,0.22977841193746426,2.28626562545557,0.04
projection,16,128,0,W1_centroid,0.6519823090448812,0.6919780469543048,0.004568265996370797,-8.755124579259984,1.0
projection,16,128,0,W2_fixedpoint,2.0757005106193915,0.4260566305559593,0.3294191733279569,5.007734866789648,0.0
projection,16,128,0,W3_sphere,1.020912864023529,0.9490933949762714,0.0035023928445938796,20.505829081427727,0.0
projection,16,128,0,W4_turn2d_signed,6.439199962614845,0.7905900666895973,0.5817143787130648,9.710280685208005,0.0
projection,16,128,0,W5_turnfull_unsigned,37.48889623413468,30.49819545262018,0.02361513970121044,296.02623020503137,0.0
projection,16,128,0,W6_pc23,1.142037990046031,1.2208185614224265,0.004252255331137828,-18.526773498174514,1.0
projection,16,128,0,W7_absturn_fixedpt,7.3742394341698505,1.299370034656558,0.3987634756895257,15.234267353620774,0.0
projection,16,128,0,W8_absturn_centroid,0.9318646075387229,0.6963126612463991,0.004268148946875329,55.188314471726464,0.0
projection,16,128,0,W9_windowed_maxnet,2.2004427174852146,0.4465824504010826,0.24744490402238606,7.087881942905005,0.0
projection,16,128,1,W1_centroid,0.6394466213878521,0.6833231772704734,0.004172717292798719,-10.515103900842627,1.0
projection,16,128,1,W2_fixedpoint,2.5707662262478608,0.40221734186444297,0.3150052973251261,6.884166402272263,0.0
projection,16,128,1,W3_sphere,1.0658189356209238,0.9446414813455145,0.0034826375836261576,34.79473570409186,0.0
projection,16,128,1,W4_turn2d_signed,7.885208285077227,0.7867132726755206,0.6294142140346726,11.277938842370457,0.0
projection,16,128,1,W5_turnfull_unsigned,38.86917310750052,30.503383936569143,0.023961922683445595,349.12846024292503,0.0
projection,16,128,1,W6_pc23,1.205043355176373,1.2174036112268707,0.0034971569817312136,-3.5343726675886495,1.0
projection,16,128,1,W7_absturn_fixedpt,10.861418095278905,1.3726297502810834,0.4035490278721587,23.5133470523532,0.0
projection,16,128,1,W8_absturn_centroid,1.2758296655407444,0.6888814973387415,0.00344234972898155,170.50800017802283,0.0
projection,16,128,1,W9_windowed_maxnet,2.177001887296559,0.4848987415175376,0.23351680524218552,7.246172899736716,0.0
projection,16,128,2,W1_centroid,0.6268624827854954,0.7078614388545786,0.0028333035651561794,-28.588167207073827,1.0
projection,16,128,2,W2_fixedpoint,1.0615888676697756,0.37046417134086623,0.3655148591040831,1.8908251719859803,0.0
projection,16,128,2,W3_sphere,1.0026256209393842,0.9366349057068435,0.0033900080636229727,19.466241375843538,0.0
projection,16,128,2,W4_turn2d_signed,7.103586604706464,0.5296071004766388,0.4693967186486638,14.005167149773682,0.0
projection,16,128,2,W5_turnfull_unsigned,39.00299174846774,30.497919830577793,0.02304552675629177,369.0552187342795,0.0
projection,16,128,2,W6_pc23,1.1865060209702893,1.2057461261085642,0.003923320590008944,-4.904035929990376,1.0
projection,16,128,2,W7_absturn_fixedpt,7.822794986039478,1.15426622098367,0.34471943058362503,19.344800940769996,0.0
projection,16,128,2,W8_absturn_centroid,1.1669102383220593,0.7109256857570024,0.002501443061355819,182.28859957256293,0.0
projection,16,128,2,W9_windowed_maxnet,0.6243766803279392,0.45242738552243617,0.25654245233435113,0.6702566894519352,0.32
projection,16,128,3,W1_centroid,0.6381446975146122,0.6918493620015124,0.004121601485807443,-13.030047827726635,1.0
projection,16,128,3,W2_fixedpoint,4.5712379383909525,0.3854977670554611,0.314872902480771,13.293427723876974,0.0
projection,16,128,3,W3_sphere,1.0511126716329104,0.9478022156814012,0.0036761026801374838,28.103256339848887,0.0
projection,16,128,3,W4_turn2d_signed,9.506809002187635,0.6966598879244301,0.534407619942771,16.485822405014872,0.0
projection,16,128,3,W5_turnfull_unsigned,37.72345154322591,30.50036530452798,0.0200295762859074,360.6210204146966,0.0
projection,16,128,3,W6_pc23,1.135650123476057,1.2215506854171867,0.003204911518963014,-26.80278735711363,1.0
projection,16,128,3,W7_absturn_fixedpt,10.601779136654816,1.2907246148386857,0.3860573417048046,24.118320042041184,0.0
projection,16,128,3,W8_absturn_centroid,1.2098955310650097,0.6965867367367395,0.003871172507805906,132.59775773185632,0.0
projection,16,128,3,W9_windowed_maxnet,2.1769852687410634,0.4356831299936331,0.22185067833014507,7.848982711498079,0.0
projection,16,128,4,W1_centroid,0.6384081976337022,0.6499608849842633,0.004228444591011149,-2.7321363924502897,1.0
projection,16,128,4,W2_fixedpoint,0.0698697523618881,0.43456366356454323,0.35815163453661736,-1.0182667787472262,0.65
projection,16,128,4,W3_sphere,0.9893777139488575,0.9537447036703253,0.0030736073083164474,11.593221483472485,0.0
projection,16,128,4,W4_turn2d_signed,12.892321358384036,0.8902840435749336,0.6967937573894495,17.22466251674664,0.0
projection,16,128,4,W5_turnfull_unsigned,36.56258229567239,30.499608970293153,0.02336435510576665,259.4967118901053,0.0
projection,16,128,4,W6_pc23,2.1899519332572925,1.2393374806530522,0.00467606370309923,203.2937344232899,0.0
projection,16,128,4,W7_absturn_fixedpt,7.15375707634483,1.6166550888101126,0.4734932579014844,11.694151701494286,0.0
projection,16,128,4,W8_absturn_centroid,2.0840820431344453,0.6574660970348003,0.0036190256271031946,394.1989068592373,0.0
projection,16,128,4,W9_windowed_maxnet,0.7918001934433603,0.5429799552424229,0.32481217466526,0.7660434479014302,0.12
projection,16,64,0,W1_centroid,0.6050853409598986,0.6375947167392902,0.002294909003806428,-14.165867023690376,1.0
projection,16,64,0,W2_fixedpoint,2.0572408166625196,0.46688339507248683,0.34601760171641627,4.596174916250166,0.0
projection,16,64,0,W3_sphere,2.0975991504948173,0.9430836244576397,0.00404873877467806,285.15436294824434,0.0
projection,16,64,0,W4_turn2d_signed,3.1633941409192348,0.568981913777984,0.42891177218918725,6.048824945744064,0.0
projection,16,64,0,W5_turnfull_unsigned,14.432523538063865,14.498151871200557,0.016880515375899397,-3.8878157257207033,1.0
projection,16,64,0,W6_pc23,1.1810170079365154,1.1851978154422025,0.003872948857256594,-1.0794894690782295,0.85
projection,16,64,0,W7_absturn_fixedpt,3.697439409749374,1.2704794262346133,0.3954960661053454,6.136495888351793,0.0
projection,16,64,0,W8_absturn_centroid,0.7884316653454899,0.6398246036409607,0.002173052715721637,68.38631231970786,0.0
projection,16,64,0,W9_windowed_maxnet,1.664221633089972,0.4928770980591511,0.2546464594258617,4.599885416321087,0.0
projection,16,64,1,W1_centroid,0.6107633792897129,0.630262748900531,0.0028997364082153873,-6.724531773154785,1.0
projection,16,64,1,W2_fixedpoint,0.5607319805023504,0.45505837792126047,0.3221382921183628,0.32803800469104877,0.13
projection,16,64,1,W3_sphere,0.9687730775363024,0.9554365556321924,0.004047189284298376,3.295255291332877,0.0
projection,16,64,1,W4_turn2d_signed,4.782459573444604,0.7323591563718579,0.4914260957888049,8.24152492466195,0.0
projection,16,64,1,W5_turnfull_unsigned,15.386347455267991,14.500662248382907,0.017349232498095286,51.05039701222058,0.0
projection,16,64,1,W6_pc23,1.1588900204227413,1.1894638560257802,0.005136964576264172,-5.9517318348481965,1.0
projection,16,64,1,W7_absturn_fixedpt,2.1742488215397224,1.3059354171130466,0.35032565637492324,2.4785892458227354,0.02
projection,16,64,1,W8_absturn_centroid,0.6429494986681797,0.6333779045373763,0.0025997734624774345,3.6817031441202044,0.0
projection,16,64,1,W9_windowed_maxnet,0.5148232554398988,0.48579958009280505,0.23637441300086473,0.12278687434323779,0.39
projection,16,64,2,W1_centroid,0.6134912712030923,0.6239084051643484,0.002963432117233498,-3.5152261125458066,1.0
projection,16,64,2,W2_fixedpoint,0.059518404765855445,0.4267112500704839,0.31364218572463476,-1.170738064002044,0.67
projection,16,64,2,W3_sphere,0.9529373544919975,0.9550764422662793,0.003431835443036071,-0.6233072097388911,0.75
projection,16,64,2,W4_turn2d_signed,3.629284133538838,0.7133086863029697,0.5711373824443383,5.105558726967153,0.0
projection,16,64,2,W5_turnfull_unsigned,15.66321976660391,14.5043487976569,0.01711329180160701,67.71759532775496,0.0
projection,16,64,2,W6_pc23,0.16029432764945206,1.1879208994219883,0.005159170193092187,-199.18446829849987,1.0
projection,16,64,2,W7_absturn_fixedpt,3.583400569606766,1.358029950458562,0.39830311039745114,5.58712839808756,0.0
projection,16,64,2,W8_absturn_centroid,0.6534604566916178,0.6277722206983971,0.002424259918334903,10.59632088083384,0.0
projection,16,64,2,W9_windowed_maxnet,0.47649457592762945,0.47871027645498926,0.2176809810483233,-0.010178659231914905,0.42
projection,16,64,3,W1_centroid,0.6110161154966567,0.6298691529148265,0.0024297859795240676,-7.759134992565319,1.0
projection,16,64,3,W2_fixedpoint,2.558375626098834,0.37135489337375704,0.305240113706916,7.164919139117476,0.0
projection,16,64,3,W3_sphere,0.9848472573654381,0.9452955628121109,0.0036312144709360456,10.892139494897874,0.0
projection,16,64,3,W4_turn2d_signed,6.260902954153122,0.6623985961345805,0.5564856751529358,10.06046446115605,0.0
projection,16,64,3,W5_turnfull_unsigned,15.044247403626072,14.497883202120232,0.01776938794330949,30.747496945248276,0.0
projection,16,64,3,W6_pc23,1.165463751627129,1.187229304214211,0.004784746317751489,-4.548945992461829,1.0
projection,16,64,3,W7_absturn_fixedpt,4.899403341617016,1.253807663345084,0.3414565209825681,10.676602888653122,0.0
projection,16,64,3,W8_absturn_centroid,0.6988912931087925,0.6331048459785997,0.001910777542007689,34.42915027202473,0.0
projection,16,64,3,W9_windowed_maxnet,1.2447262328030573,0.4449940864251955,0.20774267441280655,3.849628626560905,0.0
projection,16,64,4,W1_centroid,0.6066753332805974,0.6252705815624602,0.00275182164524736,-6.757432231837556,1.0
projection,16,64,4,W2_fixedpoint,0.5605357304423196,0.3630521530496927,0.34234706957011607,0.5768519579869819,0.1
projection,16,64,4,W3_sphere,1.0289309251913883,0.9524188543156764,0.003812720596305371,20.06757876510913,0.0
projection,16,64,4,W4_turn2d_signed,5.192171174849882,0.6472255398429647,0.486596188333271,9.34028203257127,0.0
projection,16,64,4,W5_turnfull_unsigned,15.414852818761705,14.50038497584462,0.018404403349047523,49.687448464033565,0.0
projection,16,64,4,W6_pc23,0.16626284908879374,1.1941713286642077,0.005060960094377603,-203.10543067062582,1.0
projection,16,64,4,W7_absturn_fixedpt,3.9886793235594684,1.304643698196397,0.38029244089926306,7.057820079242791,0.0
projection,16,64,4,W8_absturn_centroid,0.6546377460310198,0.6285461394487348,0.00226412245673223,11.523937896867341,0.0
projection,16,64,4,W9_windowed_maxnet,0.812370292765185,0.46083519898410397,0.2658419692341984,1.3223461095843363,0.09
projection,24,128,0,W1_centroid,0.6450626558191787,0.6772781768608788,0.0036346668331382758,-8.863404135967066,1.0
projection,24,128,0,W2_fixedpoint,0.07360793822485076,0.397692782070327,0.34839648059086653,-0.9302184777981719,0.59
projection,24,128,0,W3_sphere,0.949137432261798,0.9454252999237798,0.003898853820068137,0.9521086220035265,0.18
projection,24,128,0,W4_turn2d_signed,3.715303237965385,0.8164042143817468,0.6951143678254336,4.170391460404468,0.0
projection,24,128,0,W5_turnfull_unsigned,38.51417171561664,30.49770388421533,0.02666345198786983,300.6537876284096,0.0
projection,24,128,0,W6_pc23,1.2051360904340502,1.2101120182190126,0.004353014889762317,-1.1430991877985648,0.86
projection,24,128,0,W7_absturn_fixedpt,5.820470746789128,1.3929396852465763,0.44252520193485856,10.005150084524002,0.0
projection,24,128,0,W8_absturn_centroid,1.565295941341566,0.6826819316706073,0.0032818162047753654,268.94071897952983,0.0
projection,24,128,0,W9_windowed_maxnet,0.8503828642011902,0.4719334848793288,0.27196263097456574,1.3915491917610345,0.05
projection,24,128,1,W1_centroid,0.6267480269209675,0.678736294171223,0.004423831962614952,-11.751863020476248,1.0
projection,24,128,1,W2_fixedpoint,1.08958143546859,0.37327785842749983,0.3604906997868701,1.9870237358816312,0.02
projection,24,128,1,W3_sphere,1.0172900681388468,0.9518807045167915,0.003109584872325459,21.03475747009916,0.0
projection,24,128,1,W4_turn2d_signed,12.056415850506541,0.7229282801536092,0.5511740377921104,20.562448143879468,0.0
projection,24,128,1,W5_turnfull_unsigned,36.4581470252845,30.500114816597534,0.021639699337296987,275.32878880706204,0.0
projection,24,128,1,W6_pc23,1.2339049823016144,1.2302391436187006,0.0034605876975768563,1.0593110197671558,0.15
projection,24,128,1,W7_absturn_fixedpt,10.097942904076731,1.3825746357648387,0.40923275314444424,21.29684929015368,0.0
projection,24,128,1,W8_absturn_centroid,1.448532982879939,0.6833148252989193,0.0037189986804418273,205.759190398559,0.0
projection,24,128,1,W9_windowed_maxnet,0.8980388126507657,0.454839056335895,0.2405301412238851,1.8425955020013105,0.03
projection,24,128,2,W1_centroid,0.6582038687987831,0.6811655034714422,0.0032851782437916754,-6.989463879487198,1.0
projection,24,128,2,W2_fixedpoint,1.068033253574441,0.4188293798604304,0.3306524783671349,1.9634024124663512,0.02
projection,24,128,2,W3_sphere,0.04297458467099104,0.9271485037345877,0.0043029249143333075,-205.48207014218607,1.0
projection,24,128,2,W4_turn2d_signed,8.180228654233344,0.7434891426900585,0.5774061145439945,12.879564875090454,0.0
projection,24,128,2,W5_turnfull_unsigned,42.534517713017024,30.501803839303307,0.022952785490215462,524.2376302799127,0.0
projection,24,128,2,W6_pc23,1.1568671532238153,1.1943489612897178,0.003794873197480359,-9.876959285698637,1.0
projection,24,128,2,W7_absturn_fixedpt,14.956921766199331,1.3923722592265761,0.4390895052240057,30.892447543360596,0.0
projection,24,128,2,W8_absturn_centroid,1.2488689297926865,0.6858844774731891,0.003032692464548096,185.6384908462481,0.0
projection,24,128,2,W9_windowed_maxnet,2.2773827843048178,0.5062459478498114,0.28708020950599966,6.169484268883368,0.0
projection,24,128,3,W1_centroid,0.6248045807429052,0.6969536002410079,0.004442781924324239,-16.239604087494524,1.0
projection,24,128,3,W2_fixedpoint,0.0697020988788614,0.43936004695520003,0.3480866982399638,-1.0619709111133688,0.65
projection,24,128,3,W3_sphere,1.0189347041165562,0.942019814833605,0.003557303731668365,21.621681780565403,0.0
projection,24,128,3,W4_turn2d_signed,9.37964440233903,0.6327270441924621,0.5060579854526871,17.284417220137602,0.0
projection,24,128,3,W5_turnfull_unsigned,37.77434418347889,30.50141355189573,0.024996122409864253,290.96235457356505,0.0
projection,24,128,3,W6_pc23,1.1538415865583487,1.2210467486592778,0.0036314636951792385,-18.50635659393864,1.0
projection,24,128,3,W7_absturn_fixedpt,8.813507339959834,1.2664814813792247,0.34040257002562896,22.170883897887116,0.0
projection,24,128,3,W8_absturn_centroid,1.2012750430022967,0.7007598642804516,0.004020445985933107,124.49245195012374,0.0
projection,24,128,3,W9_windowed_maxnet,0.4740089368622785,0.4685401085068191,0.23113733954000473,0.02366051442117983,0.4
projection,24,128,4,W1_centroid,0.6380701459266852,0.6743641406854308,0.005127283259266861,-7.078601458803588,1.0
projection,24,128,4,W2_fixedpoint,2.5894057059584434,0.4467156166856292,0.36114675775113814,5.933017653585903,0.0
projection,24,128,4,W3_sphere,1.00554661021307,0.9499507716987562,0.003298919841741711,16.85274004261986,0.0
projection,24,128,4,W4_turn2d_signed,4.552109512021463,0.7727658494532536,0.6345251520170846,5.956176284823538,0.0
projection,24,128,4,W5_turnfull_unsigned,38.38130519176237,30.499883149283665,0.021550542944445153,365.7180268170559,0.0
projection,24,128,4,W6_pc23,1.1398360392925544,1.2299055439083473,0.003486337381161165,-25.83499379678343,1.0
projection,24,128,4,W7_absturn_fixedpt,14.486399526097586,1.5275208296269092,0.4381966147898504,29.57320586030879,0.0
projection,24,128,4,W8_absturn_centroid,1.5738939727185344,0.6795495706851653,0.004373142978533889,204.50838365527235,0.0
projection,24,128,4,W9_windowed_maxnet,2.111157231679636,0.4893712885828049,0.23095520492293942,7.022080076688276,0.0
projection,24,64,0,W1_centroid,0.6206278172509943,0.634056458139195,0.0029469839435226127,-4.556740432100589,1.0
projection,24,64,0,W2_fixedpoint,2.058504288686115,0.418570065678678,0.34291978768117454,4.782267696176652,0.0
projection,24,64,0,W3_sphere,1.0531057588117536,0.9451630127260203,0.003714275993912903,29.06158461639199,0.0
projection,24,64,0,W4_turn2d_signed,4.651799481813269,0.6596530518195268,0.5137214940463619,7.771032507418235,0.0
projection,24,64,0,W5_turnfull_unsigned,14.763942258617362,14.498958630525683,0.017432107248138613,15.200894781092735,0.0
projection,24,64,0,W6_pc23,1.2035270925333688,1.1923014732630421,0.004298139107792646,2.611739403681527,0.0
projection,24,64,0,W7_absturn_fixedpt,4.294146282269298,1.363735152409171,0.39605759983682975,7.398951897571,0.0
projection,24,64,0,W8_absturn_centroid,0.7249406972664452,0.6370852095458621,0.002642312644998801,33.24946723729694,0.0
projection,24,64,0,W9_windowed_maxnet,1.7263284084321704,0.4713022540271106,0.23847594121612484,5.2626950459026,0.0
projection,24,64,1,W1_centroid,0.6161872681102284,0.6283695241885279,0.0025238741209638654,-4.826808111034906,1.0
projection,24,64,1,W2_fixedpoint,0.5608597737011765,0.3238425836980167,0.3157010113604282,0.7507647472581674,0.07
projection,24,64,1,W3_sphere,1.9355150412813873,0.9486324829906431,0.004123056548430227,239.35702717113602,0.0
projection,24,64,1,W4_turn2d_signed,3.5796491795991647,0.7175568152294209,0.5830453849694135,4.908867196538892,0.0
projection,24,64,1,W5_turnfull_unsigned,14.870720994498722,14.4983687152252,0.017278067021013734,21.550575004753988,0.0
projection,24,64,1,W6_pc23,1.1637340570578723,1.1873414493005092,0.004924942730400884,-4.7934348752752625,1.0
projection,24,64,1,W7_absturn_fixedpt,3.4676116959657115,1.2534551037094384,0.36201685758015184,6.116169857548833,0.0
projection,24,64,1,W8_absturn_centroid,0.8007058309198093,0.6318286272037169,0.0022646646215337108,74.57051349251121,0.0
projection,24,64,1,W9_windowed_maxnet,0.5966759073551943,0.4436772907297961,0.21920974292886214,0.69795536722585,0.29
projection,24,64,2,W1_centroid,0.6163011682435372,0.6315444783271207,0.002956091948844742,-5.156575082023635,1.0
projection,24,64,2,W2_fixedpoint,0.5658848147289862,0.4163792220236804,0.3338874091818427,0.44777247836824446,0.13
projection,24,64,2,W3_sphere,0.9993450433974349,0.9517741795744992,0.003295152318034243,14.436620596438658,0.0
projection,24,64,2,W4_turn2d_signed,1.2331219166783745,0.7014373585862695,0.6091224106658509,0.8728698021648945,0.22
projection,24,64,2,W5_turnfull_unsigned,15.778609036068183,14.499473683615683,0.01709201395519611,74.83818792832379,0.0
projection,24,64,2,W6_pc23,0.1542510857187239,1.1928914290275046,0.0049149078948944915,-211.32447759350683,1.0
projection,24,64,2,W7_absturn_fixedpt,4.619397143904629,1.2690985525353402,0.41425002396348193,8.087624375526007,0.0
projection,24,64,2,W8_absturn_centroid,0.6673559810470756,0.6352077388343886,0.0023512560525630792,13.672795090795201,0.0
projection,24,64,2,W9_windowed_maxnet,1.1625001381405187,0.48765951097686755,0.24763095253225142,2.7251868971257136,0.02
projection,24,64,3,W1_centroid,0.607988633507114,0.6281157833614902,0.002373155688722023,-8.481175487148503,1.0
projection,24,64,3,W2_fixedpoint,2.5636354322910955,0.32687829371483923,0.28339593044988354,7.892693219078564,0.0
projection,24,64,3,W3_sphere,0.13915015726111662,0.9501409127041233,0.003908792492060748,-207.4785901503422,1.0
projection,24,64,3,W4_turn2d_signed,6.257503580457693,0.785033270770178,0.6107783365110686,8.959830404181899,0.0
projection,24,64,3,W5_turnfull_unsigned,15.43352813089842,14.499899488705886,0.01561051019422199,59.807695621511705,0.0
projection,24,64,3,W6_pc23,2.1578717739548683,1.17907755104264,0.004938056631537296,198.21445883408472,0.0
projection,24,64,3,W7_absturn_fixedpt,3.689991368542814,1.3046742215213092,0.4538951559393323,5.255216134847508,0.0
projection,24,64,3,W8_absturn_centroid,0.8412228438400542,0.6317379136162503,0.002241375123073414,93.46268193454131,0.0
projection,24,64,3,W9_windowed_maxnet,1.4751105915541434,0.4289552397241614,0.1911037892500756,5.474278432339186,0.0
projection,24,64,4,W1_centroid,0.6132362176737799,0.6306066587507653,0.002950677766070903,-5.886932580956038,1.0
projection,24,64,4,W2_fixedpoint,3.566071374592164,0.3847009557586587,0.3061065851733936,10.393015285938466,0.0
projection,24,64,4,W3_sphere,0.1213983825245612,0.9456063657689633,0.003975562320245353,-207.31859215164707,1.0
projection,24,64,4,W4_turn2d_signed,3.3221380327093555,0.7192837376919003,0.4993047669364216,5.212957030207738,0.0
projection,24,64,4,W5_turnfull_unsigned,15.262230069297845,14.49911923517285,0.016266147622273165,46.91404823352702,0.0
projection,24,64,4,W6_pc23,0.15929093121112214,1.1921145530589314,0.0049954766588823744,-206.7517661225306,1.0
projection,24,64,4,W7_absturn_fixedpt,4.324748255617481,1.1839655693911584,0.33779525035987634,9.297888833191802,0.0
projection,24,64,4,W8_absturn_centroid,0.6616710403255667,0.6337425502817285,0.0025822543184158193,10.815545875811297,0.0
projection,24,64,4,W9_windowed_maxnet,1.7828053167139135,0.41294328012460085,0.1921660538032344,7.128532898906082,0.0
projection,2,128,0,W1_centroid,0.6339662519427395,0.7113238806608401,0.0033961934844409926,-22.777744870102275,1.0
projection,2,128,0,W2_fixedpoint,1.426788162727231,0.3711056384205623,0.30393045285522596,3.473434512366985,0.0
projection,2,128,0,W3_sphere,1.051839394639824,0.9470412850800666,0.0032701882727732843,32.046506444989255,0.0
projection,2,128,0,W4_turn2d_signed,0.9331197202717566,0.638516057016226,0.4741124694888277,0.6213792764682238,0.23
projection,2,128,0,W5_turnfull_unsigned,37.23741855201327,30.498585191906976,0.02329626128102823,289.2667316362129,0.0
projection,2,128,0,W6_pc23,1.173049673032867,1.2144401266558007,0.0034357584065090353,-12.04696277378514,1.0
projection,2,128,0,W7_absturn_fixedpt,6.271393987029084,1.1445718414550892,0.2659538420917795,19.277112544231453,0.0
projection,2,128,0,W8_absturn_centroid,0.9344375891801041,0.7146323326861826,0.003151437903328334,69.74760830977445,0.0
projection,2,128,0,W9_windowed_maxnet,1.1880710367528597,0.39549993487998214,0.1867005401259585,4.245146271875622,0.0
projection,2,128,1,W1_centroid,0.6405090241111876,0.710866723071223,0.0036903574450166555,-19.065280263039092,1.0
projection,2,128,1,W2_fixedpoint,2.0621736561951938,0.403497011297034,0.3508532365498431,4.727551215456791,0.0
projection,2,128,1,W3_sphere,1.0467399294829636,0.9523842593660576,0.0034977395622607355,26.976185172551816,0.0
projection,2,128,1,W4_turn2d_signed,5.918569159464584,0.6655613934095831,0.4949054930880228,10.614163389616516,0.0
projection,2,128,1,W5_turnfull_unsigned,36.590248066656216,30.49922100378802,0.0236985106333608,257.02151317027295,0.0
projection,2,128,1,W6_pc23,1.152458172878867,1.2149046082582253,0.0039859461643360445,-15.666652986458562,1.0
projection,2,128,1,W7_absturn_fixedpt,8.58774590287966,1.223407877808881,0.373539231945332,19.715032305223996,0.0
projection,2,128,1,W8_absturn_centroid,1.18325817011609,0.7154117725629753,0.0033447813240071174,139.8735379784485,0.0
projection,2,128,1,W9_windowed_maxnet,1.1280459901520103,0.44675607875630613,0.2684972056985883,2.537419000779144,0.04
projection,2,128,2,W1_centroid,0.6384985668618636,0.7148591565528012,0.003057046707472756,-24.97854857901877,1.0
projection,2,128,2,W2_fixedpoint,1.5703058289413603,0.34777463428923416,0.3311941573052735,3.6912824930219865,0.0
projection,2,128,2,W3_sphere,0.006095111473168531,0.9436986104737594,0.0034916406753430873,-268.52806063970553,1.0
projection,2,128,2,W4_turn2d_signed,7.022938095144162,0.5431342379846825,0.3747303864349251,17.291909307933178,0.0
projection,2,128,2,W5_turnfull_unsigned,36.946750242226145,30.500766719142586,0.023527937618246394,273.97146437878035,0.0
projection,2,128,2,W6_pc23,1.180177677952417,1.2065774375597094,0.0034201028140836416,-7.718995902281326,1.0
projection,2,128,2,W7_absturn_fixedpt,12.793055655735886,1.0879968367514934,0.3049981954654983,38.377469090004766,0.0
projection,2,128,2,W8_absturn_centroid,1.0867376871975951,0.7178754382117066,0.003059007785174377,120.582317826583,0.0
projection,2,128,2,W9_windowed_maxnet,1.6885237697849838,0.4029296390791549,0.21268422498708237,6.044614407974597,0.0
projection,2,128,3,W1_centroid,0.640509024111187,0.7116642210275369,0.003401106748102751,-20.921188950050617,1.0
projection,2,128,3,W2_fixedpoint,2.0621736561951933,0.3928188363275741,0.2921053533719796,5.714906627342056,0.0
projection,2,128,3,W3_sphere,1.0467403151151273,0.9519358713021846,0.003363900835394729,28.18288898870532,0.0
projection,2,128,3,W4_turn2d_signed,5.918569159464598,0.6064498207954013,0.4660862676281767,11.397287814767747,0.0
projection,2,128,3,W5_turnfull_unsigned,36.590248066656216,30.4994595171693,0.022707771121348034,268.2248520534383,0.0
projection,2,128,3,W6_pc23,1.1524581728788694,1.2148026564680348,0.0031513177774000613,-19.78362323097785,1.0
projection,2,128,3,W7_absturn_fixedpt,8.587745902879337,1.1329080400176716,0.29855232056257686,24.96995450852349,0.0
projection,2,128,3,W8_absturn_centroid,1.1832581701160743,0.7158250391243998,0.003203218791671341,145.92607042860854,0.0
projection,2,128,3,W9_windowed_maxnet,1.1280459901520177,0.38591272235571794,0.17646370731096417,4.205585834647082,0.0
projection,2,128,4,W1_centroid,0.643497692514883,0.712713665480467,0.0035143357838247264,-19.695321455667735,1.0
projection,2,128,4,W2_fixedpoint,0.07389318601257225,0.3937117613072735,0.36935551567738606,-0.8658827653031371,0.57
projection,2,128,4,W3_sphere,1.0128316504062789,0.9471809921121593,0.003685054928998622,17.815381197576738,0.0
projection,2,128,4,W4_turn2d_signed,1.9973512243962463,0.5803144537175445,0.43690913065411435,3.2433214855391066,0.01
projection,2,128,4,W5_turnfull_unsigned,35.95126362167192,30.50002376455526,0.02606423150177315,209.1463873295406,0.0
projection,2,128,4,W6_pc23,1.1359929830626172,1.2108843797726916,0.0035313086298265294,-21.207831022618183,1.0
projection,2,128,4,W7_absturn_fixedpt,6.831273681127062,1.1278327111550053,0.33041652514889186,17.26136720129836,0.0
projection,2,128,4,W8_absturn_centroid,1.0440929085640624,0.7162815624006885,0.0034113054228670724,96.0955720839153,0.0
projection,2,128,4,W9_windowed_maxnet,0.4000177395026292,0.45383424950920004,0.2502958484430473,-0.21501159664186892,0.42
projection,2,64,0,W1_centroid,0.6377343152467034,0.634705426695107,0.0031073387988091884,0.9747532366786622,0.18
projection,2,64,0,W2_fixedpoint,0.5526170482539161,0.4093338411651263,0.3483451616302947,0.41132538318663087,0.13
projection,2,64,0,W3_sphere,1.0985160399417713,0.9486346642142597,0.0036524345953951433,41.03601907518798,0.0
projection,2,64,0,W4_turn2d_signed,1.7203343513052987,0.720512375304967,0.5982101031697036,1.6713558843333285,0.09
projection,2,64,0,W5_turnfull_unsigned,15.329033966587472,14.500185682821487,0.014618194235063007,56.69977224532433,0.0
projection,2,64,0,W6_pc23,1.1969959198756908,1.1968557534794666,0.004816208020085263,0.02910306108864465,0.47
projection,2,64,0,W7_absturn_fixedpt,2.06854349910486,1.2134444633437313,0.3388298405442382,2.523682785399433,0.02
projection,2,64,0,W8_absturn_centroid,0.721215419536299,0.6373904575022465,0.0028901663863434854,29.003507351735614,0.0
projection,2,64,0,W9_windowed_maxnet,0.40202932849423384,0.4273470719319456,0.22651354488802888,-0.11177143269832686,0.39
projection,2,64,1,W1_centroid,0.6373349764045744,0.6238822190243254,0.0029863441998662626,4.504757817552122,0.0
projection,2,64,1,W2_fixedpoint,0.5417488680038385,0.4132535986172453,0.3756392001227051,0.34207098019753884,0.47
projection,2,64,1,W3_sphere,1.0991393514623582,0.9542791683723771,0.004080887271092879,35.49722731037039,0.0
projection,2,64,1,W4_turn2d_signed,4.133624796126226,0.6819051810295538,0.5804307490237013,5.9468241834233435,0.0
projection,2,64,1,W5_turnfull_unsigned,15.440269390158731,14.500409571629483,0.01660222476338366,56.610474314389265,0.0
projection,2,64,1,W6_pc23,1.2031907011486178,1.1972715168136139,0.005209449859020205,1.1362398132606688,0.12
projection,2,64,1,W7_absturn_fixedpt,2.7926539601075806,1.3059258208107818,0.451220472287303,3.294904000610511,0.0
projection,2,64,1,W8_absturn_centroid,0.7164164379730978,0.6275735972589761,0.002408347417215998,36.8895451208706,0.0
projection,2,64,1,W9_windowed_maxnet,0.44792820932160904,0.4619329978348331,0.27940602468931514,-0.050123430691219543,0.37
projection,2,64,2,W1_centroid,0.6356018046396891,0.6295190247074287,0.0030680515347527135,1.9826198691120218,0.01
projection,2,64,2,W2_fixedpoint,1.5537910224243374,0.4174523063250261,0.30148372982464133,3.769154364516669,0.0
projection,2,64,2,W3_sphere,1.10396417720474,0.9562062824625425,0.0038194352021705368,38.68579696239605,0.0
projection,2,64,2,W4_turn2d_signed,1.5835598113774336,0.6276023791939918,0.47924869231173084,1.9947001369419122,0.05
projection,2,64,2,W5_turnfull_unsigned,15.224616343185733,14.500695418773942,0.017945260085743344,40.34050891170488,0.0
projection,2,64,2,W6_pc23,1.1911291528058308,1.1999065273698386,0.004598788586934599,-1.908627543554585,0.97
projection,2,64,2,W7_absturn_fixedpt,2.4274153239549436,1.2066618822029838,0.37645598090226695,3.242752150798964,0.01
projection,2,64,2,W8_absturn_centroid,0.7097703341950283,0.632893235742043,0.002787069109961051,27.583491983828,0.0
projection,2,64,2,W9_windowed_maxnet,0.7813440909150225,0.4381332041867571,0.1999349952007388,1.716612373855186,0.06
projection,2,64,3,W1_centroid,0.6495436076484722,0.6297455818455564,0.002914426310986805,6.7931124998018255,0.0
projection,2,64,3,W2_fixedpoint,0.5521054375922222,0.4376539884539132,0.3267805141464239,0.35023951607783316,0.12
projection,2,64,3,W3_sphere,1.0903156152414566,0.9516318803158381,0.003408246299884567,40.69064343451807,0.0
projection,2,64,3,W4_turn2d_signed,3.5275133551008513,0.7341711582824378,0.5744779966910111,4.862400671406117,0.0
projection,2,64,3,W5_turnfull_unsigned,15.082314884854977,14.501447123273467,0.01712616142000158,33.91698509294191,0.0
projection,2,64,3,W6_pc23,1.1824840223082038,1.1968424589959314,0.004796386193739116,-2.9935947831870124,1.0
projection,2,64,3,W7_absturn_fixedpt,2.2687093435420245,1.2735440969896632,0.43217280193428853,2.3027021647319565,0.04
projection,2,64,3,W8_absturn_centroid,0.7139144683815797,0.6329743110525256,0.0021887494878724567,36.98009195548956,0.0
projection,2,64,3,W9_windowed_maxnet,0.4248818624144316,0.45315410450389854,0.2222289643880699,-0.12722122954277107,0.4
projection,2,64,4,W1_centroid,0.6264946028314289,0.6238565370999167,0.002817600153493708,0.93628108595929,0.2
projection,2,64,4,W2_fixedpoint,0.5452986032941355,0.35867408078848856,0.30828913543388925,0.6053554960442887,0.43
projection,2,64,4,W3_sphere,1.1455775951575498,0.952919502472471,0.0032390935662650507,59.47901434265446,0.0
projection,2,64,4,W4_turn2d_signed,1.9149199651523832,0.7068077057131354,0.5382317698052046,2.2445948515385563,0.04
projection,2,64,4,W5_turnfull_unsigned,15.319684563366549,14.501021976295345,0.016876239602220452,48.50977506644847,0.0
projection,2,64,4,W6_pc23,1.2020044213388923,1.1996326394691925,0.004786362459598577,0.49552909745550083,0.34
projection,2,64,4,W7_absturn_fixedpt,3.1145130110382833,1.3316859173857032,0.47802011333595334,3.7296068594494605,0.0
projection,2,64,4,W8_absturn_centroid,0.6953190107453988,0.627312517468094,0.002375220775970994,28.63165140912159,0.0
projection,2,64,4,W9_windowed_maxnet,0.5937203978338614,0.4515842038996329,0.2360370577915034,0.6021774515583925,0.27
projection,32,128,0,W1_centroid,0.6312849099143218,0.6990214974852609,0.0032938314215574297,-20.564679518088692,1.0
projection,32,128,0,W2_fixedpoint,0.5827966238032243,0.4341693861484582,0.3218961143687716,0.4617242365482403,0.14
projection,32,128,0,W3_sphere,0.9345051480945172,0.934518891319182,0.0036729960234435726,-0.0037416933144014046,0.49
projection,32,128,0,W4_turn2d_signed,6.019218294505128,0.5361507330931143,0.4219190006775862,12.995545478175696,0.0
projection,32,128,0,W5_turnfull_unsigned,39.16519513399988,30.50178283916066,0.021863265853567865,396.2542628747039,0.0
projection,32,128,0,W6_pc23,1.2169574960402878,1.2130582958318503,0.003951816136367031,0.9866856336140374,0.17
projection,32,128,0,W7_absturn_fixedpt,12.685207038639572,1.2019380985387935,0.3660753702226556,31.368592028238297,0.0
projection,32,128,0,W8_absturn_centroid,1.402604111696096,0.701941014679847,0.003105953306470174,225.5871315118166,0.0
projection,32,128,0,W9_windowed_maxnet,1.382445319684681,0.45702031629812934,0.2477513775937092,3.735297104600438,0.0
projection,32,128,1,W1_centroid,0.6324479979470534,0.6798652059774589,0.004995411670612242,-9.49215223028736,1.0
projection,32,128,1,W2_fixedpoint,0.5820774903547139,0.4403892339945703,0.3758771090180875,0.37695367172073635,0.15
projection,32,128,1,W3_sphere,1.0360654949542227,0.9424047020495869,0.0033858281466335634,27.662595042740186,0.0
projection,32,128,1,W4_turn2d_signed,4.909762937773127,0.7007487687696968,0.578366620011532,7.2774154374944855,0.0
projection,32,128,1,W5_turnfull_unsigned,38.455819947444155,30.498404431894336,0.02264146786601699,351.45316384249344,0.0
projection,32,128,1,W6_pc23,1.1947726378033527,1.2226441275266342,0.003922225505599294,-7.1060395898942215,1.0
projection,32,128,1,W7_absturn_fixedpt,7.3911434802447005,1.292467086941988,0.4100458626951218,14.873156756704589,0.0
projection,32,128,1,W8_absturn_centroid,1.2450403590123367,0.6836111894396707,0.0045110677184394396,124.45593917328445,0.0
projection,32,128,1,W9_windowed_maxnet,0.6693748202773521,0.4766873635439333,0.2733663334355627,0.7048690096977088,0.31
projection,32,128,2,W1_centroid,0.6474018061758695,0.7028945219343111,0.0029618634061700346,-18.735744411049282,1.0
projection,32,128,2,W2_fixedpoint,1.071478794120514,0.34359270309985235,0.29231131826553397,2.490105738428691,0.05
projection,32,128,2,W3_sphere,1.063416385996116,0.8464245621047395,0.004705417778510769,46.11531517612725,0.0
projection,32,128,2,W4_turn2d_signed,4.7198908779563755,0.47564709808332784,0.35714967906159006,11.883655589513026,0.0
projection,32,128,2,W5_turnfull_unsigned,51.199512306546055,30.499441770266518,0.02199093560931522,941.3001294729415,0.0
projection,32,128,2,W6_pc23,1.1419685071342287,1.1939973425771557,0.0042261933342197045,-12.311040060956717,1.0
projection,32,128,2,W7_absturn_fixedpt,24.850815835270254,1.0641215845391643,0.3266920368402696,72.8107562118546,0.0
projection,32,128,2,W8_absturn_centroid,1.8683420677969678,0.7046033994826877,0.0027647497434590573,420.9200746170586,0.0
projection,32,128,2,W9_windowed_maxnet,0.8327029075201994,0.40306021070581716,0.2171334628085988,1.9787032880929478,0.09
projection,32,128,3,W1_centroid,0.6748858655617245,0.7000750396986629,0.003444371923350756,-7.313140014343716,1.0
projection,32,128,3,W2_fixedpoint,2.067395394330672,0.3887887633902573,0.31101185514405255,5.397243234226322,0.0
projection,32,128,3,W3_sphere,1.0446991946069455,0.9449274893037466,0.003215616844825597,31.027236800225847,0.0
projection,32,128,3,W4_turn2d_signed,7.73711803580871,0.5628164315342119,0.4442389005066295,16.14964739938941,0.0
projection,32,128,3,W5_turnfull_unsigned,37.45561658923941,30.50232153235464,0.023777165466696188,292.4358274170233,0.0
projection,32,128,3,W6_pc23,1.1675470674041883,1.2195215544158111,0.003895157813403402,-13.343358472608317,1.0
projection,32,128,3,W7_absturn_fixedpt,7.421432374934223,1.178870029251924,0.3102802645263292,20.119108623334885,0.0
projection,32,128,3,W8_absturn_centroid,0.899399931696324,0.7029643462461154,0.003286818605224994,59.76465666159328,0.0
projection,32,128,3,W9_windowed_maxnet,1.2817503973719382,0.45374589723175085,0.22581675157920628,3.666709818247301,0.0
projection,32,128,4,W1_centroid,0.6612023752065546,0.6717003152872575,0.0038047768134267584,-2.7591474074527897,1.0
projection,32,128,4,W2_fixedpoint,2.0758775285524482,0.3990846186450024,0.31725559396336694,5.2853060491695,0.0
projection,32,128,4,W3_sphere,0.03387861012271842,0.9479643706929098,0.0030595206271434006,-298.76764106789204,1.0
projection,32,128,4,W4_turn2d_signed,5.953007390185886,0.8228100319347595,0.5707387762020354,8.98869600623577,0.0
projection,32,128,4,W5_turnfull_unsigned,36.19884262297945,30.502402815695913,0.022269961607224886,255.79028413930808,0.0
projection,32,128,4,W6_pc23,1.207644662531301,1.2278159494447793,0.0039585350298047325,-5.095644414310832,1.0
projection,32,128,4,W7_absturn_fixedpt,6.001194427214163,1.4249321937973867,0.40762019090516555,11.226780065174596,0.0
projection,32,128,4,W8_absturn_centroid,0.9636552198974425,0.6769995043361234,0.003443797939564583,83.23825049897162,0.0
projection,32,128,4,W9_windowed_maxnet,1.6827211443333048,0.4666745300327718,0.27026191728300697,4.499511535053383,0.0
projection,32,64,0,W1_centroid,0.6211167635022812,0.6312394729501848,0.002585648686695786,-3.914959329157541,1.0
projection,32,64,0,W2_fixedpoint,2.568653906279408,0.41796691174266265,0.3546199335495239,6.064766221711545,0.0
projection,32,64,0,W3_sphere,0.15873666959961358,0.9571345457693629,0.004015350477657776,-198.83641057292428,1.0
projection,32,64,0,W4_turn2d_signed,3.661179190340898,0.7184088286552268,0.5805673761300317,5.06878354292262,0.0
projection,32,64,0,W5_turnfull_unsigned,14.721059394098248,14.501580487096563,0.01611275596261534,13.621438040203534,0.0
projection,32,64,0,W6_pc23,1.1908707288521208,1.1852694935831984,0.004166426472392082,1.3443739631642793,0.09
projection,32,64,0,W7_absturn_fixedpt,5.777688918406667,1.3996018581857077,0.40383499624638847,10.841277008963813,0.0
projection,32,64,0,W8_absturn_centroid,0.766726276056989,0.6347639119206907,0.0022691278696554593,58.15554332613931,0.0
projection,32,64,0,W9_windowed_maxnet,1.65058965248069,0.4695009639828923,0.26338358361545694,4.484291208605472,0.0
projection,32,64,1,W1_centroid,0.6154943729304494,0.6234191060862095,0.0024393335148842144,-3.248728846385854,1.0
projection,32,64,1,W2_fixedpoint,1.5666101851907182,0.4434575695843194,0.4247084314465821,2.644526297207885,0.01
projection,32,64,1,W3_sphere,0.12300908087452955,0.960507348651566,0.0035318559702590124,-237.12695954462083,1.0
projection,32,64,1,W4_turn2d_signed,4.459585208555991,0.9403266499089304,0.700051366309272,5.02714333263983,0.0
projection,32,64,1,W5_turnfull_unsigned,15.296471096968295,14.502517286838756,0.017094286111652958,46.445566953995844,0.0
projection,32,64,1,W6_pc23,0.1779520962365138,1.185529144606158,0.0043497005303911665,-231.64285479649638,1.0
projection,32,64,1,W7_absturn_fixedpt,4.863957816802147,1.4129615641441102,0.44395551005604444,7.773292986548104,0.0
projection,32,64,1,W8_absturn_centroid,0.737730176970224,0.6272902375361881,0.002214803291729318,49.86444613228134,0.0
projection,32,64,1,W9_windowed_maxnet,1.4213752137696163,0.5317916558608331,0.32038526080676766,2.7766057516775504,0.02
projection,32,64,2,W1_centroid,0.617353567890842,0.6216186666827547,0.0027980550048073575,-1.5243084158763245,0.92
projection,32,64,2,W2_fixedpoint,1.5711220023561103,0.36834566632244353,0.30666388154563406,3.922132368414191,0.0
projection,32,64,2,W3_sphere,0.9720641480890867,0.9589846102474495,0.0034558667809171523,3.784734386713252,0.0
projection,32,64,2,W4_turn2d_signed,4.941246568457767,0.7462926748369454,0.5587181828685956,7.508175001720731,0.0
projection,32,64,2,W5_turnfull_unsigned,16.206648047691978,14.50156542257621,0.015465471659631429,110.25092946673205,0.0
projection,32,64,2,W6_pc23,0.16271535423510133,1.1795197038824148,0.005332320148268234,-190.6870407954666,1.0
projection,32,64,2,W7_absturn_fixedpt,5.927251487726745,1.4416899011572435,0.47205733548713047,9.502154186293309,0.0
projection,32,64,2,W8_absturn_centroid,0.6795843849409287,0.6262410462687326,0.0023463944211175813,22.73417384225999,0.0
projection,32,64,2,W9_windowed_maxnet,1.019257076185148,0.4596908623226724,0.23095925514895907,2.422791905444875,0.04
projection,32,64,3,W1_centroid,0.615138052685837,0.6262476360191763,0.0022630517510829383,-4.909115899812306,1.0
projection,32,64,3,W2_fixedpoint,0.5703777824348131,0.36526914755229034,0.3458414199678284,0.5930713414882544,0.12
projection,32,64,3,W3_sphere,0.14122321296980742,0.9599648655632016,0.0044091449034145535,-185.6917090566336,1.0
projection,32,64,3,W4_turn2d_signed,1.242499098392738,0.81609564421745,0.6047896986612188,0.7050441750565327,0.24
projection,32,64,3,W5_turnfull_unsigned,15.24740062273154,14.501569184609872,0.015956875707160964,46.74044291683999,0.0
projection,32,64,3,W6_pc23,1.1730244608594782,1.17232314584077,0.00445233999970745,0.1575160519534389,0.38
projection,32,64,3,W7_absturn_fixedpt,4.713266765109673,1.3224260333964841,0.4198653782187098,8.076018904199538,0.0
projection,32,64,3,W8_absturn_centroid,0.8185640804387151,0.6299323229964024,0.0019601681053244098,96.23243890660791,0.0
projection,32,64,3,W9_windowed_maxnet,1.116303406500108,0.4621104025294499,0.23890441913061625,2.7383043241782445,0.01
projection,32,64,4,W1_centroid,0.6173799041425699,0.6239549075607542,0.00243629815776616,-2.698767963693288,1.0
projection,32,64,4,W2_fixedpoint,0.5695018710670254,0.4368556193405809,0.359908716237228,0.36855526343800155,0.17
projection,32,64,4,W3_sphere,0.8694104006384045,0.9533983203553759,0.003715653018246949,-22.603811309753844,1.0
projection,32,64,4,W4_turn2d_signed,3.63941087773558,0.7356640152550769,0.6007940275438457,4.833181971451253,0.0
projection,32,64,4,W5_turnfull_unsigned,15.445568622437246,14.502507245310266,0.014810714659359247,63.67426547719203,0.0
projection,32,64,4,W6_pc23,1.153202853408521,1.179821196323617,0.004986145189016669,-5.33846125735167,1.0
projection,32,64,4,W7_absturn_fixedpt,4.477094036259112,1.3714971736985806,0.44985229309790525,6.903592379564983,0.0
projection,32,64,4,W8_absturn_centroid,0.8073112067900294,0.6278541057363791,0.001968556254816294,91.16178448778811,0.0
projection,32,64,4,W9_windowed_maxnet,0.7863504398679831,0.46631886086861835,0.24452963631662553,1.3087639756883158,0.12
projection,48,128,0,W1_centroid,0.6292280834086071,0.6869347962775209,0.004261373818878844,-13.541809595126342,1.0
projection,48,128,0,W2_fixedpoint,0.5766772887623803,0.41092635971246805,0.2901541379901569,0.5712513018013039,0.08
projection,48,128,0,W3_sphere,1.022598515801805,0.946679582548168,0.003110844801979916,24.40460327860712,0.0
projection,48,128,0,W4_turn2d_signed,8.019394999737026,0.6895108236885722,0.5655779697927831,12.959988838911075,0.0
projection,48,128,0,W5_turnfull_unsigned,34.97065201749565,30.498403551871924,0.024986702911271152,178.98513787532806,0.0
projection,48,128,0,W6_pc23,1.2726728780752055,1.2239833014430332,0.0041250291892429534,11.803450205671872,0.0
projection,48,128,0,W7_absturn_fixedpt,3.5235163198954225,1.2852565316413966,0.3972427952121661,5.6344880643048,0.0
projection,48,128,0,W8_absturn_centroid,1.0318269479907618,0.6910820796156846,0.003966778195720594,85.89965245414446,0.0
projection,48,128,0,W9_windowed_maxnet,0.7366691963937368,0.4438121732207941,0.20281398707004922,1.4439685714170882,0.1
projection,48,128,1,W1_centroid,0.6282610791886759,0.6984922914341101,0.0038315418609021594,-18.329752041100708,1.0
projection,48,128,1,W2_fixedpoint,4.084817575654377,0.3605751502083261,0.31304741892479543,11.896735766860738,0.0
projection,48,128,1,W3_sphere,1.0451173067049588,0.9472307593207961,0.003282794346688524,29.818056523371457,0.0
projection,48,128,1,W4_turn2d_signed,6.4837931177180055,0.5786690555649062,0.41780515130881596,14.133679404513597,0.0
projection,48,128,1,W5_turnfull_unsigned,35.22832467228877,30.49821937198718,0.021814685982845524,216.83123488558203,0.0
projection,48,128,1,W6_pc23,1.1936627148349033,1.2215791536971896,0.0036323319040092467,-7.685541850256885,1.0
projection,48,128,1,W7_absturn_fixedpt,13.035773123098608,1.2695679724129585,0.35462191944330734,33.17957662954528,0.0
projection,48,128,1,W8_absturn_centroid,0.999565563322012,0.7017003103251811,0.0037375520861261695,79.69527812134302,0.0
projection,48,128,1,W9_windowed_maxnet,2.724669942645193,0.4383394481585247,0.21898878753267725,10.440399804238858,0.0
projection,48,128,2,W1_centroid,0.6181822938762837,0.6882965340789484,0.004946680863736399,-14.173997097056521,1.0
projection,48,128,2,W2_fixedpoint,0.57211239652696,0.4557460394231512,0.3425850873165469,0.3396714025566644,0.15
projection,48,128,2,W3_sphere,1.0723625819805203,0.9532308214805053,0.0030826473835316053,38.645925296695076,0.0
projection,48,128,2,W4_turn2d_signed,10.14393739806126,0.6179960182634135,0.5214002646632943,18.269920491792295,0.0
projection,48,128,2,W5_turnfull_unsigned,35.77667545047075,30.499391904128608,0.02438988563602903,216.37180366875003,0.0
projection,48,128,2,W6_pc23,1.1923137790563756,1.229154840570407,0.00379668555204007,-9.703479787583554,1.0
projection,48,128,2,W7_absturn_fixedpt,4.176375076743273,1.290783750715812,0.3699031107817427,7.800938250908825,0.0
projection,48,128,2,W8_absturn_centroid,1.0459078761555747,0.6931731549305441,0.004358692187632065,80.92673353395479,0.0
projection,48,128,2,W9_windowed_maxnet,0.8210490117790668,0.4659145463411098,0.23393935114168737,1.5180621118456754,0.04
projection,48,128,3,W1_centroid,0.6575926240866363,0.7052865870871772,0.0032766524507104548,-14.555697840397961,1.0
projection,48,128,3,W2_fixedpoint,1.5760666450687792,0.39712681734479316,0.333957254448519,3.53021176219343,0.0
projection,48,128,3,W3_sphere,0.9898082749407573,0.9408177026742862,0.00374215698827835,13.091533150513312,0.0
projection,48,128,3,W4_turn2d_signed,9.45529683303755,0.5378027925212028,0.3513854512917513,25.37809692385999,0.0
projection,48,128,3,W5_turnfull_unsigned,38.374738122378,30.50407432530848,0.027300866351303778,288.29355434332757,0.0
projection,48,128,3,W6_pc23,1.1496206842340981,1.212580207304443,0.003767207601747435,-16.71251752654692,1.0
projection,48,128,3,W7_absturn_fixedpt,10.666117597796887,1.2202596732530369,0.3939457340715756,23.977561140001182,0.0
projection,48,128,3,W8_absturn_centroid,0.9250518384112565,0.7084732337526694,0.002984643561431953,72.56431134935204,0.0
projection,48,128,3,W9_windowed_maxnet,0.6588668747899388,0.4517127130435839,0.22529357195651914,0.9194854515704287,0.31
projection,48,128,4,W1_centroid,0.6604410829816708,0.6759262029515929,0.004404965268451271,-3.515378448231545,1.0
projection,48,128,4,W2_fixedpoint,4.061514375671675,0.4625192737836275,0.33105607674705173,10.871255218305244,0.0
projection,48,128,4,W3_sphere,1.0631106301862476,0.9464882839456774,0.0035561272018406302,32.79476228527685,0.0
projection,48,128,4,W4_turn2d_signed,8.502087949469379,0.7567911864850184,0.607360980152287,12.752377936828177,0.0
projection,48,128,4,W5_turnfull_unsigned,35.802141805086094,30.50056477232176,0.022889168784828738,231.61946519780548,0.0
projection,48,128,4,W6_pc23,1.1948214951426699,1.227432280570578,0.0037800882899824088,-8.626990410337699,1.0
projection,48,128,4,W7_absturn_fixedpt,12.70007956509526,1.3907733362992223,0.3476241150287652,32.53314640688899,0.0
projection,48,128,4,W8_absturn_centroid,1.0390253623322017,0.681130636604352,0.003674995116705739,97.38644933184727,0.0
projection,48,128,4,W9_windowed_maxnet,2.823954069175287,0.49854970638224827,0.227863051840422,10.205271736734113,0.0
projection,4,128,0,W1_centroid,0.6289616164015255,0.709591449526268,0.003207983143993105,-25.134119945648873,1.0
projection,4,128,0,W2_fixedpoint,0.06557811742252609,0.4361976951092108,0.34837363669989163,-1.0638565569930225,0.65
projection,4,128,0,W3_sphere,1.044857549857639,0.9467286698615459,0.0028373984949707164,34.58410236349467,0.0
projection,4,128,0,W4_turn2d_signed,16.552928230406483,0.5579260070356038,0.4265830483194714,37.49563487434244,0.0
projection,4,128,0,W5_turnfull_unsigned,36.77812588454809,30.50005103744321,0.024761482125380013,253.54196551384865,0.0
projection,4,128,0,W6_pc23,1.1385592904004151,1.2185985408505338,0.0037779786924255834,-21.18573368626673,1.0
projection,4,128,0,W7_absturn_fixedpt,7.404731028602527,1.1665604134313665,0.3278617703943308,19.026831361485954,0.0
projection,4,128,0,W8_absturn_centroid,1.104653890788503,0.712765379290702,0.0031295803308279057,125.2207868376173,0.0
projection,4,128,0,W9_windowed_maxnet,0.2545098538580511,0.47736171959119444,0.26206368886181103,-0.8503729253794314,0.86
projection,4,128,1,W1_centroid,0.6167702765283107,0.7006244888356471,0.003986634663846049,-21.033834142815387,1.0
projection,4,128,1,W2_fixedpoint,3.0659334099171716,0.44684909976725123,0.35682515635524026,7.339965424249598,0.0
projection,4,128,1,W3_sphere,0.9823636937958747,0.9522395146081639,0.003547786875228892,8.490977684719944,0.0
projection,4,128,1,W4_turn2d_signed,6.893300272309004,0.6463497401174096,0.4827266687116281,12.940968330720931,0.0
projection,4,128,1,W5_turnfull_unsigned,37.00875640719393,30.50394175804747,0.025224145386809647,257.88047719341137,0.0
projection,4,128,1,W6_pc23,1.1620443370286704,1.2245392759084686,0.00384361587768483,-16.25941323705882,1.0
projection,4,128,1,W7_absturn_fixedpt,10.5992504080436,1.2894628704446176,0.32906506246789846,28.291631654172303,0.0
projection,4,128,1,W8_absturn_centroid,1.3607782617832702,0.7039869320644353,0.003733225475755499,175.93133176236,0.0
projection,4,128,1,W9_windowed_maxnet,1.7692395051171717,0.47029739401816495,0.2164800263137507,6.00028618444647,0.0
projection,4,128,2,W1_centroid,0.6045168354898965,0.7007284350504339,0.003874214725274871,-24.83383250103962,1.0
projection,4,128,2,W2_fixedpoint,2.0637130378511563,0.43481084297842154,0.33703796078595466,4.832993266023273,0.0
projection,4,128,2,W3_sphere,1.0145050236236617,0.9484942363513952,0.0036220630927333774,18.224637611834556,0.0
projection,4,128,2,W4_turn2d_signed,9.651457506934195,0.5748168058792604,0.46325183302603556,19.593318480285024,0.0
projection,4,128,2,W5_turnfull_unsigned,36.67622813087931,30.503671027241598,0.02497201946838541,247.1789320624298,0.0
projection,4,128,2,W6_pc23,2.17781244878122,1.218820290902607,0.0037275566672123413,257.2709802949278,0.0
projection,4,128,2,W7_absturn_fixedpt,10.392232278040963,1.2756069119504105,0.36020629159176726,25.309456216891128,0.0
projection,4,128,2,W8_absturn_centroid,2.025377240868714,0.7044367676811112,0.003726920734910511,354.4321350368941,0.0
projection,4,128,2,W9_windowed_maxnet,2.5170239580800557,0.48859789312862084,0.26206353713974473,7.740207153923065,0.0
projection,4,128,3,W1_centroid,0.38216182705085316,0.6958651607545785,0.005253694334160458,-59.71099834719548,1.0
projection,4,128,3,W2_fixedpoint,6.566345320896029,0.4108668484350442,0.3445397658162093,17.86579978040779,0.0
projection,4,128,3,W3_sphere,0.9549105223147324,0.9556795800625882,0.0033334634357665314,-0.23070831964263172,0.58
projection,4,128,3,W4_turn2d_signed,6.517810756801158,0.6735832015280121,0.47837976366003815,12.216711489966707,0.0
projection,4,128,3,W5_turnfull_unsigned,36.6538725774631,30.49935758473312,0.02341721940266698,262.8200593290356,0.0
projection,4,128,3,W6_pc23,2.162127698744284,1.2255297716735432,0.003611008490463576,259.3729506713239,0.0
projection,4,128,3,W7_absturn_fixedpt,14.071105451278662,1.296474609795573,0.34052591652926567,37.51441585323566,0.0
projection,4,128,3,W8_absturn_centroid,1.8702441570422055,0.700691521886233,0.004798745402695564,243.7205012999874,0.0
projection,4,128,3,W9_windowed_maxnet,2.9973263746010663,0.46057761892051785,0.23411527092108833,10.835468979448136,0.0
projection,4,128,4,W1_centroid,0.6358040053903609,0.7111086052427221,0.003454307847577929,-21.800199395998504,1.0
projection,4,128,4,W2_fixedpoint,2.0596285023470253,0.394720069233507,0.31666551019840383,5.25762477912541,0.0
projection,4,128,4,W3_sphere,1.033113951850914,0.9482675169919024,0.0033942943642831153,24.996781584949975,0.0
projection,4,128,4,W4_turn2d_signed,10.42182751031863,0.5218982114805363,0.41226741488126234,24.01336836598979,0.0
projection,4,128,4,W5_turnfull_unsigned,37.75121385783341,30.498952714699488,0.024011738217570234,302.02982713792835,0.0
projection,4,128,4,W6_pc23,1.1507692928111435,1.2216906698417331,0.003596534024927474,-19.71936774100721,1.0
projection,4,128,4,W7_absturn_fixedpt,9.212656735429452,1.1499910150677473,0.29825922056170046,27.03241061643488,0.0
projection,4,128,4,W8_absturn_centroid,1.2178458769005944,0.7142611017858311,0.003086438815825366,163.16045940476425,0.0
projection,4,128,4,W9_windowed_maxnet,1.2390283313065307,0.4413427465368431,0.2323662955912709,3.432879896544056,0.0
projection,4,64,0,W1_centroid,0.6594767023135691,0.63702205480065,0.003207300051502624,7.001105962131331,0.0
projection,4,64,0,W2_fixedpoint,1.0522787978615356,0.3848656823070518,0.331794520796221,2.011525428306848,0.12
projection,4,64,0,W3_sphere,0.9855085816283816,0.9428961788062604,0.003711922228850416,11.479874899027257,0.0
projection,4,64,0,W4_turn2d_signed,3.080114528911715,0.5904065549407621,0.4649130172638209,5.355212440864257,0.0
projection,4,64,0,W5_turnfull_unsigned,14.765376394925827,14.49884292106651,0.017508073934250797,15.223460607959929,0.0
projection,4,64,0,W6_pc23,1.2223082403180037,1.1853282423308755,0.005612928847457081,6.588360371587787,0.0
projection,4,64,0,W7_absturn_fixedpt,3.118821502071283,1.152578811329071,0.35284498737181236,5.572539673548693,0.0
projection,4,64,0,W8_absturn_centroid,0.7083383707020044,0.6400787684239296,0.0023965500313841443,28.482444090120246,0.0
projection,4,64,0,W9_windowed_maxnet,0.544448249727226,0.42640096400889094,0.21116648687804315,0.55902471771722,0.29
projection,4,64,1,W1_centroid,0.6100876262958959,0.6305391141551884,0.0027786101164974696,-7.360330165742107,1.0
projection,4,64,1,W2_fixedpoint,1.0551043979366366,0.3971158869950599,0.33825582996586634,1.945239232116043,0.01
projection,4,64,1,W3_sphere,1.1049797022904784,0.9465237196794589,0.0031635513036022255,50.08800787601932,0.0
projection,4,64,1,W4_turn2d_signed,2.010982273456258,0.6348366963267206,0.5458669069577063,2.5210276710109496,0.02
projection,4,64,1,W5_turnfull_unsigned,15.686094982077737,14.4984239610033,0.014163274151968698,83.85568254423359,0.0
projection,4,64,1,W6_pc23,1.1651213228983412,1.1966585501169267,0.004919682753455283,-6.410418882484977,1.0
projection,4,64,1,W7_absturn_fixedpt,2.8654579804593032,1.2604966428650994,0.3098251824302782,5.180215904352377,0.0
projection,4,64,1,W8_absturn_centroid,0.6690292115037327,0.6339905200020279,0.002275195275086879,15.400300750170484,0.0
projection,4,64,1,W9_windowed_maxnet,0.5722212089639537,0.49771032639205504,0.25160053622503525,0.2961475507558338,0.37
projection,4,64,2,W1_centroid,0.6253734261225953,0.6322451864217683,0.002607804247363655,-2.6350752001880475,0.99
projection,4,64,2,W2_fixedpoint,1.5537859302993975,0.4460273994044,0.3741409822604473,2.9608051066799836,0.01
projection,4,64,2,W3_sphere,1.0873073019067352,0.9492381751005865,0.0036498856612270734,37.82834302807462,0.0
projection,4,64,2,W4_turn2d_signed,2.3849413785564177,0.7478773886473126,0.5315458597024053,3.0798170280653534,0.0
projection,4,64,2,W5_turnfull_unsigned,15.08039053442851,14.502094253465755,0.018378086637699503,31.46662067510767,0.0
projection,4,64,2,W6_pc23,1.1838661680331766,1.1878924245025044,0.005046559503593539,-0.7978220541065364,0.78
projection,4,64,2,W7_absturn_fixedpt,2.0543720466421367,1.3138408625243543,0.3977667203628036,1.8617223267002903,0.07
projection,4,64,2,W8_absturn_centroid,0.6820402601054064,0.6359074991989963,0.0024616978109192273,18.740220957170873,0.0
projection,4,64,2,W9_windowed_maxnet,0.6230223060292497,0.46887072508192046,0.26412360157603526,0.5836342531583738,0.24
projection,4,64,3,W1_centroid,0.6124944312758852,0.6363369635063827,0.0022335474782783664,-10.674737144551532,1.0
projection,4,64,3,W2_fixedpoint,1.0578790302991599,0.4461530462104459,0.3337387978565903,1.8329483656604304,0.0
projection,4,64,3,W3_sphere,1.0744737019955968,0.9388631315595137,0.004140656901787585,32.750979772687245,0.0
projection,4,64,3,W4_turn2d_signed,3.62157001999565,0.6533285545821266,0.49547532047322446,5.990694879774396,0.0
projection,4,64,3,W5_turnfull_unsigned,15.276592133233414,14.499981238878084,0.016027710377466683,48.45426302731089,0.0
projection,4,64,3,W6_pc23,1.1736937221155757,1.184178957023808,0.004742696911731239,-2.2108169894425793,0.98
projection,4,64,3,W7_absturn_fixedpt,2.753337862064899,1.2716873705110492,0.3669996423212852,4.037198734533801,0.0
projection,4,64,3,W8_absturn_centroid,0.6532180829675892,0.6396065093746701,0.002095922132458433,6.49431263791907,0.0
projection,4,64,3,W9_windowed_maxnet,0.9308344444786513,0.5129964968605201,0.25862540395650613,1.615610613752392,0.05
projection,4,64,4,W1_centroid,0.6151634684884887,0.6288087420364501,0.002965705477072507,-4.601021124130933,1.0
projection,4,64,4,W2_fixedpoint,1.0555002587675413,0.4673589047062828,0.3290194898440955,1.7875577958617188,0.0
projection,4,64,4,W3_sphere,1.0720932156794685,0.9509963081204166,0.0036504266283248,33.17335749729173,0.0
projection,4,64,4,W4_turn2d_signed,1.6559200456186176,0.666536582313196,0.5111709441381893,1.9355236729534315,0.05
projection,4,64,4,W5_turnfull_unsigned,15.481979913621382,14.499823246821196,0.01538168822353368,63.852332236035444,0.0
projection,4,64,4,W6_pc23,1.1837923823969132,1.2009766382929425,0.005431543468882183,-3.163788708399287,1.0
projection,4,64,4,W7_absturn_fixedpt,2.6318939637478573,1.2914843069979833,0.37189143261192,3.6043036736171126,0.01
projection,4,64,4,W8_absturn_centroid,0.6524068142492397,0.6322165435682418,0.0024657483046196115,8.188293445511553,0.0
projection,4,64,4,W9_windowed_maxnet,0.7845223516314842,0.49596782146740714,0.23449895245420205,1.2305152204056524,0.11
projection,64,128,0,W1_centroid,0.6125650290470948,0.6850512992280209,0.0035570147282863035,-20.378400349173848,1.0
projection,64,128,0,W2_fixedpoint,0.5899208763133116,0.3885302851295264,0.3186542546323872,0.6320034590974399,0.09
projection,64,128,0,W3_sphere,1.0560958476101825,0.9409085650563276,0.0031797221393583728,36.225581200342944,0.0
projection,64,128,0,W4_turn2d_signed,5.1182347918460565,0.7714000381696604,0.5910147459287827,7.3548668347442385,0.0
projection,64,128,0,W5_turnfull_unsigned,35.65896885874755,30.503378344606887,0.02589732432738827,199.07811513517083,0.0
projection,64,128,0,W6_pc23,1.2084189856684715,1.2175251186106937,0.004396486522490247,-2.071229581994557,0.98
projection,64,128,0,W7_absturn_fixedpt,5.083829218861682,1.3239852614907053,0.36307997479533394,10.355415386074045,0.0
projection,64,128,0,W8_absturn_centroid,1.1500773238798998,0.6885476481655983,0.003102958122530479,148.73860925261909,0.0
projection,64,128,0,W9_windowed_maxnet,0.7863845165261488,0.4760230246072852,0.23241403192515633,1.3353819016349604,0.08
projection,64,128,1,W1_centroid,0.647690266282101,0.7024711861382797,0.003486665831592108,-15.71154865482599,1.0
projection,64,128,1,W2_fixedpoint,0.063003437146759,0.42006666425918254,0.34411434098719657,-1.0376296032536139,0.64
projection,64,128,1,W3_sphere,1.0246383561046546,0.9438030500868387,0.003319172132865573,24.354056608696435,0.0
projection,64,128,1,W4_turn2d_signed,5.376893144773192,0.6103528023970769,0.48126932898178093,9.904101623223445,0.0
projection,64,128,1,W5_turnfull_unsigned,35.96875715965522,30.500987226706314,0.024900968666186518,219.58061175241306,0.0
projection,64,128,1,W6_pc23,1.1757523554706444,1.2186630826221814,0.003842535087343579,-11.16729611471213,1.0
projection,64,128,1,W7_absturn_fixedpt,7.586499277351948,1.2129352777522893,0.2880243437159985,22.12856009797631,0.0
projection,64,128,1,W8_absturn_centroid,0.8319971984259265,0.7059514659131806,0.0031838255825245966,39.58939622967619,0.0
projection,64,128,1,W9_windowed_maxnet,0.8103909342838227,0.47400648413229257,0.2462290136239166,1.3661446520892717,0.04
projection,64,128,2,W1_centroid,0.6355568473025052,0.6987591492667233,0.003514947853589361,-17.981007001192875,1.0
projection,64,128,2,W2_fixedpoint,3.0744701829881596,0.37357948028912474,0.335501076551603,8.050319034620488,0.0
projection,64,128,2,W3_sphere,1.0039552278115638,0.9504610154397155,0.0034707309313694416,15.412952899446204,0.0
projection,64,128,2,W4_turn2d_signed,5.184760741709379,0.5925389762360423,0.498124422942063,9.219025516457078,0.0
projection,64,128,2,W5_turnfull_unsigned,35.55202265390777,30.49796404433958,0.02510675038678479,201.30277840450628,0.0
projection,64,128,2,W6_pc23,1.172685084099247,1.2241716067541955,0.004178191850560953,-12.322680359456426,1.0
projection,64,128,2,W7_absturn_fixedpt,9.699505669690394,1.216762908842385,0.34681030479794994,24.459315780106405,0.0
projection,64,128,2,W8_absturn_centroid,0.8412391121589613,0.7025973707357934,0.0033303220189356392,41.63013085067292,0.0
projection,64,128,2,W9_windowed_maxnet,2.2816056407087797,0.4594431621479726,0.23580610775776176,7.727376088293155,0.0
projection,64,128,3,W1_centroid,0.6613367541132433,0.7008343875936625,0.0036472921350119603,-10.829303499235497,1.0
projection,64,128,3,W2_fixedpoint,0.08497180007759399,0.3933705094543872,0.28086760748989753,-1.0980216342245375,0.66
projection,64,128,3,W3_sphere,0.9519429894940338,0.9449952768925298,0.003484996870212482,1.993606554108712,0.02
projection,64,128,3,W4_turn2d_signed,2.571953289610645,0.6105620463517214,0.51952127330413,3.7753819603662633,0.01
projection,64,128,3,W5_turnfull_unsigned,35.72351637499186,30.503260840241282,0.02392392009871188,218.20234782641865,0.0
projection,64,128,3,W6_pc23,1.139466258365836,1.2166314469475308,0.004059582213219535,-19.00816008366965,1.0
projection,64,128,3,W7_absturn_fixedpt,3.9045049775852942,1.2477976097225012,0.3137890554422226,8.466539293789895,0.0
projection,64,128,3,W8_absturn_centroid,0.8223253451262514,0.7048447410287341,0.0032186166829059233,36.5003402615344,0.0
projection,64,128,3,W9_windowed_maxnet,0.4362838387560942,0.4549720341913194,0.2124232904316334,-0.08797620730406577,0.42
projection,64,128,4,W1_centroid,0.6496924630058806,0.6689278708504268,0.004967887238208533,-3.871949366443897,1.0
projection,64,128,4,W2_fixedpoint,1.0851666621549823,0.4105826087668363,0.33630398896979996,2.0058758608680183,0.01
projection,64,128,4,W3_sphere,1.0522583437412956,0.9432621448944389,0.003049403083373192,35.74345400290181,0.0
projection,64,128,4,W4_turn2d_signed,6.129405969960131,0.8036304991291077,0.6809727699667021,7.8208347025262706,0.0
projection,64,128,4,W5_turnfull_unsigned,36.35262597139452,30.502336341866553,0.02573346636151592,227.34168601075055,0.0
projection,64,128,4,W6_pc23,1.209734528770053,1.231239182957427,0.0035451205553370052,-6.065986713766282,1.0
projection,64,128,4,W7_absturn_fixedpt,4.40049884325561,1.428193848491836,0.4773267792956043,6.22698143848127,0.0
projection,64,128,4,W8_absturn_centroid,0.8928138947410309,0.6738758577013929,0.004164958862500337,52.56667455010675,0.0
projection,64,128,4,W9_windowed_maxnet,1.0812792394010353,0.4666944737198392,0.2464644906254843,2.493603699751985,0.04
projection,8,128,0,W1_centroid,0.6514315958785463,0.6899010569086086,0.004368125815878939,-8.80685736894729,1.0
projection,8,128,0,W2_fixedpoint,4.074403493278628,0.44037722933685225,0.3963402422978501,9.168956053699945,0.0
projection,8,128,0,W3_sphere,1.0253651285298262,0.9530401641924219,0.0037859553866915717,19.103490915831117,0.0
projection,8,128,0,W4_turn2d_signed,7.492259788276328,0.753451353517944,0.5665587655199041,11.894279719729514,0.0
projection,8,128,0,W5_turnfull_unsigned,37.41717874378248,30.496556708789694,0.024277151242124997,285.0673032420841,0.0
projection,8,128,0,W6_pc23,1.1212383239940809,1.2222261663178835,0.00412739328835749,-24.467705224183057,1.0
projection,8,128,0,W7_absturn_fixedpt,15.7584681800825,1.4009934122203196,0.3513821318352576,40.86000245053312,0.0
projection,8,128,0,W8_absturn_centroid,1.1029812692053678,0.6948695339923232,0.003933254101075215,103.75931092310589,0.0
projection,8,128,0,W9_windowed_maxnet,2.9525865965421714,0.5129031275668973,0.2518366160308288,9.68756453063449,0.0
projection,8,128,1,W1_centroid,0.6359139387805304,0.680221445109877,0.004137897833524043,-10.70773327711964,1.0
projection,8,128,1,W2_fixedpoint,2.0727495514507477,0.38458962552950465,0.29987599162751255,5.629526781250868,0.0
projection,8,128,1,W3_sphere,1.026890384690463,0.9423304767265788,0.0037687308627620706,22.437237107961298,0.0
projection,8,128,1,W4_turn2d_signed,8.961145789565713,0.7798644195287422,0.6409279647644027,12.764743964704847,0.0
projection,8,128,1,W5_turnfull_unsigned,38.151695252478454,30.4983973994121,0.023596734565788143,324.33715909838355,0.0
projection,8,128,1,W6_pc23,1.1335141792471346,1.2198586760463643,0.0038353788810995683,-22.512638118942643,1.0
projection,8,128,1,W7_absturn_fixedpt,11.646550311192836,1.37485249003607,0.4087890522735213,25.1271352890438,0.0
projection,8,128,1,W8_absturn_centroid,1.183918382170062,0.6855784334144033,0.0035859376190922093,138.9706129025789,0.0
projection,8,128,1,W9_windowed_maxnet,1.7958369817562643,0.43862075090712876,0.20548935055620485,6.604800818998713,0.0
projection,8,128,2,W1_centroid,0.61332140781125,0.7048205497333201,0.002994347598803965,-30.557287991086167,1.0
projection,8,128,2,W2_fixedpoint,1.0720125792823532,0.3748341801776536,0.3243239539309143,2.149635852223264,0.01
projection,8,128,2,W3_sphere,0.0024069516510351443,0.9425431522927411,0.003843817989463201,-244.5839535635761,1.0
projection,8,128,2,W4_turn2d_signed,4.880606503156156,0.5586121570172244,0.3833205666130022,11.275143372367983,0.0
projection,8,128,2,W5_turnfull_unsigned,37.638477817748566,30.500173172789463,0.025917846847949403,275.42043468490823,0.0
projection,8,128,2,W6_pc23,1.1585355736913676,1.214898095240813,0.0034138011723836847,-16.510194561240464,1.0
projection,8,128,2,W7_absturn_fixedpt,9.578426098653079,1.1496904890480661,0.31486103270715193,26.769700706166674,0.0
projection,8,128,2,W8_absturn_centroid,1.4972564353562803,0.7075658972999129,0.0029259799205963604,269.8892540231158,0.0
projection,8,128,2,W9_windowed_maxnet,1.0439201856127822,0.42618089720187835,0.2169330794658661,2.8476030024185577,0.01
projection,8,128,3,W1_centroid,0.6194073030924918,0.6975196315206909,0.003529638666248572,-22.13040365154988,1.0
projection,8,128,3,W2_fixedpoint,1.5697998552754815,0.39678170304415117,0.33028947311962503,3.551485129550235,0.0
projection,8,128,3,W3_sphere,1.0091534404982665,0.944555883285949,0.004056136581683428,15.92588314309363,0.0
projection,8,128,3,W4_turn2d_signed,3.580344157075692,0.6049516394428484,0.4807841862744408,6.18862392436184,0.0
projection,8,128,3,W5_turnfull_unsigned,38.37620290994008,30.50352496866123,0.023852566294560344,330.0558038098501,0.0
projection,8,128,3,W6_pc23,1.1921880400991367,1.2188489536254712,0.004008002214162466,-6.6519208577597295,1.0
projection,8,128,3,W7_absturn_fixedpt,7.020969454930739,1.2096759557337242,0.33226736042363675,17.48981149333383,0.0
projection,8,128,3,W8_absturn_centroid,1.1178334422310705,0.7010398311841963,0.0037150313407449263,112.19114263604033,0.0
projection,8,128,3,W9_windowed_maxnet,1.477237050683476,0.4387093161434287,0.2358969941271411,4.402462771443002,0.0
projection,8,128,4,W1_centroid,0.6379875331398783,0.6646615754128908,0.004737839722813612,-5.630000977992534,1.0
projection,8,128,4,W2_fixedpoint,1.05953909031897,0.37300499522202096,0.3554777687714869,1.931299663181684,0.03
projection,8,128,4,W3_sphere,0.09659187730765441,0.9521663876669474,0.0028196061446104253,-303.43759606095784,1.0
projection,8,128,4,W4_turn2d_signed,6.533123332642189,0.852854885676032,0.7250609957816138,7.834193923013117,0.0
projection,8,128,4,W5_turnfull_unsigned,38.487862476150056,30.500153466626642,0.025633411498813107,311.6131853886583,0.0
projection,8,128,4,W6_pc23,1.1085234685776353,1.2314630182696058,0.004317396973315162,-28.475387010235938,1.0
projection,8,128,4,W7_absturn_fixedpt,8.283417754712707,1.4509204598904342,0.4712658699514407,14.498179754723791,0.0
projection,8,128,4,W8_absturn_centroid,1.35404806451457,0.6707141480290248,0.003744828266822687,182.47403293217562,0.0
projection,8,128,4,W9_windowed_maxnet,0.7661642124133854,0.4813203407045503,0.2881901011419381,0.988388812038152,0.11
projection,8,64,0,W1_centroid,0.6485728560481184,0.6357585131825982,0.0025485571113026376,5.028077577186578,0.0
projection,8,64,0,W2_fixedpoint,1.0650389682559818,0.3767447818115583,0.32670602562274786,2.1067691822715466,0.01
projection,8,64,0,W3_sphere,0.981079285550402,0.9409132661023976,0.004006891764826491,10.024233696700255,0.0
projection,8,64,0,W4_turn2d_signed,1.982531292384534,0.7524844766195582,0.5837692178016874,2.107077211773841,0.03
projection,8,64,0,W5_turnfull_unsigned,15.292183372558267,14.500102964964459,0.017182764012863463,46.09738031674275,0.0
projection,8,64,0,W6_pc23,1.1902762399491997,1.1729472722140668,0.005379096623685487,3.2215386611255905,0.0
projection,8,64,0,W7_absturn_fixedpt,2.399965782352899,1.3151817657552585,0.3612706145797842,3.0026909823801153,0.01
projection,8,64,0,W8_absturn_centroid,0.699946435200858,0.6393287633800157,0.002230661946950887,27.17474600026292,0.0
projection,8,64,0,W9_windowed_maxnet,0.5819386458563998,0.4594046738497136,0.24286391232304033,0.5045375858217261,0.3
projection,8,64,1,W1_centroid,0.6608714457484062,0.6345383032853246,0.0030336638183708765,8.680310027636121,0.0
projection,8,64,1,W2_fixedpoint,0.06309047937844929,0.3840759135458655,0.3335928907761776,-0.9622070584914824,0.57
projection,8,64,1,W3_sphere,0.9839029966834527,0.9536090473284478,0.004294724326907881,7.053758762862439,0.0
projection,8,64,1,W4_turn2d_signed,2.534009154732639,0.6763279260294423,0.5268283421167317,3.526160383170088,0.02
projection,8,64,1,W5_turnfull_unsigned,15.337986439149576,14.50128459946564,0.01737894739327134,48.1445636924987,0.0
projection,8,64,1,W6_pc23,1.195249718063733,1.194373368456013,0.005039742125280962,0.17388778749689066,0.42
projection,8,64,1,W7_absturn_fixedpt,1.7917730777824024,1.2546712251356373,0.38200448546814636,1.406009282819145,0.08
projection,8,64,1,W8_absturn_centroid,0.701255188466527,0.6378835865873218,0.0026077632027623034,24.301133558475748,0.0
projection,8,64,1,W9_windowed_maxnet,0.46940944300193843,0.4155684899160261,0.20081649223165324,0.26811021588706846,0.32
projection,8,64,2,W1_centroid,0.6359548515448303,0.6280043742244291,0.002838351898540088,2.80108936615314,0.0
projection,8,64,2,W2_fixedpoint,0.06040706064705486,0.38656814340350976,0.3399073971321417,-0.9595586489388968,0.57
projection,8,64,2,W3_sphere,1.0270945822257596,0.9527566082626242,0.0036628400068292105,20.295173642456493,0.0
projection,8,64,2,W4_turn2d_signed,5.586320093715802,0.7161282558303835,0.5178786680030303,9.404117486949513,0.0
projection,8,64,2,W5_turnfull_unsigned,16.013279754512332,14.499675199485687,0.017062818343113587,88.70776940771478,0.0
projection,8,64,2,W6_pc23,1.1881577447999212,1.1844359488075251,0.004793054194382594,0.7764977906483898,0.24
projection,8,64,2,W7_absturn_fixedpt,3.749038147227569,1.2271894400237684,0.32637958631603536,7.726735411576504,0.0
projection,8,64,2,W8_absturn_centroid,0.6876668364578052,0.6317718913553482,0.0024593153263678356,22.72784807347513,0.0
projection,8,64,2,W9_windowed_maxnet,0.4712506139209774,0.4108223725801151,0.21557858367973753,0.2803072564510126,0.25
projection,8,64,3,W1_centroid,0.6486859765338432,0.64042507976161,0.0029536219676330002,2.796870033727903,0.0
projection,8,64,3,W2_fixedpoint,1.0640392190665438,0.4088800490862369,0.34436895821833896,1.9024919475027675,0.0
projection,8,64,3,W3_sphere,1.011799315507743,0.9484996991521568,0.004049886225682608,15.629973986470935,0.0
projection,8,64,3,W4_turn2d_signed,2.537143599627701,0.652692615501694,0.4857803247618329,3.879224596117413,0.0
projection,8,64,3,W5_turnfull_unsigned,15.04572840684458,14.500413042512701,0.01628680701254099,33.48203020469151,0.0
projection,8,64,3,W6_pc23,1.2024014738736033,1.177385529319504,0.004467189145228227,5.599929562154534,0.0
projection,8,64,3,W7_absturn_fixedpt,3.4235538120930507,1.2710321883464824,0.367609044184776,5.855464270527085,0.0
projection,8,64,3,W8_absturn_centroid,0.6925582937029504,0.6433765187983538,0.00260122679776303,18.90714602313468,0.0
projection,8,64,3,W9_windowed_maxnet,1.1110612941372255,0.47535736799508277,0.2562138882918862,2.4811454616305992,0.04
projection,8,64,4,W1_centroid,0.6282443772607035,0.6298591174857248,0.0024526574594128194,-0.6583635308812593,0.75
projection,8,64,4,W2_fixedpoint,0.06256964045144718,0.4247652675352345,0.3735087399303068,-0.9697112500001194,0.61
projection,8,64,4,W3_sphere,1.1313109316187389,0.9519296633753892,0.0037507672170171732,47.825220245473936,0.0
projection,8,64,4,W4_turn2d_signed,0.40975599359027687,0.7923933865583411,0.5864414350338366,-0.6524733248870568,0.69
projection,8,64,4,W5_turnfull_unsigned,15.163183513406363,14.497978957299887,0.015413461076371102,43.15737736063946,0.0
projection,8,64,4,W6_pc23,1.1684405341663642,1.178713619379745,0.004801224056641976,-2.139680442359083,0.99
projection,8,64,4,W7_absturn_fixedpt,3.5958145693230095,1.3699835640680493,0.4278115861889602,5.202830117536444,0.0
projection,8,64,4,W8_absturn_centroid,0.711061757712732,0.6336107619671023,0.002133644821646348,36.29985410873936,0.0
projection,8,64,4,W9_windowed_maxnet,0.7724885523900314,0.4794631825621318,0.26023607481210925,1.125998269223298,0.12
